 
****************************************
Report : constraint
        -all_violators
Design : dlx
Version: W-2024.09-SP2
Date   : Wed Sep 16 04:10:05 2026
****************************************


   max_delay/setup ('clk' group)

                             Required        Actual
   Endpoint                 Path Delay     Path Delay        Slack
   -----------------------------------------------------------------
   R_2917/D                     0.86           1.32 f        -0.46  (VIOLATED)
   R_2916/D                     0.86           1.32 f        -0.46  (VIOLATED)
   ex_stage_inst/mult_pp_inst/tree_i/layer_4_r_reg[0][25]/D
                                0.85           1.32 f        -0.46  (VIOLATED)
   ex_stage_inst/mult_pp_inst/tree_i/layer_4_r_reg[0][30]/D
                                0.85           1.32 f        -0.46  (VIOLATED)
   ex_stage_inst/mult_pp_inst/tree_i/layer_4_r_reg[0][27]/D
                                0.87           1.33 r        -0.46  (VIOLATED)
   ex_stage_inst/mult_pp_inst/tree_i/layer_4_r_reg[0][18]/D
                                0.87           1.33 r        -0.46  (VIOLATED)
   R_2865/D                     0.86           1.32 f        -0.46  (VIOLATED)
   ex_stage_inst/mult_pp_inst/tree_i/layer_4_r_reg[0][23]/D
                                0.85           1.31 f        -0.46  (VIOLATED)
   if_stage_inst/btb_inst/R_2589/D
                                0.86           1.32 r        -0.46  (VIOLATED)
   ex_stage_inst/mult_pp_inst/tree_i/layer_4_r_reg[0][26]/D
                                0.85           1.31 f        -0.46  (VIOLATED)
   ex_stage_inst/mult_pp_inst/tree_i/layer_4_r_reg[1][20]/D
                                0.87           1.32 r        -0.46  (VIOLATED)
   ex_stage_inst/mult_pp_inst/tree_i/layer_4_r_reg[0][19]/D
                                0.85           1.31 f        -0.46  (VIOLATED)
   ex_stage_inst/mult_pp_inst/tree_i/layer_4_r_reg[1][21]/D
                                0.86           1.32 r        -0.46  (VIOLATED)
   ex_stage_inst/mult_pp_inst/tree_i/layer_4_r_reg[0][24]/D
                                0.85           1.31 f        -0.46  (VIOLATED)
   ex_stage_inst/mult_pp_inst/tree_i/layer_4_r_reg[0][16]/D
                                0.86           1.32 r        -0.46  (VIOLATED)
   ex_stage_inst/mult_pp_inst/tree_i/layer_4_r_reg[0][29]/D
                                0.85           1.30 f        -0.45  (VIOLATED)
   ex_stage_inst/mult_pp_inst/tree_i/layer_4_r_reg[1][24]/D
                                0.87           1.31 r        -0.45  (VIOLATED)
   R_2449/D                     0.86           1.31 f        -0.45  (VIOLATED)
   ex_stage_inst/mult_pp_inst/tree_i/layer_4_r_reg[0][22]/D
                                0.87           1.31 r        -0.45  (VIOLATED)
   ex_stage_inst/mult_pp_inst/tree_i/layer_4_r_reg[0][28]/D
                                0.87           1.31 r        -0.45  (VIOLATED)
   ex_stage_inst/mult_pp_inst/tree_i/layer_4_r_reg[1][19]/D
                                0.85           1.30 f        -0.45  (VIOLATED)
   ex_stage_inst/mult_pp_inst/tree_i/layer_4_r_reg[1][29]/D
                                0.85           1.30 f        -0.44  (VIOLATED)
   ex_stage_inst/mult_pp_inst/tree_i/layer_4_r_reg[1][30]/D
                                0.87           1.31 r        -0.44  (VIOLATED)
   R_3261/D                     0.87           1.31 r        -0.44  (VIOLATED)
   ex_stage_inst/mult_pp_inst/tree_i/layer_4_r_reg[0][13]/D
                                0.86           1.30 r        -0.44  (VIOLATED)
   ex_stage_inst/mult_pp_inst/tree_i/layer_4_r_reg[1][23]/D
                                0.87           1.31 r        -0.44  (VIOLATED)
   ex_stage_inst/mult_pp_inst/tree_i/layer_4_r_reg[1][31]/D
                                0.85           1.29 f        -0.44  (VIOLATED)
   ex_stage_inst/mult_pp_inst/tree_i/layer_4_r_reg[1][28]/D
                                0.87           1.31 r        -0.44  (VIOLATED)
   ex_stage_inst/mult_pp_inst/tree_i/layer_4_r_reg[1][26]/D
                                0.85           1.29 f        -0.44  (VIOLATED)
   if_stage_inst/btb_inst/btb_reg[7][TARGET][25]/D
                                0.87           1.31 r        -0.44  (VIOLATED)
   if_stage_inst/btb_inst/btb_reg[11][TARGET][25]/D
                                0.87           1.31 r        -0.44  (VIOLATED)
   if_stage_inst/btb_inst/btb_reg[14][TARGET][25]/D
                                0.87           1.31 r        -0.44  (VIOLATED)
   ex_stage_inst/mult_pp_inst/tree_i/layer_4_r_reg[0][20]/D
                                0.85           1.29 f        -0.44  (VIOLATED)
   if_stage_inst/btb_inst/btb_reg[3][TARGET][25]/D
                                0.87           1.31 r        -0.44  (VIOLATED)
   if_stage_inst/btb_inst/btb_reg[10][TARGET][25]/D
                                0.87           1.31 r        -0.44  (VIOLATED)
   if_stage_inst/btb_inst/btb_reg[13][TARGET][25]/D
                                0.87           1.31 r        -0.44  (VIOLATED)
   if_stage_inst/btb_inst/btb_reg[5][TARGET][25]/D
                                0.87           1.31 r        -0.44  (VIOLATED)
   if_stage_inst/btb_inst/btb_reg[12][TARGET][25]/D
                                0.87           1.31 r        -0.44  (VIOLATED)
   if_stage_inst/btb_inst/btb_reg[9][TARGET][25]/D
                                0.87           1.31 r        -0.44  (VIOLATED)
   if_stage_inst/btb_inst/btb_reg[0][TARGET][25]/D
                                0.87           1.31 r        -0.44  (VIOLATED)
   if_stage_inst/btb_inst/btb_reg[6][TARGET][25]/D
                                0.87           1.31 r        -0.44  (VIOLATED)
   if_stage_inst/btb_inst/btb_reg[15][TARGET][25]/D
                                0.87           1.31 r        -0.44  (VIOLATED)
   R_2718/D                     0.87           1.30 r        -0.43  (VIOLATED)
   ex_stage_inst/mult_pp_inst/tree_i/layer_4_r_reg[2][24]/D
                                0.85           1.29 f        -0.43  (VIOLATED)
   ex_stage_inst/mult_pp_inst/tree_i/layer_4_r_reg[1][17]/D
                                0.87           1.30 r        -0.43  (VIOLATED)
   ex_stage_inst/mult_pp_inst/tree_i/layer_4_r_reg[2][20]/D
                                0.85           1.29 f        -0.43  (VIOLATED)
   R_3213/D                     0.86           1.29 f        -0.43  (VIOLATED)
   R_3269/D                     0.86           1.29 f        -0.43  (VIOLATED)
   ex_stage_inst/mult_pp_inst/tree_i/layer_4_r_reg[1][27]/D
                                0.86           1.28 f        -0.43  (VIOLATED)
   if_stage_inst/btb_inst/btb_reg[0][TARGET][31]/D
                                0.86           1.28 f        -0.42  (VIOLATED)
   if_stage_inst/btb_inst/btb_reg[3][TARGET][31]/D
                                0.86           1.28 f        -0.42  (VIOLATED)
   if_stage_inst/btb_inst/btb_reg[5][TARGET][31]/D
                                0.86           1.28 f        -0.42  (VIOLATED)
   if_stage_inst/btb_inst/btb_reg[6][TARGET][31]/D
                                0.86           1.28 f        -0.42  (VIOLATED)
   if_stage_inst/btb_inst/btb_reg[7][TARGET][31]/D
                                0.86           1.28 f        -0.42  (VIOLATED)
   if_stage_inst/btb_inst/btb_reg[9][TARGET][31]/D
                                0.86           1.28 f        -0.42  (VIOLATED)
   if_stage_inst/btb_inst/btb_reg[10][TARGET][31]/D
                                0.86           1.28 f        -0.42  (VIOLATED)
   if_stage_inst/btb_inst/btb_reg[11][TARGET][31]/D
                                0.86           1.28 f        -0.42  (VIOLATED)
   if_stage_inst/btb_inst/btb_reg[12][TARGET][31]/D
                                0.86           1.28 f        -0.42  (VIOLATED)
   if_stage_inst/btb_inst/btb_reg[13][TARGET][31]/D
                                0.86           1.28 f        -0.42  (VIOLATED)
   if_stage_inst/btb_inst/btb_reg[14][TARGET][31]/D
                                0.86           1.28 f        -0.42  (VIOLATED)
   if_stage_inst/btb_inst/btb_reg[15][TARGET][31]/D
                                0.86           1.28 f        -0.42  (VIOLATED)
   ex_stage_inst/mult_pp_inst/tree_i/layer_4_r_reg[1][14]/D
                                0.86           1.28 f        -0.42  (VIOLATED)
   ex_stage_inst/mult_pp_inst/tree_i/layer_4_r_reg[0][15]/D
                                0.85           1.27 f        -0.42  (VIOLATED)
   ex_stage_inst/mult_pp_inst/tree_i/layer_4_r_reg[1][18]/D
                                0.87           1.29 r        -0.42  (VIOLATED)
   ex_stage_inst/mult_pp_inst/tree_i/layer_4_r_reg[0][14]/D
                                0.85           1.27 f        -0.42  (VIOLATED)
   R_2929/D                     0.87           1.29 r        -0.42  (VIOLATED)
   ex_stage_inst/mult_pp_inst/tree_i/layer_4_r_reg[2][30]/D
                                0.86           1.28 f        -0.42  (VIOLATED)
   ex_stage_inst/mult_pp_inst/tree_i/layer_4_r_reg[0][21]/D
                                0.85           1.27 f        -0.42  (VIOLATED)
   ex_stage_inst/mult_pp_inst/tree_i/layer_4_r_reg[1][22]/D
                                0.86           1.28 f        -0.42  (VIOLATED)
   if_stage_inst/pc_plus4_reg/reg_data_reg[28]/D
                                0.87           1.28 r        -0.41  (VIOLATED)
   if_stage_inst/btb_inst/btb_reg[0][TARGET][29]/D
                                0.86           1.27 f        -0.41  (VIOLATED)
   if_stage_inst/btb_inst/btb_reg[3][TARGET][29]/D
                                0.86           1.27 f        -0.41  (VIOLATED)
   if_stage_inst/btb_inst/btb_reg[5][TARGET][29]/D
                                0.86           1.27 f        -0.41  (VIOLATED)
   if_stage_inst/btb_inst/btb_reg[6][TARGET][29]/D
                                0.86           1.27 f        -0.41  (VIOLATED)
   if_stage_inst/btb_inst/btb_reg[7][TARGET][29]/D
                                0.86           1.27 f        -0.41  (VIOLATED)
   if_stage_inst/btb_inst/btb_reg[9][TARGET][29]/D
                                0.86           1.27 f        -0.41  (VIOLATED)
   if_stage_inst/btb_inst/btb_reg[10][TARGET][29]/D
                                0.86           1.27 f        -0.41  (VIOLATED)
   if_stage_inst/btb_inst/btb_reg[11][TARGET][29]/D
                                0.86           1.27 f        -0.41  (VIOLATED)
   if_stage_inst/btb_inst/btb_reg[12][TARGET][29]/D
                                0.86           1.27 f        -0.41  (VIOLATED)
   if_stage_inst/btb_inst/btb_reg[13][TARGET][29]/D
                                0.86           1.27 f        -0.41  (VIOLATED)
   if_stage_inst/btb_inst/btb_reg[14][TARGET][29]/D
                                0.86           1.27 f        -0.41  (VIOLATED)
   if_stage_inst/btb_inst/btb_reg[15][TARGET][29]/D
                                0.86           1.27 f        -0.41  (VIOLATED)
   ex_stage_inst/mult_pp_inst/tree_i/layer_4_r_reg[2][29]/D
                                0.87           1.28 r        -0.41  (VIOLATED)
   ex_stage_inst/mult_pp_inst/tree_i/layer_4_r_reg[3][28]/D
                                0.86           1.26 f        -0.41  (VIOLATED)
   if_stage_inst/btb_inst/btb_reg[6][TARGET][24]/D
                                0.86           1.26 f        -0.40  (VIOLATED)
   R_2702/D                     0.87           1.27 r        -0.40  (VIOLATED)
   if_stage_inst/btb_inst/btb_reg[0][TARGET][24]/D
                                0.86           1.26 f        -0.40  (VIOLATED)
   if_stage_inst/btb_inst/btb_reg[3][TARGET][24]/D
                                0.86           1.26 f        -0.40  (VIOLATED)
   if_stage_inst/btb_inst/btb_reg[5][TARGET][24]/D
                                0.86           1.26 f        -0.40  (VIOLATED)
   if_stage_inst/btb_inst/btb_reg[7][TARGET][24]/D
                                0.86           1.26 f        -0.40  (VIOLATED)
   if_stage_inst/btb_inst/btb_reg[9][TARGET][24]/D
                                0.86           1.26 f        -0.40  (VIOLATED)
   if_stage_inst/btb_inst/btb_reg[10][TARGET][24]/D
                                0.86           1.26 f        -0.40  (VIOLATED)
   if_stage_inst/btb_inst/btb_reg[11][TARGET][24]/D
                                0.86           1.26 f        -0.40  (VIOLATED)
   if_stage_inst/btb_inst/btb_reg[12][TARGET][24]/D
                                0.86           1.26 f        -0.40  (VIOLATED)
   if_stage_inst/btb_inst/btb_reg[13][TARGET][24]/D
                                0.86           1.26 f        -0.40  (VIOLATED)
   if_stage_inst/btb_inst/btb_reg[14][TARGET][24]/D
                                0.86           1.26 f        -0.40  (VIOLATED)
   if_stage_inst/btb_inst/btb_reg[15][TARGET][24]/D
                                0.86           1.26 f        -0.40  (VIOLATED)
   if_stage_inst/btb_inst/btb_reg[4][TAG][5]/D
                                0.86           1.26 f        -0.40  (VIOLATED)
   if_stage_inst/btb_inst/btb_reg[4][TAG][25]/D
                                0.86           1.26 f        -0.40  (VIOLATED)
   if_stage_inst/btb_inst/btb_reg[4][TAG][21]/D
                                0.86           1.26 f        -0.40  (VIOLATED)
   if_stage_inst/btb_inst/btb_reg[4][TARGET][7]/D
                                0.86           1.26 f        -0.40  (VIOLATED)
   if_stage_inst/btb_inst/btb_reg[0][TARGET][7]/D
                                0.86           1.26 f        -0.40  (VIOLATED)
   if_stage_inst/btb_inst/btb_reg[2][TARGET][7]/D
                                0.86           1.26 f        -0.40  (VIOLATED)
   if_stage_inst/btb_inst/btb_reg[3][TARGET][7]/D
                                0.86           1.26 f        -0.40  (VIOLATED)
   if_stage_inst/btb_inst/btb_reg[5][TARGET][7]/D
                                0.86           1.26 f        -0.40  (VIOLATED)
   if_stage_inst/btb_inst/btb_reg[6][TARGET][7]/D
                                0.86           1.26 f        -0.40  (VIOLATED)
   if_stage_inst/btb_inst/btb_reg[7][TARGET][7]/D
                                0.86           1.26 f        -0.40  (VIOLATED)
   if_stage_inst/btb_inst/btb_reg[9][TARGET][7]/D
                                0.86           1.26 f        -0.40  (VIOLATED)
   if_stage_inst/btb_inst/btb_reg[10][TARGET][7]/D
                                0.86           1.26 f        -0.40  (VIOLATED)
   if_stage_inst/btb_inst/btb_reg[11][TARGET][7]/D
                                0.86           1.26 f        -0.40  (VIOLATED)
   if_stage_inst/btb_inst/btb_reg[12][TARGET][7]/D
                                0.86           1.26 f        -0.40  (VIOLATED)
   if_stage_inst/btb_inst/btb_reg[13][TARGET][7]/D
                                0.86           1.26 f        -0.40  (VIOLATED)
   if_stage_inst/btb_inst/btb_reg[14][TARGET][7]/D
                                0.86           1.26 f        -0.40  (VIOLATED)
   if_stage_inst/btb_inst/btb_reg[15][TARGET][7]/D
                                0.86           1.26 f        -0.40  (VIOLATED)
   if_stage_inst/btb_inst/btb_reg[3][TARGET][30]/D
                                0.86           1.26 f        -0.40  (VIOLATED)
   if_stage_inst/btb_inst/btb_reg[0][TARGET][30]/D
                                0.86           1.26 f        -0.40  (VIOLATED)
   if_stage_inst/btb_inst/btb_reg[5][TARGET][30]/D
                                0.86           1.26 f        -0.40  (VIOLATED)
   if_stage_inst/btb_inst/btb_reg[6][TARGET][30]/D
                                0.86           1.26 f        -0.40  (VIOLATED)
   if_stage_inst/btb_inst/btb_reg[7][TARGET][30]/D
                                0.86           1.26 f        -0.40  (VIOLATED)
   if_stage_inst/btb_inst/btb_reg[9][TARGET][30]/D
                                0.86           1.26 f        -0.40  (VIOLATED)
   if_stage_inst/btb_inst/btb_reg[10][TARGET][30]/D
                                0.86           1.26 f        -0.40  (VIOLATED)
   if_stage_inst/btb_inst/btb_reg[11][TARGET][30]/D
                                0.86           1.26 f        -0.40  (VIOLATED)
   if_stage_inst/btb_inst/btb_reg[12][TARGET][30]/D
                                0.86           1.26 f        -0.40  (VIOLATED)
   if_stage_inst/btb_inst/btb_reg[13][TARGET][30]/D
                                0.86           1.26 f        -0.40  (VIOLATED)
   if_stage_inst/btb_inst/btb_reg[14][TARGET][30]/D
                                0.86           1.26 f        -0.40  (VIOLATED)
   if_stage_inst/btb_inst/btb_reg[15][TARGET][30]/D
                                0.86           1.26 f        -0.40  (VIOLATED)
   ex_stage_inst/mult_pp_inst/tree_i/layer_4_r_reg[0][12]/D
                                0.87           1.26 r        -0.40  (VIOLATED)
   R_3034/D                     0.86           1.25 r        -0.40  (VIOLATED)
   ex_stage_inst/mult_pp_inst/tree_i/layer_4_r_reg[0][17]/D
                                0.85           1.25 f        -0.40  (VIOLATED)
   R_2708/D                     0.87           1.26 r        -0.40  (VIOLATED)
   ex_stage_inst/mult_pp_inst/tree_i/layer_4_r_reg[1][15]/D
                                0.86           1.25 f        -0.39  (VIOLATED)
   R_2692/D                     0.87           1.26 r        -0.39  (VIOLATED)
   ex_stage_inst/mult_pp_inst/tree_i/layer_4_r_reg[1][25]/D
                                0.85           1.25 f        -0.39  (VIOLATED)
   if_stage_inst/btb_inst/btb_reg[3][TARGET][28]/D
                                0.86           1.25 f        -0.39  (VIOLATED)
   if_stage_inst/btb_inst/btb_reg[0][TARGET][28]/D
                                0.86           1.25 f        -0.39  (VIOLATED)
   if_stage_inst/btb_inst/btb_reg[5][TARGET][28]/D
                                0.86           1.25 f        -0.39  (VIOLATED)
   if_stage_inst/btb_inst/btb_reg[6][TARGET][28]/D
                                0.86           1.25 f        -0.39  (VIOLATED)
   if_stage_inst/btb_inst/btb_reg[7][TARGET][28]/D
                                0.86           1.25 f        -0.39  (VIOLATED)
   if_stage_inst/btb_inst/btb_reg[9][TARGET][28]/D
                                0.86           1.25 f        -0.39  (VIOLATED)
   if_stage_inst/btb_inst/btb_reg[10][TARGET][28]/D
                                0.86           1.25 f        -0.39  (VIOLATED)
   if_stage_inst/btb_inst/btb_reg[11][TARGET][28]/D
                                0.86           1.25 f        -0.39  (VIOLATED)
   if_stage_inst/btb_inst/btb_reg[12][TARGET][28]/D
                                0.86           1.25 f        -0.39  (VIOLATED)
   if_stage_inst/btb_inst/btb_reg[13][TARGET][28]/D
                                0.86           1.25 f        -0.39  (VIOLATED)
   if_stage_inst/btb_inst/btb_reg[14][TARGET][28]/D
                                0.86           1.25 f        -0.39  (VIOLATED)
   if_stage_inst/btb_inst/btb_reg[15][TARGET][28]/D
                                0.86           1.25 f        -0.39  (VIOLATED)
   if_stage_inst/btb_inst/btb_reg[4][TAG][4]/D
                                0.86           1.25 f        -0.39  (VIOLATED)
   if_stage_inst/btb_inst/btb_reg[4][TAG][2]/D
                                0.86           1.25 f        -0.39  (VIOLATED)
   if_stage_inst/btb_inst/btb_reg[4][TAG][3]/D
                                0.86           1.25 f        -0.39  (VIOLATED)
   if_stage_inst/btb_inst/btb_reg[4][TAG][7]/D
                                0.86           1.25 f        -0.39  (VIOLATED)
   if_stage_inst/btb_inst/btb_reg[4][TAG][8]/D
                                0.86           1.25 f        -0.39  (VIOLATED)
   if_stage_inst/btb_inst/btb_reg[4][TAG][9]/D
                                0.86           1.25 f        -0.39  (VIOLATED)
   if_stage_inst/btb_inst/btb_reg[4][TAG][14]/D
                                0.86           1.25 f        -0.39  (VIOLATED)
   if_stage_inst/btb_inst/btb_reg[4][TAG][19]/D
                                0.86           1.25 f        -0.39  (VIOLATED)
   if_stage_inst/btb_inst/btb_reg[4][TAG][24]/D
                                0.86           1.25 f        -0.39  (VIOLATED)
   if_stage_inst/btb_inst/btb_reg[4][TAG][15]/D
                                0.86           1.25 f        -0.39  (VIOLATED)
   if_stage_inst/btb_inst/R_2920/D
                                0.86           1.25 f        -0.39  (VIOLATED)
   ex_stage_inst/mult_pp_inst/tree_i/layer_4_r_reg[1][16]/D
                                0.87           1.26 r        -0.39  (VIOLATED)
   if_stage_inst/btb_inst/btb_reg[0][TARGET][26]/D
                                0.86           1.25 f        -0.39  (VIOLATED)
   if_stage_inst/btb_inst/btb_reg[3][TARGET][26]/D
                                0.86           1.25 f        -0.39  (VIOLATED)
   if_stage_inst/btb_inst/btb_reg[5][TARGET][26]/D
                                0.86           1.25 f        -0.39  (VIOLATED)
   if_stage_inst/btb_inst/btb_reg[6][TARGET][26]/D
                                0.86           1.25 f        -0.39  (VIOLATED)
   if_stage_inst/btb_inst/btb_reg[7][TARGET][26]/D
                                0.86           1.25 f        -0.39  (VIOLATED)
   if_stage_inst/btb_inst/btb_reg[9][TARGET][26]/D
                                0.86           1.25 f        -0.39  (VIOLATED)
   if_stage_inst/btb_inst/btb_reg[10][TARGET][26]/D
                                0.86           1.25 f        -0.39  (VIOLATED)
   if_stage_inst/btb_inst/btb_reg[11][TARGET][26]/D
                                0.86           1.25 f        -0.39  (VIOLATED)
   if_stage_inst/btb_inst/btb_reg[12][TARGET][26]/D
                                0.86           1.25 f        -0.39  (VIOLATED)
   if_stage_inst/btb_inst/btb_reg[13][TARGET][26]/D
                                0.86           1.25 f        -0.39  (VIOLATED)
   if_stage_inst/btb_inst/btb_reg[14][TARGET][26]/D
                                0.86           1.25 f        -0.39  (VIOLATED)
   if_stage_inst/btb_inst/btb_reg[15][TARGET][26]/D
                                0.86           1.25 f        -0.39  (VIOLATED)
   if_stage_inst/btb_inst/R_2921/D
                                0.86           1.24 f        -0.39  (VIOLATED)
   ex_stage_inst/mult_pp_inst/tree_i/layer_4_r_reg[3][31]/D
                                0.87           1.25 r        -0.39  (VIOLATED)
   ex_stage_inst/mult_pp_inst/tree_i/layer_4_r_reg[3][25]/D
                                0.87           1.25 r        -0.39  (VIOLATED)
   ex_stage_inst/mult_pp_inst/tree_i/layer_4_r_reg[3][30]/D
                                0.85           1.24 f        -0.39  (VIOLATED)
   if_stage_inst/btb_inst/btb_reg[4][TARGET][4]/D
                                0.86           1.24 f        -0.38  (VIOLATED)
   if_stage_inst/btb_inst/btb_reg[4][TARGET][6]/D
                                0.86           1.24 f        -0.38  (VIOLATED)
   if_stage_inst/btb_inst/btb_reg[4][TARGET][5]/D
                                0.86           1.24 f        -0.38  (VIOLATED)
   if_stage_inst/btb_inst/btb_reg[4][TARGET][1]/D
                                0.86           1.24 f        -0.38  (VIOLATED)
   if_stage_inst/btb_inst/btb_reg[4][TARGET][2]/D
                                0.86           1.24 f        -0.38  (VIOLATED)
   if_stage_inst/btb_inst/btb_reg[4][TARGET][3]/D
                                0.86           1.24 f        -0.38  (VIOLATED)
   R_2926/D                     0.87           1.25 r        -0.38  (VIOLATED)
   if_stage_inst/pc_plus4_reg/reg_data_reg[29]/D
                                0.86           1.24 f        -0.38  (VIOLATED)
   ex_stage_inst/mult_pp_inst/tree_i/layer_4_r_reg[0][9]/D
                                0.86           1.24 f        -0.38  (VIOLATED)
   if_stage_inst/btb_inst/R_748/D
                                0.86           1.24 f        -0.38  (VIOLATED)
   if_stage_inst/btb_inst/R_754/D
                                0.86           1.24 f        -0.38  (VIOLATED)
   if_stage_inst/btb_inst/R_1016/D
                                0.86           1.24 f        -0.38  (VIOLATED)
   if_stage_inst/btb_inst/R_1018/D
                                0.86           1.24 f        -0.38  (VIOLATED)
   if_stage_inst/btb_inst/R_1020/D
                                0.86           1.24 f        -0.38  (VIOLATED)
   if_stage_inst/btb_inst/R_1022/D
                                0.86           1.24 f        -0.38  (VIOLATED)
   if_stage_inst/btb_inst/R_1024/D
                                0.86           1.24 f        -0.38  (VIOLATED)
   if_stage_inst/btb_inst/R_1026/D
                                0.86           1.24 f        -0.38  (VIOLATED)
   if_stage_inst/btb_inst/R_1028/D
                                0.86           1.24 f        -0.38  (VIOLATED)
   if_stage_inst/btb_inst/R_1030/D
                                0.86           1.24 f        -0.38  (VIOLATED)
   if_stage_inst/btb_inst/R_1036/D
                                0.86           1.24 f        -0.38  (VIOLATED)
   if_stage_inst/btb_inst/R_1038/D
                                0.86           1.24 f        -0.38  (VIOLATED)
   ex_stage_inst/mult_pp_inst/tree_i/layer_4_r_reg[0][10]/D
                                0.85           1.23 f        -0.38  (VIOLATED)
   R_3098/D                     0.86           1.24 f        -0.38  (VIOLATED)
   hazard_unit_inst/status_table_reg[13][0]/D
                                0.87           1.24 r        -0.38  (VIOLATED)
   hazard_unit_inst/status_table_reg[8][0]/D
                                0.87           1.24 r        -0.38  (VIOLATED)
   hazard_unit_inst/status_table_reg[22][0]/D
                                0.87           1.24 r        -0.38  (VIOLATED)
   hazard_unit_inst/status_table_reg[23][0]/D
                                0.87           1.24 r        -0.38  (VIOLATED)
   hazard_unit_inst/status_table_reg[9][0]/D
                                0.87           1.24 r        -0.38  (VIOLATED)
   hazard_unit_inst/status_table_reg[31][0]/D
                                0.87           1.24 r        -0.38  (VIOLATED)
   hazard_unit_inst/status_table_reg[30][0]/D
                                0.87           1.24 r        -0.38  (VIOLATED)
   hazard_unit_inst/status_table_reg[16][0]/D
                                0.87           1.24 r        -0.38  (VIOLATED)
   hazard_unit_inst/status_table_reg[28][0]/D
                                0.87           1.24 r        -0.38  (VIOLATED)
   id_stage_inst/rs1_reg/reg_data_reg[30]/D
                                0.86           1.23 f        -0.38  (VIOLATED)
   hazard_unit_inst/status_table_reg[19][0]/D
                                0.87           1.24 r        -0.38  (VIOLATED)
   hazard_unit_inst/status_table_reg[24][0]/D
                                0.87           1.24 r        -0.38  (VIOLATED)
   hazard_unit_inst/status_table_reg[12][0]/D
                                0.87           1.24 r        -0.38  (VIOLATED)
   hazard_unit_inst/status_table_reg[29][0]/D
                                0.87           1.24 r        -0.38  (VIOLATED)
   hazard_unit_inst/status_table_reg[14][0]/D
                                0.87           1.24 r        -0.38  (VIOLATED)
   hazard_unit_inst/status_table_reg[15][0]/D
                                0.87           1.24 r        -0.37  (VIOLATED)
   hazard_unit_inst/status_table_reg[20][0]/D
                                0.87           1.24 r        -0.37  (VIOLATED)
   R_3193/D                     0.86           1.24 f        -0.37  (VIOLATED)
   hazard_unit_inst/status_table_reg[21][0]/D
                                0.87           1.24 r        -0.37  (VIOLATED)
   hazard_unit_inst/status_table_reg[11][0]/D
                                0.87           1.24 r        -0.37  (VIOLATED)
   hazard_unit_inst/status_table_reg[17][0]/D
                                0.87           1.24 r        -0.37  (VIOLATED)
   hazard_unit_inst/status_table_reg[25][0]/D
                                0.87           1.24 r        -0.37  (VIOLATED)
   hazard_unit_inst/status_table_reg[26][0]/D
                                0.87           1.24 r        -0.37  (VIOLATED)
   hazard_unit_inst/status_table_reg[10][0]/D
                                0.87           1.24 r        -0.37  (VIOLATED)
   hazard_unit_inst/status_table_reg[18][0]/D
                                0.87           1.24 r        -0.37  (VIOLATED)
   hazard_unit_inst/status_table_reg[27][0]/D
                                0.87           1.24 r        -0.37  (VIOLATED)
   R_3165/D                     0.87           1.24 r        -0.37  (VIOLATED)
   ex_stage_inst/mult_pp_inst/tree_i/layer_4_r_reg[1][12]/D
                                0.87           1.24 r        -0.37  (VIOLATED)
   ex_stage_inst/mult_pp_inst/tree_i/layer_4_r_reg[2][27]/D
                                0.86           1.24 r        -0.37  (VIOLATED)
   ex_stage_inst/mult_pp_inst/tree_i/layer_4_r_reg[0][11]/D
                                0.86           1.24 r        -0.37  (VIOLATED)
   if_stage_inst/btb_inst/R_1133/D
                                0.86           1.23 f        -0.37  (VIOLATED)
   if_stage_inst/btb_inst/R_1135/D
                                0.86           1.23 f        -0.37  (VIOLATED)
   if_stage_inst/btb_inst/R_1138/D
                                0.86           1.23 f        -0.37  (VIOLATED)
   R_2704/D                     0.86           1.23 f        -0.37  (VIOLATED)
   if_stage_inst/btb_inst/R_2857/D
                                0.86           1.23 f        -0.37  (VIOLATED)
   R_3124/D                     0.86           1.23 f        -0.37  (VIOLATED)
   if_stage_inst/btb_inst/R_1015/D
                                0.87           1.24 r        -0.37  (VIOLATED)
   if_stage_inst/btb_inst/R_1017/D
                                0.87           1.24 r        -0.37  (VIOLATED)
   if_stage_inst/btb_inst/R_1019/D
                                0.87           1.24 r        -0.37  (VIOLATED)
   if_stage_inst/btb_inst/R_1021/D
                                0.87           1.24 r        -0.37  (VIOLATED)
   if_stage_inst/btb_inst/R_1023/D
                                0.87           1.24 r        -0.37  (VIOLATED)
   if_stage_inst/btb_inst/R_1025/D
                                0.87           1.24 r        -0.37  (VIOLATED)
   if_stage_inst/btb_inst/R_1029/D
                                0.87           1.24 r        -0.37  (VIOLATED)
   if_stage_inst/btb_inst/R_1037/D
                                0.87           1.24 r        -0.37  (VIOLATED)
   hazard_unit_inst/status_table_reg[3][0]/D
                                0.87           1.24 r        -0.37  (VIOLATED)
   if_stage_inst/btb_inst/btb_reg[10][TARGET][4]/D
                                0.86           1.23 f        -0.37  (VIOLATED)
   if_stage_inst/btb_inst/btb_reg[10][TARGET][11]/D
                                0.86           1.23 f        -0.37  (VIOLATED)
   if_stage_inst/btb_inst/btb_reg[10][TARGET][19]/D
                                0.86           1.23 f        -0.37  (VIOLATED)
   if_stage_inst/btb_inst/btb_reg[10][TARGET][12]/D
                                0.86           1.23 f        -0.37  (VIOLATED)
   if_stage_inst/btb_inst/btb_reg[10][TARGET][6]/D
                                0.86           1.23 f        -0.37  (VIOLATED)
   if_stage_inst/btb_inst/btb_reg[10][TARGET][15]/D
                                0.86           1.23 f        -0.37  (VIOLATED)
   if_stage_inst/btb_inst/btb_reg[10][TARGET][21]/D
                                0.86           1.23 f        -0.37  (VIOLATED)
   if_stage_inst/btb_inst/btb_reg[10][TARGET][22]/D
                                0.86           1.23 f        -0.37  (VIOLATED)
   if_stage_inst/btb_inst/btb_reg[10][TARGET][20]/D
                                0.86           1.23 f        -0.37  (VIOLATED)
   if_stage_inst/btb_inst/btb_reg[10][TARGET][14]/D
                                0.86           1.23 f        -0.37  (VIOLATED)
   if_stage_inst/btb_inst/btb_reg[10][TAG][18]/D
                                0.86           1.23 f        -0.37  (VIOLATED)
   if_stage_inst/btb_inst/btb_reg[10][TAG][22]/D
                                0.86           1.23 f        -0.37  (VIOLATED)
   if_stage_inst/btb_inst/btb_reg[10][TAG][8]/D
                                0.86           1.23 f        -0.37  (VIOLATED)
   if_stage_inst/btb_inst/btb_reg[10][TAG][5]/D
                                0.86           1.23 f        -0.37  (VIOLATED)
   if_stage_inst/btb_inst/btb_reg[10][TAG][13]/D
                                0.86           1.23 f        -0.37  (VIOLATED)
   if_stage_inst/btb_inst/btb_reg[10][TAG][19]/D
                                0.86           1.23 f        -0.37  (VIOLATED)
   if_stage_inst/btb_inst/btb_reg[10][TAG][23]/D
                                0.86           1.23 f        -0.37  (VIOLATED)
   if_stage_inst/btb_inst/btb_reg[10][TAG][11]/D
                                0.86           1.23 f        -0.37  (VIOLATED)
   if_stage_inst/btb_inst/btb_reg[10][TAG][16]/D
                                0.86           1.23 f        -0.37  (VIOLATED)
   if_stage_inst/btb_inst/btb_reg[10][TAG][20]/D
                                0.86           1.23 f        -0.37  (VIOLATED)
   if_stage_inst/btb_inst/btb_reg[10][TAG][21]/D
                                0.86           1.23 f        -0.37  (VIOLATED)
   if_stage_inst/btb_inst/btb_reg[10][TAG][24]/D
                                0.86           1.23 f        -0.37  (VIOLATED)
   if_stage_inst/btb_inst/btb_reg[10][TARGET][1]/D
                                0.86           1.23 f        -0.37  (VIOLATED)
   if_stage_inst/btb_inst/btb_reg[10][TAG][0]/D
                                0.86           1.23 f        -0.37  (VIOLATED)
   if_stage_inst/btb_inst/btb_reg[10][TAG][3]/D
                                0.86           1.23 f        -0.37  (VIOLATED)
   if_stage_inst/btb_inst/btb_reg[10][TARGET][16]/D
                                0.86           1.23 f        -0.37  (VIOLATED)
   if_stage_inst/btb_inst/btb_reg[10][TARGET][10]/D
                                0.86           1.23 f        -0.37  (VIOLATED)
   if_stage_inst/btb_inst/btb_reg[10][TARGET][3]/D
                                0.86           1.23 f        -0.37  (VIOLATED)
   if_stage_inst/btb_inst/btb_reg[10][TARGET][17]/D
                                0.86           1.23 f        -0.37  (VIOLATED)
   if_stage_inst/btb_inst/btb_reg[10][TARGET][8]/D
                                0.86           1.23 f        -0.37  (VIOLATED)
   if_stage_inst/btb_inst/btb_reg[10][TARGET][2]/D
                                0.86           1.23 f        -0.37  (VIOLATED)
   if_stage_inst/btb_inst/btb_reg[10][TAG][2]/D
                                0.86           1.23 f        -0.37  (VIOLATED)
   if_stage_inst/btb_inst/btb_reg[10][TARGET][9]/D
                                0.86           1.23 f        -0.37  (VIOLATED)
   hazard_unit_inst/status_table_reg[1][0]/D
                                0.87           1.24 r        -0.37  (VIOLATED)
   hazard_unit_inst/status_table_reg[6][0]/D
                                0.87           1.24 r        -0.37  (VIOLATED)
   hazard_unit_inst/status_table_reg[2][0]/D
                                0.87           1.24 r        -0.37  (VIOLATED)
   if_stage_inst/btb_inst/R_2961/D
                                0.86           1.22 f        -0.37  (VIOLATED)
   hazard_unit_inst/status_table_reg[7][0]/D
                                0.87           1.24 r        -0.37  (VIOLATED)
   hazard_unit_inst/status_table_reg[4][0]/D
                                0.87           1.24 r        -0.37  (VIOLATED)
   hazard_unit_inst/status_table_reg[5][0]/D
                                0.87           1.24 r        -0.37  (VIOLATED)
   R_3192/D                     0.86           1.23 f        -0.37  (VIOLATED)
   R_3032/D                     0.86           1.23 r        -0.37  (VIOLATED)
   R_2734/D                     0.87           1.23 r        -0.37  (VIOLATED)
   ex_stage_inst/mult_pp_inst/tree_i/layer_4_r_reg[3][21]/D
                                0.87           1.23 r        -0.37  (VIOLATED)
   if_stage_inst/btb_inst/btb_reg[9][TARGET][4]/D
                                0.86           1.23 f        -0.37  (VIOLATED)
   if_stage_inst/btb_inst/btb_reg[9][TARGET][6]/D
                                0.86           1.23 f        -0.37  (VIOLATED)
   if_stage_inst/btb_inst/btb_reg[9][TARGET][21]/D
                                0.86           1.23 f        -0.37  (VIOLATED)
   if_stage_inst/btb_inst/btb_reg[9][TARGET][22]/D
                                0.86           1.23 f        -0.37  (VIOLATED)
   if_stage_inst/btb_inst/btb_reg[9][TARGET][23]/D
                                0.86           1.23 f        -0.37  (VIOLATED)
   if_stage_inst/btb_inst/btb_reg[9][TARGET][27]/D
                                0.86           1.23 f        -0.37  (VIOLATED)
   if_stage_inst/btb_inst/btb_reg[9][TAG][10]/D
                                0.86           1.23 f        -0.37  (VIOLATED)
   if_stage_inst/btb_inst/btb_reg[9][TAG][12]/D
                                0.86           1.23 f        -0.37  (VIOLATED)
   if_stage_inst/btb_inst/btb_reg[9][TAG][22]/D
                                0.86           1.23 f        -0.37  (VIOLATED)
   if_stage_inst/btb_inst/btb_reg[9][TAG][8]/D
                                0.86           1.23 f        -0.37  (VIOLATED)
   if_stage_inst/btb_inst/btb_reg[9][TAG][5]/D
                                0.86           1.23 f        -0.37  (VIOLATED)
   if_stage_inst/btb_inst/btb_reg[9][TAG][15]/D
                                0.86           1.23 f        -0.37  (VIOLATED)
   if_stage_inst/btb_inst/btb_reg[9][TAG][17]/D
                                0.86           1.23 f        -0.37  (VIOLATED)
   if_stage_inst/btb_inst/btb_reg[9][TAG][19]/D
                                0.86           1.23 f        -0.37  (VIOLATED)
   if_stage_inst/btb_inst/btb_reg[9][TAG][23]/D
                                0.86           1.23 f        -0.37  (VIOLATED)
   if_stage_inst/btb_inst/btb_reg[9][TAG][11]/D
                                0.86           1.23 f        -0.37  (VIOLATED)
   if_stage_inst/btb_inst/btb_reg[9][TAG][14]/D
                                0.86           1.23 f        -0.37  (VIOLATED)
   if_stage_inst/btb_inst/btb_reg[9][TAG][21]/D
                                0.86           1.23 f        -0.37  (VIOLATED)
   if_stage_inst/btb_inst/btb_reg[9][TARGET][1]/D
                                0.86           1.23 f        -0.37  (VIOLATED)
   if_stage_inst/btb_inst/btb_reg[9][TAG][9]/D
                                0.86           1.23 f        -0.37  (VIOLATED)
   if_stage_inst/btb_inst/btb_reg[9][TAG][7]/D
                                0.86           1.23 f        -0.37  (VIOLATED)
   if_stage_inst/btb_inst/btb_reg[9][TAG][4]/D
                                0.86           1.23 f        -0.37  (VIOLATED)
   if_stage_inst/btb_inst/btb_reg[9][TAG][6]/D
                                0.86           1.23 f        -0.37  (VIOLATED)
   if_stage_inst/btb_inst/btb_reg[9][TAG][25]/D
                                0.86           1.23 f        -0.37  (VIOLATED)
   if_stage_inst/btb_inst/btb_reg[9][TARGET][13]/D
                                0.86           1.23 f        -0.37  (VIOLATED)
   if_stage_inst/btb_inst/btb_reg[9][TARGET][10]/D
                                0.86           1.23 f        -0.37  (VIOLATED)
   if_stage_inst/btb_inst/btb_reg[9][TARGET][17]/D
                                0.86           1.23 f        -0.37  (VIOLATED)
   if_stage_inst/btb_inst/btb_reg[9][TARGET][8]/D
                                0.86           1.23 f        -0.37  (VIOLATED)
   if_stage_inst/btb_inst/btb_reg[9][TARGET][2]/D
                                0.86           1.23 f        -0.37  (VIOLATED)
   if_stage_inst/btb_inst/btb_reg[9][TARGET][9]/D
                                0.86           1.23 f        -0.37  (VIOLATED)
   id_stage_inst/rs1_reg/reg_data_reg[0]/D
                                0.87           1.23 r        -0.37  (VIOLATED)
   ex_stage_inst/mult_pp_inst/tree_i/layer_4_r_reg[0][8]/D
                                0.85           1.22 f        -0.36  (VIOLATED)
   R_2716/D                     0.86           1.22 f        -0.36  (VIOLATED)
   if_stage_inst/btb_inst/btb_reg[3][TARGET][19]/D
                                0.86           1.22 f        -0.36  (VIOLATED)
   if_stage_inst/btb_inst/btb_reg[3][TARGET][5]/D
                                0.86           1.22 f        -0.36  (VIOLATED)
   if_stage_inst/btb_inst/btb_reg[3][TARGET][23]/D
                                0.86           1.22 f        -0.36  (VIOLATED)
   if_stage_inst/btb_inst/btb_reg[3][TARGET][27]/D
                                0.86           1.22 f        -0.36  (VIOLATED)
   if_stage_inst/btb_inst/btb_reg[3][TAG][10]/D
                                0.86           1.22 f        -0.36  (VIOLATED)
   if_stage_inst/btb_inst/btb_reg[3][TAG][12]/D
                                0.86           1.22 f        -0.36  (VIOLATED)
   if_stage_inst/btb_inst/btb_reg[3][TAG][15]/D
                                0.86           1.22 f        -0.36  (VIOLATED)
   if_stage_inst/btb_inst/btb_reg[3][TAG][17]/D
                                0.86           1.22 f        -0.36  (VIOLATED)
   if_stage_inst/btb_inst/btb_reg[3][TAG][14]/D
                                0.86           1.22 f        -0.36  (VIOLATED)
   if_stage_inst/btb_inst/btb_reg[3][TAG][16]/D
                                0.86           1.22 f        -0.36  (VIOLATED)
   if_stage_inst/btb_inst/btb_reg[3][TAG][9]/D
                                0.86           1.22 f        -0.36  (VIOLATED)
   if_stage_inst/btb_inst/btb_reg[3][TAG][1]/D
                                0.86           1.22 f        -0.36  (VIOLATED)
   if_stage_inst/btb_inst/btb_reg[3][TAG][7]/D
                                0.86           1.22 f        -0.36  (VIOLATED)
   if_stage_inst/btb_inst/btb_reg[3][TAG][4]/D
                                0.86           1.22 f        -0.36  (VIOLATED)
   if_stage_inst/btb_inst/btb_reg[3][TAG][6]/D
                                0.86           1.22 f        -0.36  (VIOLATED)
   if_stage_inst/btb_inst/btb_reg[3][TAG][25]/D
                                0.86           1.22 f        -0.36  (VIOLATED)
   if_stage_inst/btb_inst/btb_reg[3][TARGET][13]/D
                                0.86           1.22 f        -0.36  (VIOLATED)
   if_stage_inst/btb_inst/btb_reg[3][TAG][2]/D
                                0.86           1.22 f        -0.36  (VIOLATED)
   if_stage_inst/btb_inst/btb_reg[3][TARGET][18]/D
                                0.86           1.22 f        -0.36  (VIOLATED)
   ex_stage_inst/mult_pp_inst/tree_i/layer_4_r_reg[1][10]/D
                                0.87           1.23 r        -0.36  (VIOLATED)
   if_stage_inst/btb_inst/R_2854/D
                                0.87           1.23 r        -0.36  (VIOLATED)
   if_stage_inst/btb_inst/R_2981/D
                                0.86           1.22 f        -0.36  (VIOLATED)
   if_stage_inst/btb_inst/R_2918/D
                                0.87           1.23 r        -0.36  (VIOLATED)
   if_stage_inst/btb_inst/R_2919/D
                                0.87           1.23 r        -0.36  (VIOLATED)
   R_3189/D                     0.87           1.23 r        -0.36  (VIOLATED)
   if_stage_inst/btb_inst/btb_reg[9][TARGET][3]/D
                                0.87           1.23 r        -0.36  (VIOLATED)
   if_stage_inst/btb_inst/btb_reg[6][TARGET][3]/D
                                0.87           1.23 r        -0.36  (VIOLATED)
   if_stage_inst/btb_inst/btb_reg[5][TARGET][3]/D
                                0.87           1.23 r        -0.36  (VIOLATED)
   if_stage_inst/btb_inst/btb_reg[12][TARGET][3]/D
                                0.87           1.23 r        -0.36  (VIOLATED)
   if_stage_inst/btb_inst/btb_reg[7][TARGET][3]/D
                                0.87           1.23 r        -0.36  (VIOLATED)
   if_stage_inst/btb_inst/btb_reg[11][TARGET][3]/D
                                0.87           1.23 r        -0.36  (VIOLATED)
   if_stage_inst/btb_inst/btb_reg[14][TARGET][3]/D
                                0.87           1.23 r        -0.36  (VIOLATED)
   if_stage_inst/btb_inst/btb_reg[2][TARGET][3]/D
                                0.87           1.23 r        -0.36  (VIOLATED)
   if_stage_inst/btb_inst/btb_reg[0][TARGET][3]/D
                                0.87           1.23 r        -0.36  (VIOLATED)
   if_stage_inst/btb_inst/btb_reg[13][TARGET][3]/D
                                0.87           1.23 r        -0.36  (VIOLATED)
   if_stage_inst/btb_inst/btb_reg[3][TARGET][3]/D
                                0.87           1.23 r        -0.36  (VIOLATED)
   R_3127/D                     0.86           1.22 f        -0.36  (VIOLATED)
   if_stage_inst/btb_inst/btb_reg[15][TARGET][3]/D
                                0.87           1.23 r        -0.36  (VIOLATED)
   R_3033/D                     0.86           1.22 r        -0.36  (VIOLATED)
   R_3038/D                     0.86           1.21 r        -0.36  (VIOLATED)
   if_stage_inst/btb_inst/btb_reg[2][TARGET][4]/D
                                0.86           1.22 f        -0.36  (VIOLATED)
   if_stage_inst/btb_inst/btb_reg[2][TARGET][6]/D
                                0.86           1.22 f        -0.36  (VIOLATED)
   if_stage_inst/btb_inst/btb_reg[2][TARGET][5]/D
                                0.86           1.22 f        -0.36  (VIOLATED)
   if_stage_inst/btb_inst/btb_reg[2][TARGET][1]/D
                                0.86           1.22 f        -0.36  (VIOLATED)
   if_stage_inst/btb_inst/btb_reg[2][TARGET][2]/D
                                0.86           1.22 f        -0.36  (VIOLATED)
   if_stage_inst/pc_plus4_reg/reg_data_reg[27]/D
                                0.87           1.22 r        -0.36  (VIOLATED)
   R_3198/D                     0.87           1.22 r        -0.36  (VIOLATED)
   if_stage_inst/btb_inst/btb_reg[11][TARGET][19]/D
                                0.86           1.21 f        -0.35  (VIOLATED)
   if_stage_inst/btb_inst/btb_reg[14][TARGET][19]/D
                                0.86           1.21 f        -0.35  (VIOLATED)
   if_stage_inst/btb_inst/btb_reg[11][TARGET][5]/D
                                0.86           1.21 f        -0.35  (VIOLATED)
   if_stage_inst/btb_inst/btb_reg[14][TARGET][5]/D
                                0.86           1.21 f        -0.35  (VIOLATED)
   if_stage_inst/btb_inst/btb_reg[11][TARGET][23]/D
                                0.86           1.21 f        -0.35  (VIOLATED)
   if_stage_inst/btb_inst/btb_reg[11][TARGET][27]/D
                                0.86           1.21 f        -0.35  (VIOLATED)
   if_stage_inst/btb_inst/btb_reg[11][TAG][10]/D
                                0.86           1.21 f        -0.35  (VIOLATED)
   if_stage_inst/btb_inst/btb_reg[11][TAG][12]/D
                                0.86           1.21 f        -0.35  (VIOLATED)
   if_stage_inst/btb_inst/btb_reg[11][TAG][15]/D
                                0.86           1.21 f        -0.35  (VIOLATED)
   if_stage_inst/btb_inst/btb_reg[11][TAG][17]/D
                                0.86           1.21 f        -0.35  (VIOLATED)
   if_stage_inst/btb_inst/btb_reg[11][TAG][14]/D
                                0.86           1.21 f        -0.35  (VIOLATED)
   if_stage_inst/btb_inst/btb_reg[11][TAG][16]/D
                                0.86           1.21 f        -0.35  (VIOLATED)
   if_stage_inst/btb_inst/btb_reg[11][TAG][9]/D
                                0.86           1.21 f        -0.35  (VIOLATED)
   if_stage_inst/btb_inst/btb_reg[11][TAG][1]/D
                                0.86           1.21 f        -0.35  (VIOLATED)
   if_stage_inst/btb_inst/btb_reg[11][TAG][7]/D
                                0.86           1.21 f        -0.35  (VIOLATED)
   if_stage_inst/btb_inst/btb_reg[11][TAG][4]/D
                                0.86           1.21 f        -0.35  (VIOLATED)
   if_stage_inst/btb_inst/btb_reg[11][TAG][6]/D
                                0.86           1.21 f        -0.35  (VIOLATED)
   if_stage_inst/btb_inst/btb_reg[11][TAG][25]/D
                                0.86           1.21 f        -0.35  (VIOLATED)
   if_stage_inst/btb_inst/btb_reg[11][TARGET][13]/D
                                0.86           1.21 f        -0.35  (VIOLATED)
   if_stage_inst/btb_inst/btb_reg[14][TARGET][23]/D
                                0.86           1.21 f        -0.35  (VIOLATED)
   if_stage_inst/btb_inst/btb_reg[14][TARGET][27]/D
                                0.86           1.21 f        -0.35  (VIOLATED)
   if_stage_inst/btb_inst/btb_reg[11][TAG][2]/D
                                0.86           1.21 f        -0.35  (VIOLATED)
   if_stage_inst/btb_inst/btb_reg[11][TARGET][18]/D
                                0.86           1.21 f        -0.35  (VIOLATED)
   if_stage_inst/btb_inst/btb_reg[14][TAG][10]/D
                                0.86           1.21 f        -0.35  (VIOLATED)
   if_stage_inst/btb_inst/btb_reg[14][TAG][12]/D
                                0.86           1.21 f        -0.35  (VIOLATED)
   if_stage_inst/btb_inst/btb_reg[14][TAG][15]/D
                                0.86           1.21 f        -0.35  (VIOLATED)
   if_stage_inst/btb_inst/btb_reg[14][TAG][17]/D
                                0.86           1.21 f        -0.35  (VIOLATED)
   if_stage_inst/btb_inst/btb_reg[14][TAG][14]/D
                                0.86           1.21 f        -0.35  (VIOLATED)
   if_stage_inst/btb_inst/btb_reg[14][TAG][16]/D
                                0.86           1.21 f        -0.35  (VIOLATED)
   if_stage_inst/btb_inst/btb_reg[14][TAG][9]/D
                                0.86           1.21 f        -0.35  (VIOLATED)
   if_stage_inst/btb_inst/btb_reg[14][TAG][1]/D
                                0.86           1.21 f        -0.35  (VIOLATED)
   if_stage_inst/btb_inst/btb_reg[14][TAG][7]/D
                                0.86           1.21 f        -0.35  (VIOLATED)
   if_stage_inst/btb_inst/btb_reg[14][TAG][4]/D
                                0.86           1.21 f        -0.35  (VIOLATED)
   if_stage_inst/btb_inst/btb_reg[14][TAG][6]/D
                                0.86           1.21 f        -0.35  (VIOLATED)
   if_stage_inst/btb_inst/btb_reg[14][TAG][25]/D
                                0.86           1.21 f        -0.35  (VIOLATED)
   if_stage_inst/btb_inst/btb_reg[14][TARGET][13]/D
                                0.86           1.21 f        -0.35  (VIOLATED)
   if_stage_inst/btb_inst/btb_reg[14][TAG][2]/D
                                0.86           1.21 f        -0.35  (VIOLATED)
   if_stage_inst/btb_inst/btb_reg[14][TARGET][18]/D
                                0.86           1.21 f        -0.35  (VIOLATED)
   if_stage_inst/btb_inst/btb_reg[7][TARGET][22]/D
                                0.86           1.21 f        -0.35  (VIOLATED)
   if_stage_inst/btb_inst/btb_reg[7][TARGET][23]/D
                                0.86           1.21 f        -0.35  (VIOLATED)
   if_stage_inst/btb_inst/btb_reg[7][TARGET][27]/D
                                0.86           1.21 f        -0.35  (VIOLATED)
   if_stage_inst/btb_inst/btb_reg[7][TAG][10]/D
                                0.86           1.21 f        -0.35  (VIOLATED)
   if_stage_inst/btb_inst/btb_reg[7][TAG][12]/D
                                0.86           1.21 f        -0.35  (VIOLATED)
   if_stage_inst/btb_inst/btb_reg[7][TAG][5]/D
                                0.86           1.21 f        -0.35  (VIOLATED)
   if_stage_inst/btb_inst/btb_reg[7][TAG][15]/D
                                0.86           1.21 f        -0.35  (VIOLATED)
   if_stage_inst/btb_inst/btb_reg[7][TAG][17]/D
                                0.86           1.21 f        -0.35  (VIOLATED)
   if_stage_inst/btb_inst/btb_reg[7][TAG][14]/D
                                0.86           1.21 f        -0.35  (VIOLATED)
   if_stage_inst/btb_inst/btb_reg[7][TAG][20]/D
                                0.86           1.21 f        -0.35  (VIOLATED)
   if_stage_inst/btb_inst/btb_reg[7][TARGET][1]/D
                                0.86           1.21 f        -0.35  (VIOLATED)
   if_stage_inst/btb_inst/btb_reg[7][TAG][9]/D
                                0.86           1.21 f        -0.35  (VIOLATED)
   if_stage_inst/btb_inst/btb_reg[7][TAG][7]/D
                                0.86           1.21 f        -0.35  (VIOLATED)
   if_stage_inst/btb_inst/btb_reg[7][TAG][4]/D
                                0.86           1.21 f        -0.35  (VIOLATED)
   if_stage_inst/btb_inst/btb_reg[7][TAG][6]/D
                                0.86           1.21 f        -0.35  (VIOLATED)
   if_stage_inst/btb_inst/btb_reg[7][TAG][25]/D
                                0.86           1.21 f        -0.35  (VIOLATED)
   if_stage_inst/btb_inst/btb_reg[7][TARGET][13]/D
                                0.86           1.21 f        -0.35  (VIOLATED)
   if_stage_inst/btb_inst/btb_reg[7][TARGET][17]/D
                                0.86           1.21 f        -0.35  (VIOLATED)
   if_stage_inst/btb_inst/btb_reg[7][TARGET][8]/D
                                0.86           1.21 f        -0.35  (VIOLATED)
   R_3187/D                     0.87           1.22 r        -0.35  (VIOLATED)
   R_3196/D                     0.86           1.21 f        -0.35  (VIOLATED)
   ex_stage_inst/mult_pp_inst/tree_i/layer_4_r_reg[2][28]/D
                                0.85           1.21 f        -0.35  (VIOLATED)
   if_stage_inst/btb_inst/btb_reg[0][TARGET][4]/D
                                0.87           1.22 r        -0.35  (VIOLATED)
   if_stage_inst/btb_inst/btb_reg[3][TARGET][4]/D
                                0.87           1.22 r        -0.35  (VIOLATED)
   if_stage_inst/btb_inst/btb_reg[5][TARGET][4]/D
                                0.87           1.22 r        -0.35  (VIOLATED)
   if_stage_inst/btb_inst/btb_reg[6][TARGET][4]/D
                                0.87           1.22 r        -0.35  (VIOLATED)
   if_stage_inst/btb_inst/btb_reg[7][TARGET][4]/D
                                0.87           1.22 r        -0.35  (VIOLATED)
   if_stage_inst/btb_inst/btb_reg[11][TARGET][4]/D
                                0.87           1.22 r        -0.35  (VIOLATED)
   if_stage_inst/btb_inst/btb_reg[12][TARGET][4]/D
                                0.87           1.22 r        -0.35  (VIOLATED)
   if_stage_inst/btb_inst/btb_reg[13][TARGET][4]/D
                                0.87           1.22 r        -0.35  (VIOLATED)
   if_stage_inst/btb_inst/btb_reg[14][TARGET][4]/D
                                0.87           1.22 r        -0.35  (VIOLATED)
   if_stage_inst/btb_inst/btb_reg[15][TARGET][4]/D
                                0.87           1.22 r        -0.35  (VIOLATED)
   id_stage_inst/rs1_reg/reg_data_reg[31]/D
                                0.86           1.21 f        -0.35  (VIOLATED)
   R_3205/D                     0.87           1.21 r        -0.35  (VIOLATED)
   if_stage_inst/btb_inst/R_665/D
                                0.87           1.22 r        -0.35  (VIOLATED)
   if_stage_inst/btb_inst/R_669/D
                                0.87           1.22 r        -0.35  (VIOLATED)
   if_stage_inst/btb_inst/R_673/D
                                0.87           1.22 r        -0.35  (VIOLATED)
   if_stage_inst/btb_inst/R_677/D
                                0.87           1.22 r        -0.35  (VIOLATED)
   if_stage_inst/btb_inst/R_679/D
                                0.87           1.22 r        -0.35  (VIOLATED)
   if_stage_inst/btb_inst/R_685/D
                                0.87           1.22 r        -0.35  (VIOLATED)
   if_stage_inst/btb_inst/R_689/D
                                0.87           1.22 r        -0.35  (VIOLATED)
   if_stage_inst/btb_inst/R_693/D
                                0.87           1.22 r        -0.35  (VIOLATED)
   if_stage_inst/btb_inst/R_719/D
                                0.87           1.22 r        -0.35  (VIOLATED)
   if_stage_inst/btb_inst/R_729/D
                                0.87           1.22 r        -0.35  (VIOLATED)
   if_stage_inst/btb_inst/btb_reg[9][TARGET][11]/D
                                0.86           1.21 f        -0.35  (VIOLATED)
   if_stage_inst/btb_inst/btb_reg[9][TARGET][19]/D
                                0.86           1.21 f        -0.35  (VIOLATED)
   if_stage_inst/btb_inst/btb_reg[9][TARGET][12]/D
                                0.86           1.21 f        -0.35  (VIOLATED)
   if_stage_inst/btb_inst/btb_reg[9][TARGET][5]/D
                                0.86           1.21 f        -0.35  (VIOLATED)
   if_stage_inst/btb_inst/btb_reg[9][TARGET][15]/D
                                0.86           1.21 f        -0.35  (VIOLATED)
   if_stage_inst/btb_inst/btb_reg[9][TARGET][20]/D
                                0.86           1.21 f        -0.35  (VIOLATED)
   if_stage_inst/btb_inst/btb_reg[9][TARGET][14]/D
                                0.86           1.21 f        -0.35  (VIOLATED)
   if_stage_inst/btb_inst/btb_reg[9][TAG][18]/D
                                0.86           1.21 f        -0.35  (VIOLATED)
   if_stage_inst/btb_inst/btb_reg[9][TAG][13]/D
                                0.86           1.21 f        -0.35  (VIOLATED)
   if_stage_inst/btb_inst/btb_reg[9][TAG][16]/D
                                0.86           1.21 f        -0.35  (VIOLATED)
   if_stage_inst/btb_inst/btb_reg[9][TAG][20]/D
                                0.86           1.21 f        -0.35  (VIOLATED)
   if_stage_inst/btb_inst/btb_reg[9][TAG][24]/D
                                0.86           1.21 f        -0.35  (VIOLATED)
   if_stage_inst/btb_inst/btb_reg[9][TAG][0]/D
                                0.86           1.21 f        -0.35  (VIOLATED)
   if_stage_inst/btb_inst/btb_reg[9][TAG][1]/D
                                0.86           1.21 f        -0.35  (VIOLATED)
   if_stage_inst/btb_inst/btb_reg[9][TAG][3]/D
                                0.86           1.21 f        -0.35  (VIOLATED)
   if_stage_inst/btb_inst/btb_reg[9][TARGET][16]/D
                                0.86           1.21 f        -0.35  (VIOLATED)
   if_stage_inst/btb_inst/btb_reg[9][TAG][2]/D
                                0.86           1.21 f        -0.35  (VIOLATED)
   if_stage_inst/btb_inst/btb_reg[9][TARGET][18]/D
                                0.86           1.21 f        -0.35  (VIOLATED)
   ex_stage_inst/mult_pp_inst/tree_i/layer_4_r_reg[2][31]/D
                                0.85           1.20 f        -0.35  (VIOLATED)
   if_stage_inst/btb_inst/btb_reg[0][TARGET][6]/D
                                0.86           1.21 f        -0.35  (VIOLATED)
   if_stage_inst/btb_inst/btb_reg[3][TARGET][6]/D
                                0.86           1.21 f        -0.35  (VIOLATED)
   if_stage_inst/btb_inst/btb_reg[5][TARGET][6]/D
                                0.86           1.21 f        -0.35  (VIOLATED)
   if_stage_inst/btb_inst/btb_reg[6][TARGET][6]/D
                                0.86           1.21 f        -0.35  (VIOLATED)
   if_stage_inst/btb_inst/btb_reg[7][TARGET][6]/D
                                0.86           1.21 f        -0.35  (VIOLATED)
   if_stage_inst/btb_inst/btb_reg[11][TARGET][6]/D
                                0.86           1.21 f        -0.35  (VIOLATED)
   if_stage_inst/btb_inst/btb_reg[12][TARGET][6]/D
                                0.86           1.21 f        -0.35  (VIOLATED)
   if_stage_inst/btb_inst/btb_reg[13][TARGET][6]/D
                                0.86           1.21 f        -0.35  (VIOLATED)
   if_stage_inst/btb_inst/btb_reg[14][TARGET][6]/D
                                0.86           1.21 f        -0.35  (VIOLATED)
   if_stage_inst/btb_inst/btb_reg[15][TARGET][6]/D
                                0.86           1.21 f        -0.35  (VIOLATED)
   R_2698/D                     0.87           1.21 r        -0.35  (VIOLATED)
   if_stage_inst/btb_inst/btb_reg[13][TARGET][15]/D
                                0.87           1.21 r        -0.35  (VIOLATED)
   if_stage_inst/btb_inst/btb_reg[5][TARGET][15]/D
                                0.87           1.21 r        -0.35  (VIOLATED)
   if_stage_inst/btb_inst/btb_reg[12][TARGET][15]/D
                                0.87           1.21 r        -0.35  (VIOLATED)
   if_stage_inst/btb_inst/btb_reg[13][TARGET][5]/D
                                0.86           1.20 f        -0.35  (VIOLATED)
   if_stage_inst/btb_inst/btb_reg[11][TARGET][15]/D
                                0.87           1.21 r        -0.35  (VIOLATED)
   if_stage_inst/btb_inst/btb_reg[14][TARGET][15]/D
                                0.87           1.21 r        -0.35  (VIOLATED)
   if_stage_inst/btb_inst/btb_reg[0][TARGET][15]/D
                                0.87           1.21 r        -0.35  (VIOLATED)
   if_stage_inst/btb_inst/btb_reg[7][TARGET][15]/D
                                0.87           1.21 r        -0.35  (VIOLATED)
   if_stage_inst/btb_inst/btb_reg[3][TARGET][15]/D
                                0.87           1.21 r        -0.35  (VIOLATED)
   if_stage_inst/btb_inst/btb_reg[13][TARGET][23]/D
                                0.86           1.20 f        -0.35  (VIOLATED)
   if_stage_inst/btb_inst/btb_reg[13][TARGET][27]/D
                                0.86           1.20 f        -0.35  (VIOLATED)
   if_stage_inst/btb_inst/btb_reg[13][TARGET][14]/D
                                0.86           1.20 f        -0.35  (VIOLATED)
   if_stage_inst/btb_inst/btb_reg[13][TAG][10]/D
                                0.86           1.20 f        -0.35  (VIOLATED)
   if_stage_inst/btb_inst/btb_reg[13][TAG][12]/D
                                0.86           1.20 f        -0.35  (VIOLATED)
   if_stage_inst/btb_inst/btb_reg[13][TAG][18]/D
                                0.86           1.20 f        -0.35  (VIOLATED)
   if_stage_inst/btb_inst/btb_reg[13][TAG][22]/D
                                0.86           1.20 f        -0.35  (VIOLATED)
   if_stage_inst/btb_inst/btb_reg[13][TAG][17]/D
                                0.86           1.20 f        -0.35  (VIOLATED)
   if_stage_inst/btb_inst/btb_reg[13][TAG][14]/D
                                0.86           1.20 f        -0.35  (VIOLATED)
   if_stage_inst/btb_inst/btb_reg[13][TAG][9]/D
                                0.86           1.20 f        -0.35  (VIOLATED)
   if_stage_inst/btb_inst/btb_reg[13][TAG][1]/D
                                0.86           1.20 f        -0.35  (VIOLATED)
   if_stage_inst/btb_inst/btb_reg[13][TAG][7]/D
                                0.86           1.20 f        -0.35  (VIOLATED)
   if_stage_inst/btb_inst/btb_reg[13][TAG][4]/D
                                0.86           1.20 f        -0.35  (VIOLATED)
   if_stage_inst/btb_inst/btb_reg[13][TARGET][13]/D
                                0.86           1.20 f        -0.35  (VIOLATED)
   if_stage_inst/btb_inst/btb_reg[13][TARGET][16]/D
                                0.86           1.20 f        -0.35  (VIOLATED)
   if_stage_inst/btb_inst/btb_reg[13][TARGET][17]/D
                                0.86           1.20 f        -0.35  (VIOLATED)
   if_stage_inst/btb_inst/btb_reg[13][TARGET][18]/D
                                0.86           1.20 f        -0.35  (VIOLATED)
   if_stage_inst/btb_inst/btb_reg[6][TARGET][15]/D
                                0.87           1.21 r        -0.35  (VIOLATED)
   if_stage_inst/btb_inst/btb_reg[15][TARGET][15]/D
                                0.87           1.21 r        -0.35  (VIOLATED)
   if_stage_inst/btb_inst/btb_reg[0][TARGET][27]/D
                                0.86           1.20 f        -0.34  (VIOLATED)
   if_stage_inst/btb_inst/btb_reg[5][TARGET][27]/D
                                0.86           1.20 f        -0.34  (VIOLATED)
   if_stage_inst/btb_inst/btb_reg[6][TARGET][27]/D
                                0.86           1.20 f        -0.34  (VIOLATED)
   if_stage_inst/btb_inst/btb_reg[10][TARGET][27]/D
                                0.86           1.20 f        -0.34  (VIOLATED)
   if_stage_inst/btb_inst/btb_reg[12][TARGET][27]/D
                                0.86           1.20 f        -0.34  (VIOLATED)
   if_stage_inst/btb_inst/btb_reg[15][TARGET][27]/D
                                0.86           1.20 f        -0.34  (VIOLATED)
   if_stage_inst/btb_inst/R_2959/D
                                0.86           1.21 r        -0.34  (VIOLATED)
   if_stage_inst/btb_inst/R_2980/D
                                0.87           1.21 r        -0.34  (VIOLATED)
   R_539/D                      0.86           1.20 f        -0.34  (VIOLATED)
   if_stage_inst/btb_inst/btb_reg[10][TARGET][5]/D
                                0.86           1.20 f        -0.34  (VIOLATED)
   if_stage_inst/btb_inst/btb_reg[10][TARGET][23]/D
                                0.86           1.20 f        -0.34  (VIOLATED)
   if_stage_inst/btb_inst/btb_reg[10][TAG][10]/D
                                0.86           1.20 f        -0.34  (VIOLATED)
   if_stage_inst/btb_inst/btb_reg[10][TAG][12]/D
                                0.86           1.20 f        -0.34  (VIOLATED)
   if_stage_inst/btb_inst/btb_reg[10][TAG][15]/D
                                0.86           1.20 f        -0.34  (VIOLATED)
   if_stage_inst/btb_inst/btb_reg[10][TAG][17]/D
                                0.86           1.20 f        -0.34  (VIOLATED)
   if_stage_inst/btb_inst/btb_reg[10][TAG][14]/D
                                0.86           1.20 f        -0.34  (VIOLATED)
   if_stage_inst/btb_inst/btb_reg[10][TAG][9]/D
                                0.86           1.20 f        -0.34  (VIOLATED)
   if_stage_inst/btb_inst/btb_reg[10][TAG][1]/D
                                0.86           1.20 f        -0.34  (VIOLATED)
   if_stage_inst/btb_inst/btb_reg[10][TAG][7]/D
                                0.86           1.20 f        -0.34  (VIOLATED)
   if_stage_inst/btb_inst/btb_reg[10][TAG][4]/D
                                0.86           1.20 f        -0.34  (VIOLATED)
   if_stage_inst/btb_inst/btb_reg[10][TAG][6]/D
                                0.86           1.20 f        -0.34  (VIOLATED)
   if_stage_inst/btb_inst/btb_reg[10][TAG][25]/D
                                0.86           1.20 f        -0.34  (VIOLATED)
   if_stage_inst/btb_inst/btb_reg[10][TARGET][13]/D
                                0.86           1.20 f        -0.34  (VIOLATED)
   if_stage_inst/btb_inst/btb_reg[10][TARGET][18]/D
                                0.86           1.20 f        -0.34  (VIOLATED)
   if_stage_inst/btb_inst/R_866/D
                                0.87           1.21 r        -0.34  (VIOLATED)
   if_stage_inst/btb_inst/R_868/D
                                0.87           1.21 r        -0.34  (VIOLATED)
   if_stage_inst/btb_inst/R_870/D
                                0.87           1.21 r        -0.34  (VIOLATED)
   if_stage_inst/btb_inst/R_872/D
                                0.87           1.21 r        -0.34  (VIOLATED)
   if_stage_inst/btb_inst/R_874/D
                                0.87           1.21 r        -0.34  (VIOLATED)
   if_stage_inst/btb_inst/R_876/D
                                0.87           1.21 r        -0.34  (VIOLATED)
   if_stage_inst/btb_inst/R_878/D
                                0.87           1.21 r        -0.34  (VIOLATED)
   if_stage_inst/btb_inst/R_912/D
                                0.87           1.21 r        -0.34  (VIOLATED)
   if_stage_inst/btb_inst/R_926/D
                                0.87           1.21 r        -0.34  (VIOLATED)
   if_stage_inst/btb_inst/R_928/D
                                0.87           1.21 r        -0.34  (VIOLATED)
   if_stage_inst/btb_inst/btb_reg[13][TARGET][11]/D
                                0.86           1.20 f        -0.34  (VIOLATED)
   if_stage_inst/btb_inst/btb_reg[13][TARGET][19]/D
                                0.86           1.20 f        -0.34  (VIOLATED)
   if_stage_inst/btb_inst/btb_reg[13][TARGET][12]/D
                                0.86           1.20 f        -0.34  (VIOLATED)
   if_stage_inst/btb_inst/btb_reg[13][TARGET][20]/D
                                0.86           1.20 f        -0.34  (VIOLATED)
   if_stage_inst/btb_inst/btb_reg[13][TAG][8]/D
                                0.86           1.20 f        -0.34  (VIOLATED)
   if_stage_inst/btb_inst/btb_reg[13][TAG][19]/D
                                0.86           1.20 f        -0.34  (VIOLATED)
   if_stage_inst/btb_inst/btb_reg[13][TAG][11]/D
                                0.86           1.20 f        -0.34  (VIOLATED)
   if_stage_inst/btb_inst/btb_reg[13][TAG][16]/D
                                0.86           1.20 f        -0.34  (VIOLATED)
   if_stage_inst/btb_inst/btb_reg[13][TAG][24]/D
                                0.86           1.20 f        -0.34  (VIOLATED)
   if_stage_inst/btb_inst/btb_reg[13][TAG][6]/D
                                0.86           1.20 f        -0.34  (VIOLATED)
   if_stage_inst/btb_inst/btb_reg[13][TAG][3]/D
                                0.86           1.20 f        -0.34  (VIOLATED)
   if_stage_inst/btb_inst/btb_reg[13][TARGET][10]/D
                                0.86           1.20 f        -0.34  (VIOLATED)
   if_stage_inst/btb_inst/btb_reg[13][TARGET][2]/D
                                0.86           1.20 f        -0.34  (VIOLATED)
   if_stage_inst/btb_inst/btb_reg[13][TAG][2]/D
                                0.86           1.20 f        -0.34  (VIOLATED)
   if_stage_inst/btb_inst/btb_reg[13][TARGET][9]/D
                                0.86           1.20 f        -0.34  (VIOLATED)
   if_stage_inst/btb_inst/btb_reg[3][TARGET][21]/D
                                0.86           1.20 f        -0.34  (VIOLATED)
   if_stage_inst/btb_inst/btb_reg[3][TARGET][22]/D
                                0.86           1.20 f        -0.34  (VIOLATED)
   if_stage_inst/btb_inst/btb_reg[3][TARGET][20]/D
                                0.86           1.20 f        -0.34  (VIOLATED)
   if_stage_inst/btb_inst/btb_reg[3][TAG][22]/D
                                0.86           1.20 f        -0.34  (VIOLATED)
   if_stage_inst/btb_inst/btb_reg[3][TAG][5]/D
                                0.86           1.20 f        -0.34  (VIOLATED)
   if_stage_inst/btb_inst/btb_reg[3][TAG][13]/D
                                0.86           1.20 f        -0.34  (VIOLATED)
   if_stage_inst/btb_inst/btb_reg[3][TAG][23]/D
                                0.86           1.20 f        -0.34  (VIOLATED)
   if_stage_inst/btb_inst/btb_reg[3][TAG][20]/D
                                0.86           1.20 f        -0.34  (VIOLATED)
   if_stage_inst/btb_inst/btb_reg[3][TAG][21]/D
                                0.86           1.20 f        -0.34  (VIOLATED)
   if_stage_inst/btb_inst/btb_reg[3][TARGET][1]/D
                                0.86           1.20 f        -0.34  (VIOLATED)
   if_stage_inst/btb_inst/btb_reg[3][TARGET][16]/D
                                0.86           1.20 f        -0.34  (VIOLATED)
   if_stage_inst/btb_inst/btb_reg[3][TARGET][17]/D
                                0.86           1.20 f        -0.34  (VIOLATED)
   if_stage_inst/btb_inst/btb_reg[3][TARGET][8]/D
                                0.86           1.20 f        -0.34  (VIOLATED)
   if_stage_inst/btb_inst/btb_reg[5][TARGET][5]/D
                                0.86           1.20 f        -0.34  (VIOLATED)
   if_stage_inst/btb_inst/btb_reg[12][TARGET][5]/D
                                0.86           1.20 f        -0.34  (VIOLATED)
   if_stage_inst/btb_inst/btb_reg[5][TARGET][23]/D
                                0.86           1.20 f        -0.34  (VIOLATED)
   if_stage_inst/btb_inst/btb_reg[5][TAG][10]/D
                                0.86           1.20 f        -0.34  (VIOLATED)
   if_stage_inst/btb_inst/btb_reg[5][TAG][12]/D
                                0.86           1.20 f        -0.34  (VIOLATED)
   if_stage_inst/btb_inst/btb_reg[5][TAG][15]/D
                                0.86           1.20 f        -0.34  (VIOLATED)
   if_stage_inst/btb_inst/btb_reg[5][TAG][17]/D
                                0.86           1.20 f        -0.34  (VIOLATED)
   if_stage_inst/btb_inst/btb_reg[5][TAG][14]/D
                                0.86           1.20 f        -0.34  (VIOLATED)
   if_stage_inst/btb_inst/btb_reg[5][TAG][16]/D
                                0.86           1.20 f        -0.34  (VIOLATED)
   if_stage_inst/btb_inst/btb_reg[5][TAG][9]/D
                                0.86           1.20 f        -0.34  (VIOLATED)
   if_stage_inst/btb_inst/btb_reg[5][TAG][7]/D
                                0.86           1.20 f        -0.34  (VIOLATED)
   if_stage_inst/btb_inst/btb_reg[5][TAG][4]/D
                                0.86           1.20 f        -0.34  (VIOLATED)
   if_stage_inst/btb_inst/btb_reg[5][TAG][6]/D
                                0.86           1.20 f        -0.34  (VIOLATED)
   if_stage_inst/btb_inst/btb_reg[5][TAG][25]/D
                                0.86           1.20 f        -0.34  (VIOLATED)
   if_stage_inst/btb_inst/btb_reg[5][TARGET][13]/D
                                0.86           1.20 f        -0.34  (VIOLATED)
   if_stage_inst/btb_inst/btb_reg[12][TARGET][23]/D
                                0.86           1.20 f        -0.34  (VIOLATED)
   if_stage_inst/btb_inst/btb_reg[12][TAG][10]/D
                                0.86           1.20 f        -0.34  (VIOLATED)
   if_stage_inst/btb_inst/btb_reg[12][TAG][12]/D
                                0.86           1.20 f        -0.34  (VIOLATED)
   ex_stage_inst/mult_pp_inst/tree_i/layer_4_r_reg[1][13]/D
                                0.87           1.21 r        -0.34  (VIOLATED)
   if_stage_inst/btb_inst/btb_reg[12][TAG][15]/D
                                0.86           1.20 f        -0.34  (VIOLATED)
   if_stage_inst/btb_inst/btb_reg[12][TAG][17]/D
                                0.86           1.20 f        -0.34  (VIOLATED)
   if_stage_inst/btb_inst/btb_reg[12][TAG][14]/D
                                0.86           1.20 f        -0.34  (VIOLATED)
   if_stage_inst/btb_inst/btb_reg[12][TAG][16]/D
                                0.86           1.20 f        -0.34  (VIOLATED)
   if_stage_inst/btb_inst/btb_reg[12][TAG][9]/D
                                0.86           1.20 f        -0.34  (VIOLATED)
   if_stage_inst/btb_inst/btb_reg[12][TAG][7]/D
                                0.86           1.20 f        -0.34  (VIOLATED)
   if_stage_inst/btb_inst/btb_reg[12][TAG][4]/D
                                0.86           1.20 f        -0.34  (VIOLATED)
   if_stage_inst/btb_inst/btb_reg[12][TAG][6]/D
                                0.86           1.20 f        -0.34  (VIOLATED)
   if_stage_inst/btb_inst/btb_reg[12][TAG][25]/D
                                0.86           1.20 f        -0.34  (VIOLATED)
   if_stage_inst/btb_inst/btb_reg[12][TARGET][13]/D
                                0.86           1.20 f        -0.34  (VIOLATED)
   R_2696/D                     0.87           1.21 r        -0.34  (VIOLATED)
   if_stage_inst/btb_inst/R_2962/D
                                0.87           1.21 r        -0.34  (VIOLATED)
   if_stage_inst/btb_inst/R_1131/D
                                0.86           1.20 f        -0.34  (VIOLATED)
   if_stage_inst/btb_inst/R_1136/D
                                0.86           1.20 f        -0.34  (VIOLATED)
   if_stage_inst/btb_inst/R_1139/D
                                0.86           1.20 f        -0.34  (VIOLATED)
   if_stage_inst/btb_inst/btb_reg[3][TARGET][11]/D
                                0.86           1.20 f        -0.34  (VIOLATED)
   if_stage_inst/btb_inst/btb_reg[3][TARGET][12]/D
                                0.86           1.20 f        -0.34  (VIOLATED)
   if_stage_inst/btb_inst/btb_reg[3][TARGET][14]/D
                                0.86           1.20 f        -0.34  (VIOLATED)
   if_stage_inst/btb_inst/btb_reg[3][TAG][18]/D
                                0.86           1.20 f        -0.34  (VIOLATED)
   if_stage_inst/btb_inst/btb_reg[3][TAG][8]/D
                                0.86           1.20 f        -0.34  (VIOLATED)
   if_stage_inst/btb_inst/btb_reg[3][TAG][19]/D
                                0.86           1.20 f        -0.34  (VIOLATED)
   if_stage_inst/btb_inst/btb_reg[3][TAG][11]/D
                                0.86           1.20 f        -0.34  (VIOLATED)
   if_stage_inst/btb_inst/btb_reg[3][TAG][24]/D
                                0.86           1.20 f        -0.34  (VIOLATED)
   if_stage_inst/btb_inst/btb_reg[3][TAG][0]/D
                                0.86           1.20 f        -0.34  (VIOLATED)
   if_stage_inst/btb_inst/btb_reg[3][TAG][3]/D
                                0.86           1.20 f        -0.34  (VIOLATED)
   if_stage_inst/btb_inst/btb_reg[3][TARGET][10]/D
                                0.86           1.20 f        -0.34  (VIOLATED)
   if_stage_inst/btb_inst/btb_reg[3][TARGET][2]/D
                                0.86           1.20 f        -0.34  (VIOLATED)
   if_stage_inst/btb_inst/btb_reg[3][TARGET][9]/D
                                0.86           1.20 f        -0.34  (VIOLATED)
   if_stage_inst/btb_inst/btb_reg[0][TARGET][23]/D
                                0.87           1.21 r        -0.34  (VIOLATED)
   if_stage_inst/btb_inst/btb_reg[15][TARGET][23]/D
                                0.87           1.21 r        -0.34  (VIOLATED)
   if_stage_inst/btb_inst/btb_reg[6][TARGET][23]/D
                                0.87           1.21 r        -0.34  (VIOLATED)
   if_stage_inst/btb_inst/R_2125/D
                                0.84           1.18 f        -0.34  (VIOLATED)
   if_stage_inst/btb_inst/btb_reg[15][TARGET][11]/D
                                0.86           1.20 f        -0.34  (VIOLATED)
   if_stage_inst/btb_inst/btb_reg[15][TARGET][20]/D
                                0.86           1.20 f        -0.34  (VIOLATED)
   if_stage_inst/btb_inst/btb_reg[15][TAG][18]/D
                                0.86           1.20 f        -0.34  (VIOLATED)
   if_stage_inst/btb_inst/btb_reg[15][TAG][13]/D
                                0.86           1.20 f        -0.34  (VIOLATED)
   if_stage_inst/btb_inst/btb_reg[15][TAG][15]/D
                                0.86           1.20 f        -0.34  (VIOLATED)
   if_stage_inst/btb_inst/btb_reg[15][TAG][17]/D
                                0.86           1.20 f        -0.34  (VIOLATED)
   if_stage_inst/btb_inst/btb_reg[15][TAG][23]/D
                                0.86           1.20 f        -0.34  (VIOLATED)
   if_stage_inst/btb_inst/btb_reg[15][TAG][0]/D
                                0.86           1.20 f        -0.34  (VIOLATED)
   if_stage_inst/btb_inst/btb_reg[15][TAG][7]/D
                                0.86           1.20 f        -0.34  (VIOLATED)
   if_stage_inst/btb_inst/btb_reg[15][TARGET][16]/D
                                0.86           1.20 f        -0.34  (VIOLATED)
   if_stage_inst/btb_inst/btb_reg[15][TARGET][8]/D
                                0.86           1.20 f        -0.34  (VIOLATED)
   if_stage_inst/btb_inst/btb_reg[15][TARGET][18]/D
                                0.86           1.20 f        -0.34  (VIOLATED)
   if_stage_inst/btb_inst/R_1027/D
                                0.87           1.20 r        -0.34  (VIOLATED)
   if_stage_inst/btb_inst/R_1035/D
                                0.87           1.20 r        -0.34  (VIOLATED)
   R_3197/D                     0.86           1.20 f        -0.34  (VIOLATED)
   ex_stage_inst/mult_pp_inst/tree_i/layer_4_r_reg[1][11]/D
                                0.87           1.21 r        -0.34  (VIOLATED)
   if_stage_inst/btb_inst/btb_reg[5][TARGET][11]/D
                                0.86           1.20 f        -0.34  (VIOLATED)
   if_stage_inst/btb_inst/btb_reg[5][TARGET][19]/D
                                0.86           1.20 f        -0.34  (VIOLATED)
   if_stage_inst/btb_inst/btb_reg[5][TARGET][12]/D
                                0.86           1.20 f        -0.34  (VIOLATED)
   if_stage_inst/btb_inst/btb_reg[12][TARGET][11]/D
                                0.86           1.20 f        -0.34  (VIOLATED)
   if_stage_inst/btb_inst/btb_reg[12][TARGET][19]/D
                                0.86           1.20 f        -0.34  (VIOLATED)
   if_stage_inst/btb_inst/btb_reg[12][TARGET][12]/D
                                0.86           1.20 f        -0.34  (VIOLATED)
   if_stage_inst/btb_inst/btb_reg[5][TARGET][21]/D
                                0.86           1.20 f        -0.34  (VIOLATED)
   if_stage_inst/btb_inst/btb_reg[5][TARGET][22]/D
                                0.86           1.20 f        -0.34  (VIOLATED)
   if_stage_inst/btb_inst/btb_reg[5][TARGET][20]/D
                                0.86           1.20 f        -0.34  (VIOLATED)
   if_stage_inst/btb_inst/btb_reg[5][TARGET][14]/D
                                0.86           1.20 f        -0.34  (VIOLATED)
   if_stage_inst/btb_inst/btb_reg[5][TAG][18]/D
                                0.86           1.20 f        -0.34  (VIOLATED)
   if_stage_inst/btb_inst/btb_reg[5][TAG][22]/D
                                0.86           1.20 f        -0.34  (VIOLATED)
   if_stage_inst/btb_inst/btb_reg[5][TAG][8]/D
                                0.86           1.20 f        -0.34  (VIOLATED)
   if_stage_inst/btb_inst/btb_reg[5][TAG][5]/D
                                0.86           1.20 f        -0.34  (VIOLATED)
   if_stage_inst/btb_inst/btb_reg[5][TAG][13]/D
                                0.86           1.20 f        -0.34  (VIOLATED)
   if_stage_inst/btb_inst/btb_reg[5][TAG][19]/D
                                0.86           1.20 f        -0.34  (VIOLATED)
   if_stage_inst/btb_inst/btb_reg[5][TAG][23]/D
                                0.86           1.20 f        -0.34  (VIOLATED)
   if_stage_inst/btb_inst/btb_reg[5][TAG][11]/D
                                0.86           1.20 f        -0.34  (VIOLATED)
   if_stage_inst/btb_inst/btb_reg[5][TAG][20]/D
                                0.86           1.20 f        -0.34  (VIOLATED)
   if_stage_inst/btb_inst/btb_reg[5][TAG][21]/D
                                0.86           1.20 f        -0.34  (VIOLATED)
   if_stage_inst/btb_inst/btb_reg[5][TAG][24]/D
                                0.86           1.20 f        -0.34  (VIOLATED)
   if_stage_inst/btb_inst/btb_reg[5][TARGET][1]/D
                                0.86           1.20 f        -0.34  (VIOLATED)
   if_stage_inst/btb_inst/btb_reg[5][TAG][0]/D
                                0.86           1.20 f        -0.34  (VIOLATED)
   if_stage_inst/btb_inst/btb_reg[5][TAG][1]/D
                                0.86           1.20 f        -0.34  (VIOLATED)
   if_stage_inst/btb_inst/btb_reg[5][TAG][3]/D
                                0.86           1.20 f        -0.34  (VIOLATED)
   if_stage_inst/btb_inst/btb_reg[5][TARGET][16]/D
                                0.86           1.20 f        -0.34  (VIOLATED)
   if_stage_inst/btb_inst/btb_reg[5][TARGET][10]/D
                                0.86           1.20 f        -0.34  (VIOLATED)
   if_stage_inst/btb_inst/btb_reg[12][TARGET][21]/D
                                0.86           1.20 f        -0.34  (VIOLATED)
   if_stage_inst/btb_inst/btb_reg[12][TARGET][22]/D
                                0.86           1.20 f        -0.34  (VIOLATED)
   if_stage_inst/btb_inst/btb_reg[12][TARGET][20]/D
                                0.86           1.20 f        -0.34  (VIOLATED)
   if_stage_inst/btb_inst/btb_reg[12][TARGET][14]/D
                                0.86           1.20 f        -0.34  (VIOLATED)
   if_stage_inst/btb_inst/btb_reg[5][TARGET][17]/D
                                0.86           1.20 f        -0.34  (VIOLATED)
   if_stage_inst/btb_inst/btb_reg[5][TARGET][8]/D
                                0.86           1.20 f        -0.34  (VIOLATED)
   if_stage_inst/btb_inst/btb_reg[5][TARGET][2]/D
                                0.86           1.20 f        -0.34  (VIOLATED)
   if_stage_inst/btb_inst/btb_reg[5][TAG][2]/D
                                0.86           1.20 f        -0.34  (VIOLATED)
   if_stage_inst/btb_inst/btb_reg[5][TARGET][9]/D
                                0.86           1.20 f        -0.34  (VIOLATED)
   if_stage_inst/btb_inst/btb_reg[5][TARGET][18]/D
                                0.86           1.20 f        -0.34  (VIOLATED)
   if_stage_inst/btb_inst/btb_reg[12][TAG][18]/D
                                0.86           1.20 f        -0.34  (VIOLATED)
   if_stage_inst/btb_inst/btb_reg[12][TAG][22]/D
                                0.86           1.20 f        -0.34  (VIOLATED)
   if_stage_inst/btb_inst/btb_reg[12][TAG][8]/D
                                0.86           1.20 f        -0.34  (VIOLATED)
   if_stage_inst/btb_inst/btb_reg[12][TAG][13]/D
                                0.86           1.20 f        -0.34  (VIOLATED)
   if_stage_inst/btb_inst/btb_reg[12][TAG][19]/D
                                0.86           1.20 f        -0.34  (VIOLATED)
   if_stage_inst/btb_inst/btb_reg[12][TAG][23]/D
                                0.86           1.20 f        -0.34  (VIOLATED)
   if_stage_inst/btb_inst/btb_reg[12][TAG][11]/D
                                0.86           1.20 f        -0.34  (VIOLATED)
   if_stage_inst/btb_inst/btb_reg[12][TAG][20]/D
                                0.86           1.20 f        -0.34  (VIOLATED)
   if_stage_inst/btb_inst/btb_reg[12][TAG][21]/D
                                0.86           1.20 f        -0.34  (VIOLATED)
   if_stage_inst/btb_inst/btb_reg[12][TAG][24]/D
                                0.86           1.20 f        -0.34  (VIOLATED)
   if_stage_inst/btb_inst/btb_reg[12][TARGET][1]/D
                                0.86           1.20 f        -0.34  (VIOLATED)
   if_stage_inst/btb_inst/btb_reg[12][TAG][0]/D
                                0.86           1.20 f        -0.34  (VIOLATED)
   if_stage_inst/btb_inst/btb_reg[12][TAG][1]/D
                                0.86           1.20 f        -0.34  (VIOLATED)
   if_stage_inst/btb_inst/btb_reg[12][TAG][3]/D
                                0.86           1.20 f        -0.34  (VIOLATED)
   if_stage_inst/btb_inst/btb_reg[12][TARGET][16]/D
                                0.86           1.20 f        -0.34  (VIOLATED)
   if_stage_inst/btb_inst/btb_reg[12][TARGET][10]/D
                                0.86           1.20 f        -0.34  (VIOLATED)
   if_stage_inst/btb_inst/btb_reg[12][TARGET][17]/D
                                0.86           1.20 f        -0.34  (VIOLATED)
   if_stage_inst/btb_inst/btb_reg[12][TARGET][8]/D
                                0.86           1.20 f        -0.34  (VIOLATED)
   if_stage_inst/btb_inst/btb_reg[12][TARGET][2]/D
                                0.86           1.20 f        -0.34  (VIOLATED)
   if_stage_inst/btb_inst/btb_reg[12][TAG][2]/D
                                0.86           1.20 f        -0.34  (VIOLATED)
   if_stage_inst/btb_inst/btb_reg[12][TARGET][9]/D
                                0.86           1.20 f        -0.34  (VIOLATED)
   if_stage_inst/btb_inst/btb_reg[12][TARGET][18]/D
                                0.86           1.20 f        -0.34  (VIOLATED)
   if_stage_inst/btb_inst/btb_reg[0][TARGET][12]/D
                                0.87           1.21 r        -0.34  (VIOLATED)
   if_stage_inst/btb_inst/btb_reg[6][TARGET][12]/D
                                0.87           1.21 r        -0.34  (VIOLATED)
   if_stage_inst/btb_inst/btb_reg[7][TARGET][12]/D
                                0.87           1.21 r        -0.34  (VIOLATED)
   if_stage_inst/btb_inst/btb_reg[11][TARGET][12]/D
                                0.87           1.21 r        -0.34  (VIOLATED)
   if_stage_inst/btb_inst/btb_reg[14][TARGET][12]/D
                                0.87           1.21 r        -0.34  (VIOLATED)
   if_stage_inst/btb_inst/btb_reg[15][TARGET][12]/D
                                0.87           1.21 r        -0.34  (VIOLATED)
   if_stage_inst/btb_inst/btb_reg[12][TAG][5]/D
                                0.86           1.20 f        -0.34  (VIOLATED)
   if_stage_inst/btb_inst/btb_reg[6][TARGET][19]/D
                                0.86           1.20 f        -0.34  (VIOLATED)
   if_stage_inst/btb_inst/btb_reg[6][TARGET][5]/D
                                0.86           1.20 f        -0.34  (VIOLATED)
   R_3135/D                     0.86           1.19 f        -0.34  (VIOLATED)
   if_stage_inst/btb_inst/btb_reg[6][TARGET][20]/D
                                0.86           1.20 f        -0.34  (VIOLATED)
   if_stage_inst/btb_inst/btb_reg[6][TAG][16]/D
                                0.86           1.20 f        -0.34  (VIOLATED)
   if_stage_inst/btb_inst/btb_reg[6][TAG][0]/D
                                0.86           1.20 f        -0.34  (VIOLATED)
   if_stage_inst/btb_inst/btb_reg[6][TAG][1]/D
                                0.86           1.20 f        -0.34  (VIOLATED)
   if_stage_inst/btb_inst/btb_reg[6][TAG][2]/D
                                0.86           1.20 f        -0.34  (VIOLATED)
   if_stage_inst/btb_inst/btb_reg[6][TARGET][18]/D
                                0.86           1.20 f        -0.34  (VIOLATED)
   R_3149/D                     0.87           1.20 r        -0.34  (VIOLATED)
   R_2678/D                     0.87           1.20 r        -0.34  (VIOLATED)
   R_3046/D                     0.85           1.18 f        -0.34  (VIOLATED)
   if_stage_inst/btb_inst/btb_reg[7][TARGET][20]/D
                                0.87           1.20 r        -0.33  (VIOLATED)
   if_stage_inst/btb_inst/btb_reg[0][TARGET][20]/D
                                0.87           1.20 r        -0.33  (VIOLATED)
   if_stage_inst/btb_inst/btb_reg[11][TARGET][20]/D
                                0.87           1.20 r        -0.33  (VIOLATED)
   if_stage_inst/btb_inst/btb_reg[14][TARGET][20]/D
                                0.87           1.20 r        -0.33  (VIOLATED)
   if_stage_inst/btb_inst/R_844/D
                                0.87           1.20 r        -0.33  (VIOLATED)
   if_stage_inst/btb_inst/R_846/D
                                0.87           1.20 r        -0.33  (VIOLATED)
   if_stage_inst/btb_inst/R_914/D
                                0.87           1.20 r        -0.33  (VIOLATED)
   if_stage_inst/btb_inst/R_916/D
                                0.87           1.20 r        -0.33  (VIOLATED)
   if_stage_inst/btb_inst/R_920/D
                                0.87           1.20 r        -0.33  (VIOLATED)
   if_stage_inst/btb_inst/R_922/D
                                0.87           1.20 r        -0.33  (VIOLATED)
   if_stage_inst/btb_inst/R_936/D
                                0.87           1.20 r        -0.33  (VIOLATED)
   if_stage_inst/btb_inst/btb_reg[0][TARGET][11]/D
                                0.87           1.20 r        -0.33  (VIOLATED)
   if_stage_inst/btb_inst/btb_reg[6][TARGET][11]/D
                                0.87           1.20 r        -0.33  (VIOLATED)
   if_stage_inst/btb_inst/btb_reg[7][TARGET][11]/D
                                0.87           1.20 r        -0.33  (VIOLATED)
   if_stage_inst/btb_inst/btb_reg[11][TARGET][11]/D
                                0.87           1.20 r        -0.33  (VIOLATED)
   if_stage_inst/btb_inst/btb_reg[14][TARGET][11]/D
                                0.87           1.20 r        -0.33  (VIOLATED)
   if_stage_inst/btb_inst/R_709/D
                                0.87           1.20 r        -0.33  (VIOLATED)
   if_stage_inst/btb_inst/R_717/D
                                0.87           1.20 r        -0.33  (VIOLATED)
   if_stage_inst/btb_inst/R_735/D
                                0.87           1.20 r        -0.33  (VIOLATED)
   if_stage_inst/btb_inst/R_737/D
                                0.87           1.20 r        -0.33  (VIOLATED)
   if_stage_inst/btb_inst/R_752/D
                                0.87           1.20 r        -0.33  (VIOLATED)
   if_stage_inst/btb_inst/R_758/D
                                0.87           1.20 r        -0.33  (VIOLATED)
   R_2706/D                     0.87           1.20 r        -0.33  (VIOLATED)
   if_stage_inst/btb_inst/btb_reg[15][TARGET][5]/D
                                0.86           1.19 f        -0.33  (VIOLATED)
   if_stage_inst/btb_inst/btb_reg[15][TARGET][21]/D
                                0.86           1.19 f        -0.33  (VIOLATED)
   if_stage_inst/btb_inst/btb_reg[15][TARGET][22]/D
                                0.86           1.19 f        -0.33  (VIOLATED)
   if_stage_inst/btb_inst/btb_reg[15][TAG][12]/D
                                0.86           1.19 f        -0.33  (VIOLATED)
   if_stage_inst/btb_inst/btb_reg[15][TAG][22]/D
                                0.86           1.19 f        -0.33  (VIOLATED)
   if_stage_inst/btb_inst/btb_reg[15][TAG][8]/D
                                0.86           1.19 f        -0.33  (VIOLATED)
   if_stage_inst/btb_inst/btb_reg[15][TAG][5]/D
                                0.86           1.19 f        -0.33  (VIOLATED)
   if_stage_inst/btb_inst/btb_reg[15][TAG][19]/D
                                0.86           1.19 f        -0.33  (VIOLATED)
   if_stage_inst/btb_inst/btb_reg[15][TAG][11]/D
                                0.86           1.19 f        -0.33  (VIOLATED)
   if_stage_inst/btb_inst/btb_reg[15][TARGET][1]/D
                                0.86           1.19 f        -0.33  (VIOLATED)
   if_stage_inst/btb_inst/btb_reg[15][TAG][9]/D
                                0.86           1.19 f        -0.33  (VIOLATED)
   if_stage_inst/btb_inst/btb_reg[15][TAG][1]/D
                                0.86           1.19 f        -0.33  (VIOLATED)
   if_stage_inst/btb_inst/btb_reg[15][TAG][25]/D
                                0.86           1.19 f        -0.33  (VIOLATED)
   if_stage_inst/btb_inst/btb_reg[15][TAG][3]/D
                                0.86           1.19 f        -0.33  (VIOLATED)
   if_stage_inst/btb_inst/btb_reg[15][TARGET][17]/D
                                0.86           1.19 f        -0.33  (VIOLATED)
   if_stage_inst/btb_inst/btb_reg[15][TARGET][2]/D
                                0.86           1.19 f        -0.33  (VIOLATED)
   if_stage_inst/btb_inst/btb_reg[15][TARGET][9]/D
                                0.86           1.19 f        -0.33  (VIOLATED)
   if_stage_inst/btb_inst/btb_reg[7][TARGET][19]/D
                                0.86           1.19 f        -0.33  (VIOLATED)
   if_stage_inst/btb_inst/btb_reg[7][TARGET][5]/D
                                0.86           1.19 f        -0.33  (VIOLATED)
   if_stage_inst/btb_inst/btb_reg[11][TARGET][14]/D
                                0.86           1.19 f        -0.33  (VIOLATED)
   if_stage_inst/btb_inst/btb_reg[11][TAG][18]/D
                                0.86           1.19 f        -0.33  (VIOLATED)
   if_stage_inst/btb_inst/btb_reg[11][TAG][8]/D
                                0.86           1.19 f        -0.33  (VIOLATED)
   if_stage_inst/btb_inst/btb_reg[11][TAG][19]/D
                                0.86           1.19 f        -0.33  (VIOLATED)
   if_stage_inst/btb_inst/btb_reg[11][TAG][11]/D
                                0.86           1.19 f        -0.33  (VIOLATED)
   if_stage_inst/btb_inst/btb_reg[11][TAG][24]/D
                                0.86           1.19 f        -0.33  (VIOLATED)
   if_stage_inst/btb_inst/btb_reg[11][TAG][0]/D
                                0.86           1.19 f        -0.33  (VIOLATED)
   if_stage_inst/btb_inst/btb_reg[11][TAG][3]/D
                                0.86           1.19 f        -0.33  (VIOLATED)
   if_stage_inst/btb_inst/btb_reg[11][TARGET][10]/D
                                0.86           1.19 f        -0.33  (VIOLATED)
   if_stage_inst/btb_inst/btb_reg[14][TARGET][14]/D
                                0.86           1.19 f        -0.33  (VIOLATED)
   if_stage_inst/btb_inst/btb_reg[11][TARGET][2]/D
                                0.86           1.19 f        -0.33  (VIOLATED)
   if_stage_inst/btb_inst/btb_reg[11][TARGET][9]/D
                                0.86           1.19 f        -0.33  (VIOLATED)
   if_stage_inst/btb_inst/btb_reg[14][TAG][18]/D
                                0.86           1.19 f        -0.33  (VIOLATED)
   if_stage_inst/btb_inst/btb_reg[14][TAG][8]/D
                                0.86           1.19 f        -0.33  (VIOLATED)
   if_stage_inst/btb_inst/btb_reg[14][TAG][19]/D
                                0.86           1.19 f        -0.33  (VIOLATED)
   if_stage_inst/btb_inst/btb_reg[14][TAG][11]/D
                                0.86           1.19 f        -0.33  (VIOLATED)
   if_stage_inst/btb_inst/btb_reg[14][TAG][24]/D
                                0.86           1.19 f        -0.33  (VIOLATED)
   if_stage_inst/btb_inst/btb_reg[14][TAG][0]/D
                                0.86           1.19 f        -0.33  (VIOLATED)
   if_stage_inst/btb_inst/btb_reg[14][TAG][3]/D
                                0.86           1.19 f        -0.33  (VIOLATED)
   if_stage_inst/btb_inst/btb_reg[14][TARGET][10]/D
                                0.86           1.19 f        -0.33  (VIOLATED)
   if_stage_inst/btb_inst/btb_reg[14][TARGET][2]/D
                                0.86           1.19 f        -0.33  (VIOLATED)
   if_stage_inst/btb_inst/btb_reg[14][TARGET][9]/D
                                0.86           1.19 f        -0.33  (VIOLATED)
   if_stage_inst/btb_inst/btb_reg[7][TARGET][21]/D
                                0.86           1.19 f        -0.33  (VIOLATED)
   if_stage_inst/btb_inst/btb_reg[7][TAG][22]/D
                                0.86           1.19 f        -0.33  (VIOLATED)
   if_stage_inst/btb_inst/btb_reg[7][TAG][13]/D
                                0.86           1.19 f        -0.33  (VIOLATED)
   if_stage_inst/btb_inst/btb_reg[7][TAG][16]/D
                                0.86           1.19 f        -0.33  (VIOLATED)
   if_stage_inst/btb_inst/btb_reg[7][TAG][0]/D
                                0.86           1.19 f        -0.33  (VIOLATED)
   if_stage_inst/btb_inst/btb_reg[7][TAG][1]/D
                                0.86           1.19 f        -0.33  (VIOLATED)
   if_stage_inst/btb_inst/btb_reg[7][TARGET][16]/D
                                0.86           1.19 f        -0.33  (VIOLATED)
   if_stage_inst/btb_inst/btb_reg[7][TAG][2]/D
                                0.86           1.19 f        -0.33  (VIOLATED)
   if_stage_inst/btb_inst/btb_reg[7][TARGET][18]/D
                                0.86           1.19 f        -0.33  (VIOLATED)
   R_3084/D                     0.87           1.20 r        -0.33  (VIOLATED)
   if_stage_inst/btb_inst/btb_reg[6][TARGET][21]/D
                                0.86           1.19 f        -0.33  (VIOLATED)
   if_stage_inst/btb_inst/btb_reg[6][TARGET][22]/D
                                0.86           1.19 f        -0.33  (VIOLATED)
   if_stage_inst/btb_inst/btb_reg[6][TARGET][14]/D
                                0.86           1.19 f        -0.33  (VIOLATED)
   if_stage_inst/btb_inst/btb_reg[6][TAG][10]/D
                                0.86           1.19 f        -0.33  (VIOLATED)
   if_stage_inst/btb_inst/btb_reg[6][TAG][12]/D
                                0.86           1.19 f        -0.33  (VIOLATED)
   if_stage_inst/btb_inst/btb_reg[6][TAG][18]/D
                                0.86           1.19 f        -0.33  (VIOLATED)
   if_stage_inst/btb_inst/btb_reg[6][TAG][22]/D
                                0.86           1.19 f        -0.33  (VIOLATED)
   if_stage_inst/btb_inst/btb_reg[6][TAG][8]/D
                                0.86           1.19 f        -0.33  (VIOLATED)
   if_stage_inst/btb_inst/btb_reg[6][TAG][5]/D
                                0.86           1.19 f        -0.33  (VIOLATED)
   if_stage_inst/btb_inst/btb_reg[6][TAG][13]/D
                                0.86           1.19 f        -0.33  (VIOLATED)
   if_stage_inst/btb_inst/btb_reg[6][TAG][15]/D
                                0.86           1.19 f        -0.33  (VIOLATED)
   if_stage_inst/btb_inst/btb_reg[6][TAG][17]/D
                                0.86           1.19 f        -0.33  (VIOLATED)
   if_stage_inst/btb_inst/btb_reg[6][TAG][19]/D
                                0.86           1.19 f        -0.33  (VIOLATED)
   if_stage_inst/btb_inst/btb_reg[6][TAG][23]/D
                                0.86           1.19 f        -0.33  (VIOLATED)
   if_stage_inst/btb_inst/btb_reg[6][TAG][11]/D
                                0.86           1.19 f        -0.33  (VIOLATED)
   if_stage_inst/btb_inst/btb_reg[6][TAG][14]/D
                                0.86           1.19 f        -0.33  (VIOLATED)
   if_stage_inst/btb_inst/btb_reg[6][TAG][20]/D
                                0.86           1.19 f        -0.33  (VIOLATED)
   if_stage_inst/btb_inst/btb_reg[6][TAG][21]/D
                                0.86           1.19 f        -0.33  (VIOLATED)
   if_stage_inst/btb_inst/btb_reg[6][TAG][24]/D
                                0.86           1.19 f        -0.33  (VIOLATED)
   if_stage_inst/btb_inst/btb_reg[6][TARGET][1]/D
                                0.86           1.19 f        -0.33  (VIOLATED)
   if_stage_inst/btb_inst/btb_reg[6][TAG][9]/D
                                0.86           1.19 f        -0.33  (VIOLATED)
   if_stage_inst/btb_inst/btb_reg[6][TAG][7]/D
                                0.86           1.19 f        -0.33  (VIOLATED)
   if_stage_inst/btb_inst/btb_reg[6][TAG][4]/D
                                0.86           1.19 f        -0.33  (VIOLATED)
   if_stage_inst/btb_inst/btb_reg[6][TAG][6]/D
                                0.86           1.19 f        -0.33  (VIOLATED)
   if_stage_inst/btb_inst/btb_reg[6][TAG][25]/D
                                0.86           1.19 f        -0.33  (VIOLATED)
   if_stage_inst/btb_inst/btb_reg[6][TARGET][13]/D
                                0.86           1.19 f        -0.33  (VIOLATED)
   if_stage_inst/btb_inst/btb_reg[6][TAG][3]/D
                                0.86           1.19 f        -0.33  (VIOLATED)
   if_stage_inst/btb_inst/btb_reg[6][TARGET][16]/D
                                0.86           1.19 f        -0.33  (VIOLATED)
   if_stage_inst/btb_inst/btb_reg[6][TARGET][10]/D
                                0.86           1.19 f        -0.33  (VIOLATED)
   if_stage_inst/btb_inst/btb_reg[6][TARGET][17]/D
                                0.86           1.19 f        -0.33  (VIOLATED)
   if_stage_inst/btb_inst/btb_reg[6][TARGET][8]/D
                                0.86           1.19 f        -0.33  (VIOLATED)
   if_stage_inst/btb_inst/btb_reg[6][TARGET][2]/D
                                0.86           1.19 f        -0.33  (VIOLATED)
   if_stage_inst/btb_inst/btb_reg[6][TARGET][9]/D
                                0.86           1.19 f        -0.33  (VIOLATED)
   R_2668/D                     0.87           1.20 r        -0.33  (VIOLATED)
   id_stage_inst/rs1_reg/reg_data_reg[25]/D
                                0.87           1.20 r        -0.33  (VIOLATED)
   R_2654/D                     0.87           1.20 r        -0.33  (VIOLATED)
   R_2728/D                     0.86           1.19 f        -0.33  (VIOLATED)
   if_stage_inst/btb_inst/btb_reg[0][TARGET][19]/D
                                0.86           1.19 f        -0.33  (VIOLATED)
   R_3188/D                     0.86           1.19 f        -0.33  (VIOLATED)
   if_stage_inst/btb_inst/btb_reg[0][TAG][10]/D
                                0.86           1.19 f        -0.33  (VIOLATED)
   if_stage_inst/btb_inst/btb_reg[0][TAG][18]/D
                                0.86           1.19 f        -0.33  (VIOLATED)
   if_stage_inst/btb_inst/btb_reg[0][TAG][23]/D
                                0.86           1.19 f        -0.33  (VIOLATED)
   if_stage_inst/btb_inst/btb_reg[0][TAG][14]/D
                                0.86           1.19 f        -0.33  (VIOLATED)
   if_stage_inst/btb_inst/btb_reg[0][TAG][20]/D
                                0.86           1.19 f        -0.33  (VIOLATED)
   if_stage_inst/btb_inst/btb_reg[0][TAG][1]/D
                                0.86           1.19 f        -0.33  (VIOLATED)
   if_stage_inst/btb_inst/btb_reg[0][TARGET][10]/D
                                0.86           1.19 f        -0.33  (VIOLATED)
   if_stage_inst/btb_inst/btb_reg[11][TARGET][21]/D
                                0.86           1.19 f        -0.33  (VIOLATED)
   if_stage_inst/btb_inst/btb_reg[11][TARGET][22]/D
                                0.86           1.19 f        -0.33  (VIOLATED)
   if_stage_inst/btb_inst/btb_reg[11][TAG][22]/D
                                0.86           1.19 f        -0.33  (VIOLATED)
   if_stage_inst/btb_inst/btb_reg[11][TAG][5]/D
                                0.86           1.19 f        -0.33  (VIOLATED)
   if_stage_inst/btb_inst/btb_reg[11][TAG][13]/D
                                0.86           1.19 f        -0.33  (VIOLATED)
   if_stage_inst/btb_inst/btb_reg[11][TAG][23]/D
                                0.86           1.19 f        -0.33  (VIOLATED)
   if_stage_inst/btb_inst/btb_reg[11][TAG][20]/D
                                0.86           1.19 f        -0.33  (VIOLATED)
   if_stage_inst/btb_inst/btb_reg[11][TAG][21]/D
                                0.86           1.19 f        -0.33  (VIOLATED)
   if_stage_inst/btb_inst/btb_reg[11][TARGET][1]/D
                                0.86           1.19 f        -0.33  (VIOLATED)
   if_stage_inst/btb_inst/btb_reg[13][TARGET][21]/D
                                0.86           1.19 f        -0.33  (VIOLATED)
   if_stage_inst/btb_inst/btb_reg[13][TARGET][22]/D
                                0.86           1.19 f        -0.33  (VIOLATED)
   if_stage_inst/btb_inst/btb_reg[14][TARGET][21]/D
                                0.86           1.19 f        -0.33  (VIOLATED)
   if_stage_inst/btb_inst/btb_reg[14][TARGET][22]/D
                                0.86           1.19 f        -0.33  (VIOLATED)
   if_stage_inst/btb_inst/btb_reg[11][TARGET][16]/D
                                0.86           1.19 f        -0.33  (VIOLATED)
   if_stage_inst/btb_inst/btb_reg[11][TARGET][17]/D
                                0.86           1.19 f        -0.33  (VIOLATED)
   if_stage_inst/btb_inst/btb_reg[11][TARGET][8]/D
                                0.86           1.19 f        -0.33  (VIOLATED)
   if_stage_inst/btb_inst/btb_reg[14][TAG][22]/D
                                0.86           1.19 f        -0.33  (VIOLATED)
   if_stage_inst/btb_inst/btb_reg[13][TAG][5]/D
                                0.86           1.19 f        -0.33  (VIOLATED)
   if_stage_inst/btb_inst/btb_reg[13][TAG][13]/D
                                0.86           1.19 f        -0.33  (VIOLATED)
   if_stage_inst/btb_inst/btb_reg[13][TAG][15]/D
                                0.86           1.19 f        -0.33  (VIOLATED)
   if_stage_inst/btb_inst/btb_reg[13][TAG][23]/D
                                0.86           1.19 f        -0.33  (VIOLATED)
   if_stage_inst/btb_inst/btb_reg[13][TAG][20]/D
                                0.86           1.19 f        -0.33  (VIOLATED)
   if_stage_inst/btb_inst/btb_reg[13][TAG][21]/D
                                0.86           1.19 f        -0.33  (VIOLATED)
   if_stage_inst/btb_inst/btb_reg[14][TAG][5]/D
                                0.86           1.19 f        -0.33  (VIOLATED)
   if_stage_inst/btb_inst/btb_reg[13][TARGET][1]/D
                                0.86           1.19 f        -0.33  (VIOLATED)
   if_stage_inst/btb_inst/btb_reg[14][TAG][13]/D
                                0.86           1.19 f        -0.33  (VIOLATED)
   if_stage_inst/btb_inst/btb_reg[14][TAG][23]/D
                                0.86           1.19 f        -0.33  (VIOLATED)
   if_stage_inst/btb_inst/btb_reg[14][TAG][20]/D
                                0.86           1.19 f        -0.33  (VIOLATED)
   if_stage_inst/btb_inst/btb_reg[14][TAG][21]/D
                                0.86           1.19 f        -0.33  (VIOLATED)
   if_stage_inst/btb_inst/btb_reg[14][TARGET][1]/D
                                0.86           1.19 f        -0.33  (VIOLATED)
   if_stage_inst/btb_inst/btb_reg[13][TAG][0]/D
                                0.86           1.19 f        -0.33  (VIOLATED)
   if_stage_inst/btb_inst/btb_reg[13][TAG][25]/D
                                0.86           1.19 f        -0.33  (VIOLATED)
   if_stage_inst/btb_inst/btb_reg[14][TARGET][16]/D
                                0.86           1.19 f        -0.33  (VIOLATED)
   if_stage_inst/btb_inst/btb_reg[13][TARGET][8]/D
                                0.86           1.19 f        -0.33  (VIOLATED)
   if_stage_inst/btb_inst/btb_reg[14][TARGET][17]/D
                                0.86           1.19 f        -0.33  (VIOLATED)
   if_stage_inst/btb_inst/btb_reg[14][TARGET][8]/D
                                0.86           1.19 f        -0.33  (VIOLATED)
   if_stage_inst/btb_inst/btb_reg[7][TARGET][14]/D
                                0.86           1.19 f        -0.33  (VIOLATED)
   if_stage_inst/btb_inst/btb_reg[7][TAG][18]/D
                                0.86           1.19 f        -0.33  (VIOLATED)
   if_stage_inst/btb_inst/btb_reg[7][TAG][8]/D
                                0.86           1.19 f        -0.33  (VIOLATED)
   if_stage_inst/btb_inst/btb_reg[7][TAG][19]/D
                                0.86           1.19 f        -0.33  (VIOLATED)
   if_stage_inst/btb_inst/btb_reg[7][TAG][23]/D
                                0.86           1.19 f        -0.33  (VIOLATED)
   if_stage_inst/btb_inst/btb_reg[7][TAG][11]/D
                                0.86           1.19 f        -0.33  (VIOLATED)
   if_stage_inst/btb_inst/btb_reg[7][TAG][21]/D
                                0.86           1.19 f        -0.33  (VIOLATED)
   if_stage_inst/btb_inst/btb_reg[7][TAG][24]/D
                                0.86           1.19 f        -0.33  (VIOLATED)
   if_stage_inst/btb_inst/btb_reg[7][TAG][3]/D
                                0.86           1.19 f        -0.33  (VIOLATED)
   if_stage_inst/btb_inst/btb_reg[7][TARGET][10]/D
                                0.86           1.19 f        -0.33  (VIOLATED)
   if_stage_inst/btb_inst/btb_reg[7][TARGET][2]/D
                                0.86           1.19 f        -0.33  (VIOLATED)
   if_stage_inst/btb_inst/btb_reg[7][TARGET][9]/D
                                0.86           1.19 f        -0.33  (VIOLATED)
   R_3037/D                     0.86           1.19 r        -0.33  (VIOLATED)
   R_2674/D                     0.87           1.20 r        -0.33  (VIOLATED)
   if_stage_inst/btb_inst/R_667/D
                                0.86           1.19 f        -0.33  (VIOLATED)
   if_stage_inst/btb_inst/R_671/D
                                0.86           1.19 f        -0.33  (VIOLATED)
   if_stage_inst/btb_inst/R_675/D
                                0.86           1.19 f        -0.33  (VIOLATED)
   if_stage_inst/btb_inst/R_681/D
                                0.86           1.19 f        -0.33  (VIOLATED)
   if_stage_inst/btb_inst/R_683/D
                                0.86           1.19 f        -0.33  (VIOLATED)
   if_stage_inst/btb_inst/R_687/D
                                0.86           1.19 f        -0.33  (VIOLATED)
   if_stage_inst/btb_inst/R_691/D
                                0.86           1.19 f        -0.33  (VIOLATED)
   if_stage_inst/btb_inst/R_697/D
                                0.86           1.19 f        -0.33  (VIOLATED)
   if_stage_inst/btb_inst/R_715/D
                                0.86           1.19 f        -0.33  (VIOLATED)
   if_stage_inst/btb_inst/R_725/D
                                0.86           1.19 f        -0.33  (VIOLATED)
   if_stage_inst/btb_inst/R_739/D
                                0.86           1.19 f        -0.33  (VIOLATED)
   if_stage_inst/btb_inst/btb_reg[0][TARGET][5]/D
                                0.86           1.19 f        -0.33  (VIOLATED)
   if_stage_inst/btb_inst/btb_reg[0][TARGET][14]/D
                                0.86           1.19 f        -0.33  (VIOLATED)
   if_stage_inst/btb_inst/btb_reg[0][TAG][22]/D
                                0.86           1.19 f        -0.33  (VIOLATED)
   if_stage_inst/btb_inst/btb_reg[0][TAG][13]/D
                                0.86           1.19 f        -0.33  (VIOLATED)
   if_stage_inst/btb_inst/btb_reg[0][TAG][17]/D
                                0.86           1.19 f        -0.33  (VIOLATED)
   if_stage_inst/btb_inst/btb_reg[0][TAG][11]/D
                                0.86           1.19 f        -0.33  (VIOLATED)
   if_stage_inst/btb_inst/btb_reg[0][TAG][24]/D
                                0.86           1.19 f        -0.33  (VIOLATED)
   if_stage_inst/btb_inst/btb_reg[0][TAG][9]/D
                                0.86           1.19 f        -0.33  (VIOLATED)
   if_stage_inst/btb_inst/btb_reg[0][TAG][0]/D
                                0.86           1.19 f        -0.33  (VIOLATED)
   if_stage_inst/btb_inst/btb_reg[0][TAG][4]/D
                                0.86           1.19 f        -0.33  (VIOLATED)
   if_stage_inst/btb_inst/btb_reg[0][TAG][6]/D
                                0.86           1.19 f        -0.33  (VIOLATED)
   if_stage_inst/btb_inst/btb_reg[0][TARGET][13]/D
                                0.86           1.19 f        -0.33  (VIOLATED)
   if_stage_inst/btb_inst/btb_reg[0][TAG][3]/D
                                0.86           1.19 f        -0.33  (VIOLATED)
   if_stage_inst/btb_inst/btb_reg[0][TARGET][17]/D
                                0.86           1.19 f        -0.33  (VIOLATED)
   if_stage_inst/btb_inst/btb_reg[0][TAG][2]/D
                                0.86           1.19 f        -0.33  (VIOLATED)
   if_stage_inst/btb_inst/btb_reg[0][TARGET][9]/D
                                0.86           1.19 f        -0.33  (VIOLATED)
   if_stage_inst/btb_inst/btb_reg[0][TARGET][18]/D
                                0.86           1.19 f        -0.33  (VIOLATED)
   R_2726/D                     0.87           1.19 r        -0.33  (VIOLATED)
   R_3190/D                     0.86           1.18 f        -0.32  (VIOLATED)
   R_3035/D                     0.85           1.17 f        -0.32  (VIOLATED)
   if_stage_inst/btb_inst/btb_reg[0][TARGET][21]/D
                                0.86           1.18 f        -0.32  (VIOLATED)
   if_stage_inst/btb_inst/btb_reg[0][TARGET][22]/D
                                0.86           1.18 f        -0.32  (VIOLATED)
   if_stage_inst/btb_inst/btb_reg[0][TAG][12]/D
                                0.86           1.18 f        -0.32  (VIOLATED)
   if_stage_inst/btb_inst/btb_reg[0][TAG][8]/D
                                0.86           1.18 f        -0.32  (VIOLATED)
   if_stage_inst/btb_inst/btb_reg[0][TAG][5]/D
                                0.86           1.18 f        -0.32  (VIOLATED)
   if_stage_inst/btb_inst/btb_reg[0][TAG][15]/D
                                0.86           1.18 f        -0.32  (VIOLATED)
   if_stage_inst/btb_inst/btb_reg[0][TAG][19]/D
                                0.86           1.18 f        -0.32  (VIOLATED)
   if_stage_inst/btb_inst/btb_reg[0][TAG][16]/D
                                0.86           1.18 f        -0.32  (VIOLATED)
   if_stage_inst/btb_inst/btb_reg[0][TAG][21]/D
                                0.86           1.18 f        -0.32  (VIOLATED)
   if_stage_inst/btb_inst/btb_reg[0][TARGET][1]/D
                                0.86           1.18 f        -0.32  (VIOLATED)
   if_stage_inst/btb_inst/btb_reg[0][TAG][7]/D
                                0.86           1.18 f        -0.32  (VIOLATED)
   if_stage_inst/btb_inst/btb_reg[0][TAG][25]/D
                                0.86           1.18 f        -0.32  (VIOLATED)
   if_stage_inst/btb_inst/btb_reg[0][TARGET][16]/D
                                0.86           1.18 f        -0.32  (VIOLATED)
   if_stage_inst/btb_inst/btb_reg[0][TARGET][8]/D
                                0.86           1.18 f        -0.32  (VIOLATED)
   if_stage_inst/btb_inst/btb_reg[0][TARGET][2]/D
                                0.86           1.18 f        -0.32  (VIOLATED)
   ex_stage_inst/mult_pp_inst/tree_i/layer_4_r_reg[2][26]/D
                                0.85           1.17 f        -0.32  (VIOLATED)
   R_3101/D                     0.86           1.18 f        -0.32  (VIOLATED)
   if_stage_inst/btb_inst/R_3050/D
                                0.85           1.17 f        -0.32  (VIOLATED)
   if_stage_inst/btb_inst/btb_reg[15][TARGET][19]/D
                                0.87           1.19 r        -0.32  (VIOLATED)
   if_stage_inst/btb_inst/btb_reg[15][TARGET][14]/D
                                0.86           1.18 f        -0.32  (VIOLATED)
   if_stage_inst/btb_inst/btb_reg[15][TAG][10]/D
                                0.86           1.18 f        -0.32  (VIOLATED)
   if_stage_inst/btb_inst/btb_reg[15][TAG][14]/D
                                0.86           1.18 f        -0.32  (VIOLATED)
   if_stage_inst/btb_inst/btb_reg[15][TAG][16]/D
                                0.86           1.18 f        -0.32  (VIOLATED)
   if_stage_inst/btb_inst/btb_reg[15][TAG][20]/D
                                0.86           1.18 f        -0.32  (VIOLATED)
   if_stage_inst/btb_inst/btb_reg[15][TAG][21]/D
                                0.86           1.18 f        -0.32  (VIOLATED)
   if_stage_inst/btb_inst/btb_reg[15][TAG][4]/D
                                0.86           1.18 f        -0.32  (VIOLATED)
   if_stage_inst/btb_inst/btb_reg[15][TARGET][10]/D
                                0.86           1.18 f        -0.32  (VIOLATED)
   if_stage_inst/btb_inst/btb_reg[15][TAG][2]/D
                                0.86           1.18 f        -0.32  (VIOLATED)
   ex_stage_inst/result_reg/reg_data_reg[30]/D
                                0.86           1.18 f        -0.32  (VIOLATED)
   if_stage_inst/btb_inst/R_2856/D
                                0.87           1.18 r        -0.32  (VIOLATED)
   R_359/D                      0.86           1.18 r        -0.32  (VIOLATED)
   R_3148/D                     0.86           1.18 f        -0.32  (VIOLATED)
   id_stage_inst/rs1_reg/reg_data_reg[29]/D
                                0.86           1.18 f        -0.32  (VIOLATED)
   R_2690/D                     0.87           1.18 r        -0.31  (VIOLATED)
   if_stage_inst/btb_inst/btb_reg[15][TAG][24]/D
                                0.86           1.17 f        -0.31  (VIOLATED)
   if_stage_inst/btb_inst/btb_reg[15][TAG][6]/D
                                0.86           1.17 f        -0.31  (VIOLATED)
   if_stage_inst/btb_inst/btb_reg[15][TARGET][13]/D
                                0.86           1.17 f        -0.31  (VIOLATED)
   R_2710/D                     0.87           1.18 r        -0.31  (VIOLATED)
   ex_stage_inst/mult_pp_inst/tree_i/layer_4_r_reg[2][22]/D
                                0.85           1.17 f        -0.31  (VIOLATED)
   if_stage_inst/btb_inst/R_1042/D
                                0.87           1.18 r        -0.31  (VIOLATED)
   if_stage_inst/btb_inst/R_1048/D
                                0.87           1.18 r        -0.31  (VIOLATED)
   if_stage_inst/btb_inst/R_1052/D
                                0.87           1.18 r        -0.31  (VIOLATED)
   if_stage_inst/btb_inst/R_1072/D
                                0.87           1.18 r        -0.31  (VIOLATED)
   if_stage_inst/btb_inst/R_1076/D
                                0.87           1.18 r        -0.31  (VIOLATED)
   if_stage_inst/btb_inst/R_1084/D
                                0.87           1.18 r        -0.31  (VIOLATED)
   if_stage_inst/btb_inst/R_1151/D
                                0.87           1.18 r        -0.31  (VIOLATED)
   if_stage_inst/btb_inst/R_1153/D
                                0.87           1.18 r        -0.31  (VIOLATED)
   if_stage_inst/btb_inst/R_1054/D
                                0.87           1.18 r        -0.31  (VIOLATED)
   R_3062/D                     0.86           1.17 f        -0.31  (VIOLATED)
   if_stage_inst/btb_inst/R_2117/D
                                0.86           1.17 r        -0.31  (VIOLATED)
   R_3121/D                     0.86           1.17 f        -0.31  (VIOLATED)
   R_3068/D                     0.86           1.17 f        -0.31  (VIOLATED)
   ex_stage_inst/result_reg/reg_data_reg[31]/D
                                0.86           1.17 f        -0.31  (VIOLATED)
   R_3224/D                     0.85           1.16 r        -0.31  (VIOLATED)
   ex_stage_inst/mult_pp_inst/tree_i/layer_4_r_reg[3][29]/D
                                0.86           1.17 f        -0.31  (VIOLATED)
   if_stage_inst/btb_inst/R_2960/D
                                0.86           1.17 r        -0.31  (VIOLATED)
   if_stage_inst/btb_inst/R_2591/D
                                0.86           1.17 f        -0.31  (VIOLATED)
   if_stage_inst/btb_inst/R_2127/D
                                0.86           1.17 r        -0.31  (VIOLATED)
   R_2680/D                     0.87           1.17 r        -0.30  (VIOLATED)
   R_3228/D                     0.86           1.16 r        -0.30  (VIOLATED)
   if_stage_inst/btb_inst/R_659/D
                                0.86           1.16 f        -0.30  (VIOLATED)
   if_stage_inst/btb_inst/R_699/D
                                0.86           1.16 f        -0.30  (VIOLATED)
   if_stage_inst/btb_inst/R_703/D
                                0.86           1.16 f        -0.30  (VIOLATED)
   if_stage_inst/btb_inst/R_707/D
                                0.86           1.16 f        -0.30  (VIOLATED)
   if_stage_inst/btb_inst/R_723/D
                                0.86           1.16 f        -0.30  (VIOLATED)
   if_stage_inst/btb_inst/R_727/D
                                0.86           1.16 f        -0.30  (VIOLATED)
   if_stage_inst/btb_inst/R_731/D
                                0.86           1.16 f        -0.30  (VIOLATED)
   if_stage_inst/btb_inst/R_733/D
                                0.86           1.16 f        -0.30  (VIOLATED)
   if_stage_inst/btb_inst/R_743/D
                                0.86           1.16 f        -0.30  (VIOLATED)
   if_stage_inst/btb_inst/R_750/D
                                0.86           1.16 f        -0.30  (VIOLATED)
   if_stage_inst/btb_inst/R_756/D
                                0.86           1.16 f        -0.30  (VIOLATED)
   if_stage_inst/btb_inst/R_762/D
                                0.86           1.16 f        -0.30  (VIOLATED)
   R_3194/D                     0.85           1.15 f        -0.30  (VIOLATED)
   ex_stage_inst/mult_pp_inst/tree_i/layer_4_r_reg[3][23]/D
                                0.87           1.17 r        -0.30  (VIOLATED)
   R_3185/D                     0.86           1.16 f        -0.30  (VIOLATED)
   id_stage_inst/reg_file_inst/R_3201/D
                                0.85           1.16 f        -0.30  (VIOLATED)
   R_3157/D                     0.86           1.16 f        -0.30  (VIOLATED)
   R_3161/D                     0.87           1.17 r        -0.30  (VIOLATED)
   R_3138/D                     0.86           1.16 f        -0.30  (VIOLATED)
   id_stage_inst/rs1_reg/reg_data_reg[24]/D
                                0.85           1.15 f        -0.30  (VIOLATED)
   R_3231/D                     0.86           1.16 r        -0.30  (VIOLATED)
   if_stage_inst/btb_inst/R_3013/D
                                0.86           1.16 r        -0.30  (VIOLATED)
   if_stage_inst/btb_inst/btb_reg[8][VALID]/D
                                0.86           1.16 f        -0.30  (VIOLATED)
   R_3160/D                     0.86           1.16 f        -0.30  (VIOLATED)
   if_stage_inst/btb_inst/R_3011/D
                                0.86           1.16 r        -0.30  (VIOLATED)
   R_2656/D                     0.87           1.16 r        -0.30  (VIOLATED)
   if_stage_inst/btb_inst/R_2982/D
                                0.86           1.15 f        -0.30  (VIOLATED)
   if_stage_inst/btb_inst/R_2592/D
                                0.86           1.15 f        -0.30  (VIOLATED)
   ex_stage_inst/result_reg/reg_data_reg[29]/D
                                0.86           1.15 f        -0.29  (VIOLATED)
   R_3233/D                     0.86           1.15 f        -0.29  (VIOLATED)
   R_2660/D                     0.87           1.16 r        -0.29  (VIOLATED)
   hazard_unit_inst/status_table_reg[12][1]/D
                                0.86           1.16 r        -0.29  (VIOLATED)
   hazard_unit_inst/status_table_reg[20][1]/D
                                0.86           1.16 r        -0.29  (VIOLATED)
   hazard_unit_inst/status_table_reg[28][1]/D
                                0.86           1.16 r        -0.29  (VIOLATED)
   hazard_unit_inst/status_table_reg[13][1]/D
                                0.86           1.16 r        -0.29  (VIOLATED)
   hazard_unit_inst/status_table_reg[21][1]/D
                                0.86           1.16 r        -0.29  (VIOLATED)
   hazard_unit_inst/status_table_reg[29][1]/D
                                0.86           1.16 r        -0.29  (VIOLATED)
   R_2684/D                     0.87           1.16 r        -0.29  (VIOLATED)
   hazard_unit_inst/status_table_reg[11][1]/D
                                0.86           1.16 r        -0.29  (VIOLATED)
   hazard_unit_inst/status_table_reg[19][1]/D
                                0.86           1.16 r        -0.29  (VIOLATED)
   hazard_unit_inst/status_table_reg[27][1]/D
                                0.86           1.16 r        -0.29  (VIOLATED)
   hazard_unit_inst/status_table_reg[10][1]/D
                                0.86           1.16 r        -0.29  (VIOLATED)
   hazard_unit_inst/status_table_reg[18][1]/D
                                0.86           1.16 r        -0.29  (VIOLATED)
   hazard_unit_inst/status_table_reg[26][1]/D
                                0.86           1.16 r        -0.29  (VIOLATED)
   hazard_unit_inst/status_table_reg[9][1]/D
                                0.86           1.16 r        -0.29  (VIOLATED)
   hazard_unit_inst/status_table_reg[14][1]/D
                                0.86           1.16 r        -0.29  (VIOLATED)
   hazard_unit_inst/status_table_reg[17][1]/D
                                0.86           1.16 r        -0.29  (VIOLATED)
   hazard_unit_inst/status_table_reg[22][1]/D
                                0.86           1.16 r        -0.29  (VIOLATED)
   hazard_unit_inst/status_table_reg[25][1]/D
                                0.86           1.16 r        -0.29  (VIOLATED)
   hazard_unit_inst/status_table_reg[30][1]/D
                                0.86           1.16 r        -0.29  (VIOLATED)
   hazard_unit_inst/status_table_reg[15][1]/D
                                0.86           1.16 r        -0.29  (VIOLATED)
   hazard_unit_inst/status_table_reg[23][1]/D
                                0.86           1.16 r        -0.29  (VIOLATED)
   hazard_unit_inst/status_table_reg[31][1]/D
                                0.86           1.16 r        -0.29  (VIOLATED)
   if_stage_inst/btb_inst/R_2979/D
                                0.86           1.16 r        -0.29  (VIOLATED)
   hazard_unit_inst/status_table_reg[8][1]/D
                                0.86           1.16 r        -0.29  (VIOLATED)
   hazard_unit_inst/status_table_reg[16][1]/D
                                0.86           1.16 r        -0.29  (VIOLATED)
   hazard_unit_inst/status_table_reg[24][1]/D
                                0.86           1.16 r        -0.29  (VIOLATED)
   R_3227/D                     0.85           1.15 r        -0.29  (VIOLATED)
   R_3230/D                     0.86           1.15 r        -0.29  (VIOLATED)
   R_3036/D                     0.86           1.15 r        -0.29  (VIOLATED)
   if_stage_inst/btb_inst/btb_reg[1][VALID]/D
                                0.86           1.15 f        -0.29  (VIOLATED)
   R_283/D                      0.86           1.15 f        -0.29  (VIOLATED)
   R_3139/D                     0.87           1.16 r        -0.29  (VIOLATED)
   if_stage_inst/btb_inst/R_2115/D
                                0.85           1.14 f        -0.29  (VIOLATED)
   if_stage_inst/btb_inst/R_3284/D
                                0.85           1.14 f        -0.29  (VIOLATED)
   R_3260/D                     0.85           1.14 r        -0.29  (VIOLATED)
   id_stage_inst/rs1_reg/reg_data_reg[28]/D
                                0.86           1.15 f        -0.29  (VIOLATED)
   R_3234/D                     0.86           1.15 r        -0.29  (VIOLATED)
   R_2736/D                     0.87           1.16 r        -0.29  (VIOLATED)
   if_stage_inst/btb_inst/R_1058/D
                                0.87           1.15 r        -0.29  (VIOLATED)
   if_stage_inst/btb_inst/R_1046/D
                                0.87           1.15 r        -0.29  (VIOLATED)
   if_stage_inst/btb_inst/R_1050/D
                                0.87           1.15 r        -0.29  (VIOLATED)
   if_stage_inst/btb_inst/R_1060/D
                                0.87           1.15 r        -0.29  (VIOLATED)
   if_stage_inst/btb_inst/R_1062/D
                                0.87           1.15 r        -0.29  (VIOLATED)
   if_stage_inst/btb_inst/R_1070/D
                                0.87           1.15 r        -0.29  (VIOLATED)
   if_stage_inst/btb_inst/R_1074/D
                                0.87           1.15 r        -0.29  (VIOLATED)
   if_stage_inst/btb_inst/R_1078/D
                                0.87           1.15 r        -0.29  (VIOLATED)
   if_stage_inst/btb_inst/R_1080/D
                                0.87           1.15 r        -0.29  (VIOLATED)
   if_stage_inst/btb_inst/R_1147/D
                                0.87           1.15 r        -0.29  (VIOLATED)
   if_stage_inst/btb_inst/R_1149/D
                                0.87           1.15 r        -0.29  (VIOLATED)
   if_stage_inst/btb_inst/R_1157/D
                                0.87           1.15 r        -0.29  (VIOLATED)
   R_3204/D                     0.87           1.15 r        -0.29  (VIOLATED)
   if_stage_inst/btb_inst/btb_reg[15][VALID]/D
                                0.86           1.14 f        -0.29  (VIOLATED)
   hazard_unit_inst/status_table_reg[4][1]/D
                                0.86           1.15 r        -0.29  (VIOLATED)
   hazard_unit_inst/status_table_reg[5][1]/D
                                0.86           1.15 r        -0.29  (VIOLATED)
   hazard_unit_inst/status_table_reg[3][1]/D
                                0.86           1.15 r        -0.29  (VIOLATED)
   hazard_unit_inst/status_table_reg[2][1]/D
                                0.86           1.15 r        -0.29  (VIOLATED)
   R_369/D                      0.86           1.14 f        -0.29  (VIOLATED)
   hazard_unit_inst/status_table_reg[1][1]/D
                                0.87           1.15 r        -0.28  (VIOLATED)
   hazard_unit_inst/status_table_reg[6][1]/D
                                0.87           1.15 r        -0.28  (VIOLATED)
   hazard_unit_inst/status_table_reg[7][1]/D
                                0.87           1.15 r        -0.28  (VIOLATED)
   ex_stage_inst/mult_pp_inst/tree_i/layer_4_r_reg[2][23]/D
                                0.87           1.15 r        -0.28  (VIOLATED)
   if_stage_inst/btb_inst/R_1034/D
                                0.87           1.15 r        -0.28  (VIOLATED)
   if_stage_inst/btb_inst/R_1044/D
                                0.87           1.15 r        -0.28  (VIOLATED)
   if_stage_inst/btb_inst/R_1056/D
                                0.87           1.15 r        -0.28  (VIOLATED)
   if_stage_inst/btb_inst/R_1064/D
                                0.87           1.15 r        -0.28  (VIOLATED)
   if_stage_inst/btb_inst/R_1066/D
                                0.87           1.15 r        -0.28  (VIOLATED)
   if_stage_inst/btb_inst/R_1082/D
                                0.87           1.15 r        -0.28  (VIOLATED)
   if_stage_inst/btb_inst/R_1159/D
                                0.87           1.15 r        -0.28  (VIOLATED)
   R_3164/D                     0.87           1.15 r        -0.28  (VIOLATED)
   R_3105/D                     0.87           1.15 r        -0.28  (VIOLATED)
   R_3163/D                     0.87           1.15 r        -0.28  (VIOLATED)
   id_stage_inst/rs2_reg/reg_data_reg[5]/D
                                0.85           1.13 f        -0.28  (VIOLATED)
   id_stage_inst/rs2_reg/reg_data_reg[8]/D
                                0.85           1.13 f        -0.28  (VIOLATED)
   id_stage_inst/rs2_reg/reg_data_reg[12]/D
                                0.85           1.13 f        -0.28  (VIOLATED)
   id_stage_inst/rs2_reg/reg_data_reg[15]/D
                                0.85           1.13 f        -0.28  (VIOLATED)
   id_stage_inst/rs2_reg/reg_data_reg[16]/D
                                0.85           1.13 f        -0.28  (VIOLATED)
   id_stage_inst/rs2_reg/reg_data_reg[25]/D
                                0.85           1.13 f        -0.28  (VIOLATED)
   id_stage_inst/rs2_reg/reg_data_reg[27]/D
                                0.85           1.13 f        -0.28  (VIOLATED)
   id_stage_inst/rs2_reg/reg_data_reg[28]/D
                                0.85           1.13 f        -0.28  (VIOLATED)
   R_3162/D                     0.87           1.15 r        -0.28  (VIOLATED)
   id_stage_inst/rs2_reg/reg_data_reg[9]/D
                                0.85           1.13 f        -0.28  (VIOLATED)
   id_stage_inst/rs2_reg/reg_data_reg[10]/D
                                0.85           1.13 f        -0.28  (VIOLATED)
   id_stage_inst/rs2_reg/reg_data_reg[11]/D
                                0.85           1.13 f        -0.28  (VIOLATED)
   id_stage_inst/rs2_reg/reg_data_reg[13]/D
                                0.85           1.13 f        -0.28  (VIOLATED)
   id_stage_inst/rs2_reg/reg_data_reg[14]/D
                                0.85           1.13 f        -0.28  (VIOLATED)
   id_stage_inst/rs2_reg/reg_data_reg[17]/D
                                0.85           1.13 f        -0.28  (VIOLATED)
   id_stage_inst/rs2_reg/reg_data_reg[21]/D
                                0.85           1.13 f        -0.28  (VIOLATED)
   id_stage_inst/rs2_reg/reg_data_reg[23]/D
                                0.85           1.13 f        -0.28  (VIOLATED)
   id_stage_inst/rs2_reg/reg_data_reg[26]/D
                                0.85           1.13 f        -0.28  (VIOLATED)
   id_stage_inst/rs2_reg/reg_data_reg[30]/D
                                0.85           1.13 f        -0.28  (VIOLATED)
   id_stage_inst/rs2_reg/reg_data_reg[1]/D
                                0.85           1.13 f        -0.28  (VIOLATED)
   id_stage_inst/rs2_reg/reg_data_reg[3]/D
                                0.85           1.13 f        -0.28  (VIOLATED)
   id_stage_inst/rs2_reg/reg_data_reg[18]/D
                                0.85           1.13 f        -0.28  (VIOLATED)
   id_stage_inst/rs2_reg/reg_data_reg[19]/D
                                0.85           1.13 f        -0.28  (VIOLATED)
   id_stage_inst/rs2_reg/reg_data_reg[22]/D
                                0.85           1.13 f        -0.28  (VIOLATED)
   id_stage_inst/rs2_reg/reg_data_reg[24]/D
                                0.85           1.13 f        -0.28  (VIOLATED)
   id_stage_inst/rs2_reg/reg_data_reg[29]/D
                                0.85           1.13 f        -0.28  (VIOLATED)
   R_3222/D                     0.86           1.14 r        -0.28  (VIOLATED)
   if_stage_inst/btb_inst/btb_reg[0][VALID]/D
                                0.86           1.13 f        -0.28  (VIOLATED)
   R_3061/D                     0.87           1.14 r        -0.28  (VIOLATED)
   R_3066/D                     0.87           1.14 r        -0.28  (VIOLATED)
   R_3154/D                     0.87           1.14 r        -0.28  (VIOLATED)
   id_stage_inst/rs2_reg/reg_data_reg[2]/D
                                0.86           1.13 f        -0.28  (VIOLATED)
   R_3114/D                     0.86           1.13 f        -0.27  (VIOLATED)
   R_3226/D                     0.85           1.13 r        -0.27  (VIOLATED)
   ex_stage_inst/mult_pp_inst/tree_i/layer_4_r_reg[1][9]/D
                                0.87           1.14 r        -0.27  (VIOLATED)
   R_3092/D                     0.86           1.13 f        -0.27  (VIOLATED)
   R_3156/D                     0.87           1.14 r        -0.27  (VIOLATED)
   ex_stage_inst/result_reg/reg_data_reg[21]/D
                                0.86           1.13 f        -0.27  (VIOLATED)
   ex_stage_inst/mult_pp_inst/tree_i/layer_4_r_reg[3][27]/D
                                0.87           1.14 r        -0.27  (VIOLATED)
   ex_stage_inst/result_reg/reg_data_reg[22]/D
                                0.86           1.13 f        -0.27  (VIOLATED)
   R_3129/D                     0.87           1.14 r        -0.27  (VIOLATED)
   if_stage_inst/current_pc_reg/reg_data_reg[15]/D
                                0.87           1.14 r        -0.27  (VIOLATED)
   if_stage_inst/current_pc_reg/reg_data_reg[18]/D
                                0.87           1.14 r        -0.27  (VIOLATED)
   if_stage_inst/current_pc_reg/reg_data_reg[20]/D
                                0.87           1.14 r        -0.27  (VIOLATED)
   if_stage_inst/current_pc_reg/reg_data_reg[27]/D
                                0.87           1.14 r        -0.27  (VIOLATED)
   if_stage_inst/current_pc_reg/reg_data_reg[30]/D
                                0.87           1.14 r        -0.27  (VIOLATED)
   if_stage_inst/instruction_reg/reg_data_reg[10]/D
                                0.87           1.14 r        -0.27  (VIOLATED)
   if_stage_inst/pc_plus4_reg/reg_data_reg[19]/D
                                0.87           1.14 r        -0.27  (VIOLATED)
   if_stage_inst/current_pc_reg/reg_data_reg[24]/D
                                0.87           1.14 r        -0.27  (VIOLATED)
   if_stage_inst/current_pc_reg/reg_data_reg[29]/D
                                0.87           1.14 r        -0.27  (VIOLATED)
   if_stage_inst/pc_plus4_reg/reg_data_reg[7]/D
                                0.87           1.14 r        -0.27  (VIOLATED)
   if_stage_inst/current_pc_reg/reg_data_reg[23]/D
                                0.87           1.14 r        -0.27  (VIOLATED)
   if_stage_inst/current_pc_reg/reg_data_reg[25]/D
                                0.87           1.14 r        -0.27  (VIOLATED)
   if_stage_inst/current_pc_reg/reg_data_reg[28]/D
                                0.87           1.14 r        -0.27  (VIOLATED)
   if_stage_inst/pc_plus4_reg/reg_data_reg[10]/D
                                0.87           1.14 r        -0.27  (VIOLATED)
   if_stage_inst/current_pc_reg/reg_data_reg[22]/D
                                0.87           1.14 r        -0.27  (VIOLATED)
   if_stage_inst/current_pc_reg/reg_data_reg[26]/D
                                0.87           1.14 r        -0.27  (VIOLATED)
   if_stage_inst/current_pc_reg/reg_data_reg[31]/D
                                0.87           1.14 r        -0.27  (VIOLATED)
   if_stage_inst/pc_plus4_reg/reg_data_reg[9]/D
                                0.87           1.14 r        -0.27  (VIOLATED)
   if_stage_inst/pc_plus4_reg/reg_data_reg[21]/D
                                0.87           1.14 r        -0.27  (VIOLATED)
   if_stage_inst/pc_plus4_reg/reg_data_reg[23]/D
                                0.87           1.14 r        -0.27  (VIOLATED)
   if_stage_inst/pc_plus4_reg/reg_data_reg[25]/D
                                0.87           1.14 r        -0.27  (VIOLATED)
   R_3191/D                     0.87           1.14 r        -0.27  (VIOLATED)
   R_3184/D                     0.87           1.14 r        -0.27  (VIOLATED)
   if_stage_inst/btb_inst/R_3280/D
                                0.86           1.12 r        -0.27  (VIOLATED)
   R_3237/D                     0.86           1.12 r        -0.27  (VIOLATED)
   if_stage_inst/btb_inst/R_3278/D
                                0.86           1.12 r        -0.27  (VIOLATED)
   R_3203/D                     0.87           1.13 r        -0.27  (VIOLATED)
   if_stage_inst/btb_inst/R_3283/D
                                0.85           1.12 f        -0.27  (VIOLATED)
   if_stage_inst/pc_plus4_reg/reg_data_reg[26]/D
                                0.86           1.13 f        -0.27  (VIOLATED)
   R_3067/D                     0.87           1.13 r        -0.26  (VIOLATED)
   R_3183/D                     0.87           1.13 r        -0.26  (VIOLATED)
   R_3158/D                     0.87           1.13 r        -0.26  (VIOLATED)
   if_stage_inst/btb_inst/R_3275/D
                                0.86           1.12 r        -0.26  (VIOLATED)
   R_3060/D                     0.87           1.13 r        -0.26  (VIOLATED)
   id_stage_inst/rs2_reg/reg_data_reg[0]/D
                                0.85           1.12 f        -0.26  (VIOLATED)
   ex_stage_inst/mult_pp_inst/tree_i/layer_4_r_reg[1][8]/D
                                0.87           1.13 r        -0.26  (VIOLATED)
   R_3136/D                     0.87           1.13 r        -0.26  (VIOLATED)
   if_stage_inst/btb_inst/R_3281/D
                                0.86           1.12 r        -0.26  (VIOLATED)
   if_stage_inst/btb_inst/R_3274/D
                                0.86           1.12 r        -0.26  (VIOLATED)
   if_stage_inst/btb_inst/R_3282/D
                                0.86           1.12 r        -0.26  (VIOLATED)
   ex_stage_inst/mult_pp_inst/tree_i/layer_4_r_reg[2][21]/D
                                0.87           1.13 r        -0.26  (VIOLATED)
   if_stage_inst/current_pc_reg/reg_data_reg[0]/D
                                0.87           1.13 r        -0.26  (VIOLATED)
   if_stage_inst/current_pc_reg/reg_data_reg[1]/D
                                0.87           1.13 r        -0.26  (VIOLATED)
   if_stage_inst/pc_plus4_reg/reg_data_reg[0]/D
                                0.87           1.13 r        -0.26  (VIOLATED)
   if_stage_inst/current_pc_reg/reg_data_reg[16]/D
                                0.87           1.13 r        -0.26  (VIOLATED)
   if_stage_inst/current_pc_reg/reg_data_reg[17]/D
                                0.87           1.13 r        -0.26  (VIOLATED)
   if_stage_inst/pc_plus4_reg/reg_data_reg[3]/D
                                0.87           1.13 r        -0.26  (VIOLATED)
   if_stage_inst/instruction_reg/reg_data_reg[15]/D
                                0.87           1.13 r        -0.26  (VIOLATED)
   if_stage_inst/pc_plus4_reg/reg_data_reg[6]/D
                                0.87           1.13 r        -0.26  (VIOLATED)
   if_stage_inst/pc_plus4_reg/reg_data_reg[17]/D
                                0.87           1.13 r        -0.26  (VIOLATED)
   if_stage_inst/pc_plus4_reg/reg_data_reg[18]/D
                                0.87           1.13 r        -0.26  (VIOLATED)
   if_stage_inst/pc_plus4_reg/reg_data_reg[8]/D
                                0.87           1.13 r        -0.26  (VIOLATED)
   if_stage_inst/pc_plus4_reg/reg_data_reg[11]/D
                                0.87           1.13 r        -0.26  (VIOLATED)
   if_stage_inst/btb_inst/R_3277/D
                                0.86           1.12 r        -0.26  (VIOLATED)
   R_2666/D                     0.87           1.13 r        -0.26  (VIOLATED)
   R_3249/D                     0.86           1.12 r        -0.26  (VIOLATED)
   R_3159/D                     0.87           1.13 r        -0.26  (VIOLATED)
   R_282/D                      0.87           1.13 r        -0.26  (VIOLATED)
   ex_stage_inst/result_reg/reg_data_reg[19]/D
                                0.86           1.12 f        -0.26  (VIOLATED)
   R_281/D                      0.87           1.13 r        -0.26  (VIOLATED)
   if_stage_inst/current_pc_reg/reg_data_reg[14]/D
                                0.83           1.08 r        -0.26  (VIOLATED)
   R_3235/D                     0.86           1.11 r        -0.26  (VIOLATED)
   if_stage_inst/current_pc_reg/reg_data_reg[21]/D
                                0.87           1.13 r        -0.26  (VIOLATED)
   if_stage_inst/instruction_reg/reg_data_reg[16]/D
                                0.87           1.13 r        -0.26  (VIOLATED)
   if_stage_inst/instruction_reg/reg_data_reg[17]/D
                                0.87           1.13 r        -0.26  (VIOLATED)
   if_stage_inst/instruction_reg/reg_data_reg[3]/D
                                0.87           1.13 r        -0.26  (VIOLATED)
   if_stage_inst/instruction_reg/reg_data_reg[4]/D
                                0.87           1.13 r        -0.26  (VIOLATED)
   if_stage_inst/instruction_reg/reg_data_reg[11]/D
                                0.87           1.13 r        -0.26  (VIOLATED)
   if_stage_inst/instruction_reg/reg_data_reg[13]/D
                                0.87           1.13 r        -0.26  (VIOLATED)
   if_stage_inst/instruction_reg/reg_data_reg[22]/D
                                0.87           1.13 r        -0.26  (VIOLATED)
   if_stage_inst/instruction_reg/reg_data_reg[25]/D
                                0.87           1.13 r        -0.26  (VIOLATED)
   if_stage_inst/instruction_reg/reg_data_reg[6]/D
                                0.87           1.13 r        -0.26  (VIOLATED)
   if_stage_inst/instruction_reg/reg_data_reg[12]/D
                                0.87           1.13 r        -0.26  (VIOLATED)
   if_stage_inst/instruction_reg/reg_data_reg[18]/D
                                0.87           1.13 r        -0.26  (VIOLATED)
   if_stage_inst/pc_plus4_reg/reg_data_reg[16]/D
                                0.87           1.13 r        -0.26  (VIOLATED)
   if_stage_inst/instruction_reg/reg_data_reg[8]/D
                                0.87           1.13 r        -0.26  (VIOLATED)
   if_stage_inst/pc_plus4_reg/reg_data_reg[4]/D
                                0.87           1.13 r        -0.26  (VIOLATED)
   R_3225/D                     0.86           1.11 r        -0.26  (VIOLATED)
   if_stage_inst/instruction_reg/reg_data_reg[21]/D
                                0.87           1.12 r        -0.26  (VIOLATED)
   if_stage_inst/btb_inst/R_3271/D
                                0.86           1.11 r        -0.25  (VIOLATED)
   if_stage_inst/btb_inst/R_3273/D
                                0.86           1.11 r        -0.25  (VIOLATED)
   if_stage_inst/btb_inst/R_3279/D
                                0.86           1.11 r        -0.25  (VIOLATED)
   if_stage_inst/btb_inst/R_3276/D
                                0.86           1.11 r        -0.25  (VIOLATED)
   ex_stage_inst/mult_pp_inst/tree_i/layer_4_r_reg[2][25]/D
                                0.86           1.12 r        -0.25  (VIOLATED)
   id_stage_inst/rs2_reg/reg_data_reg[7]/D
                                0.85           1.10 f        -0.25  (VIOLATED)
   id_stage_inst/rs1_reg/reg_data_reg[26]/D
                                0.87           1.12 r        -0.25  (VIOLATED)
   R_2285/D                     0.86           1.11 f        -0.25  (VIOLATED)
   R_2309/D                     0.86           1.11 f        -0.25  (VIOLATED)
   R_2354/D                     0.86           1.11 f        -0.25  (VIOLATED)
   R_3103/D                     0.86           1.11 f        -0.25  (VIOLATED)
   if_stage_inst/btb_inst/btb_reg[4][VALID]/D
                                0.87           1.12 r        -0.25  (VIOLATED)
   R_3229/D                     0.85           1.10 f        -0.25  (VIOLATED)
   if_stage_inst/pc_plus4_reg/reg_data_reg[1]/D
                                0.87           1.12 r        -0.25  (VIOLATED)
   if_stage_inst/pc_plus4_reg/reg_data_reg[2]/D
                                0.87           1.12 r        -0.25  (VIOLATED)
   if_stage_inst/current_pc_reg/reg_data_reg[19]/D
                                0.87           1.12 r        -0.25  (VIOLATED)
   if_stage_inst/instruction_reg/reg_data_reg[9]/D
                                0.87           1.12 r        -0.25  (VIOLATED)
   if_stage_inst/pc_plus4_reg/reg_data_reg[20]/D
                                0.87           1.12 r        -0.25  (VIOLATED)
   if_stage_inst/instruction_reg/reg_data_reg[7]/D
                                0.87           1.12 r        -0.25  (VIOLATED)
   if_stage_inst/instruction_reg/reg_data_reg[20]/D
                                0.87           1.12 r        -0.25  (VIOLATED)
   if_stage_inst/pc_plus4_reg/reg_data_reg[13]/D
                                0.87           1.12 r        -0.25  (VIOLATED)
   if_stage_inst/pc_plus4_reg/reg_data_reg[15]/D
                                0.87           1.12 r        -0.25  (VIOLATED)
   if_stage_inst/pc_plus4_reg/reg_data_reg[22]/D
                                0.87           1.12 r        -0.25  (VIOLATED)
   if_stage_inst/pc_plus4_reg/reg_data_reg[5]/D
                                0.87           1.12 r        -0.25  (VIOLATED)
   if_stage_inst/pc_plus4_reg/reg_data_reg[24]/D
                                0.87           1.12 r        -0.25  (VIOLATED)
   if_stage_inst/pc_plus4_reg/reg_data_reg[12]/D
                                0.87           1.12 r        -0.25  (VIOLATED)
   if_stage_inst/pc_plus4_reg/reg_data_reg[14]/D
                                0.87           1.12 r        -0.25  (VIOLATED)
   id_stage_inst/rs2_reg/reg_data_reg[20]/D
                                0.85           1.10 f        -0.25  (VIOLATED)
   id_stage_inst/rs2_reg/reg_data_reg[4]/D
                                0.85           1.10 f        -0.25  (VIOLATED)
   id_stage_inst/rs2_reg/reg_data_reg[6]/D
                                0.85           1.10 f        -0.25  (VIOLATED)
   ex_stage_inst/result_reg/reg_data_reg[28]/D
                                0.86           1.11 f        -0.25  (VIOLATED)
   id_stage_inst/rs1_reg/reg_data_reg[7]/D
                                0.86           1.11 f        -0.25  (VIOLATED)
   if_stage_inst/btb_inst/R_3211/D
                                0.86           1.10 f        -0.25  (VIOLATED)
   R_3147/D                     0.86           1.11 r        -0.25  (VIOLATED)
   R_3240/D                     0.86           1.10 f        -0.25  (VIOLATED)
   if_stage_inst/btb_inst/R_3272/D
                                0.86           1.10 r        -0.24  (VIOLATED)
   if_stage_inst/btb_inst/R_3212/D
                                0.86           1.10 f        -0.24  (VIOLATED)
   if_stage_inst/btb_inst/R_2837/D
                                0.86           1.10 f        -0.24  (VIOLATED)
   R_187/D                      0.86           1.10 f        -0.24  (VIOLATED)
   R_276/D                      0.86           1.10 f        -0.24  (VIOLATED)
   R_2275/D                     0.86           1.10 f        -0.24  (VIOLATED)
   R_2277/D                     0.86           1.10 f        -0.24  (VIOLATED)
   R_2279/D                     0.86           1.10 f        -0.24  (VIOLATED)
   R_2281/D                     0.86           1.10 f        -0.24  (VIOLATED)
   R_2283/D                     0.86           1.10 f        -0.24  (VIOLATED)
   R_2287/D                     0.86           1.10 f        -0.24  (VIOLATED)
   R_2289/D                     0.86           1.10 f        -0.24  (VIOLATED)
   R_2291/D                     0.86           1.10 f        -0.24  (VIOLATED)
   R_2295/D                     0.86           1.10 f        -0.24  (VIOLATED)
   R_2297/D                     0.86           1.10 f        -0.24  (VIOLATED)
   R_2299/D                     0.86           1.10 f        -0.24  (VIOLATED)
   R_2301/D                     0.86           1.10 f        -0.24  (VIOLATED)
   R_2303/D                     0.86           1.10 f        -0.24  (VIOLATED)
   R_2307/D                     0.86           1.10 f        -0.24  (VIOLATED)
   R_2313/D                     0.86           1.10 f        -0.24  (VIOLATED)
   R_2315/D                     0.86           1.10 f        -0.24  (VIOLATED)
   R_2319/D                     0.86           1.10 f        -0.24  (VIOLATED)
   R_2321/D                     0.86           1.10 f        -0.24  (VIOLATED)
   R_2323/D                     0.86           1.10 f        -0.24  (VIOLATED)
   R_2350/D                     0.86           1.10 f        -0.24  (VIOLATED)
   R_2352/D                     0.86           1.10 f        -0.24  (VIOLATED)
   if_stage_inst/btb_inst/R_657/D
                                0.87           1.11 r        -0.24  (VIOLATED)
   if_stage_inst/btb_inst/R_695/D
                                0.87           1.11 r        -0.24  (VIOLATED)
   if_stage_inst/btb_inst/R_701/D
                                0.87           1.11 r        -0.24  (VIOLATED)
   if_stage_inst/btb_inst/R_705/D
                                0.87           1.11 r        -0.24  (VIOLATED)
   if_stage_inst/btb_inst/R_721/D
                                0.87           1.11 r        -0.24  (VIOLATED)
   if_stage_inst/btb_inst/R_741/D
                                0.87           1.11 r        -0.24  (VIOLATED)
   if_stage_inst/btb_inst/R_746/D
                                0.87           1.11 r        -0.24  (VIOLATED)
   R_3152/D                     0.86           1.10 r        -0.24  (VIOLATED)
   R_3200/D                     0.86           1.10 f        -0.24  (VIOLATED)
   id_stage_inst/reg_file_inst/R_3202/D
                                0.86           1.10 f        -0.24  (VIOLATED)
   R_2293/D                     0.86           1.10 f        -0.24  (VIOLATED)
   R_2317/D                     0.86           1.10 f        -0.24  (VIOLATED)
   R_2348/D                     0.86           1.10 f        -0.24  (VIOLATED)
   if_stage_inst/btb_inst/R_930/D
                                0.86           1.10 f        -0.24  (VIOLATED)
   if_stage_inst/btb_inst/R_932/D
                                0.86           1.10 f        -0.24  (VIOLATED)
   if_stage_inst/btb_inst/R_934/D
                                0.86           1.10 f        -0.24  (VIOLATED)
   if_stage_inst/btb_inst/R_938/D
                                0.86           1.10 f        -0.24  (VIOLATED)
   if_stage_inst/btb_inst/R_944/D
                                0.86           1.10 f        -0.24  (VIOLATED)
   if_stage_inst/btb_inst/R_946/D
                                0.86           1.10 f        -0.24  (VIOLATED)
   R_3239/D                     0.86           1.09 r        -0.24  (VIOLATED)
   id_stage_inst/rs1_reg/reg_data_reg[18]/D
                                0.86           1.10 f        -0.24  (VIOLATED)
   id_stage_inst/rs1_reg/reg_data_reg[15]/D
                                0.87           1.10 r        -0.24  (VIOLATED)
   R_3155/D                     0.86           1.09 f        -0.24  (VIOLATED)
   R_3133/D                     0.86           1.09 f        -0.24  (VIOLATED)
   ex_stage_inst/result_reg/reg_data_reg[25]/D
                                0.87           1.10 r        -0.23  (VIOLATED)
   R_3153/D                     0.87           1.10 r        -0.23  (VIOLATED)
   ex_stage_inst/result_reg/reg_data_reg[27]/D
                                0.87           1.10 r        -0.23  (VIOLATED)
   id_stage_inst/rs2_reg/reg_data_reg[31]/D
                                0.86           1.09 f        -0.23  (VIOLATED)
   R_2305/D                     0.86           1.09 f        -0.23  (VIOLATED)
   R_2311/D                     0.86           1.09 f        -0.23  (VIOLATED)
   R_3085/D                     0.86           1.09 f        -0.23  (VIOLATED)
   id_stage_inst/rs1_reg/reg_data_reg[23]/D
                                0.87           1.10 r        -0.23  (VIOLATED)
   id_stage_inst/rs1_reg/reg_data_reg[14]/D
                                0.87           1.10 r        -0.23  (VIOLATED)
   if_stage_inst/btb_inst/R_1032/D
                                0.87           1.09 r        -0.23  (VIOLATED)
   if_stage_inst/btb_inst/R_1040/D
                                0.87           1.09 r        -0.23  (VIOLATED)
   if_stage_inst/btb_inst/R_1068/D
                                0.87           1.09 r        -0.23  (VIOLATED)
   if_stage_inst/btb_inst/R_1155/D
                                0.87           1.09 r        -0.23  (VIOLATED)
   R_3265/D                     0.86           1.09 r        -0.23  (VIOLATED)
   R_3195/D                     0.87           1.09 r        -0.23  (VIOLATED)
   id_stage_inst/rs1_reg/reg_data_reg[17]/D
                                0.86           1.09 f        -0.23  (VIOLATED)
   id_stage_inst/rs1_reg/reg_data_reg[21]/D
                                0.86           1.08 f        -0.22  (VIOLATED)
   id_stage_inst/rs1_reg/reg_data_reg[20]/D
                                0.87           1.09 r        -0.22  (VIOLATED)
   if_stage_inst/btb_inst/R_2473/D
                                0.86           1.08 r        -0.22  (VIOLATED)
   if_stage_inst/btb_inst/R_2569/D
                                0.86           1.08 r        -0.22  (VIOLATED)
   if_stage_inst/btb_inst/btb_reg[2][VALID]/D
                                0.87           1.09 r        -0.22  (VIOLATED)
   R_3238/D                     0.86           1.08 r        -0.22  (VIOLATED)
   ex_stage_inst/result_reg/reg_data_reg[26]/D
                                0.86           1.08 f        -0.22  (VIOLATED)
   R_3223/D                     0.86           1.08 r        -0.22  (VIOLATED)
   ex_stage_inst/mult_pp_inst/tree_i/layer_4_r_reg[2][19]/D
                                0.86           1.08 f        -0.22  (VIOLATED)
   if_stage_inst/instruction_reg/reg_data_reg[0]/D
                                0.86           1.08 f        -0.22  (VIOLATED)
   if_stage_inst/instruction_reg/reg_data_reg[1]/D
                                0.86           1.08 f        -0.22  (VIOLATED)
   if_stage_inst/instruction_reg/reg_data_reg[2]/D
                                0.86           1.08 f        -0.22  (VIOLATED)
   if_stage_inst/instruction_reg/reg_data_reg[5]/D
                                0.86           1.08 f        -0.22  (VIOLATED)
   if_stage_inst/instruction_reg/reg_data_reg[14]/D
                                0.86           1.08 f        -0.22  (VIOLATED)
   if_stage_inst/instruction_reg/reg_data_reg[19]/D
                                0.86           1.08 f        -0.22  (VIOLATED)
   id_stage_inst/rs1_reg/reg_data_reg[27]/D
                                0.87           1.09 r        -0.22  (VIOLATED)
   ex_stage_inst/result_reg/reg_data_reg[24]/D
                                0.86           1.07 f        -0.21  (VIOLATED)
   id_stage_inst/rs1_reg/reg_data_reg[22]/D
                                0.87           1.08 r        -0.21  (VIOLATED)
   if_stage_inst/btb_inst/btb_reg[3][VALID]/D
                                0.86           1.07 f        -0.21  (VIOLATED)
   id_stage_inst/rs1_reg/reg_data_reg[6]/D
                                0.87           1.08 r        -0.21  (VIOLATED)
   if_stage_inst/btb_inst/btb_reg[6][VALID]/D
                                0.86           1.07 f        -0.21  (VIOLATED)
   R_3232/D                     0.85           1.06 f        -0.21  (VIOLATED)
   R_2860/D                     0.85           1.06 r        -0.21  (VIOLATED)
   id_stage_inst/rs1_reg/reg_data_reg[16]/D
                                0.87           1.07 r        -0.21  (VIOLATED)
   if_stage_inst/btb_inst/R_2121/D
                                0.85           1.06 f        -0.20  (VIOLATED)
   id_stage_inst/rs1_reg/reg_data_reg[2]/D
                                0.87           1.07 r        -0.20  (VIOLATED)
   id_stage_inst/rs1_reg/reg_data_reg[3]/D
                                0.87           1.07 r        -0.20  (VIOLATED)
   id_stage_inst/rs1_reg/reg_data_reg[4]/D
                                0.87           1.07 r        -0.20  (VIOLATED)
   id_stage_inst/rs1_reg/reg_data_reg[11]/D
                                0.87           1.07 r        -0.20  (VIOLATED)
   id_stage_inst/rs1_reg/reg_data_reg[12]/D
                                0.87           1.07 r        -0.20  (VIOLATED)
   id_stage_inst/rs1_reg/reg_data_reg[13]/D
                                0.87           1.07 r        -0.20  (VIOLATED)
   id_stage_inst/rs1_reg/reg_data_reg[19]/D
                                0.87           1.07 r        -0.20  (VIOLATED)
   R_395/D                      0.86           1.06 r        -0.20  (VIOLATED)
   if_stage_inst/btb_inst/R_2136/D
                                0.86           1.06 f        -0.20  (VIOLATED)
   if_stage_inst/btb_inst/btb_reg[5][VALID]/D
                                0.86           1.06 f        -0.20  (VIOLATED)
   if_stage_inst/btb_inst/btb_reg[11][VALID]/D
                                0.86           1.06 f        -0.20  (VIOLATED)
   if_stage_inst/btb_inst/btb_reg[13][VALID]/D
                                0.86           1.06 f        -0.20  (VIOLATED)
   if_stage_inst/btb_inst/btb_reg[12][VALID]/D
                                0.86           1.06 f        -0.20  (VIOLATED)
   if_stage_inst/btb_inst/btb_reg[14][VALID]/D
                                0.86           1.06 f        -0.20  (VIOLATED)
   if_stage_inst/btb_inst/btb_reg[7][VALID]/D
                                0.86           1.06 f        -0.20  (VIOLATED)
   if_stage_inst/btb_inst/btb_reg[10][VALID]/D
                                0.86           1.06 f        -0.20  (VIOLATED)
   if_stage_inst/btb_inst/btb_reg[9][VALID]/D
                                0.86           1.06 f        -0.20  (VIOLATED)
   id_stage_inst/rs1_reg/reg_data_reg[1]/D
                                0.87           1.06 r        -0.20  (VIOLATED)
   id_stage_inst/rs1_reg/reg_data_reg[8]/D
                                0.87           1.06 r        -0.20  (VIOLATED)
   id_stage_inst/rs1_reg/reg_data_reg[9]/D
                                0.87           1.06 r        -0.20  (VIOLATED)
   id_stage_inst/rs1_reg/reg_data_reg[5]/D
                                0.87           1.06 r        -0.20  (VIOLATED)
   id_stage_inst/rs1_reg/reg_data_reg[10]/D
                                0.87           1.06 r        -0.20  (VIOLATED)
   if_stage_inst/btb_inst/R_3214/D
                                0.86           1.05 r        -0.20  (VIOLATED)
   ex_stage_inst/result_reg/reg_data_reg[20]/D
                                0.87           1.06 r        -0.19  (VIOLATED)
   R_3179/D                     0.86           1.05 f        -0.19  (VIOLATED)
   ex_stage_inst/result_reg/reg_data_reg[11]/D
                                0.86           1.04 f        -0.18  (VIOLATED)
   R_2970/D                     0.86           1.04 f        -0.18  (VIOLATED)
   ex_stage_inst/result_reg/reg_data_reg[23]/D
                                0.86           1.04 f        -0.18  (VIOLATED)
   ex_stage_inst/mult_pp_inst/tree_i/layer_4_r_reg[0][5]/D
                                0.85           1.03 f        -0.18  (VIOLATED)
   id_stage_inst/rd_addr_reg/reg_data_reg[1]/D
                                0.86           1.04 r        -0.18  (VIOLATED)
   id_stage_inst/rd_addr_reg/reg_data_reg[2]/D
                                0.86           1.04 r        -0.18  (VIOLATED)
   id_stage_inst/rd_addr_reg/reg_data_reg[3]/D
                                0.86           1.04 r        -0.18  (VIOLATED)
   id_stage_inst/rd_addr_reg/reg_data_reg[4]/D
                                0.86           1.04 r        -0.18  (VIOLATED)
   id_stage_inst/immediate_reg/reg_data_reg[0]/D
                                0.86           1.04 r        -0.18  (VIOLATED)
   id_stage_inst/immediate_reg/reg_data_reg[2]/D
                                0.86           1.04 r        -0.18  (VIOLATED)
   id_stage_inst/immediate_reg/reg_data_reg[3]/D
                                0.86           1.04 r        -0.18  (VIOLATED)
   id_stage_inst/immediate_reg/reg_data_reg[4]/D
                                0.86           1.04 r        -0.18  (VIOLATED)
   id_stage_inst/immediate_reg/reg_data_reg[19]/D
                                0.86           1.04 r        -0.18  (VIOLATED)
   id_stage_inst/immediate_reg/reg_data_reg[20]/D
                                0.86           1.04 r        -0.18  (VIOLATED)
   id_stage_inst/immediate_reg/reg_data_reg[21]/D
                                0.86           1.04 r        -0.18  (VIOLATED)
   id_stage_inst/immediate_reg/reg_data_reg[23]/D
                                0.86           1.04 r        -0.18  (VIOLATED)
   id_stage_inst/immediate_reg/reg_data_reg[24]/D
                                0.86           1.04 r        -0.18  (VIOLATED)
   id_stage_inst/immediate_reg/reg_data_reg[29]/D
                                0.86           1.04 r        -0.18  (VIOLATED)
   id_stage_inst/immediate_reg/reg_data_reg[30]/D
                                0.86           1.04 r        -0.18  (VIOLATED)
   id_stage_inst/pc_plus4_reg/reg_data_reg[8]/D
                                0.86           1.04 r        -0.18  (VIOLATED)
   id_stage_inst/pc_plus4_reg/reg_data_reg[9]/D
                                0.86           1.04 r        -0.18  (VIOLATED)
   id_stage_inst/pc_plus4_reg/reg_data_reg[10]/D
                                0.86           1.04 r        -0.18  (VIOLATED)
   id_stage_inst/pc_plus4_reg/reg_data_reg[14]/D
                                0.86           1.04 r        -0.18  (VIOLATED)
   id_stage_inst/pc_plus4_reg/reg_data_reg[20]/D
                                0.86           1.04 r        -0.18  (VIOLATED)
   id_stage_inst/pc_plus4_reg/reg_data_reg[21]/D
                                0.86           1.04 r        -0.18  (VIOLATED)
   id_stage_inst/pc_plus4_reg/reg_data_reg[23]/D
                                0.86           1.04 r        -0.18  (VIOLATED)
   id_stage_inst/pc_plus4_reg/reg_data_reg[25]/D
                                0.86           1.04 r        -0.18  (VIOLATED)
   id_stage_inst/pc_plus4_reg/reg_data_reg[28]/D
                                0.86           1.04 r        -0.18  (VIOLATED)
   id_stage_inst/pc_plus4_reg/reg_data_reg[30]/D
                                0.86           1.04 r        -0.18  (VIOLATED)
   id_stage_inst/pc_plus4_reg/reg_data_reg[0]/D
                                0.86           1.04 r        -0.17  (VIOLATED)
   R_545/D                      0.86           1.03 f        -0.17  (VIOLATED)
   id_stage_inst/rd_addr_reg/reg_data_reg[0]/D
                                0.86           1.04 r        -0.17  (VIOLATED)
   R_2852/D                     0.86           1.03 f        -0.17  (VIOLATED)
   R_2955/D                     0.86           1.03 r        -0.17  (VIOLATED)
   R_2934/D                     0.86           1.03 r        -0.17  (VIOLATED)
   R_2950/D                     0.86           1.03 r        -0.17  (VIOLATED)
   R_2990/D                     0.86           1.03 r        -0.17  (VIOLATED)
   R_2976/D                     0.86           1.03 r        -0.17  (VIOLATED)
   id_stage_inst/immediate_reg/reg_data_reg[7]/D
                                0.86           1.04 r        -0.17  (VIOLATED)
   id_stage_inst/immediate_reg/reg_data_reg[8]/D
                                0.86           1.04 r        -0.17  (VIOLATED)
   id_stage_inst/immediate_reg/reg_data_reg[12]/D
                                0.86           1.04 r        -0.17  (VIOLATED)
   id_stage_inst/immediate_reg/reg_data_reg[15]/D
                                0.86           1.04 r        -0.17  (VIOLATED)
   id_stage_inst/immediate_reg/reg_data_reg[16]/D
                                0.86           1.04 r        -0.17  (VIOLATED)
   id_stage_inst/pc_plus4_reg/reg_data_reg[2]/D
                                0.86           1.04 r        -0.17  (VIOLATED)
   id_stage_inst/pc_plus4_reg/reg_data_reg[4]/D
                                0.86           1.04 r        -0.17  (VIOLATED)
   id_stage_inst/pc_plus4_reg/reg_data_reg[5]/D
                                0.86           1.04 r        -0.17  (VIOLATED)
   id_stage_inst/pc_plus4_reg/reg_data_reg[6]/D
                                0.86           1.04 r        -0.17  (VIOLATED)
   id_stage_inst/pc_plus4_reg/reg_data_reg[7]/D
                                0.86           1.04 r        -0.17  (VIOLATED)
   id_stage_inst/pc_plus4_reg/reg_data_reg[12]/D
                                0.86           1.04 r        -0.17  (VIOLATED)
   id_stage_inst/pc_plus4_reg/reg_data_reg[15]/D
                                0.86           1.04 r        -0.17  (VIOLATED)
   id_stage_inst/pc_plus4_reg/reg_data_reg[16]/D
                                0.86           1.04 r        -0.17  (VIOLATED)
   id_stage_inst/pc_plus4_reg/reg_data_reg[24]/D
                                0.86           1.04 r        -0.17  (VIOLATED)
   R_21/D                       0.86           1.03 r        -0.17  (VIOLATED)
   R_2964/D                     0.86           1.03 r        -0.17  (VIOLATED)
   R_2967/D                     0.86           1.03 r        -0.17  (VIOLATED)
   id_stage_inst/immediate_reg/reg_data_reg[5]/D
                                0.86           1.03 r        -0.17  (VIOLATED)
   id_stage_inst/immediate_reg/reg_data_reg[6]/D
                                0.86           1.03 r        -0.17  (VIOLATED)
   id_stage_inst/immediate_reg/reg_data_reg[9]/D
                                0.86           1.03 r        -0.17  (VIOLATED)
   id_stage_inst/immediate_reg/reg_data_reg[10]/D
                                0.86           1.03 r        -0.17  (VIOLATED)
   id_stage_inst/immediate_reg/reg_data_reg[11]/D
                                0.86           1.03 r        -0.17  (VIOLATED)
   id_stage_inst/immediate_reg/reg_data_reg[13]/D
                                0.86           1.03 r        -0.17  (VIOLATED)
   id_stage_inst/immediate_reg/reg_data_reg[14]/D
                                0.86           1.03 r        -0.17  (VIOLATED)
   id_stage_inst/immediate_reg/reg_data_reg[17]/D
                                0.86           1.03 r        -0.17  (VIOLATED)
   id_stage_inst/immediate_reg/reg_data_reg[18]/D
                                0.86           1.03 r        -0.17  (VIOLATED)
   id_stage_inst/immediate_reg/reg_data_reg[22]/D
                                0.86           1.03 r        -0.17  (VIOLATED)
   id_stage_inst/immediate_reg/reg_data_reg[25]/D
                                0.86           1.03 r        -0.17  (VIOLATED)
   id_stage_inst/immediate_reg/reg_data_reg[26]/D
                                0.86           1.03 r        -0.17  (VIOLATED)
   id_stage_inst/immediate_reg/reg_data_reg[27]/D
                                0.86           1.03 r        -0.17  (VIOLATED)
   id_stage_inst/immediate_reg/reg_data_reg[28]/D
                                0.86           1.03 r        -0.17  (VIOLATED)
   id_stage_inst/pc_plus4_reg/reg_data_reg[1]/D
                                0.86           1.03 r        -0.17  (VIOLATED)
   id_stage_inst/pc_plus4_reg/reg_data_reg[3]/D
                                0.86           1.03 r        -0.17  (VIOLATED)
   id_stage_inst/pc_plus4_reg/reg_data_reg[11]/D
                                0.86           1.03 r        -0.17  (VIOLATED)
   id_stage_inst/pc_plus4_reg/reg_data_reg[13]/D
                                0.86           1.03 r        -0.17  (VIOLATED)
   id_stage_inst/pc_plus4_reg/reg_data_reg[17]/D
                                0.86           1.03 r        -0.17  (VIOLATED)
   id_stage_inst/pc_plus4_reg/reg_data_reg[18]/D
                                0.86           1.03 r        -0.17  (VIOLATED)
   id_stage_inst/pc_plus4_reg/reg_data_reg[19]/D
                                0.86           1.03 r        -0.17  (VIOLATED)
   id_stage_inst/pc_plus4_reg/reg_data_reg[22]/D
                                0.86           1.03 r        -0.17  (VIOLATED)
   id_stage_inst/pc_plus4_reg/reg_data_reg[26]/D
                                0.86           1.03 r        -0.17  (VIOLATED)
   id_stage_inst/pc_plus4_reg/reg_data_reg[27]/D
                                0.86           1.03 r        -0.17  (VIOLATED)
   id_stage_inst/pc_plus4_reg/reg_data_reg[29]/D
                                0.86           1.03 r        -0.17  (VIOLATED)
   id_stage_inst/pc_plus4_reg/reg_data_reg[31]/D
                                0.86           1.03 r        -0.17  (VIOLATED)
   if_stage_inst/btb_inst/R_2503/D
                                0.86           1.03 r        -0.17  (VIOLATED)
   if_stage_inst/btb_inst/R_2470/D
                                0.86           1.03 r        -0.17  (VIOLATED)
   if_stage_inst/btb_inst/R_2461/D
                                0.86           1.03 r        -0.17  (VIOLATED)
   R_2972/D                     0.86           1.03 r        -0.17  (VIOLATED)
   if_stage_inst/btb_inst/R_2479/D
                                0.86           1.03 r        -0.17  (VIOLATED)
   R_2339/D                     0.85           1.02 r        -0.16  (VIOLATED)
   ex_stage_inst/result_reg/reg_data_reg[18]/D
                                0.86           1.02 f        -0.16  (VIOLATED)
   R_3264/D                     0.86           1.01 f        -0.16  (VIOLATED)
   ex_stage_inst/result_reg/reg_data_reg[13]/D
                                0.86           1.01 f        -0.15  (VIOLATED)
   R_2927/D                     0.87           1.02 r        -0.15  (VIOLATED)
   R_2744/D                     0.87           1.02 r        -0.15  (VIOLATED)
   if_stage_inst/btb_inst/R_2482/D
                                0.85           1.01 f        -0.15  (VIOLATED)
   if_stage_inst/btb_inst/R_2494/D
                                0.86           1.01 r        -0.15  (VIOLATED)
   if_stage_inst/btb_inst/R_2500/D
                                0.86           1.01 r        -0.15  (VIOLATED)
   if_stage_inst/btb_inst/R_2497/D
                                0.86           1.01 r        -0.15  (VIOLATED)
   if_stage_inst/btb_inst/R_2506/D
                                0.86           1.01 r        -0.15  (VIOLATED)
   if_stage_inst/btb_inst/R_2476/D
                                0.86           1.01 r        -0.15  (VIOLATED)
   if_stage_inst/btb_inst/R_2488/D
                                0.86           1.01 r        -0.15  (VIOLATED)
   if_stage_inst/btb_inst/R_2491/D
                                0.86           1.01 r        -0.15  (VIOLATED)
   R_543/D                      0.86           1.01 r        -0.15  (VIOLATED)
   ex_stage_inst/result_reg/reg_data_reg[15]/D
                                0.87           1.01 r        -0.15  (VIOLATED)
   R_3210/D                     0.86           1.00 r        -0.14  (VIOLATED)
   ex_stage_inst/result_reg/reg_data_reg[16]/D
                                0.85           1.00 f        -0.14  (VIOLATED)
   ex_stage_inst/result_reg/reg_data_reg[9]/D
                                0.86           1.00 f        -0.14  (VIOLATED)
   R_3177/D                     0.87           1.01 r        -0.14  (VIOLATED)
   R_3141/D                     0.86           1.00 r        -0.14  (VIOLATED)
   if_stage_inst/btb_inst/R_2862/D
                                0.86           0.99 f        -0.13  (VIOLATED)
   if_stage_inst/btb_inst/R_2844/D
                                0.87           1.00 r        -0.13  (VIOLATED)
   ex_stage_inst/result_reg/reg_data_reg[6]/D
                                0.86           0.99 f        -0.13  (VIOLATED)
   id_stage_inst/immediate_reg/reg_data_reg[1]/D
                                0.86           0.99 r        -0.12  (VIOLATED)
   id_stage_inst/immediate_reg/reg_data_reg[31]/D
                                0.86           0.99 r        -0.12  (VIOLATED)
   ex_stage_inst/result_reg/reg_data_reg[14]/D
                                0.87           0.99 r        -0.12  (VIOLATED)
   ex_stage_inst/result_reg/reg_data_reg[3]/D
                                0.87           0.98 r        -0.12  (VIOLATED)
   ex_stage_inst/result_reg/reg_data_reg[10]/D
                                0.86           0.98 f        -0.12  (VIOLATED)
   ex_stage_inst/result_reg/reg_data_reg[17]/D
                                0.86           0.98 f        -0.12  (VIOLATED)
   R_3267/D                     0.86           0.98 r        -0.12  (VIOLATED)
   ex_stage_inst/result_reg/reg_data_reg[4]/D
                                0.87           0.98 r        -0.11  (VIOLATED)
   ex_stage_inst/result_reg/reg_data_reg[7]/D
                                0.86           0.97 f        -0.11  (VIOLATED)
   ex_stage_inst/result_reg/reg_data_reg[5]/D
                                0.87           0.97 r        -0.11  (VIOLATED)
   ex_stage_inst/result_reg/reg_data_reg[2]/D
                                0.87           0.97 r        -0.11  (VIOLATED)
   if_stage_inst/btb_inst/R_2847/D
                                0.87           0.97 r        -0.10  (VIOLATED)
   R_367/D                      0.86           0.96 f        -0.10  (VIOLATED)
   ex_stage_inst/result_reg/reg_data_reg[8]/D
                                0.87           0.97 r        -0.10  (VIOLATED)
   ex_stage_inst/result_reg/reg_data_reg[12]/D
                                0.86           0.96 f        -0.10  (VIOLATED)
   R_541/D                      0.86           0.95 r        -0.09  (VIOLATED)
   R_363/D                      0.86           0.95 r        -0.08  (VIOLATED)
   R_2742/D                     0.86           0.94 r        -0.08  (VIOLATED)
   R_379/D                      0.86           0.94 r        -0.08  (VIOLATED)
   if_stage_inst/btb_inst/R_2868/D
                                0.87           0.95 r        -0.08  (VIOLATED)
   R_389/D                      0.86           0.94 r        -0.08  (VIOLATED)
   R_373/D                      0.86           0.94 r        -0.08  (VIOLATED)
   R_403/D                      0.86           0.94 r        -0.08  (VIOLATED)
   R_371/D                      0.86           0.94 r        -0.08  (VIOLATED)
   R_3221/D                     0.87           0.95 r        -0.08  (VIOLATED)
   R_409/D                      0.86           0.94 r        -0.07  (VIOLATED)
   R_401/D                      0.86           0.93 f        -0.07  (VIOLATED)
   ex_stage_inst/result_reg/reg_data_reg[1]/D
                                0.86           0.93 r        -0.06  (VIOLATED)
   id_stage_inst/reg_file_inst/reg_file_reg[16][1]/D
                                0.86           0.92 f        -0.06  (VIOLATED)
   id_stage_inst/reg_file_inst/reg_file_reg[16][2]/D
                                0.86           0.92 f        -0.06  (VIOLATED)
   id_stage_inst/reg_file_inst/reg_file_reg[16][3]/D
                                0.86           0.92 f        -0.06  (VIOLATED)
   id_stage_inst/reg_file_inst/reg_file_reg[16][4]/D
                                0.86           0.92 f        -0.06  (VIOLATED)
   id_stage_inst/reg_file_inst/reg_file_reg[16][5]/D
                                0.86           0.92 f        -0.06  (VIOLATED)
   id_stage_inst/reg_file_inst/reg_file_reg[16][6]/D
                                0.86           0.92 f        -0.06  (VIOLATED)
   id_stage_inst/reg_file_inst/reg_file_reg[16][7]/D
                                0.86           0.92 f        -0.06  (VIOLATED)
   id_stage_inst/reg_file_inst/reg_file_reg[16][9]/D
                                0.86           0.92 f        -0.06  (VIOLATED)
   id_stage_inst/reg_file_inst/reg_file_reg[16][10]/D
                                0.86           0.92 f        -0.06  (VIOLATED)
   id_stage_inst/reg_file_inst/reg_file_reg[16][11]/D
                                0.86           0.92 f        -0.06  (VIOLATED)
   id_stage_inst/reg_file_inst/reg_file_reg[16][12]/D
                                0.86           0.92 f        -0.06  (VIOLATED)
   id_stage_inst/reg_file_inst/reg_file_reg[16][13]/D
                                0.86           0.92 f        -0.06  (VIOLATED)
   id_stage_inst/reg_file_inst/reg_file_reg[16][14]/D
                                0.86           0.92 f        -0.06  (VIOLATED)
   id_stage_inst/reg_file_inst/reg_file_reg[16][15]/D
                                0.86           0.92 f        -0.06  (VIOLATED)
   id_stage_inst/reg_file_inst/reg_file_reg[16][16]/D
                                0.86           0.92 f        -0.06  (VIOLATED)
   id_stage_inst/reg_file_inst/reg_file_reg[16][17]/D
                                0.86           0.92 f        -0.06  (VIOLATED)
   id_stage_inst/reg_file_inst/reg_file_reg[16][18]/D
                                0.86           0.92 f        -0.06  (VIOLATED)
   id_stage_inst/reg_file_inst/reg_file_reg[16][19]/D
                                0.86           0.92 f        -0.06  (VIOLATED)
   id_stage_inst/reg_file_inst/reg_file_reg[16][20]/D
                                0.86           0.92 f        -0.06  (VIOLATED)
   id_stage_inst/reg_file_inst/reg_file_reg[16][21]/D
                                0.86           0.92 f        -0.06  (VIOLATED)
   id_stage_inst/reg_file_inst/reg_file_reg[16][22]/D
                                0.86           0.92 f        -0.06  (VIOLATED)
   id_stage_inst/reg_file_inst/reg_file_reg[16][23]/D
                                0.86           0.92 f        -0.06  (VIOLATED)
   id_stage_inst/reg_file_inst/reg_file_reg[16][24]/D
                                0.86           0.92 f        -0.06  (VIOLATED)
   id_stage_inst/reg_file_inst/reg_file_reg[16][25]/D
                                0.86           0.92 f        -0.06  (VIOLATED)
   id_stage_inst/reg_file_inst/reg_file_reg[16][26]/D
                                0.86           0.92 f        -0.06  (VIOLATED)
   id_stage_inst/reg_file_inst/reg_file_reg[16][27]/D
                                0.86           0.92 f        -0.06  (VIOLATED)
   id_stage_inst/reg_file_inst/reg_file_reg[16][28]/D
                                0.86           0.92 f        -0.06  (VIOLATED)
   id_stage_inst/reg_file_inst/reg_file_reg[16][29]/D
                                0.86           0.92 f        -0.06  (VIOLATED)
   id_stage_inst/reg_file_inst/reg_file_reg[16][30]/D
                                0.86           0.92 f        -0.06  (VIOLATED)
   id_stage_inst/reg_file_inst/reg_file_reg[16][31]/D
                                0.86           0.92 f        -0.06  (VIOLATED)
   id_stage_inst/reg_file_inst/reg_file_reg[15][0]/D
                                0.86           0.91 f        -0.05  (VIOLATED)
   id_stage_inst/reg_file_inst/reg_file_reg[15][1]/D
                                0.86           0.91 f        -0.05  (VIOLATED)
   id_stage_inst/reg_file_inst/reg_file_reg[15][2]/D
                                0.86           0.91 f        -0.05  (VIOLATED)
   id_stage_inst/reg_file_inst/reg_file_reg[15][3]/D
                                0.86           0.91 f        -0.05  (VIOLATED)
   id_stage_inst/reg_file_inst/reg_file_reg[15][4]/D
                                0.86           0.91 f        -0.05  (VIOLATED)
   id_stage_inst/reg_file_inst/reg_file_reg[15][5]/D
                                0.86           0.91 f        -0.05  (VIOLATED)
   id_stage_inst/reg_file_inst/reg_file_reg[15][6]/D
                                0.86           0.91 f        -0.05  (VIOLATED)
   id_stage_inst/reg_file_inst/reg_file_reg[15][7]/D
                                0.86           0.91 f        -0.05  (VIOLATED)
   id_stage_inst/reg_file_inst/reg_file_reg[15][8]/D
                                0.86           0.91 f        -0.05  (VIOLATED)
   id_stage_inst/reg_file_inst/reg_file_reg[15][9]/D
                                0.86           0.91 f        -0.05  (VIOLATED)
   id_stage_inst/reg_file_inst/reg_file_reg[15][10]/D
                                0.86           0.91 f        -0.05  (VIOLATED)
   id_stage_inst/reg_file_inst/reg_file_reg[15][11]/D
                                0.86           0.91 f        -0.05  (VIOLATED)
   id_stage_inst/reg_file_inst/reg_file_reg[15][14]/D
                                0.86           0.91 f        -0.05  (VIOLATED)
   id_stage_inst/reg_file_inst/reg_file_reg[15][15]/D
                                0.86           0.91 f        -0.05  (VIOLATED)
   id_stage_inst/reg_file_inst/reg_file_reg[15][16]/D
                                0.86           0.91 f        -0.05  (VIOLATED)
   id_stage_inst/reg_file_inst/reg_file_reg[15][17]/D
                                0.86           0.91 f        -0.05  (VIOLATED)
   id_stage_inst/reg_file_inst/reg_file_reg[15][19]/D
                                0.86           0.91 f        -0.05  (VIOLATED)
   id_stage_inst/reg_file_inst/reg_file_reg[15][20]/D
                                0.86           0.91 f        -0.05  (VIOLATED)
   id_stage_inst/reg_file_inst/reg_file_reg[15][24]/D
                                0.86           0.91 f        -0.05  (VIOLATED)
   id_stage_inst/reg_file_inst/reg_file_reg[15][25]/D
                                0.86           0.91 f        -0.05  (VIOLATED)
   id_stage_inst/reg_file_inst/reg_file_reg[15][26]/D
                                0.86           0.91 f        -0.05  (VIOLATED)
   id_stage_inst/reg_file_inst/reg_file_reg[15][27]/D
                                0.86           0.91 f        -0.05  (VIOLATED)
   id_stage_inst/reg_file_inst/reg_file_reg[15][28]/D
                                0.86           0.91 f        -0.05  (VIOLATED)
   id_stage_inst/reg_file_inst/reg_file_reg[15][29]/D
                                0.86           0.91 f        -0.05  (VIOLATED)
   id_stage_inst/reg_file_inst/reg_file_reg[15][30]/D
                                0.86           0.91 f        -0.05  (VIOLATED)
   id_stage_inst/reg_file_inst/reg_file_reg[15][31]/D
                                0.86           0.91 f        -0.05  (VIOLATED)
   R_2987/D                     0.86           0.91 f        -0.05  (VIOLATED)
   id_stage_inst/reg_file_inst/reg_file_reg[24][1]/D
                                0.86           0.91 f        -0.05  (VIOLATED)
   id_stage_inst/reg_file_inst/reg_file_reg[24][2]/D
                                0.86           0.91 f        -0.05  (VIOLATED)
   id_stage_inst/reg_file_inst/reg_file_reg[24][3]/D
                                0.86           0.91 f        -0.05  (VIOLATED)
   id_stage_inst/reg_file_inst/reg_file_reg[24][4]/D
                                0.86           0.91 f        -0.05  (VIOLATED)
   id_stage_inst/reg_file_inst/reg_file_reg[24][5]/D
                                0.86           0.91 f        -0.05  (VIOLATED)
   id_stage_inst/reg_file_inst/reg_file_reg[24][6]/D
                                0.86           0.91 f        -0.05  (VIOLATED)
   id_stage_inst/reg_file_inst/reg_file_reg[24][7]/D
                                0.86           0.91 f        -0.05  (VIOLATED)
   id_stage_inst/reg_file_inst/reg_file_reg[24][8]/D
                                0.86           0.91 f        -0.05  (VIOLATED)
   id_stage_inst/reg_file_inst/reg_file_reg[24][9]/D
                                0.86           0.91 f        -0.05  (VIOLATED)
   id_stage_inst/reg_file_inst/reg_file_reg[24][10]/D
                                0.86           0.91 f        -0.05  (VIOLATED)
   id_stage_inst/reg_file_inst/reg_file_reg[24][11]/D
                                0.86           0.91 f        -0.05  (VIOLATED)
   id_stage_inst/reg_file_inst/reg_file_reg[24][12]/D
                                0.86           0.91 f        -0.05  (VIOLATED)
   id_stage_inst/reg_file_inst/reg_file_reg[24][13]/D
                                0.86           0.91 f        -0.05  (VIOLATED)
   id_stage_inst/reg_file_inst/reg_file_reg[24][14]/D
                                0.86           0.91 f        -0.05  (VIOLATED)
   id_stage_inst/reg_file_inst/reg_file_reg[24][15]/D
                                0.86           0.91 f        -0.05  (VIOLATED)
   id_stage_inst/reg_file_inst/reg_file_reg[24][16]/D
                                0.86           0.91 f        -0.05  (VIOLATED)
   id_stage_inst/reg_file_inst/reg_file_reg[24][17]/D
                                0.86           0.91 f        -0.05  (VIOLATED)
   id_stage_inst/reg_file_inst/reg_file_reg[24][18]/D
                                0.86           0.91 f        -0.05  (VIOLATED)
   id_stage_inst/reg_file_inst/reg_file_reg[24][19]/D
                                0.86           0.91 f        -0.05  (VIOLATED)
   id_stage_inst/reg_file_inst/reg_file_reg[24][20]/D
                                0.86           0.91 f        -0.05  (VIOLATED)
   id_stage_inst/reg_file_inst/reg_file_reg[24][21]/D
                                0.86           0.91 f        -0.05  (VIOLATED)
   id_stage_inst/reg_file_inst/reg_file_reg[24][22]/D
                                0.86           0.91 f        -0.05  (VIOLATED)
   id_stage_inst/reg_file_inst/reg_file_reg[24][23]/D
                                0.86           0.91 f        -0.05  (VIOLATED)
   id_stage_inst/reg_file_inst/reg_file_reg[24][24]/D
                                0.86           0.91 f        -0.05  (VIOLATED)
   id_stage_inst/reg_file_inst/reg_file_reg[24][25]/D
                                0.86           0.91 f        -0.05  (VIOLATED)
   id_stage_inst/reg_file_inst/reg_file_reg[24][26]/D
                                0.86           0.91 f        -0.05  (VIOLATED)
   id_stage_inst/reg_file_inst/reg_file_reg[24][27]/D
                                0.86           0.91 f        -0.05  (VIOLATED)
   id_stage_inst/reg_file_inst/reg_file_reg[24][28]/D
                                0.86           0.91 f        -0.05  (VIOLATED)
   id_stage_inst/reg_file_inst/reg_file_reg[24][29]/D
                                0.86           0.91 f        -0.05  (VIOLATED)
   id_stage_inst/reg_file_inst/reg_file_reg[24][30]/D
                                0.86           0.91 f        -0.05  (VIOLATED)
   id_stage_inst/reg_file_inst/reg_file_reg[24][31]/D
                                0.86           0.91 f        -0.05  (VIOLATED)
   R_35/D                       0.86           0.91 f        -0.05  (VIOLATED)
   id_stage_inst/reg_file_inst/reg_file_reg[16][8]/D
                                0.82           0.86 f        -0.04  (VIOLATED)
   hazard_unit_inst/mul_reservation_s_reg/D
                                0.86           0.90 f        -0.04  (VIOLATED)
   if_stage_inst/btb_inst/R_3285/D
                                0.87           0.91 r        -0.04  (VIOLATED)
   R_2922/D                     0.86           0.89 f        -0.04  (VIOLATED)
   mem_stage_inst/rd_data_reg/reg_data_reg[6]/D
                                0.83           0.86 r        -0.03  (VIOLATED)
   mem_stage_inst/rd_data_reg/reg_data_reg[8]/D
                                0.86           0.90 r        -0.03  (VIOLATED)
   mem_stage_inst/rd_data_reg/reg_data_reg[9]/D
                                0.86           0.90 r        -0.03  (VIOLATED)
   mem_stage_inst/rd_data_reg/reg_data_reg[13]/D
                                0.86           0.90 r        -0.03  (VIOLATED)
   mem_stage_inst/rd_data_reg/reg_data_reg[18]/D
                                0.86           0.90 r        -0.03  (VIOLATED)
   mem_stage_inst/rd_data_reg/reg_data_reg[19]/D
                                0.86           0.90 r        -0.03  (VIOLATED)
   mem_stage_inst/rd_data_reg/reg_data_reg[20]/D
                                0.86           0.90 r        -0.03  (VIOLATED)
   mem_stage_inst/rd_data_reg/reg_data_reg[21]/D
                                0.86           0.90 r        -0.03  (VIOLATED)
   mem_stage_inst/rd_data_reg/reg_data_reg[22]/D
                                0.86           0.90 r        -0.03  (VIOLATED)
   mem_stage_inst/rd_data_reg/reg_data_reg[23]/D
                                0.86           0.90 r        -0.03  (VIOLATED)
   mem_stage_inst/rd_data_reg/reg_data_reg[24]/D
                                0.86           0.90 r        -0.03  (VIOLATED)
   mem_stage_inst/rd_data_reg/reg_data_reg[25]/D
                                0.86           0.90 r        -0.03  (VIOLATED)
   mem_stage_inst/rd_data_reg/reg_data_reg[26]/D
                                0.86           0.90 r        -0.03  (VIOLATED)
   mem_stage_inst/rd_data_reg/reg_data_reg[27]/D
                                0.86           0.90 r        -0.03  (VIOLATED)
   mem_stage_inst/rd_data_reg/reg_data_reg[28]/D
                                0.86           0.90 r        -0.03  (VIOLATED)
   mem_stage_inst/rd_data_reg/reg_data_reg[29]/D
                                0.86           0.90 r        -0.03  (VIOLATED)
   mem_stage_inst/rd_data_reg/reg_data_reg[30]/D
                                0.86           0.90 r        -0.03  (VIOLATED)
   mem_stage_inst/rd_data_reg/reg_data_reg[31]/D
                                0.86           0.90 r        -0.03  (VIOLATED)
   R_411/D                      0.86           0.89 f        -0.03  (VIOLATED)
   mem_stage_inst/rd_data_reg/reg_data_reg[11]/D
                                0.87           0.90 r        -0.03  (VIOLATED)
   mem_stage_inst/rd_data_reg/reg_data_reg[12]/D
                                0.87           0.90 r        -0.03  (VIOLATED)
   mem_stage_inst/rd_data_reg/reg_data_reg[14]/D
                                0.87           0.90 r        -0.03  (VIOLATED)
   mem_stage_inst/rd_data_reg/reg_data_reg[15]/D
                                0.87           0.90 r        -0.03  (VIOLATED)
   mem_stage_inst/rd_data_reg/reg_data_reg[16]/D
                                0.87           0.90 r        -0.03  (VIOLATED)
   mem_stage_inst/rd_data_reg/reg_data_reg[17]/D
                                0.87           0.90 r        -0.03  (VIOLATED)
   R_381/D                      0.86           0.89 f        -0.03  (VIOLATED)
   id_stage_inst/reg_file_inst/reg_file_reg[11][30]/D
                                0.82           0.85 f        -0.03  (VIOLATED)
   id_stage_inst/reg_file_inst/reg_file_reg[11][1]/D
                                0.82           0.85 f        -0.03  (VIOLATED)
   R_365/D                      0.86           0.88 f        -0.03  (VIOLATED)
   id_stage_inst/reg_file_inst/reg_file_reg[16][0]/D
                                0.85           0.88 f        -0.02  (VIOLATED)
   id_stage_inst/reg_file_inst/reg_file_reg[24][0]/D
                                0.85           0.87 f        -0.02  (VIOLATED)
   id_stage_inst/reg_file_inst/reg_file_reg[14][0]/SE
                                0.81           0.83 f        -0.02  (VIOLATED)
   R_383/D                      0.86           0.87 f        -0.02  (VIOLATED)
   id_stage_inst/reg_file_inst/reg_file_reg[14][1]/D
                                0.86           0.87 f        -0.02  (VIOLATED)
   id_stage_inst/reg_file_inst/reg_file_reg[14][2]/D
                                0.86           0.87 f        -0.02  (VIOLATED)
   id_stage_inst/reg_file_inst/reg_file_reg[14][3]/D
                                0.86           0.87 f        -0.02  (VIOLATED)
   id_stage_inst/reg_file_inst/reg_file_reg[14][4]/D
                                0.86           0.87 f        -0.02  (VIOLATED)
   id_stage_inst/reg_file_inst/reg_file_reg[14][5]/D
                                0.86           0.87 f        -0.02  (VIOLATED)
   id_stage_inst/reg_file_inst/reg_file_reg[14][6]/D
                                0.86           0.87 f        -0.02  (VIOLATED)
   id_stage_inst/reg_file_inst/reg_file_reg[14][7]/D
                                0.86           0.87 f        -0.02  (VIOLATED)
   id_stage_inst/reg_file_inst/reg_file_reg[14][8]/D
                                0.86           0.87 f        -0.02  (VIOLATED)
   id_stage_inst/reg_file_inst/reg_file_reg[14][9]/D
                                0.86           0.87 f        -0.02  (VIOLATED)
   id_stage_inst/reg_file_inst/reg_file_reg[14][10]/D
                                0.86           0.87 f        -0.02  (VIOLATED)
   id_stage_inst/reg_file_inst/reg_file_reg[14][11]/D
                                0.86           0.87 f        -0.02  (VIOLATED)
   id_stage_inst/reg_file_inst/reg_file_reg[14][12]/D
                                0.86           0.87 f        -0.02  (VIOLATED)
   id_stage_inst/reg_file_inst/reg_file_reg[14][13]/D
                                0.86           0.87 f        -0.02  (VIOLATED)
   id_stage_inst/reg_file_inst/reg_file_reg[14][14]/D
                                0.86           0.87 f        -0.02  (VIOLATED)
   id_stage_inst/reg_file_inst/reg_file_reg[14][15]/D
                                0.86           0.87 f        -0.02  (VIOLATED)
   id_stage_inst/reg_file_inst/reg_file_reg[14][16]/D
                                0.86           0.87 f        -0.02  (VIOLATED)
   id_stage_inst/reg_file_inst/reg_file_reg[14][17]/D
                                0.86           0.87 f        -0.02  (VIOLATED)
   id_stage_inst/reg_file_inst/reg_file_reg[14][18]/D
                                0.86           0.87 f        -0.02  (VIOLATED)
   id_stage_inst/reg_file_inst/reg_file_reg[14][19]/D
                                0.86           0.87 f        -0.02  (VIOLATED)
   id_stage_inst/reg_file_inst/reg_file_reg[14][20]/D
                                0.86           0.87 f        -0.02  (VIOLATED)
   id_stage_inst/reg_file_inst/reg_file_reg[14][21]/D
                                0.86           0.87 f        -0.02  (VIOLATED)
   id_stage_inst/reg_file_inst/reg_file_reg[14][22]/D
                                0.86           0.87 f        -0.02  (VIOLATED)
   id_stage_inst/reg_file_inst/reg_file_reg[14][23]/D
                                0.86           0.87 f        -0.02  (VIOLATED)
   id_stage_inst/reg_file_inst/reg_file_reg[14][24]/D
                                0.86           0.87 f        -0.02  (VIOLATED)
   id_stage_inst/reg_file_inst/reg_file_reg[14][25]/D
                                0.86           0.87 f        -0.02  (VIOLATED)
   id_stage_inst/reg_file_inst/reg_file_reg[14][26]/D
                                0.86           0.87 f        -0.02  (VIOLATED)
   id_stage_inst/reg_file_inst/reg_file_reg[14][27]/D
                                0.86           0.87 f        -0.02  (VIOLATED)
   id_stage_inst/reg_file_inst/reg_file_reg[14][28]/D
                                0.86           0.87 f        -0.02  (VIOLATED)
   id_stage_inst/reg_file_inst/reg_file_reg[14][29]/D
                                0.86           0.87 f        -0.02  (VIOLATED)
   id_stage_inst/reg_file_inst/reg_file_reg[14][30]/D
                                0.86           0.87 f        -0.02  (VIOLATED)
   id_stage_inst/reg_file_inst/reg_file_reg[14][31]/D
                                0.86           0.87 f        -0.02  (VIOLATED)
   id_stage_inst/reg_file_inst/reg_file_reg[13][1]/D
                                0.86           0.87 f        -0.01  (VIOLATED)
   id_stage_inst/reg_file_inst/reg_file_reg[13][2]/D
                                0.86           0.87 f        -0.01  (VIOLATED)
   id_stage_inst/reg_file_inst/reg_file_reg[13][3]/D
                                0.86           0.87 f        -0.01  (VIOLATED)
   id_stage_inst/reg_file_inst/reg_file_reg[13][4]/D
                                0.86           0.87 f        -0.01  (VIOLATED)
   id_stage_inst/reg_file_inst/reg_file_reg[13][5]/D
                                0.86           0.87 f        -0.01  (VIOLATED)
   id_stage_inst/reg_file_inst/reg_file_reg[13][6]/D
                                0.86           0.87 f        -0.01  (VIOLATED)
   id_stage_inst/reg_file_inst/reg_file_reg[13][7]/D
                                0.86           0.87 f        -0.01  (VIOLATED)
   id_stage_inst/reg_file_inst/reg_file_reg[13][8]/D
                                0.86           0.87 f        -0.01  (VIOLATED)
   id_stage_inst/reg_file_inst/reg_file_reg[13][9]/D
                                0.86           0.87 f        -0.01  (VIOLATED)
   id_stage_inst/reg_file_inst/reg_file_reg[13][10]/D
                                0.86           0.87 f        -0.01  (VIOLATED)
   id_stage_inst/reg_file_inst/reg_file_reg[13][11]/D
                                0.86           0.87 f        -0.01  (VIOLATED)
   id_stage_inst/reg_file_inst/reg_file_reg[13][12]/D
                                0.86           0.87 f        -0.01  (VIOLATED)
   id_stage_inst/reg_file_inst/reg_file_reg[13][13]/D
                                0.86           0.87 f        -0.01  (VIOLATED)
   id_stage_inst/reg_file_inst/reg_file_reg[13][14]/D
                                0.86           0.87 f        -0.01  (VIOLATED)
   id_stage_inst/reg_file_inst/reg_file_reg[13][15]/D
                                0.86           0.87 f        -0.01  (VIOLATED)
   id_stage_inst/reg_file_inst/reg_file_reg[13][16]/D
                                0.86           0.87 f        -0.01  (VIOLATED)
   id_stage_inst/reg_file_inst/reg_file_reg[13][17]/D
                                0.86           0.87 f        -0.01  (VIOLATED)
   id_stage_inst/reg_file_inst/reg_file_reg[13][18]/D
                                0.86           0.87 f        -0.01  (VIOLATED)
   id_stage_inst/reg_file_inst/reg_file_reg[13][19]/D
                                0.86           0.87 f        -0.01  (VIOLATED)
   id_stage_inst/reg_file_inst/reg_file_reg[13][20]/D
                                0.86           0.87 f        -0.01  (VIOLATED)
   id_stage_inst/reg_file_inst/reg_file_reg[13][21]/D
                                0.86           0.87 f        -0.01  (VIOLATED)
   id_stage_inst/reg_file_inst/reg_file_reg[13][22]/D
                                0.86           0.87 f        -0.01  (VIOLATED)
   id_stage_inst/reg_file_inst/reg_file_reg[13][23]/D
                                0.86           0.87 f        -0.01  (VIOLATED)
   id_stage_inst/reg_file_inst/reg_file_reg[13][24]/D
                                0.86           0.87 f        -0.01  (VIOLATED)
   id_stage_inst/reg_file_inst/reg_file_reg[13][25]/D
                                0.86           0.87 f        -0.01  (VIOLATED)
   id_stage_inst/reg_file_inst/reg_file_reg[13][26]/D
                                0.86           0.87 f        -0.01  (VIOLATED)
   id_stage_inst/reg_file_inst/reg_file_reg[13][27]/D
                                0.86           0.87 f        -0.01  (VIOLATED)
   id_stage_inst/reg_file_inst/reg_file_reg[13][28]/D
                                0.86           0.87 f        -0.01  (VIOLATED)
   id_stage_inst/reg_file_inst/reg_file_reg[13][29]/D
                                0.86           0.87 f        -0.01  (VIOLATED)
   id_stage_inst/reg_file_inst/reg_file_reg[13][30]/D
                                0.86           0.87 f        -0.01  (VIOLATED)
   id_stage_inst/reg_file_inst/reg_file_reg[13][31]/D
                                0.86           0.87 f        -0.01  (VIOLATED)
   R_3083/D                     0.87           0.88 r        -0.01  (VIOLATED)
   id_stage_inst/reg_file_inst/R_3208/D
                                0.86           0.86 f        -0.01  (VIOLATED)
   R_377/D                      0.86           0.87 r        -0.01  (VIOLATED)
   id_stage_inst/reg_file_inst/reg_file_reg[10][15]/SE
                                0.81           0.82 r        -0.01  (VIOLATED)
   id_stage_inst/reg_file_inst/reg_file_reg[9][29]/D
                                0.87           0.87 r         0.00  (VIOLATED: increase significant digits)
   id_stage_inst/reg_file_inst/reg_file_reg[9][27]/D
                                0.87           0.87 r         0.00  (VIOLATED: increase significant digits)
   id_stage_inst/reg_file_inst/reg_file_reg[9][28]/D
                                0.87           0.87 r         0.00  (VIOLATED: increase significant digits)
   id_stage_inst/reg_file_inst/reg_file_reg[9][26]/D
                                0.87           0.87 r         0.00  (VIOLATED: increase significant digits)
   id_stage_inst/reg_file_inst/reg_file_reg[9][30]/D
                                0.87           0.87 r         0.00  (VIOLATED: increase significant digits)
   id_stage_inst/reg_file_inst/reg_file_reg[9][25]/D
                                0.87           0.87 r         0.00  (VIOLATED: increase significant digits)
   id_stage_inst/reg_file_inst/reg_file_reg[9][31]/D
                                0.87           0.87 r         0.00  (VIOLATED: increase significant digits)
   id_stage_inst/reg_file_inst/reg_file_reg[9][21]/D
                                0.87           0.87 r         0.00  (VIOLATED: increase significant digits)
   id_stage_inst/reg_file_inst/reg_file_reg[9][2]/D
                                0.87           0.87 r         0.00  (VIOLATED: increase significant digits)
   id_stage_inst/reg_file_inst/reg_file_reg[9][4]/D
                                0.87           0.87 r         0.00  (VIOLATED: increase significant digits)
   id_stage_inst/reg_file_inst/reg_file_reg[9][0]/D
                                0.87           0.87 r         0.00  (VIOLATED: increase significant digits)
   id_stage_inst/reg_file_inst/reg_file_reg[9][1]/D
                                0.87           0.87 r         0.00  (VIOLATED: increase significant digits)
   id_stage_inst/reg_file_inst/reg_file_reg[9][15]/D
                                0.87           0.87 r         0.00  (VIOLATED: increase significant digits)
   id_stage_inst/reg_file_inst/reg_file_reg[9][17]/D
                                0.87           0.87 r         0.00  (VIOLATED: increase significant digits)
   id_stage_inst/reg_file_inst/reg_file_reg[9][11]/D
                                0.87           0.87 r         0.00  (VIOLATED: increase significant digits)
   id_stage_inst/reg_file_inst/reg_file_reg[9][14]/D
                                0.87           0.87 r         0.00  (VIOLATED: increase significant digits)
   id_stage_inst/reg_file_inst/reg_file_reg[9][16]/D
                                0.87           0.87 r         0.00  (VIOLATED: increase significant digits)
   id_stage_inst/reg_file_inst/reg_file_reg[9][3]/D
                                0.87           0.87 r         0.00  (VIOLATED: increase significant digits)
   id_stage_inst/reg_file_inst/reg_file_reg[9][5]/D
                                0.87           0.87 r         0.00  (VIOLATED: increase significant digits)
   id_stage_inst/reg_file_inst/reg_file_reg[9][6]/D
                                0.87           0.87 r         0.00  (VIOLATED: increase significant digits)
   id_stage_inst/reg_file_inst/reg_file_reg[9][7]/D
                                0.87           0.87 r         0.00  (VIOLATED: increase significant digits)
   id_stage_inst/reg_file_inst/reg_file_reg[9][8]/D
                                0.87           0.87 r         0.00  (VIOLATED: increase significant digits)
   id_stage_inst/reg_file_inst/reg_file_reg[9][9]/D
                                0.87           0.87 r         0.00  (VIOLATED: increase significant digits)
   id_stage_inst/reg_file_inst/reg_file_reg[9][10]/D
                                0.87           0.87 r         0.00  (VIOLATED: increase significant digits)
   id_stage_inst/reg_file_inst/reg_file_reg[9][12]/D
                                0.87           0.87 r         0.00  (VIOLATED: increase significant digits)
   id_stage_inst/reg_file_inst/reg_file_reg[9][13]/D
                                0.87           0.87 r         0.00  (VIOLATED: increase significant digits)
   id_stage_inst/reg_file_inst/reg_file_reg[9][18]/D
                                0.87           0.87 r         0.00  (VIOLATED: increase significant digits)
   id_stage_inst/reg_file_inst/reg_file_reg[9][19]/D
                                0.87           0.87 r         0.00  (VIOLATED: increase significant digits)
   id_stage_inst/reg_file_inst/reg_file_reg[9][20]/D
                                0.87           0.87 r         0.00  (VIOLATED: increase significant digits)
   id_stage_inst/reg_file_inst/reg_file_reg[9][22]/D
                                0.87           0.87 r         0.00  (VIOLATED: increase significant digits)
   id_stage_inst/reg_file_inst/reg_file_reg[9][23]/D
                                0.87           0.87 r         0.00  (VIOLATED: increase significant digits)
   id_stage_inst/reg_file_inst/reg_file_reg[9][24]/D
                                0.87           0.87 r         0.00  (VIOLATED: increase significant digits)
   mem_stage_inst/rd_data_reg/reg_data_reg[1]/D
                                0.87           0.87 r         0.00  (VIOLATED: increase significant digits)


   max_leakage_power

                             Required        Actual
   Design                   Leakage Power  Leakage Power     Slack
   -----------------------------------------------------------------
   dlx                          0.00       763621.94      -763621.94
                                                                    (VIOLATED)


1
