Information: Updating design information... (UID-85)
 
****************************************
Report : timing
        -path full
        -delay max
        -nworst 5
        -max_paths 20
Design : dlx
Version: W-2024.09-SP2
Date   : Wed Sep 16 14:13:43 2026
****************************************

Operating Conditions: typical   Library: NangateOpenCellLibrary
Wire Load Model Mode: top

  Startpoint: ex_stage_inst/rd_addr_reg/reg_data_reg[1]
              (rising edge-triggered flip-flop clocked by clk)
  Endpoint: if_stage_inst/predicted_target_reg/reg_data_reg[15]
            (rising edge-triggered flip-flop clocked by clk)
  Path Group: clk
  Path Type: max

  Des/Clust/Port     Wire Load Model       Library
  ------------------------------------------------
  dlx                5K_hvratio_1_1        NangateOpenCellLibrary

  Point                                                   Incr       Path
  --------------------------------------------------------------------------
  clock clk (rise edge)                                   0.00       0.00
  clock network delay (ideal)                             0.00       0.00
  ex_stage_inst/rd_addr_reg/reg_data_reg[1]/CK (DFF_X1)
                                                          0.00       0.00 r
  ex_stage_inst/rd_addr_reg/reg_data_reg[1]/Q (DFF_X1)
                                                          0.09       0.09 r
  U6676/ZN (XNOR2_X1)                                     0.06       0.14 r
  U6056/ZN (AND2_X1)                                      0.05       0.19 r
  U5408/ZN (AND4_X1)                                      0.06       0.25 r
  U6683/ZN (NAND2_X1)                                     0.03       0.28 f
  U5550/ZN (OR2_X1)                                       0.05       0.34 f
  U6705/ZN (OAI211_X1)                                    0.04       0.38 r
  U6718/ZN (OR2_X2)                                       0.06       0.44 r
  U6729/ZN (NAND2_X1)                                     0.04       0.47 f
  U7273/ZN (OAI21_X1)                                     0.04       0.52 r
  U5547/ZN (NAND2_X1)                                     0.03       0.55 f
  U5549/ZN (NAND3_X1)                                     0.04       0.58 r
  U6140/ZN (NOR2_X1)                                      0.02       0.61 f
  U5340/ZN (OR2_X1)                                       0.05       0.66 f
  U6164/ZN (NAND2_X1)                                     0.04       0.70 r
  U13676/ZN (NAND2_X1)                                    0.03       0.73 f
  U9173/ZN (NAND2_X1)                                     0.03       0.76 r
  U5298/ZN (AOI21_X1)                                     0.03       0.79 f
  U6332/ZN (NAND2_X1)                                     0.03       0.82 r
  U5518/ZN (NAND3_X1)                                     0.04       0.86 f
  U6202/ZN (NAND2_X1)                                     0.04       0.90 r
  U7287/ZN (NAND3_X1)                                     0.04       0.94 f
  U5129/ZN (AND2_X1)                                      0.04       0.98 f
  U6334/ZN (NAND2_X1)                                     0.03       1.01 r
  U6335/ZN (NAND2_X1)                                     0.03       1.04 f
  U9138/ZN (NAND2_X1)                                     0.03       1.07 r
  U6722/ZN (XNOR2_X1)                                     0.06       1.13 r
  U5293/ZN (AND4_X2)                                      0.06       1.19 r
  U5523/ZN (AND4_X1)                                      0.06       1.25 r
  U6187/ZN (OAI21_X1)                                     0.03       1.29 f
  U6181/ZN (OAI21_X1)                                     0.05       1.33 r
  U6305/ZN (NAND4_X1)                                     0.04       1.38 f
  U6304/ZN (NAND2_X1)                                     0.04       1.41 r
  U6165/ZN (NAND2_X1)                                     0.03       1.45 f
  U6186/ZN (OAI21_X1)                                     0.05       1.50 r
  U5483/ZN (NAND4_X1)                                     0.05       1.55 f
  U5474/ZN (NAND2_X1)                                     0.04       1.58 r
  U5473/ZN (NAND2_X1)                                     0.03       1.61 f
  U6031/ZN (OAI211_X1)                                    0.04       1.66 r
  U11312/ZN (INV_X1)                                      0.04       1.69 f
  U5301/ZN (AND2_X2)                                      0.05       1.74 f
  U6036/Z (BUF_X2)                                        0.05       1.80 f
  U11887/ZN (AOI22_X1)                                    0.05       1.85 r
  U11888/ZN (OAI211_X1)                                   0.05       1.89 f
  if_stage_inst/predicted_target_reg/reg_data_reg[15]/D (DFF_X2)
                                                          0.01       1.90 f
  data arrival time                                                  1.90

  clock clk (rise edge)                                   1.80       1.80
  clock network delay (ideal)                             0.00       1.80
  if_stage_inst/predicted_target_reg/reg_data_reg[15]/CK (DFF_X2)
                                                          0.00       1.80 r
  library setup time                                     -0.05       1.75
  data required time                                                 1.75
  --------------------------------------------------------------------------
  data required time                                                 1.75
  data arrival time                                                 -1.90
  --------------------------------------------------------------------------
  slack (VIOLATED)                                                  -0.15


  Startpoint: ex_stage_inst/rd_addr_reg/reg_data_reg[1]
              (rising edge-triggered flip-flop clocked by clk)
  Endpoint: if_stage_inst/pc_reg_inst/reg_data_reg[15]
            (rising edge-triggered flip-flop clocked by clk)
  Path Group: clk
  Path Type: max

  Des/Clust/Port     Wire Load Model       Library
  ------------------------------------------------
  dlx                5K_hvratio_1_1        NangateOpenCellLibrary

  Point                                                   Incr       Path
  --------------------------------------------------------------------------
  clock clk (rise edge)                                   0.00       0.00
  clock network delay (ideal)                             0.00       0.00
  ex_stage_inst/rd_addr_reg/reg_data_reg[1]/CK (DFF_X1)
                                                          0.00       0.00 r
  ex_stage_inst/rd_addr_reg/reg_data_reg[1]/Q (DFF_X1)
                                                          0.09       0.09 r
  U6676/ZN (XNOR2_X1)                                     0.06       0.14 r
  U6056/ZN (AND2_X1)                                      0.05       0.19 r
  U5408/ZN (AND4_X1)                                      0.06       0.25 r
  U6683/ZN (NAND2_X1)                                     0.03       0.28 f
  U5550/ZN (OR2_X1)                                       0.05       0.34 f
  U6705/ZN (OAI211_X1)                                    0.04       0.38 r
  U6718/ZN (OR2_X2)                                       0.06       0.44 r
  U6729/ZN (NAND2_X1)                                     0.04       0.47 f
  U7273/ZN (OAI21_X1)                                     0.04       0.52 r
  U5547/ZN (NAND2_X1)                                     0.03       0.55 f
  U5549/ZN (NAND3_X1)                                     0.04       0.58 r
  U6140/ZN (NOR2_X1)                                      0.02       0.61 f
  U5340/ZN (OR2_X1)                                       0.05       0.66 f
  U6164/ZN (NAND2_X1)                                     0.04       0.70 r
  U13676/ZN (NAND2_X1)                                    0.03       0.73 f
  U9173/ZN (NAND2_X1)                                     0.03       0.76 r
  U5298/ZN (AOI21_X1)                                     0.03       0.79 f
  U6332/ZN (NAND2_X1)                                     0.03       0.82 r
  U5518/ZN (NAND3_X1)                                     0.04       0.86 f
  U6202/ZN (NAND2_X1)                                     0.04       0.90 r
  U7287/ZN (NAND3_X1)                                     0.04       0.94 f
  U5129/ZN (AND2_X1)                                      0.04       0.98 f
  U6334/ZN (NAND2_X1)                                     0.03       1.01 r
  U6335/ZN (NAND2_X1)                                     0.03       1.04 f
  U9138/ZN (NAND2_X1)                                     0.03       1.07 r
  U6722/ZN (XNOR2_X1)                                     0.06       1.13 r
  U5293/ZN (AND4_X2)                                      0.06       1.19 r
  U5523/ZN (AND4_X1)                                      0.06       1.25 r
  U6187/ZN (OAI21_X1)                                     0.03       1.29 f
  U6181/ZN (OAI21_X1)                                     0.05       1.33 r
  U6305/ZN (NAND4_X1)                                     0.04       1.38 f
  U6304/ZN (NAND2_X1)                                     0.04       1.41 r
  U6165/ZN (NAND2_X1)                                     0.03       1.45 f
  U6186/ZN (OAI21_X1)                                     0.05       1.50 r
  U5483/ZN (NAND4_X1)                                     0.05       1.55 f
  U5474/ZN (NAND2_X1)                                     0.04       1.58 r
  U5473/ZN (NAND2_X1)                                     0.03       1.61 f
  U6031/ZN (OAI211_X1)                                    0.04       1.66 r
  U11312/ZN (INV_X1)                                      0.04       1.69 f
  U5301/ZN (AND2_X2)                                      0.05       1.74 f
  U6036/Z (BUF_X2)                                        0.05       1.80 f
  U11887/ZN (AOI22_X1)                                    0.05       1.85 r
  U11888/ZN (OAI211_X1)                                   0.05       1.89 f
  if_stage_inst/pc_reg_inst/reg_data_reg[15]/D (DFF_X2)
                                                          0.01       1.90 f
  data arrival time                                                  1.90

  clock clk (rise edge)                                   1.80       1.80
  clock network delay (ideal)                             0.00       1.80
  if_stage_inst/pc_reg_inst/reg_data_reg[15]/CK (DFF_X2)
                                                          0.00       1.80 r
  library setup time                                     -0.05       1.75
  data required time                                                 1.75
  --------------------------------------------------------------------------
  data required time                                                 1.75
  data arrival time                                                 -1.90
  --------------------------------------------------------------------------
  slack (VIOLATED)                                                  -0.15


  Startpoint: ex_stage_inst/rd_addr_reg/reg_data_reg[1]
              (rising edge-triggered flip-flop clocked by clk)
  Endpoint: if_stage_inst/predicted_target_reg/reg_data_reg[21]
            (rising edge-triggered flip-flop clocked by clk)
  Path Group: clk
  Path Type: max

  Des/Clust/Port     Wire Load Model       Library
  ------------------------------------------------
  dlx                5K_hvratio_1_1        NangateOpenCellLibrary

  Point                                                   Incr       Path
  --------------------------------------------------------------------------
  clock clk (rise edge)                                   0.00       0.00
  clock network delay (ideal)                             0.00       0.00
  ex_stage_inst/rd_addr_reg/reg_data_reg[1]/CK (DFF_X1)
                                                          0.00       0.00 r
  ex_stage_inst/rd_addr_reg/reg_data_reg[1]/Q (DFF_X1)
                                                          0.09       0.09 r
  U6676/ZN (XNOR2_X1)                                     0.06       0.14 r
  U6056/ZN (AND2_X1)                                      0.05       0.19 r
  U5408/ZN (AND4_X1)                                      0.06       0.25 r
  U6683/ZN (NAND2_X1)                                     0.03       0.28 f
  U5550/ZN (OR2_X1)                                       0.05       0.34 f
  U6705/ZN (OAI211_X1)                                    0.04       0.38 r
  U6718/ZN (OR2_X2)                                       0.06       0.44 r
  U6729/ZN (NAND2_X1)                                     0.04       0.47 f
  U7273/ZN (OAI21_X1)                                     0.04       0.52 r
  U5547/ZN (NAND2_X1)                                     0.03       0.55 f
  U5549/ZN (NAND3_X1)                                     0.04       0.58 r
  U6140/ZN (NOR2_X1)                                      0.02       0.61 f
  U5340/ZN (OR2_X1)                                       0.05       0.66 f
  U6164/ZN (NAND2_X1)                                     0.04       0.70 r
  U13676/ZN (NAND2_X1)                                    0.03       0.73 f
  U9173/ZN (NAND2_X1)                                     0.03       0.76 r
  U5298/ZN (AOI21_X1)                                     0.03       0.79 f
  U6332/ZN (NAND2_X1)                                     0.03       0.82 r
  U5518/ZN (NAND3_X1)                                     0.04       0.86 f
  U6202/ZN (NAND2_X1)                                     0.04       0.90 r
  U7287/ZN (NAND3_X1)                                     0.04       0.94 f
  U5129/ZN (AND2_X1)                                      0.04       0.98 f
  U6334/ZN (NAND2_X1)                                     0.03       1.01 r
  U6335/ZN (NAND2_X1)                                     0.03       1.04 f
  U9138/ZN (NAND2_X1)                                     0.03       1.07 r
  U6722/ZN (XNOR2_X1)                                     0.06       1.13 r
  U5293/ZN (AND4_X2)                                      0.06       1.19 r
  U5523/ZN (AND4_X1)                                      0.06       1.25 r
  U6187/ZN (OAI21_X1)                                     0.03       1.29 f
  U6181/ZN (OAI21_X1)                                     0.05       1.33 r
  U6305/ZN (NAND4_X1)                                     0.04       1.38 f
  U6304/ZN (NAND2_X1)                                     0.04       1.41 r
  U6165/ZN (NAND2_X1)                                     0.03       1.45 f
  U6186/ZN (OAI21_X1)                                     0.05       1.50 r
  U5483/ZN (NAND4_X1)                                     0.05       1.55 f
  U5474/ZN (NAND2_X1)                                     0.04       1.58 r
  U5473/ZN (NAND2_X1)                                     0.03       1.61 f
  U6031/ZN (OAI211_X1)                                    0.04       1.66 r
  U11312/ZN (INV_X1)                                      0.04       1.69 f
  U5301/ZN (AND2_X2)                                      0.05       1.74 f
  U6036/Z (BUF_X2)                                        0.05       1.80 f
  U11965/ZN (AOI22_X1)                                    0.05       1.85 r
  U11966/ZN (OAI211_X1)                                   0.05       1.89 f
  if_stage_inst/predicted_target_reg/reg_data_reg[21]/D (DFF_X2)
                                                          0.01       1.90 f
  data arrival time                                                  1.90

  clock clk (rise edge)                                   1.80       1.80
  clock network delay (ideal)                             0.00       1.80
  if_stage_inst/predicted_target_reg/reg_data_reg[21]/CK (DFF_X2)
                                                          0.00       1.80 r
  library setup time                                     -0.05       1.75
  data required time                                                 1.75
  --------------------------------------------------------------------------
  data required time                                                 1.75
  data arrival time                                                 -1.90
  --------------------------------------------------------------------------
  slack (VIOLATED)                                                  -0.15


  Startpoint: ex_stage_inst/rd_addr_reg/reg_data_reg[1]
              (rising edge-triggered flip-flop clocked by clk)
  Endpoint: if_stage_inst/pc_reg_inst/reg_data_reg[21]
            (rising edge-triggered flip-flop clocked by clk)
  Path Group: clk
  Path Type: max

  Des/Clust/Port     Wire Load Model       Library
  ------------------------------------------------
  dlx                5K_hvratio_1_1        NangateOpenCellLibrary

  Point                                                   Incr       Path
  --------------------------------------------------------------------------
  clock clk (rise edge)                                   0.00       0.00
  clock network delay (ideal)                             0.00       0.00
  ex_stage_inst/rd_addr_reg/reg_data_reg[1]/CK (DFF_X1)
                                                          0.00       0.00 r
  ex_stage_inst/rd_addr_reg/reg_data_reg[1]/Q (DFF_X1)
                                                          0.09       0.09 r
  U6676/ZN (XNOR2_X1)                                     0.06       0.14 r
  U6056/ZN (AND2_X1)                                      0.05       0.19 r
  U5408/ZN (AND4_X1)                                      0.06       0.25 r
  U6683/ZN (NAND2_X1)                                     0.03       0.28 f
  U5550/ZN (OR2_X1)                                       0.05       0.34 f
  U6705/ZN (OAI211_X1)                                    0.04       0.38 r
  U6718/ZN (OR2_X2)                                       0.06       0.44 r
  U6729/ZN (NAND2_X1)                                     0.04       0.47 f
  U7273/ZN (OAI21_X1)                                     0.04       0.52 r
  U5547/ZN (NAND2_X1)                                     0.03       0.55 f
  U5549/ZN (NAND3_X1)                                     0.04       0.58 r
  U6140/ZN (NOR2_X1)                                      0.02       0.61 f
  U5340/ZN (OR2_X1)                                       0.05       0.66 f
  U6164/ZN (NAND2_X1)                                     0.04       0.70 r
  U13676/ZN (NAND2_X1)                                    0.03       0.73 f
  U9173/ZN (NAND2_X1)                                     0.03       0.76 r
  U5298/ZN (AOI21_X1)                                     0.03       0.79 f
  U6332/ZN (NAND2_X1)                                     0.03       0.82 r
  U5518/ZN (NAND3_X1)                                     0.04       0.86 f
  U6202/ZN (NAND2_X1)                                     0.04       0.90 r
  U7287/ZN (NAND3_X1)                                     0.04       0.94 f
  U5129/ZN (AND2_X1)                                      0.04       0.98 f
  U6334/ZN (NAND2_X1)                                     0.03       1.01 r
  U6335/ZN (NAND2_X1)                                     0.03       1.04 f
  U9138/ZN (NAND2_X1)                                     0.03       1.07 r
  U6722/ZN (XNOR2_X1)                                     0.06       1.13 r
  U5293/ZN (AND4_X2)                                      0.06       1.19 r
  U5523/ZN (AND4_X1)                                      0.06       1.25 r
  U6187/ZN (OAI21_X1)                                     0.03       1.29 f
  U6181/ZN (OAI21_X1)                                     0.05       1.33 r
  U6305/ZN (NAND4_X1)                                     0.04       1.38 f
  U6304/ZN (NAND2_X1)                                     0.04       1.41 r
  U6165/ZN (NAND2_X1)                                     0.03       1.45 f
  U6186/ZN (OAI21_X1)                                     0.05       1.50 r
  U5483/ZN (NAND4_X1)                                     0.05       1.55 f
  U5474/ZN (NAND2_X1)                                     0.04       1.58 r
  U5473/ZN (NAND2_X1)                                     0.03       1.61 f
  U6031/ZN (OAI211_X1)                                    0.04       1.66 r
  U11312/ZN (INV_X1)                                      0.04       1.69 f
  U5301/ZN (AND2_X2)                                      0.05       1.74 f
  U6036/Z (BUF_X2)                                        0.05       1.80 f
  U11965/ZN (AOI22_X1)                                    0.05       1.85 r
  U11966/ZN (OAI211_X1)                                   0.05       1.89 f
  if_stage_inst/pc_reg_inst/reg_data_reg[21]/D (DFF_X2)
                                                          0.01       1.90 f
  data arrival time                                                  1.90

  clock clk (rise edge)                                   1.80       1.80
  clock network delay (ideal)                             0.00       1.80
  if_stage_inst/pc_reg_inst/reg_data_reg[21]/CK (DFF_X2)
                                                          0.00       1.80 r
  library setup time                                     -0.05       1.75
  data required time                                                 1.75
  --------------------------------------------------------------------------
  data required time                                                 1.75
  data arrival time                                                 -1.90
  --------------------------------------------------------------------------
  slack (VIOLATED)                                                  -0.15


  Startpoint: ex_stage_inst/rd_addr_reg/reg_data_reg[1]
              (rising edge-triggered flip-flop clocked by clk)
  Endpoint: if_stage_inst/predicted_target_reg/reg_data_reg[17]
            (rising edge-triggered flip-flop clocked by clk)
  Path Group: clk
  Path Type: max

  Des/Clust/Port     Wire Load Model       Library
  ------------------------------------------------
  dlx                5K_hvratio_1_1        NangateOpenCellLibrary

  Point                                                   Incr       Path
  --------------------------------------------------------------------------
  clock clk (rise edge)                                   0.00       0.00
  clock network delay (ideal)                             0.00       0.00
  ex_stage_inst/rd_addr_reg/reg_data_reg[1]/CK (DFF_X1)
                                                          0.00       0.00 r
  ex_stage_inst/rd_addr_reg/reg_data_reg[1]/Q (DFF_X1)
                                                          0.09       0.09 r
  U6676/ZN (XNOR2_X1)                                     0.06       0.14 r
  U6056/ZN (AND2_X1)                                      0.05       0.19 r
  U5408/ZN (AND4_X1)                                      0.06       0.25 r
  U6683/ZN (NAND2_X1)                                     0.03       0.28 f
  U5550/ZN (OR2_X1)                                       0.05       0.34 f
  U6705/ZN (OAI211_X1)                                    0.04       0.38 r
  U6718/ZN (OR2_X2)                                       0.06       0.44 r
  U6729/ZN (NAND2_X1)                                     0.04       0.47 f
  U7273/ZN (OAI21_X1)                                     0.04       0.52 r
  U5547/ZN (NAND2_X1)                                     0.03       0.55 f
  U5549/ZN (NAND3_X1)                                     0.04       0.58 r
  U6140/ZN (NOR2_X1)                                      0.02       0.61 f
  U5340/ZN (OR2_X1)                                       0.05       0.66 f
  U6164/ZN (NAND2_X1)                                     0.04       0.70 r
  U13676/ZN (NAND2_X1)                                    0.03       0.73 f
  U9173/ZN (NAND2_X1)                                     0.03       0.76 r
  U5298/ZN (AOI21_X1)                                     0.03       0.79 f
  U6332/ZN (NAND2_X1)                                     0.03       0.82 r
  U5518/ZN (NAND3_X1)                                     0.04       0.86 f
  U6202/ZN (NAND2_X1)                                     0.04       0.90 r
  U7287/ZN (NAND3_X1)                                     0.04       0.94 f
  U5129/ZN (AND2_X1)                                      0.04       0.98 f
  U6334/ZN (NAND2_X1)                                     0.03       1.01 r
  U6335/ZN (NAND2_X1)                                     0.03       1.04 f
  U9138/ZN (NAND2_X1)                                     0.03       1.07 r
  U6722/ZN (XNOR2_X1)                                     0.06       1.13 r
  U5293/ZN (AND4_X2)                                      0.06       1.19 r
  U5523/ZN (AND4_X1)                                      0.06       1.25 r
  U6187/ZN (OAI21_X1)                                     0.03       1.29 f
  U6181/ZN (OAI21_X1)                                     0.05       1.33 r
  U6305/ZN (NAND4_X1)                                     0.04       1.38 f
  U6304/ZN (NAND2_X1)                                     0.04       1.41 r
  U6165/ZN (NAND2_X1)                                     0.03       1.45 f
  U6186/ZN (OAI21_X1)                                     0.05       1.50 r
  U5483/ZN (NAND4_X1)                                     0.05       1.55 f
  U5474/ZN (NAND2_X1)                                     0.04       1.58 r
  U5473/ZN (NAND2_X1)                                     0.03       1.61 f
  U6031/ZN (OAI211_X1)                                    0.04       1.66 r
  U11312/ZN (INV_X1)                                      0.04       1.69 f
  U5301/ZN (AND2_X2)                                      0.05       1.74 f
  U6034/Z (BUF_X2)                                        0.05       1.80 f
  U11939/ZN (AOI22_X1)                                    0.05       1.85 r
  U11940/ZN (OAI211_X1)                                   0.05       1.89 f
  if_stage_inst/predicted_target_reg/reg_data_reg[17]/D (DFF_X2)
                                                          0.01       1.90 f
  data arrival time                                                  1.90

  clock clk (rise edge)                                   1.80       1.80
  clock network delay (ideal)                             0.00       1.80
  if_stage_inst/predicted_target_reg/reg_data_reg[17]/CK (DFF_X2)
                                                          0.00       1.80 r
  library setup time                                     -0.05       1.75
  data required time                                                 1.75
  --------------------------------------------------------------------------
  data required time                                                 1.75
  data arrival time                                                 -1.90
  --------------------------------------------------------------------------
  slack (VIOLATED)                                                  -0.15


  Startpoint: ex_stage_inst/rd_addr_reg/reg_data_reg[1]
              (rising edge-triggered flip-flop clocked by clk)
  Endpoint: if_stage_inst/pc_reg_inst/reg_data_reg[17]
            (rising edge-triggered flip-flop clocked by clk)
  Path Group: clk
  Path Type: max

  Des/Clust/Port     Wire Load Model       Library
  ------------------------------------------------
  dlx                5K_hvratio_1_1        NangateOpenCellLibrary

  Point                                                   Incr       Path
  --------------------------------------------------------------------------
  clock clk (rise edge)                                   0.00       0.00
  clock network delay (ideal)                             0.00       0.00
  ex_stage_inst/rd_addr_reg/reg_data_reg[1]/CK (DFF_X1)
                                                          0.00       0.00 r
  ex_stage_inst/rd_addr_reg/reg_data_reg[1]/Q (DFF_X1)
                                                          0.09       0.09 r
  U6676/ZN (XNOR2_X1)                                     0.06       0.14 r
  U6056/ZN (AND2_X1)                                      0.05       0.19 r
  U5408/ZN (AND4_X1)                                      0.06       0.25 r
  U6683/ZN (NAND2_X1)                                     0.03       0.28 f
  U5550/ZN (OR2_X1)                                       0.05       0.34 f
  U6705/ZN (OAI211_X1)                                    0.04       0.38 r
  U6718/ZN (OR2_X2)                                       0.06       0.44 r
  U6729/ZN (NAND2_X1)                                     0.04       0.47 f
  U7273/ZN (OAI21_X1)                                     0.04       0.52 r
  U5547/ZN (NAND2_X1)                                     0.03       0.55 f
  U5549/ZN (NAND3_X1)                                     0.04       0.58 r
  U6140/ZN (NOR2_X1)                                      0.02       0.61 f
  U5340/ZN (OR2_X1)                                       0.05       0.66 f
  U6164/ZN (NAND2_X1)                                     0.04       0.70 r
  U13676/ZN (NAND2_X1)                                    0.03       0.73 f
  U9173/ZN (NAND2_X1)                                     0.03       0.76 r
  U5298/ZN (AOI21_X1)                                     0.03       0.79 f
  U6332/ZN (NAND2_X1)                                     0.03       0.82 r
  U5518/ZN (NAND3_X1)                                     0.04       0.86 f
  U6202/ZN (NAND2_X1)                                     0.04       0.90 r
  U7287/ZN (NAND3_X1)                                     0.04       0.94 f
  U5129/ZN (AND2_X1)                                      0.04       0.98 f
  U6334/ZN (NAND2_X1)                                     0.03       1.01 r
  U6335/ZN (NAND2_X1)                                     0.03       1.04 f
  U9138/ZN (NAND2_X1)                                     0.03       1.07 r
  U6722/ZN (XNOR2_X1)                                     0.06       1.13 r
  U5293/ZN (AND4_X2)                                      0.06       1.19 r
  U5523/ZN (AND4_X1)                                      0.06       1.25 r
  U6187/ZN (OAI21_X1)                                     0.03       1.29 f
  U6181/ZN (OAI21_X1)                                     0.05       1.33 r
  U6305/ZN (NAND4_X1)                                     0.04       1.38 f
  U6304/ZN (NAND2_X1)                                     0.04       1.41 r
  U6165/ZN (NAND2_X1)                                     0.03       1.45 f
  U6186/ZN (OAI21_X1)                                     0.05       1.50 r
  U5483/ZN (NAND4_X1)                                     0.05       1.55 f
  U5474/ZN (NAND2_X1)                                     0.04       1.58 r
  U5473/ZN (NAND2_X1)                                     0.03       1.61 f
  U6031/ZN (OAI211_X1)                                    0.04       1.66 r
  U11312/ZN (INV_X1)                                      0.04       1.69 f
  U5301/ZN (AND2_X2)                                      0.05       1.74 f
  U6034/Z (BUF_X2)                                        0.05       1.80 f
  U11939/ZN (AOI22_X1)                                    0.05       1.85 r
  U11940/ZN (OAI211_X1)                                   0.05       1.89 f
  if_stage_inst/pc_reg_inst/reg_data_reg[17]/D (DFF_X2)
                                                          0.01       1.90 f
  data arrival time                                                  1.90

  clock clk (rise edge)                                   1.80       1.80
  clock network delay (ideal)                             0.00       1.80
  if_stage_inst/pc_reg_inst/reg_data_reg[17]/CK (DFF_X2)
                                                          0.00       1.80 r
  library setup time                                     -0.05       1.75
  data required time                                                 1.75
  --------------------------------------------------------------------------
  data required time                                                 1.75
  data arrival time                                                 -1.90
  --------------------------------------------------------------------------
  slack (VIOLATED)                                                  -0.15


  Startpoint: ex_stage_inst/rd_addr_reg/reg_data_reg[1]
              (rising edge-triggered flip-flop clocked by clk)
  Endpoint: if_stage_inst/predicted_target_reg/reg_data_reg[27]
            (rising edge-triggered flip-flop clocked by clk)
  Path Group: clk
  Path Type: max

  Des/Clust/Port     Wire Load Model       Library
  ------------------------------------------------
  dlx                5K_hvratio_1_1        NangateOpenCellLibrary

  Point                                                   Incr       Path
  --------------------------------------------------------------------------
  clock clk (rise edge)                                   0.00       0.00
  clock network delay (ideal)                             0.00       0.00
  ex_stage_inst/rd_addr_reg/reg_data_reg[1]/CK (DFF_X1)
                                                          0.00       0.00 r
  ex_stage_inst/rd_addr_reg/reg_data_reg[1]/Q (DFF_X1)
                                                          0.09       0.09 r
  U6676/ZN (XNOR2_X1)                                     0.06       0.14 r
  U6056/ZN (AND2_X1)                                      0.05       0.19 r
  U5408/ZN (AND4_X1)                                      0.06       0.25 r
  U6683/ZN (NAND2_X1)                                     0.03       0.28 f
  U5550/ZN (OR2_X1)                                       0.05       0.34 f
  U6705/ZN (OAI211_X1)                                    0.04       0.38 r
  U6718/ZN (OR2_X2)                                       0.06       0.44 r
  U6729/ZN (NAND2_X1)                                     0.04       0.47 f
  U7273/ZN (OAI21_X1)                                     0.04       0.52 r
  U5547/ZN (NAND2_X1)                                     0.03       0.55 f
  U5549/ZN (NAND3_X1)                                     0.04       0.58 r
  U6140/ZN (NOR2_X1)                                      0.02       0.61 f
  U5340/ZN (OR2_X1)                                       0.05       0.66 f
  U6164/ZN (NAND2_X1)                                     0.04       0.70 r
  U13676/ZN (NAND2_X1)                                    0.03       0.73 f
  U9173/ZN (NAND2_X1)                                     0.03       0.76 r
  U5298/ZN (AOI21_X1)                                     0.03       0.79 f
  U6332/ZN (NAND2_X1)                                     0.03       0.82 r
  U5518/ZN (NAND3_X1)                                     0.04       0.86 f
  U6202/ZN (NAND2_X1)                                     0.04       0.90 r
  U7287/ZN (NAND3_X1)                                     0.04       0.94 f
  U5129/ZN (AND2_X1)                                      0.04       0.98 f
  U6334/ZN (NAND2_X1)                                     0.03       1.01 r
  U6335/ZN (NAND2_X1)                                     0.03       1.04 f
  U9138/ZN (NAND2_X1)                                     0.03       1.07 r
  U6722/ZN (XNOR2_X1)                                     0.06       1.13 r
  U5293/ZN (AND4_X2)                                      0.06       1.19 r
  U5523/ZN (AND4_X1)                                      0.06       1.25 r
  U6187/ZN (OAI21_X1)                                     0.03       1.29 f
  U6181/ZN (OAI21_X1)                                     0.05       1.33 r
  U6305/ZN (NAND4_X1)                                     0.04       1.38 f
  U6304/ZN (NAND2_X1)                                     0.04       1.41 r
  U6165/ZN (NAND2_X1)                                     0.03       1.45 f
  U6186/ZN (OAI21_X1)                                     0.05       1.50 r
  U5483/ZN (NAND4_X1)                                     0.05       1.55 f
  U5474/ZN (NAND2_X1)                                     0.04       1.58 r
  U5473/ZN (NAND2_X1)                                     0.03       1.61 f
  U6031/ZN (OAI211_X1)                                    0.04       1.66 r
  U11312/ZN (INV_X1)                                      0.04       1.69 f
  U5301/ZN (AND2_X2)                                      0.05       1.74 f
  U6034/Z (BUF_X2)                                        0.05       1.80 f
  U12071/ZN (AOI22_X1)                                    0.05       1.85 r
  U12072/ZN (OAI211_X1)                                   0.05       1.89 f
  if_stage_inst/predicted_target_reg/reg_data_reg[27]/D (DFF_X2)
                                                          0.01       1.90 f
  data arrival time                                                  1.90

  clock clk (rise edge)                                   1.80       1.80
  clock network delay (ideal)                             0.00       1.80
  if_stage_inst/predicted_target_reg/reg_data_reg[27]/CK (DFF_X2)
                                                          0.00       1.80 r
  library setup time                                     -0.05       1.75
  data required time                                                 1.75
  --------------------------------------------------------------------------
  data required time                                                 1.75
  data arrival time                                                 -1.90
  --------------------------------------------------------------------------
  slack (VIOLATED)                                                  -0.15


  Startpoint: ex_stage_inst/rd_addr_reg/reg_data_reg[1]
              (rising edge-triggered flip-flop clocked by clk)
  Endpoint: if_stage_inst/pc_reg_inst/reg_data_reg[27]
            (rising edge-triggered flip-flop clocked by clk)
  Path Group: clk
  Path Type: max

  Des/Clust/Port     Wire Load Model       Library
  ------------------------------------------------
  dlx                5K_hvratio_1_1        NangateOpenCellLibrary

  Point                                                   Incr       Path
  --------------------------------------------------------------------------
  clock clk (rise edge)                                   0.00       0.00
  clock network delay (ideal)                             0.00       0.00
  ex_stage_inst/rd_addr_reg/reg_data_reg[1]/CK (DFF_X1)
                                                          0.00       0.00 r
  ex_stage_inst/rd_addr_reg/reg_data_reg[1]/Q (DFF_X1)
                                                          0.09       0.09 r
  U6676/ZN (XNOR2_X1)                                     0.06       0.14 r
  U6056/ZN (AND2_X1)                                      0.05       0.19 r
  U5408/ZN (AND4_X1)                                      0.06       0.25 r
  U6683/ZN (NAND2_X1)                                     0.03       0.28 f
  U5550/ZN (OR2_X1)                                       0.05       0.34 f
  U6705/ZN (OAI211_X1)                                    0.04       0.38 r
  U6718/ZN (OR2_X2)                                       0.06       0.44 r
  U6729/ZN (NAND2_X1)                                     0.04       0.47 f
  U7273/ZN (OAI21_X1)                                     0.04       0.52 r
  U5547/ZN (NAND2_X1)                                     0.03       0.55 f
  U5549/ZN (NAND3_X1)                                     0.04       0.58 r
  U6140/ZN (NOR2_X1)                                      0.02       0.61 f
  U5340/ZN (OR2_X1)                                       0.05       0.66 f
  U6164/ZN (NAND2_X1)                                     0.04       0.70 r
  U13676/ZN (NAND2_X1)                                    0.03       0.73 f
  U9173/ZN (NAND2_X1)                                     0.03       0.76 r
  U5298/ZN (AOI21_X1)                                     0.03       0.79 f
  U6332/ZN (NAND2_X1)                                     0.03       0.82 r
  U5518/ZN (NAND3_X1)                                     0.04       0.86 f
  U6202/ZN (NAND2_X1)                                     0.04       0.90 r
  U7287/ZN (NAND3_X1)                                     0.04       0.94 f
  U5129/ZN (AND2_X1)                                      0.04       0.98 f
  U6334/ZN (NAND2_X1)                                     0.03       1.01 r
  U6335/ZN (NAND2_X1)                                     0.03       1.04 f
  U9138/ZN (NAND2_X1)                                     0.03       1.07 r
  U6722/ZN (XNOR2_X1)                                     0.06       1.13 r
  U5293/ZN (AND4_X2)                                      0.06       1.19 r
  U5523/ZN (AND4_X1)                                      0.06       1.25 r
  U6187/ZN (OAI21_X1)                                     0.03       1.29 f
  U6181/ZN (OAI21_X1)                                     0.05       1.33 r
  U6305/ZN (NAND4_X1)                                     0.04       1.38 f
  U6304/ZN (NAND2_X1)                                     0.04       1.41 r
  U6165/ZN (NAND2_X1)                                     0.03       1.45 f
  U6186/ZN (OAI21_X1)                                     0.05       1.50 r
  U5483/ZN (NAND4_X1)                                     0.05       1.55 f
  U5474/ZN (NAND2_X1)                                     0.04       1.58 r
  U5473/ZN (NAND2_X1)                                     0.03       1.61 f
  U6031/ZN (OAI211_X1)                                    0.04       1.66 r
  U11312/ZN (INV_X1)                                      0.04       1.69 f
  U5301/ZN (AND2_X2)                                      0.05       1.74 f
  U6034/Z (BUF_X2)                                        0.05       1.80 f
  U12071/ZN (AOI22_X1)                                    0.05       1.85 r
  U12072/ZN (OAI211_X1)                                   0.05       1.89 f
  if_stage_inst/pc_reg_inst/reg_data_reg[27]/D (DFF_X2)
                                                          0.01       1.90 f
  data arrival time                                                  1.90

  clock clk (rise edge)                                   1.80       1.80
  clock network delay (ideal)                             0.00       1.80
  if_stage_inst/pc_reg_inst/reg_data_reg[27]/CK (DFF_X2)
                                                          0.00       1.80 r
  library setup time                                     -0.05       1.75
  data required time                                                 1.75
  --------------------------------------------------------------------------
  data required time                                                 1.75
  data arrival time                                                 -1.90
  --------------------------------------------------------------------------
  slack (VIOLATED)                                                  -0.15


  Startpoint: ex_stage_inst/rd_addr_reg/reg_data_reg[1]
              (rising edge-triggered flip-flop clocked by clk)
  Endpoint: if_stage_inst/predicted_target_reg/reg_data_reg[24]
            (rising edge-triggered flip-flop clocked by clk)
  Path Group: clk
  Path Type: max

  Des/Clust/Port     Wire Load Model       Library
  ------------------------------------------------
  dlx                5K_hvratio_1_1        NangateOpenCellLibrary

  Point                                                   Incr       Path
  --------------------------------------------------------------------------
  clock clk (rise edge)                                   0.00       0.00
  clock network delay (ideal)                             0.00       0.00
  ex_stage_inst/rd_addr_reg/reg_data_reg[1]/CK (DFF_X1)
                                                          0.00       0.00 r
  ex_stage_inst/rd_addr_reg/reg_data_reg[1]/Q (DFF_X1)
                                                          0.09       0.09 r
  U6676/ZN (XNOR2_X1)                                     0.06       0.14 r
  U6056/ZN (AND2_X1)                                      0.05       0.19 r
  U5408/ZN (AND4_X1)                                      0.06       0.25 r
  U6683/ZN (NAND2_X1)                                     0.03       0.28 f
  U5550/ZN (OR2_X1)                                       0.05       0.34 f
  U6705/ZN (OAI211_X1)                                    0.04       0.38 r
  U6718/ZN (OR2_X2)                                       0.06       0.44 r
  U6729/ZN (NAND2_X1)                                     0.04       0.47 f
  U7273/ZN (OAI21_X1)                                     0.04       0.52 r
  U5547/ZN (NAND2_X1)                                     0.03       0.55 f
  U5549/ZN (NAND3_X1)                                     0.04       0.58 r
  U6140/ZN (NOR2_X1)                                      0.02       0.61 f
  U5340/ZN (OR2_X1)                                       0.05       0.66 f
  U6164/ZN (NAND2_X1)                                     0.04       0.70 r
  U13676/ZN (NAND2_X1)                                    0.03       0.73 f
  U9173/ZN (NAND2_X1)                                     0.03       0.76 r
  U5298/ZN (AOI21_X1)                                     0.03       0.79 f
  U6332/ZN (NAND2_X1)                                     0.03       0.82 r
  U5518/ZN (NAND3_X1)                                     0.04       0.86 f
  U6202/ZN (NAND2_X1)                                     0.04       0.90 r
  U7287/ZN (NAND3_X1)                                     0.04       0.94 f
  U5129/ZN (AND2_X1)                                      0.04       0.98 f
  U6334/ZN (NAND2_X1)                                     0.03       1.01 r
  U6335/ZN (NAND2_X1)                                     0.03       1.04 f
  U9138/ZN (NAND2_X1)                                     0.03       1.07 r
  U6722/ZN (XNOR2_X1)                                     0.06       1.13 r
  U5293/ZN (AND4_X2)                                      0.06       1.19 r
  U5523/ZN (AND4_X1)                                      0.06       1.25 r
  U6187/ZN (OAI21_X1)                                     0.03       1.29 f
  U6181/ZN (OAI21_X1)                                     0.05       1.33 r
  U6305/ZN (NAND4_X1)                                     0.04       1.38 f
  U6304/ZN (NAND2_X1)                                     0.04       1.41 r
  U6165/ZN (NAND2_X1)                                     0.03       1.45 f
  U6186/ZN (OAI21_X1)                                     0.05       1.50 r
  U5483/ZN (NAND4_X1)                                     0.05       1.55 f
  U5474/ZN (NAND2_X1)                                     0.04       1.58 r
  U5473/ZN (NAND2_X1)                                     0.03       1.61 f
  U6031/ZN (OAI211_X1)                                    0.04       1.66 r
  U11312/ZN (INV_X1)                                      0.04       1.69 f
  U5301/ZN (AND2_X2)                                      0.05       1.74 f
  U6036/Z (BUF_X2)                                        0.05       1.80 f
  U11991/ZN (AOI22_X1)                                    0.05       1.85 r
  U11992/ZN (OAI211_X1)                                   0.05       1.89 f
  if_stage_inst/predicted_target_reg/reg_data_reg[24]/D (DFF_X2)
                                                          0.01       1.90 f
  data arrival time                                                  1.90

  clock clk (rise edge)                                   1.80       1.80
  clock network delay (ideal)                             0.00       1.80
  if_stage_inst/predicted_target_reg/reg_data_reg[24]/CK (DFF_X2)
                                                          0.00       1.80 r
  library setup time                                     -0.05       1.75
  data required time                                                 1.75
  --------------------------------------------------------------------------
  data required time                                                 1.75
  data arrival time                                                 -1.90
  --------------------------------------------------------------------------
  slack (VIOLATED)                                                  -0.15


  Startpoint: ex_stage_inst/rd_addr_reg/reg_data_reg[1]
              (rising edge-triggered flip-flop clocked by clk)
  Endpoint: if_stage_inst/pc_reg_inst/reg_data_reg[24]
            (rising edge-triggered flip-flop clocked by clk)
  Path Group: clk
  Path Type: max

  Des/Clust/Port     Wire Load Model       Library
  ------------------------------------------------
  dlx                5K_hvratio_1_1        NangateOpenCellLibrary

  Point                                                   Incr       Path
  --------------------------------------------------------------------------
  clock clk (rise edge)                                   0.00       0.00
  clock network delay (ideal)                             0.00       0.00
  ex_stage_inst/rd_addr_reg/reg_data_reg[1]/CK (DFF_X1)
                                                          0.00       0.00 r
  ex_stage_inst/rd_addr_reg/reg_data_reg[1]/Q (DFF_X1)
                                                          0.09       0.09 r
  U6676/ZN (XNOR2_X1)                                     0.06       0.14 r
  U6056/ZN (AND2_X1)                                      0.05       0.19 r
  U5408/ZN (AND4_X1)                                      0.06       0.25 r
  U6683/ZN (NAND2_X1)                                     0.03       0.28 f
  U5550/ZN (OR2_X1)                                       0.05       0.34 f
  U6705/ZN (OAI211_X1)                                    0.04       0.38 r
  U6718/ZN (OR2_X2)                                       0.06       0.44 r
  U6729/ZN (NAND2_X1)                                     0.04       0.47 f
  U7273/ZN (OAI21_X1)                                     0.04       0.52 r
  U5547/ZN (NAND2_X1)                                     0.03       0.55 f
  U5549/ZN (NAND3_X1)                                     0.04       0.58 r
  U6140/ZN (NOR2_X1)                                      0.02       0.61 f
  U5340/ZN (OR2_X1)                                       0.05       0.66 f
  U6164/ZN (NAND2_X1)                                     0.04       0.70 r
  U13676/ZN (NAND2_X1)                                    0.03       0.73 f
  U9173/ZN (NAND2_X1)                                     0.03       0.76 r
  U5298/ZN (AOI21_X1)                                     0.03       0.79 f
  U6332/ZN (NAND2_X1)                                     0.03       0.82 r
  U5518/ZN (NAND3_X1)                                     0.04       0.86 f
  U6202/ZN (NAND2_X1)                                     0.04       0.90 r
  U7287/ZN (NAND3_X1)                                     0.04       0.94 f
  U5129/ZN (AND2_X1)                                      0.04       0.98 f
  U6334/ZN (NAND2_X1)                                     0.03       1.01 r
  U6335/ZN (NAND2_X1)                                     0.03       1.04 f
  U9138/ZN (NAND2_X1)                                     0.03       1.07 r
  U6722/ZN (XNOR2_X1)                                     0.06       1.13 r
  U5293/ZN (AND4_X2)                                      0.06       1.19 r
  U5523/ZN (AND4_X1)                                      0.06       1.25 r
  U6187/ZN (OAI21_X1)                                     0.03       1.29 f
  U6181/ZN (OAI21_X1)                                     0.05       1.33 r
  U6305/ZN (NAND4_X1)                                     0.04       1.38 f
  U6304/ZN (NAND2_X1)                                     0.04       1.41 r
  U6165/ZN (NAND2_X1)                                     0.03       1.45 f
  U6186/ZN (OAI21_X1)                                     0.05       1.50 r
  U5483/ZN (NAND4_X1)                                     0.05       1.55 f
  U5474/ZN (NAND2_X1)                                     0.04       1.58 r
  U5473/ZN (NAND2_X1)                                     0.03       1.61 f
  U6031/ZN (OAI211_X1)                                    0.04       1.66 r
  U11312/ZN (INV_X1)                                      0.04       1.69 f
  U5301/ZN (AND2_X2)                                      0.05       1.74 f
  U6036/Z (BUF_X2)                                        0.05       1.80 f
  U11991/ZN (AOI22_X1)                                    0.05       1.85 r
  U11992/ZN (OAI211_X1)                                   0.05       1.89 f
  if_stage_inst/pc_reg_inst/reg_data_reg[24]/D (DFF_X2)
                                                          0.01       1.90 f
  data arrival time                                                  1.90

  clock clk (rise edge)                                   1.80       1.80
  clock network delay (ideal)                             0.00       1.80
  if_stage_inst/pc_reg_inst/reg_data_reg[24]/CK (DFF_X2)
                                                          0.00       1.80 r
  library setup time                                     -0.05       1.75
  data required time                                                 1.75
  --------------------------------------------------------------------------
  data required time                                                 1.75
  data arrival time                                                 -1.90
  --------------------------------------------------------------------------
  slack (VIOLATED)                                                  -0.15


  Startpoint: ex_stage_inst/rd_addr_reg/reg_data_reg[1]
              (rising edge-triggered flip-flop clocked by clk)
  Endpoint: if_stage_inst/predicted_target_reg/reg_data_reg[25]
            (rising edge-triggered flip-flop clocked by clk)
  Path Group: clk
  Path Type: max

  Des/Clust/Port     Wire Load Model       Library
  ------------------------------------------------
  dlx                5K_hvratio_1_1        NangateOpenCellLibrary

  Point                                                   Incr       Path
  --------------------------------------------------------------------------
  clock clk (rise edge)                                   0.00       0.00
  clock network delay (ideal)                             0.00       0.00
  ex_stage_inst/rd_addr_reg/reg_data_reg[1]/CK (DFF_X1)
                                                          0.00       0.00 r
  ex_stage_inst/rd_addr_reg/reg_data_reg[1]/Q (DFF_X1)
                                                          0.09       0.09 r
  U6676/ZN (XNOR2_X1)                                     0.06       0.14 r
  U6056/ZN (AND2_X1)                                      0.05       0.19 r
  U5408/ZN (AND4_X1)                                      0.06       0.25 r
  U6683/ZN (NAND2_X1)                                     0.03       0.28 f
  U5550/ZN (OR2_X1)                                       0.05       0.34 f
  U6705/ZN (OAI211_X1)                                    0.04       0.38 r
  U6718/ZN (OR2_X2)                                       0.06       0.44 r
  U6729/ZN (NAND2_X1)                                     0.04       0.47 f
  U7273/ZN (OAI21_X1)                                     0.04       0.52 r
  U5547/ZN (NAND2_X1)                                     0.03       0.55 f
  U5549/ZN (NAND3_X1)                                     0.04       0.58 r
  U6140/ZN (NOR2_X1)                                      0.02       0.61 f
  U5340/ZN (OR2_X1)                                       0.05       0.66 f
  U6164/ZN (NAND2_X1)                                     0.04       0.70 r
  U13676/ZN (NAND2_X1)                                    0.03       0.73 f
  U9173/ZN (NAND2_X1)                                     0.03       0.76 r
  U5298/ZN (AOI21_X1)                                     0.03       0.79 f
  U6332/ZN (NAND2_X1)                                     0.03       0.82 r
  U5518/ZN (NAND3_X1)                                     0.04       0.86 f
  U6202/ZN (NAND2_X1)                                     0.04       0.90 r
  U7287/ZN (NAND3_X1)                                     0.04       0.94 f
  U5129/ZN (AND2_X1)                                      0.04       0.98 f
  U6334/ZN (NAND2_X1)                                     0.03       1.01 r
  U6335/ZN (NAND2_X1)                                     0.03       1.04 f
  U9138/ZN (NAND2_X1)                                     0.03       1.07 r
  U6722/ZN (XNOR2_X1)                                     0.06       1.13 r
  U5293/ZN (AND4_X2)                                      0.06       1.19 r
  U5523/ZN (AND4_X1)                                      0.06       1.25 r
  U6187/ZN (OAI21_X1)                                     0.03       1.29 f
  U6181/ZN (OAI21_X1)                                     0.05       1.33 r
  U6305/ZN (NAND4_X1)                                     0.04       1.38 f
  U6304/ZN (NAND2_X1)                                     0.04       1.41 r
  U6165/ZN (NAND2_X1)                                     0.03       1.45 f
  U6186/ZN (OAI21_X1)                                     0.05       1.50 r
  U5483/ZN (NAND4_X1)                                     0.05       1.55 f
  U5474/ZN (NAND2_X1)                                     0.04       1.58 r
  U5473/ZN (NAND2_X1)                                     0.03       1.61 f
  U6031/ZN (OAI211_X1)                                    0.04       1.66 r
  U11312/ZN (INV_X1)                                      0.04       1.69 f
  U5301/ZN (AND2_X2)                                      0.05       1.74 f
  U6034/Z (BUF_X2)                                        0.05       1.80 f
  U12017/ZN (AOI22_X1)                                    0.05       1.85 r
  U12018/ZN (OAI211_X1)                                   0.05       1.89 f
  if_stage_inst/predicted_target_reg/reg_data_reg[25]/D (DFF_X2)
                                                          0.01       1.90 f
  data arrival time                                                  1.90

  clock clk (rise edge)                                   1.80       1.80
  clock network delay (ideal)                             0.00       1.80
  if_stage_inst/predicted_target_reg/reg_data_reg[25]/CK (DFF_X2)
                                                          0.00       1.80 r
  library setup time                                     -0.05       1.75
  data required time                                                 1.75
  --------------------------------------------------------------------------
  data required time                                                 1.75
  data arrival time                                                 -1.90
  --------------------------------------------------------------------------
  slack (VIOLATED)                                                  -0.15


  Startpoint: ex_stage_inst/rd_addr_reg/reg_data_reg[1]
              (rising edge-triggered flip-flop clocked by clk)
  Endpoint: if_stage_inst/pc_reg_inst/reg_data_reg[25]
            (rising edge-triggered flip-flop clocked by clk)
  Path Group: clk
  Path Type: max

  Des/Clust/Port     Wire Load Model       Library
  ------------------------------------------------
  dlx                5K_hvratio_1_1        NangateOpenCellLibrary

  Point                                                   Incr       Path
  --------------------------------------------------------------------------
  clock clk (rise edge)                                   0.00       0.00
  clock network delay (ideal)                             0.00       0.00
  ex_stage_inst/rd_addr_reg/reg_data_reg[1]/CK (DFF_X1)
                                                          0.00       0.00 r
  ex_stage_inst/rd_addr_reg/reg_data_reg[1]/Q (DFF_X1)
                                                          0.09       0.09 r
  U6676/ZN (XNOR2_X1)                                     0.06       0.14 r
  U6056/ZN (AND2_X1)                                      0.05       0.19 r
  U5408/ZN (AND4_X1)                                      0.06       0.25 r
  U6683/ZN (NAND2_X1)                                     0.03       0.28 f
  U5550/ZN (OR2_X1)                                       0.05       0.34 f
  U6705/ZN (OAI211_X1)                                    0.04       0.38 r
  U6718/ZN (OR2_X2)                                       0.06       0.44 r
  U6729/ZN (NAND2_X1)                                     0.04       0.47 f
  U7273/ZN (OAI21_X1)                                     0.04       0.52 r
  U5547/ZN (NAND2_X1)                                     0.03       0.55 f
  U5549/ZN (NAND3_X1)                                     0.04       0.58 r
  U6140/ZN (NOR2_X1)                                      0.02       0.61 f
  U5340/ZN (OR2_X1)                                       0.05       0.66 f
  U6164/ZN (NAND2_X1)                                     0.04       0.70 r
  U13676/ZN (NAND2_X1)                                    0.03       0.73 f
  U9173/ZN (NAND2_X1)                                     0.03       0.76 r
  U5298/ZN (AOI21_X1)                                     0.03       0.79 f
  U6332/ZN (NAND2_X1)                                     0.03       0.82 r
  U5518/ZN (NAND3_X1)                                     0.04       0.86 f
  U6202/ZN (NAND2_X1)                                     0.04       0.90 r
  U7287/ZN (NAND3_X1)                                     0.04       0.94 f
  U5129/ZN (AND2_X1)                                      0.04       0.98 f
  U6334/ZN (NAND2_X1)                                     0.03       1.01 r
  U6335/ZN (NAND2_X1)                                     0.03       1.04 f
  U9138/ZN (NAND2_X1)                                     0.03       1.07 r
  U6722/ZN (XNOR2_X1)                                     0.06       1.13 r
  U5293/ZN (AND4_X2)                                      0.06       1.19 r
  U5523/ZN (AND4_X1)                                      0.06       1.25 r
  U6187/ZN (OAI21_X1)                                     0.03       1.29 f
  U6181/ZN (OAI21_X1)                                     0.05       1.33 r
  U6305/ZN (NAND4_X1)                                     0.04       1.38 f
  U6304/ZN (NAND2_X1)                                     0.04       1.41 r
  U6165/ZN (NAND2_X1)                                     0.03       1.45 f
  U6186/ZN (OAI21_X1)                                     0.05       1.50 r
  U5483/ZN (NAND4_X1)                                     0.05       1.55 f
  U5474/ZN (NAND2_X1)                                     0.04       1.58 r
  U5473/ZN (NAND2_X1)                                     0.03       1.61 f
  U6031/ZN (OAI211_X1)                                    0.04       1.66 r
  U11312/ZN (INV_X1)                                      0.04       1.69 f
  U5301/ZN (AND2_X2)                                      0.05       1.74 f
  U6034/Z (BUF_X2)                                        0.05       1.80 f
  U12017/ZN (AOI22_X1)                                    0.05       1.85 r
  U12018/ZN (OAI211_X1)                                   0.05       1.89 f
  if_stage_inst/pc_reg_inst/reg_data_reg[25]/D (DFF_X2)
                                                          0.01       1.90 f
  data arrival time                                                  1.90

  clock clk (rise edge)                                   1.80       1.80
  clock network delay (ideal)                             0.00       1.80
  if_stage_inst/pc_reg_inst/reg_data_reg[25]/CK (DFF_X2)
                                                          0.00       1.80 r
  library setup time                                     -0.05       1.75
  data required time                                                 1.75
  --------------------------------------------------------------------------
  data required time                                                 1.75
  data arrival time                                                 -1.90
  --------------------------------------------------------------------------
  slack (VIOLATED)                                                  -0.15


  Startpoint: ex_stage_inst/rd_addr_reg/reg_data_reg[1]
              (rising edge-triggered flip-flop clocked by clk)
  Endpoint: if_stage_inst/predicted_target_reg/reg_data_reg[5]
            (rising edge-triggered flip-flop clocked by clk)
  Path Group: clk
  Path Type: max

  Des/Clust/Port     Wire Load Model       Library
  ------------------------------------------------
  dlx                5K_hvratio_1_1        NangateOpenCellLibrary

  Point                                                   Incr       Path
  --------------------------------------------------------------------------
  clock clk (rise edge)                                   0.00       0.00
  clock network delay (ideal)                             0.00       0.00
  ex_stage_inst/rd_addr_reg/reg_data_reg[1]/CK (DFF_X1)
                                                          0.00       0.00 r
  ex_stage_inst/rd_addr_reg/reg_data_reg[1]/Q (DFF_X1)
                                                          0.09       0.09 r
  U6676/ZN (XNOR2_X1)                                     0.06       0.14 r
  U6056/ZN (AND2_X1)                                      0.05       0.19 r
  U5408/ZN (AND4_X1)                                      0.06       0.25 r
  U6683/ZN (NAND2_X1)                                     0.03       0.28 f
  U5550/ZN (OR2_X1)                                       0.05       0.34 f
  U6705/ZN (OAI211_X1)                                    0.04       0.38 r
  U6718/ZN (OR2_X2)                                       0.06       0.44 r
  U6729/ZN (NAND2_X1)                                     0.04       0.47 f
  U7273/ZN (OAI21_X1)                                     0.04       0.52 r
  U5547/ZN (NAND2_X1)                                     0.03       0.55 f
  U5549/ZN (NAND3_X1)                                     0.04       0.58 r
  U6140/ZN (NOR2_X1)                                      0.02       0.61 f
  U5340/ZN (OR2_X1)                                       0.05       0.66 f
  U6164/ZN (NAND2_X1)                                     0.04       0.70 r
  U13676/ZN (NAND2_X1)                                    0.03       0.73 f
  U9173/ZN (NAND2_X1)                                     0.03       0.76 r
  U5298/ZN (AOI21_X1)                                     0.03       0.79 f
  U6332/ZN (NAND2_X1)                                     0.03       0.82 r
  U5518/ZN (NAND3_X1)                                     0.04       0.86 f
  U6202/ZN (NAND2_X1)                                     0.04       0.90 r
  U7287/ZN (NAND3_X1)                                     0.04       0.94 f
  U5129/ZN (AND2_X1)                                      0.04       0.98 f
  U6334/ZN (NAND2_X1)                                     0.03       1.01 r
  U6335/ZN (NAND2_X1)                                     0.03       1.04 f
  U9138/ZN (NAND2_X1)                                     0.03       1.07 r
  U6722/ZN (XNOR2_X1)                                     0.06       1.13 r
  U5293/ZN (AND4_X2)                                      0.06       1.19 r
  U5523/ZN (AND4_X1)                                      0.06       1.25 r
  U6187/ZN (OAI21_X1)                                     0.03       1.29 f
  U6181/ZN (OAI21_X1)                                     0.05       1.33 r
  U6305/ZN (NAND4_X1)                                     0.04       1.38 f
  U6304/ZN (NAND2_X1)                                     0.04       1.41 r
  U6165/ZN (NAND2_X1)                                     0.03       1.45 f
  U6186/ZN (OAI21_X1)                                     0.05       1.50 r
  U5483/ZN (NAND4_X1)                                     0.05       1.55 f
  U5474/ZN (NAND2_X1)                                     0.04       1.58 r
  U5473/ZN (NAND2_X1)                                     0.03       1.61 f
  U6031/ZN (OAI211_X1)                                    0.04       1.66 r
  U11312/ZN (INV_X1)                                      0.04       1.69 f
  U5301/ZN (AND2_X2)                                      0.05       1.74 f
  U6036/Z (BUF_X2)                                        0.05       1.80 f
  U11601/ZN (AOI22_X1)                                    0.05       1.85 r
  U11602/ZN (OAI211_X1)                                   0.05       1.89 f
  if_stage_inst/predicted_target_reg/reg_data_reg[5]/D (DFF_X2)
                                                          0.01       1.90 f
  data arrival time                                                  1.90

  clock clk (rise edge)                                   1.80       1.80
  clock network delay (ideal)                             0.00       1.80
  if_stage_inst/predicted_target_reg/reg_data_reg[5]/CK (DFF_X2)
                                                          0.00       1.80 r
  library setup time                                     -0.05       1.75
  data required time                                                 1.75
  --------------------------------------------------------------------------
  data required time                                                 1.75
  data arrival time                                                 -1.90
  --------------------------------------------------------------------------
  slack (VIOLATED)                                                  -0.15


  Startpoint: ex_stage_inst/rd_addr_reg/reg_data_reg[1]
              (rising edge-triggered flip-flop clocked by clk)
  Endpoint: if_stage_inst/pc_reg_inst/reg_data_reg[5]
            (rising edge-triggered flip-flop clocked by clk)
  Path Group: clk
  Path Type: max

  Des/Clust/Port     Wire Load Model       Library
  ------------------------------------------------
  dlx                5K_hvratio_1_1        NangateOpenCellLibrary

  Point                                                   Incr       Path
  --------------------------------------------------------------------------
  clock clk (rise edge)                                   0.00       0.00
  clock network delay (ideal)                             0.00       0.00
  ex_stage_inst/rd_addr_reg/reg_data_reg[1]/CK (DFF_X1)
                                                          0.00       0.00 r
  ex_stage_inst/rd_addr_reg/reg_data_reg[1]/Q (DFF_X1)
                                                          0.09       0.09 r
  U6676/ZN (XNOR2_X1)                                     0.06       0.14 r
  U6056/ZN (AND2_X1)                                      0.05       0.19 r
  U5408/ZN (AND4_X1)                                      0.06       0.25 r
  U6683/ZN (NAND2_X1)                                     0.03       0.28 f
  U5550/ZN (OR2_X1)                                       0.05       0.34 f
  U6705/ZN (OAI211_X1)                                    0.04       0.38 r
  U6718/ZN (OR2_X2)                                       0.06       0.44 r
  U6729/ZN (NAND2_X1)                                     0.04       0.47 f
  U7273/ZN (OAI21_X1)                                     0.04       0.52 r
  U5547/ZN (NAND2_X1)                                     0.03       0.55 f
  U5549/ZN (NAND3_X1)                                     0.04       0.58 r
  U6140/ZN (NOR2_X1)                                      0.02       0.61 f
  U5340/ZN (OR2_X1)                                       0.05       0.66 f
  U6164/ZN (NAND2_X1)                                     0.04       0.70 r
  U13676/ZN (NAND2_X1)                                    0.03       0.73 f
  U9173/ZN (NAND2_X1)                                     0.03       0.76 r
  U5298/ZN (AOI21_X1)                                     0.03       0.79 f
  U6332/ZN (NAND2_X1)                                     0.03       0.82 r
  U5518/ZN (NAND3_X1)                                     0.04       0.86 f
  U6202/ZN (NAND2_X1)                                     0.04       0.90 r
  U7287/ZN (NAND3_X1)                                     0.04       0.94 f
  U5129/ZN (AND2_X1)                                      0.04       0.98 f
  U6334/ZN (NAND2_X1)                                     0.03       1.01 r
  U6335/ZN (NAND2_X1)                                     0.03       1.04 f
  U9138/ZN (NAND2_X1)                                     0.03       1.07 r
  U6722/ZN (XNOR2_X1)                                     0.06       1.13 r
  U5293/ZN (AND4_X2)                                      0.06       1.19 r
  U5523/ZN (AND4_X1)                                      0.06       1.25 r
  U6187/ZN (OAI21_X1)                                     0.03       1.29 f
  U6181/ZN (OAI21_X1)                                     0.05       1.33 r
  U6305/ZN (NAND4_X1)                                     0.04       1.38 f
  U6304/ZN (NAND2_X1)                                     0.04       1.41 r
  U6165/ZN (NAND2_X1)                                     0.03       1.45 f
  U6186/ZN (OAI21_X1)                                     0.05       1.50 r
  U5483/ZN (NAND4_X1)                                     0.05       1.55 f
  U5474/ZN (NAND2_X1)                                     0.04       1.58 r
  U5473/ZN (NAND2_X1)                                     0.03       1.61 f
  U6031/ZN (OAI211_X1)                                    0.04       1.66 r
  U11312/ZN (INV_X1)                                      0.04       1.69 f
  U5301/ZN (AND2_X2)                                      0.05       1.74 f
  U6036/Z (BUF_X2)                                        0.05       1.80 f
  U11601/ZN (AOI22_X1)                                    0.05       1.85 r
  U11602/ZN (OAI211_X1)                                   0.05       1.89 f
  if_stage_inst/pc_reg_inst/reg_data_reg[5]/D (DFF_X2)
                                                          0.01       1.90 f
  data arrival time                                                  1.90

  clock clk (rise edge)                                   1.80       1.80
  clock network delay (ideal)                             0.00       1.80
  if_stage_inst/pc_reg_inst/reg_data_reg[5]/CK (DFF_X2)
                                                          0.00       1.80 r
  library setup time                                     -0.05       1.75
  data required time                                                 1.75
  --------------------------------------------------------------------------
  data required time                                                 1.75
  data arrival time                                                 -1.90
  --------------------------------------------------------------------------
  slack (VIOLATED)                                                  -0.15


  Startpoint: ex_stage_inst/rd_addr_reg/reg_data_reg[1]
              (rising edge-triggered flip-flop clocked by clk)
  Endpoint: if_stage_inst/predicted_target_reg/reg_data_reg[11]
            (rising edge-triggered flip-flop clocked by clk)
  Path Group: clk
  Path Type: max

  Des/Clust/Port     Wire Load Model       Library
  ------------------------------------------------
  dlx                5K_hvratio_1_1        NangateOpenCellLibrary

  Point                                                   Incr       Path
  --------------------------------------------------------------------------
  clock clk (rise edge)                                   0.00       0.00
  clock network delay (ideal)                             0.00       0.00
  ex_stage_inst/rd_addr_reg/reg_data_reg[1]/CK (DFF_X1)
                                                          0.00       0.00 r
  ex_stage_inst/rd_addr_reg/reg_data_reg[1]/Q (DFF_X1)
                                                          0.09       0.09 r
  U6676/ZN (XNOR2_X1)                                     0.06       0.14 r
  U6056/ZN (AND2_X1)                                      0.05       0.19 r
  U5408/ZN (AND4_X1)                                      0.06       0.25 r
  U6683/ZN (NAND2_X1)                                     0.03       0.28 f
  U5550/ZN (OR2_X1)                                       0.05       0.34 f
  U6705/ZN (OAI211_X1)                                    0.04       0.38 r
  U6718/ZN (OR2_X2)                                       0.06       0.44 r
  U6729/ZN (NAND2_X1)                                     0.04       0.47 f
  U7273/ZN (OAI21_X1)                                     0.04       0.52 r
  U5547/ZN (NAND2_X1)                                     0.03       0.55 f
  U5549/ZN (NAND3_X1)                                     0.04       0.58 r
  U6140/ZN (NOR2_X1)                                      0.02       0.61 f
  U5340/ZN (OR2_X1)                                       0.05       0.66 f
  U6164/ZN (NAND2_X1)                                     0.04       0.70 r
  U13676/ZN (NAND2_X1)                                    0.03       0.73 f
  U9173/ZN (NAND2_X1)                                     0.03       0.76 r
  U5298/ZN (AOI21_X1)                                     0.03       0.79 f
  U6332/ZN (NAND2_X1)                                     0.03       0.82 r
  U5518/ZN (NAND3_X1)                                     0.04       0.86 f
  U6202/ZN (NAND2_X1)                                     0.04       0.90 r
  U7287/ZN (NAND3_X1)                                     0.04       0.94 f
  U5129/ZN (AND2_X1)                                      0.04       0.98 f
  U6334/ZN (NAND2_X1)                                     0.03       1.01 r
  U6335/ZN (NAND2_X1)                                     0.03       1.04 f
  U9138/ZN (NAND2_X1)                                     0.03       1.07 r
  U6722/ZN (XNOR2_X1)                                     0.06       1.13 r
  U5293/ZN (AND4_X2)                                      0.06       1.19 r
  U5523/ZN (AND4_X1)                                      0.06       1.25 r
  U6187/ZN (OAI21_X1)                                     0.03       1.29 f
  U6181/ZN (OAI21_X1)                                     0.05       1.33 r
  U6305/ZN (NAND4_X1)                                     0.04       1.38 f
  U6304/ZN (NAND2_X1)                                     0.04       1.41 r
  U6165/ZN (NAND2_X1)                                     0.03       1.45 f
  U6186/ZN (OAI21_X1)                                     0.05       1.50 r
  U5483/ZN (NAND4_X1)                                     0.05       1.55 f
  U5474/ZN (NAND2_X1)                                     0.04       1.58 r
  U5473/ZN (NAND2_X1)                                     0.03       1.61 f
  U6031/ZN (OAI211_X1)                                    0.04       1.66 r
  U11312/ZN (INV_X1)                                      0.04       1.69 f
  U5301/ZN (AND2_X2)                                      0.05       1.74 f
  U6034/Z (BUF_X2)                                        0.05       1.80 f
  U11782/ZN (AOI22_X1)                                    0.05       1.85 r
  U11783/ZN (OAI211_X1)                                   0.05       1.89 f
  if_stage_inst/predicted_target_reg/reg_data_reg[11]/D (DFF_X2)
                                                          0.01       1.90 f
  data arrival time                                                  1.90

  clock clk (rise edge)                                   1.80       1.80
  clock network delay (ideal)                             0.00       1.80
  if_stage_inst/predicted_target_reg/reg_data_reg[11]/CK (DFF_X2)
                                                          0.00       1.80 r
  library setup time                                     -0.05       1.75
  data required time                                                 1.75
  --------------------------------------------------------------------------
  data required time                                                 1.75
  data arrival time                                                 -1.90
  --------------------------------------------------------------------------
  slack (VIOLATED)                                                  -0.15


  Startpoint: ex_stage_inst/rd_addr_reg/reg_data_reg[1]
              (rising edge-triggered flip-flop clocked by clk)
  Endpoint: if_stage_inst/pc_reg_inst/reg_data_reg[11]
            (rising edge-triggered flip-flop clocked by clk)
  Path Group: clk
  Path Type: max

  Des/Clust/Port     Wire Load Model       Library
  ------------------------------------------------
  dlx                5K_hvratio_1_1        NangateOpenCellLibrary

  Point                                                   Incr       Path
  --------------------------------------------------------------------------
  clock clk (rise edge)                                   0.00       0.00
  clock network delay (ideal)                             0.00       0.00
  ex_stage_inst/rd_addr_reg/reg_data_reg[1]/CK (DFF_X1)
                                                          0.00       0.00 r
  ex_stage_inst/rd_addr_reg/reg_data_reg[1]/Q (DFF_X1)
                                                          0.09       0.09 r
  U6676/ZN (XNOR2_X1)                                     0.06       0.14 r
  U6056/ZN (AND2_X1)                                      0.05       0.19 r
  U5408/ZN (AND4_X1)                                      0.06       0.25 r
  U6683/ZN (NAND2_X1)                                     0.03       0.28 f
  U5550/ZN (OR2_X1)                                       0.05       0.34 f
  U6705/ZN (OAI211_X1)                                    0.04       0.38 r
  U6718/ZN (OR2_X2)                                       0.06       0.44 r
  U6729/ZN (NAND2_X1)                                     0.04       0.47 f
  U7273/ZN (OAI21_X1)                                     0.04       0.52 r
  U5547/ZN (NAND2_X1)                                     0.03       0.55 f
  U5549/ZN (NAND3_X1)                                     0.04       0.58 r
  U6140/ZN (NOR2_X1)                                      0.02       0.61 f
  U5340/ZN (OR2_X1)                                       0.05       0.66 f
  U6164/ZN (NAND2_X1)                                     0.04       0.70 r
  U13676/ZN (NAND2_X1)                                    0.03       0.73 f
  U9173/ZN (NAND2_X1)                                     0.03       0.76 r
  U5298/ZN (AOI21_X1)                                     0.03       0.79 f
  U6332/ZN (NAND2_X1)                                     0.03       0.82 r
  U5518/ZN (NAND3_X1)                                     0.04       0.86 f
  U6202/ZN (NAND2_X1)                                     0.04       0.90 r
  U7287/ZN (NAND3_X1)                                     0.04       0.94 f
  U5129/ZN (AND2_X1)                                      0.04       0.98 f
  U6334/ZN (NAND2_X1)                                     0.03       1.01 r
  U6335/ZN (NAND2_X1)                                     0.03       1.04 f
  U9138/ZN (NAND2_X1)                                     0.03       1.07 r
  U6722/ZN (XNOR2_X1)                                     0.06       1.13 r
  U5293/ZN (AND4_X2)                                      0.06       1.19 r
  U5523/ZN (AND4_X1)                                      0.06       1.25 r
  U6187/ZN (OAI21_X1)                                     0.03       1.29 f
  U6181/ZN (OAI21_X1)                                     0.05       1.33 r
  U6305/ZN (NAND4_X1)                                     0.04       1.38 f
  U6304/ZN (NAND2_X1)                                     0.04       1.41 r
  U6165/ZN (NAND2_X1)                                     0.03       1.45 f
  U6186/ZN (OAI21_X1)                                     0.05       1.50 r
  U5483/ZN (NAND4_X1)                                     0.05       1.55 f
  U5474/ZN (NAND2_X1)                                     0.04       1.58 r
  U5473/ZN (NAND2_X1)                                     0.03       1.61 f
  U6031/ZN (OAI211_X1)                                    0.04       1.66 r
  U11312/ZN (INV_X1)                                      0.04       1.69 f
  U5301/ZN (AND2_X2)                                      0.05       1.74 f
  U6034/Z (BUF_X2)                                        0.05       1.80 f
  U11782/ZN (AOI22_X1)                                    0.05       1.85 r
  U11783/ZN (OAI211_X1)                                   0.05       1.89 f
  if_stage_inst/pc_reg_inst/reg_data_reg[11]/D (DFF_X2)
                                                          0.01       1.90 f
  data arrival time                                                  1.90

  clock clk (rise edge)                                   1.80       1.80
  clock network delay (ideal)                             0.00       1.80
  if_stage_inst/pc_reg_inst/reg_data_reg[11]/CK (DFF_X2)
                                                          0.00       1.80 r
  library setup time                                     -0.05       1.75
  data required time                                                 1.75
  --------------------------------------------------------------------------
  data required time                                                 1.75
  data arrival time                                                 -1.90
  --------------------------------------------------------------------------
  slack (VIOLATED)                                                  -0.15


  Startpoint: ex_stage_inst/rd_addr_reg/reg_data_reg[1]
              (rising edge-triggered flip-flop clocked by clk)
  Endpoint: if_stage_inst/predicted_target_reg/reg_data_reg[30]
            (rising edge-triggered flip-flop clocked by clk)
  Path Group: clk
  Path Type: max

  Des/Clust/Port     Wire Load Model       Library
  ------------------------------------------------
  dlx                5K_hvratio_1_1        NangateOpenCellLibrary

  Point                                                   Incr       Path
  --------------------------------------------------------------------------
  clock clk (rise edge)                                   0.00       0.00
  clock network delay (ideal)                             0.00       0.00
  ex_stage_inst/rd_addr_reg/reg_data_reg[1]/CK (DFF_X1)
                                                          0.00       0.00 r
  ex_stage_inst/rd_addr_reg/reg_data_reg[1]/Q (DFF_X1)
                                                          0.09       0.09 r
  U6676/ZN (XNOR2_X1)                                     0.06       0.14 r
  U6056/ZN (AND2_X1)                                      0.05       0.19 r
  U5408/ZN (AND4_X1)                                      0.06       0.25 r
  U6683/ZN (NAND2_X1)                                     0.03       0.28 f
  U5550/ZN (OR2_X1)                                       0.05       0.34 f
  U6705/ZN (OAI211_X1)                                    0.04       0.38 r
  U6718/ZN (OR2_X2)                                       0.06       0.44 r
  U6729/ZN (NAND2_X1)                                     0.04       0.47 f
  U7273/ZN (OAI21_X1)                                     0.04       0.52 r
  U5547/ZN (NAND2_X1)                                     0.03       0.55 f
  U5549/ZN (NAND3_X1)                                     0.04       0.58 r
  U6140/ZN (NOR2_X1)                                      0.02       0.61 f
  U5340/ZN (OR2_X1)                                       0.05       0.66 f
  U6164/ZN (NAND2_X1)                                     0.04       0.70 r
  U13676/ZN (NAND2_X1)                                    0.03       0.73 f
  U9173/ZN (NAND2_X1)                                     0.03       0.76 r
  U5298/ZN (AOI21_X1)                                     0.03       0.79 f
  U6332/ZN (NAND2_X1)                                     0.03       0.82 r
  U5518/ZN (NAND3_X1)                                     0.04       0.86 f
  U6202/ZN (NAND2_X1)                                     0.04       0.90 r
  U7287/ZN (NAND3_X1)                                     0.04       0.94 f
  U5129/ZN (AND2_X1)                                      0.04       0.98 f
  U6334/ZN (NAND2_X1)                                     0.03       1.01 r
  U6335/ZN (NAND2_X1)                                     0.03       1.04 f
  U9138/ZN (NAND2_X1)                                     0.03       1.07 r
  U6722/ZN (XNOR2_X1)                                     0.06       1.13 r
  U5293/ZN (AND4_X2)                                      0.06       1.19 r
  U5523/ZN (AND4_X1)                                      0.06       1.25 r
  U6187/ZN (OAI21_X1)                                     0.03       1.29 f
  U6181/ZN (OAI21_X1)                                     0.05       1.33 r
  U6305/ZN (NAND4_X1)                                     0.04       1.38 f
  U6304/ZN (NAND2_X1)                                     0.04       1.41 r
  U6165/ZN (NAND2_X1)                                     0.03       1.45 f
  U6186/ZN (OAI21_X1)                                     0.05       1.50 r
  U5483/ZN (NAND4_X1)                                     0.05       1.55 f
  U5474/ZN (NAND2_X1)                                     0.04       1.58 r
  U5473/ZN (NAND2_X1)                                     0.03       1.61 f
  U6031/ZN (OAI211_X1)                                    0.04       1.66 r
  U11312/ZN (INV_X1)                                      0.04       1.69 f
  U5301/ZN (AND2_X2)                                      0.05       1.74 f
  U6036/Z (BUF_X2)                                        0.05       1.80 f
  U11339/ZN (AOI22_X1)                                    0.05       1.85 r
  U11340/ZN (OAI211_X1)                                   0.05       1.89 f
  if_stage_inst/predicted_target_reg/reg_data_reg[30]/D (DFF_X2)
                                                          0.01       1.90 f
  data arrival time                                                  1.90

  clock clk (rise edge)                                   1.80       1.80
  clock network delay (ideal)                             0.00       1.80
  if_stage_inst/predicted_target_reg/reg_data_reg[30]/CK (DFF_X2)
                                                          0.00       1.80 r
  library setup time                                     -0.05       1.75
  data required time                                                 1.75
  --------------------------------------------------------------------------
  data required time                                                 1.75
  data arrival time                                                 -1.90
  --------------------------------------------------------------------------
  slack (VIOLATED)                                                  -0.15


  Startpoint: ex_stage_inst/rd_addr_reg/reg_data_reg[1]
              (rising edge-triggered flip-flop clocked by clk)
  Endpoint: if_stage_inst/predicted_target_reg/reg_data_reg[31]
            (rising edge-triggered flip-flop clocked by clk)
  Path Group: clk
  Path Type: max

  Des/Clust/Port     Wire Load Model       Library
  ------------------------------------------------
  dlx                5K_hvratio_1_1        NangateOpenCellLibrary

  Point                                                   Incr       Path
  --------------------------------------------------------------------------
  clock clk (rise edge)                                   0.00       0.00
  clock network delay (ideal)                             0.00       0.00
  ex_stage_inst/rd_addr_reg/reg_data_reg[1]/CK (DFF_X1)
                                                          0.00       0.00 r
  ex_stage_inst/rd_addr_reg/reg_data_reg[1]/Q (DFF_X1)
                                                          0.09       0.09 r
  U6676/ZN (XNOR2_X1)                                     0.06       0.14 r
  U6056/ZN (AND2_X1)                                      0.05       0.19 r
  U5408/ZN (AND4_X1)                                      0.06       0.25 r
  U6683/ZN (NAND2_X1)                                     0.03       0.28 f
  U5550/ZN (OR2_X1)                                       0.05       0.34 f
  U6705/ZN (OAI211_X1)                                    0.04       0.38 r
  U6718/ZN (OR2_X2)                                       0.06       0.44 r
  U6729/ZN (NAND2_X1)                                     0.04       0.47 f
  U7273/ZN (OAI21_X1)                                     0.04       0.52 r
  U5547/ZN (NAND2_X1)                                     0.03       0.55 f
  U5549/ZN (NAND3_X1)                                     0.04       0.58 r
  U6140/ZN (NOR2_X1)                                      0.02       0.61 f
  U5340/ZN (OR2_X1)                                       0.05       0.66 f
  U6164/ZN (NAND2_X1)                                     0.04       0.70 r
  U13676/ZN (NAND2_X1)                                    0.03       0.73 f
  U9173/ZN (NAND2_X1)                                     0.03       0.76 r
  U5298/ZN (AOI21_X1)                                     0.03       0.79 f
  U6332/ZN (NAND2_X1)                                     0.03       0.82 r
  U5518/ZN (NAND3_X1)                                     0.04       0.86 f
  U6202/ZN (NAND2_X1)                                     0.04       0.90 r
  U7287/ZN (NAND3_X1)                                     0.04       0.94 f
  U5129/ZN (AND2_X1)                                      0.04       0.98 f
  U6334/ZN (NAND2_X1)                                     0.03       1.01 r
  U6335/ZN (NAND2_X1)                                     0.03       1.04 f
  U9138/ZN (NAND2_X1)                                     0.03       1.07 r
  U6722/ZN (XNOR2_X1)                                     0.06       1.13 r
  U5293/ZN (AND4_X2)                                      0.06       1.19 r
  U5523/ZN (AND4_X1)                                      0.06       1.25 r
  U6187/ZN (OAI21_X1)                                     0.03       1.29 f
  U6181/ZN (OAI21_X1)                                     0.05       1.33 r
  U6305/ZN (NAND4_X1)                                     0.04       1.38 f
  U6304/ZN (NAND2_X1)                                     0.04       1.41 r
  U6165/ZN (NAND2_X1)                                     0.03       1.45 f
  U6186/ZN (OAI21_X1)                                     0.05       1.50 r
  U5483/ZN (NAND4_X1)                                     0.05       1.55 f
  U5474/ZN (NAND2_X1)                                     0.04       1.58 r
  U5473/ZN (NAND2_X1)                                     0.03       1.61 f
  U6031/ZN (OAI211_X1)                                    0.04       1.66 r
  U11312/ZN (INV_X1)                                      0.04       1.69 f
  U5301/ZN (AND2_X2)                                      0.05       1.74 f
  U6034/Z (BUF_X2)                                        0.05       1.80 f
  U12097/ZN (AOI22_X1)                                    0.05       1.85 r
  U12098/ZN (OAI211_X1)                                   0.05       1.89 f
  if_stage_inst/predicted_target_reg/reg_data_reg[31]/D (DFF_X2)
                                                          0.01       1.90 f
  data arrival time                                                  1.90

  clock clk (rise edge)                                   1.80       1.80
  clock network delay (ideal)                             0.00       1.80
  if_stage_inst/predicted_target_reg/reg_data_reg[31]/CK (DFF_X2)
                                                          0.00       1.80 r
  library setup time                                     -0.05       1.75
  data required time                                                 1.75
  --------------------------------------------------------------------------
  data required time                                                 1.75
  data arrival time                                                 -1.90
  --------------------------------------------------------------------------
  slack (VIOLATED)                                                  -0.15


  Startpoint: ex_stage_inst/rd_addr_reg/reg_data_reg[1]
              (rising edge-triggered flip-flop clocked by clk)
  Endpoint: if_stage_inst/pc_reg_inst/reg_data_reg[30]
            (rising edge-triggered flip-flop clocked by clk)
  Path Group: clk
  Path Type: max

  Des/Clust/Port     Wire Load Model       Library
  ------------------------------------------------
  dlx                5K_hvratio_1_1        NangateOpenCellLibrary

  Point                                                   Incr       Path
  --------------------------------------------------------------------------
  clock clk (rise edge)                                   0.00       0.00
  clock network delay (ideal)                             0.00       0.00
  ex_stage_inst/rd_addr_reg/reg_data_reg[1]/CK (DFF_X1)
                                                          0.00       0.00 r
  ex_stage_inst/rd_addr_reg/reg_data_reg[1]/Q (DFF_X1)
                                                          0.09       0.09 r
  U6676/ZN (XNOR2_X1)                                     0.06       0.14 r
  U6056/ZN (AND2_X1)                                      0.05       0.19 r
  U5408/ZN (AND4_X1)                                      0.06       0.25 r
  U6683/ZN (NAND2_X1)                                     0.03       0.28 f
  U5550/ZN (OR2_X1)                                       0.05       0.34 f
  U6705/ZN (OAI211_X1)                                    0.04       0.38 r
  U6718/ZN (OR2_X2)                                       0.06       0.44 r
  U6729/ZN (NAND2_X1)                                     0.04       0.47 f
  U7273/ZN (OAI21_X1)                                     0.04       0.52 r
  U5547/ZN (NAND2_X1)                                     0.03       0.55 f
  U5549/ZN (NAND3_X1)                                     0.04       0.58 r
  U6140/ZN (NOR2_X1)                                      0.02       0.61 f
  U5340/ZN (OR2_X1)                                       0.05       0.66 f
  U6164/ZN (NAND2_X1)                                     0.04       0.70 r
  U13676/ZN (NAND2_X1)                                    0.03       0.73 f
  U9173/ZN (NAND2_X1)                                     0.03       0.76 r
  U5298/ZN (AOI21_X1)                                     0.03       0.79 f
  U6332/ZN (NAND2_X1)                                     0.03       0.82 r
  U5518/ZN (NAND3_X1)                                     0.04       0.86 f
  U6202/ZN (NAND2_X1)                                     0.04       0.90 r
  U7287/ZN (NAND3_X1)                                     0.04       0.94 f
  U5129/ZN (AND2_X1)                                      0.04       0.98 f
  U6334/ZN (NAND2_X1)                                     0.03       1.01 r
  U6335/ZN (NAND2_X1)                                     0.03       1.04 f
  U9138/ZN (NAND2_X1)                                     0.03       1.07 r
  U6722/ZN (XNOR2_X1)                                     0.06       1.13 r
  U5293/ZN (AND4_X2)                                      0.06       1.19 r
  U5523/ZN (AND4_X1)                                      0.06       1.25 r
  U6187/ZN (OAI21_X1)                                     0.03       1.29 f
  U6181/ZN (OAI21_X1)                                     0.05       1.33 r
  U6305/ZN (NAND4_X1)                                     0.04       1.38 f
  U6304/ZN (NAND2_X1)                                     0.04       1.41 r
  U6165/ZN (NAND2_X1)                                     0.03       1.45 f
  U6186/ZN (OAI21_X1)                                     0.05       1.50 r
  U5483/ZN (NAND4_X1)                                     0.05       1.55 f
  U5474/ZN (NAND2_X1)                                     0.04       1.58 r
  U5473/ZN (NAND2_X1)                                     0.03       1.61 f
  U6031/ZN (OAI211_X1)                                    0.04       1.66 r
  U11312/ZN (INV_X1)                                      0.04       1.69 f
  U5301/ZN (AND2_X2)                                      0.05       1.74 f
  U6036/Z (BUF_X2)                                        0.05       1.80 f
  U11339/ZN (AOI22_X1)                                    0.05       1.85 r
  U11340/ZN (OAI211_X1)                                   0.05       1.89 f
  if_stage_inst/pc_reg_inst/reg_data_reg[30]/D (DFF_X2)
                                                          0.01       1.90 f
  data arrival time                                                  1.90

  clock clk (rise edge)                                   1.80       1.80
  clock network delay (ideal)                             0.00       1.80
  if_stage_inst/pc_reg_inst/reg_data_reg[30]/CK (DFF_X2)
                                                          0.00       1.80 r
  library setup time                                     -0.05       1.75
  data required time                                                 1.75
  --------------------------------------------------------------------------
  data required time                                                 1.75
  data arrival time                                                 -1.90
  --------------------------------------------------------------------------
  slack (VIOLATED)                                                  -0.15


  Startpoint: ex_stage_inst/rd_addr_reg/reg_data_reg[1]
              (rising edge-triggered flip-flop clocked by clk)
  Endpoint: if_stage_inst/pc_reg_inst/reg_data_reg[31]
            (rising edge-triggered flip-flop clocked by clk)
  Path Group: clk
  Path Type: max

  Des/Clust/Port     Wire Load Model       Library
  ------------------------------------------------
  dlx                5K_hvratio_1_1        NangateOpenCellLibrary

  Point                                                   Incr       Path
  --------------------------------------------------------------------------
  clock clk (rise edge)                                   0.00       0.00
  clock network delay (ideal)                             0.00       0.00
  ex_stage_inst/rd_addr_reg/reg_data_reg[1]/CK (DFF_X1)
                                                          0.00       0.00 r
  ex_stage_inst/rd_addr_reg/reg_data_reg[1]/Q (DFF_X1)
                                                          0.09       0.09 r
  U6676/ZN (XNOR2_X1)                                     0.06       0.14 r
  U6056/ZN (AND2_X1)                                      0.05       0.19 r
  U5408/ZN (AND4_X1)                                      0.06       0.25 r
  U6683/ZN (NAND2_X1)                                     0.03       0.28 f
  U5550/ZN (OR2_X1)                                       0.05       0.34 f
  U6705/ZN (OAI211_X1)                                    0.04       0.38 r
  U6718/ZN (OR2_X2)                                       0.06       0.44 r
  U6729/ZN (NAND2_X1)                                     0.04       0.47 f
  U7273/ZN (OAI21_X1)                                     0.04       0.52 r
  U5547/ZN (NAND2_X1)                                     0.03       0.55 f
  U5549/ZN (NAND3_X1)                                     0.04       0.58 r
  U6140/ZN (NOR2_X1)                                      0.02       0.61 f
  U5340/ZN (OR2_X1)                                       0.05       0.66 f
  U6164/ZN (NAND2_X1)                                     0.04       0.70 r
  U13676/ZN (NAND2_X1)                                    0.03       0.73 f
  U9173/ZN (NAND2_X1)                                     0.03       0.76 r
  U5298/ZN (AOI21_X1)                                     0.03       0.79 f
  U6332/ZN (NAND2_X1)                                     0.03       0.82 r
  U5518/ZN (NAND3_X1)                                     0.04       0.86 f
  U6202/ZN (NAND2_X1)                                     0.04       0.90 r
  U7287/ZN (NAND3_X1)                                     0.04       0.94 f
  U5129/ZN (AND2_X1)                                      0.04       0.98 f
  U6334/ZN (NAND2_X1)                                     0.03       1.01 r
  U6335/ZN (NAND2_X1)                                     0.03       1.04 f
  U9138/ZN (NAND2_X1)                                     0.03       1.07 r
  U6722/ZN (XNOR2_X1)                                     0.06       1.13 r
  U5293/ZN (AND4_X2)                                      0.06       1.19 r
  U5523/ZN (AND4_X1)                                      0.06       1.25 r
  U6187/ZN (OAI21_X1)                                     0.03       1.29 f
  U6181/ZN (OAI21_X1)                                     0.05       1.33 r
  U6305/ZN (NAND4_X1)                                     0.04       1.38 f
  U6304/ZN (NAND2_X1)                                     0.04       1.41 r
  U6165/ZN (NAND2_X1)                                     0.03       1.45 f
  U6186/ZN (OAI21_X1)                                     0.05       1.50 r
  U5483/ZN (NAND4_X1)                                     0.05       1.55 f
  U5474/ZN (NAND2_X1)                                     0.04       1.58 r
  U5473/ZN (NAND2_X1)                                     0.03       1.61 f
  U6031/ZN (OAI211_X1)                                    0.04       1.66 r
  U11312/ZN (INV_X1)                                      0.04       1.69 f
  U5301/ZN (AND2_X2)                                      0.05       1.74 f
  U6034/Z (BUF_X2)                                        0.05       1.80 f
  U12097/ZN (AOI22_X1)                                    0.05       1.85 r
  U12098/ZN (OAI211_X1)                                   0.05       1.89 f
  if_stage_inst/pc_reg_inst/reg_data_reg[31]/D (DFF_X2)
                                                          0.01       1.90 f
  data arrival time                                                  1.90

  clock clk (rise edge)                                   1.80       1.80
  clock network delay (ideal)                             0.00       1.80
  if_stage_inst/pc_reg_inst/reg_data_reg[31]/CK (DFF_X2)
                                                          0.00       1.80 r
  library setup time                                     -0.05       1.75
  data required time                                                 1.75
  --------------------------------------------------------------------------
  data required time                                                 1.75
  data arrival time                                                 -1.90
  --------------------------------------------------------------------------
  slack (VIOLATED)                                                  -0.15


1
