 
****************************************
Report : constraint
        -all_violators
Design : dlx
Version: W-2024.09-SP2
Date   : Wed Sep 16 03:59:05 2026
****************************************


   max_delay/setup ('clk' group)

                             Required        Actual
   Endpoint                 Path Delay     Path Delay        Slack
   -----------------------------------------------------------------
   R_4148/D                     0.67           1.36 r        -0.69  (VIOLATED)
   R_4150/D                     0.67           1.36 r        -0.69  (VIOLATED)
   R_4206/D                     0.66           1.35 f        -0.69  (VIOLATED)
   R_4151/D                     0.67           1.36 r        -0.69  (VIOLATED)
   R_4246/D                     0.67           1.36 r        -0.69  (VIOLATED)
   R_4169/D                     0.67           1.35 r        -0.69  (VIOLATED)
   R_4149/D                     0.67           1.36 r        -0.69  (VIOLATED)
   if_stage_inst/btb_inst/btb_reg[2][TARGET][30]/D
                                0.66           1.35 f        -0.69  (VIOLATED)
   if_stage_inst/btb_inst/btb_reg[3][TARGET][30]/D
                                0.66           1.35 f        -0.69  (VIOLATED)
   if_stage_inst/btb_inst/btb_reg[4][TARGET][30]/D
                                0.66           1.35 f        -0.69  (VIOLATED)
   if_stage_inst/btb_inst/btb_reg[5][TARGET][30]/D
                                0.66           1.35 f        -0.69  (VIOLATED)
   if_stage_inst/btb_inst/btb_reg[6][TARGET][30]/D
                                0.66           1.35 f        -0.69  (VIOLATED)
   if_stage_inst/btb_inst/btb_reg[7][TARGET][30]/D
                                0.66           1.35 f        -0.69  (VIOLATED)
   if_stage_inst/btb_inst/btb_reg[8][TARGET][30]/D
                                0.66           1.35 f        -0.69  (VIOLATED)
   if_stage_inst/btb_inst/btb_reg[9][TARGET][30]/D
                                0.66           1.35 f        -0.69  (VIOLATED)
   if_stage_inst/btb_inst/btb_reg[10][TARGET][30]/D
                                0.66           1.35 f        -0.69  (VIOLATED)
   if_stage_inst/btb_inst/btb_reg[11][TARGET][30]/D
                                0.66           1.35 f        -0.69  (VIOLATED)
   if_stage_inst/btb_inst/btb_reg[12][TARGET][30]/D
                                0.66           1.35 f        -0.69  (VIOLATED)
   if_stage_inst/btb_inst/btb_reg[13][TARGET][30]/D
                                0.66           1.35 f        -0.69  (VIOLATED)
   if_stage_inst/btb_inst/btb_reg[14][TARGET][30]/D
                                0.66           1.35 f        -0.69  (VIOLATED)
   if_stage_inst/btb_inst/btb_reg[15][TARGET][30]/D
                                0.66           1.35 f        -0.69  (VIOLATED)
   R_4255/D                     0.66           1.35 f        -0.69  (VIOLATED)
   ex_stage_inst/mult_pp_inst/tree_i/layer_4_r_reg[3][28]/D
                                0.66           1.35 r        -0.69  (VIOLATED)
   ex_stage_inst/mult_pp_inst/tree_i/layer_4_r_reg[3][31]/D
                                0.63           1.31 r        -0.68  (VIOLATED)
   ex_stage_inst/mult_pp_inst/tree_i/layer_4_r_reg[2][27]/D
                                0.66           1.34 f        -0.68  (VIOLATED)
   if_stage_inst/btb_inst/btb_reg[2][TARGET][29]/D
                                0.66           1.34 f        -0.68  (VIOLATED)
   if_stage_inst/btb_inst/btb_reg[3][TARGET][29]/D
                                0.66           1.34 f        -0.68  (VIOLATED)
   if_stage_inst/btb_inst/btb_reg[4][TARGET][29]/D
                                0.66           1.34 f        -0.68  (VIOLATED)
   if_stage_inst/btb_inst/btb_reg[5][TARGET][29]/D
                                0.66           1.34 f        -0.68  (VIOLATED)
   if_stage_inst/btb_inst/btb_reg[6][TARGET][29]/D
                                0.66           1.34 f        -0.68  (VIOLATED)
   if_stage_inst/btb_inst/btb_reg[7][TARGET][29]/D
                                0.66           1.34 f        -0.68  (VIOLATED)
   if_stage_inst/btb_inst/btb_reg[8][TARGET][29]/D
                                0.66           1.34 f        -0.68  (VIOLATED)
   if_stage_inst/btb_inst/btb_reg[9][TARGET][29]/D
                                0.66           1.34 f        -0.68  (VIOLATED)
   if_stage_inst/btb_inst/btb_reg[10][TARGET][29]/D
                                0.66           1.34 f        -0.68  (VIOLATED)
   if_stage_inst/btb_inst/btb_reg[11][TARGET][29]/D
                                0.66           1.34 f        -0.68  (VIOLATED)
   if_stage_inst/btb_inst/btb_reg[12][TARGET][29]/D
                                0.66           1.34 f        -0.68  (VIOLATED)
   if_stage_inst/btb_inst/btb_reg[13][TARGET][29]/D
                                0.66           1.34 f        -0.68  (VIOLATED)
   if_stage_inst/btb_inst/btb_reg[14][TARGET][29]/D
                                0.66           1.34 f        -0.68  (VIOLATED)
   if_stage_inst/btb_inst/btb_reg[15][TARGET][29]/D
                                0.66           1.34 f        -0.68  (VIOLATED)
   R_2782/D                     0.67           1.35 r        -0.68  (VIOLATED)
   ex_stage_inst/mult_pp_inst/tree_i/layer_4_r_reg[3][21]/D
                                0.67           1.35 r        -0.68  (VIOLATED)
   R_2902/D                     0.67           1.35 r        -0.68  (VIOLATED)
   if_stage_inst/btb_inst/btb_reg[2][TARGET][26]/D
                                0.66           1.34 f        -0.68  (VIOLATED)
   if_stage_inst/btb_inst/btb_reg[3][TARGET][26]/D
                                0.66           1.34 f        -0.68  (VIOLATED)
   if_stage_inst/btb_inst/btb_reg[4][TARGET][26]/D
                                0.66           1.34 f        -0.68  (VIOLATED)
   if_stage_inst/btb_inst/btb_reg[5][TARGET][26]/D
                                0.66           1.34 f        -0.68  (VIOLATED)
   if_stage_inst/btb_inst/btb_reg[6][TARGET][26]/D
                                0.66           1.34 f        -0.68  (VIOLATED)
   if_stage_inst/btb_inst/btb_reg[7][TARGET][26]/D
                                0.66           1.34 f        -0.68  (VIOLATED)
   if_stage_inst/btb_inst/btb_reg[8][TARGET][26]/D
                                0.66           1.34 f        -0.68  (VIOLATED)
   if_stage_inst/btb_inst/btb_reg[9][TARGET][26]/D
                                0.66           1.34 f        -0.68  (VIOLATED)
   if_stage_inst/btb_inst/btb_reg[10][TARGET][26]/D
                                0.66           1.34 f        -0.68  (VIOLATED)
   if_stage_inst/btb_inst/btb_reg[11][TARGET][26]/D
                                0.66           1.34 f        -0.68  (VIOLATED)
   if_stage_inst/btb_inst/btb_reg[12][TARGET][26]/D
                                0.66           1.34 f        -0.68  (VIOLATED)
   if_stage_inst/btb_inst/btb_reg[13][TARGET][26]/D
                                0.66           1.34 f        -0.68  (VIOLATED)
   if_stage_inst/btb_inst/btb_reg[14][TARGET][26]/D
                                0.66           1.34 f        -0.68  (VIOLATED)
   if_stage_inst/btb_inst/btb_reg[15][TARGET][26]/D
                                0.66           1.34 f        -0.68  (VIOLATED)
   hazard_unit_inst/status_table_reg[28][0]/D
                                0.66           1.34 f        -0.68  (VIOLATED)
   if_stage_inst/btb_inst/btb_reg[2][TARGET][27]/D
                                0.66           1.34 f        -0.68  (VIOLATED)
   if_stage_inst/btb_inst/btb_reg[3][TARGET][27]/D
                                0.66           1.34 f        -0.68  (VIOLATED)
   if_stage_inst/btb_inst/btb_reg[4][TARGET][27]/D
                                0.66           1.34 f        -0.68  (VIOLATED)
   if_stage_inst/btb_inst/btb_reg[5][TARGET][27]/D
                                0.66           1.34 f        -0.68  (VIOLATED)
   if_stage_inst/btb_inst/btb_reg[6][TARGET][27]/D
                                0.66           1.34 f        -0.68  (VIOLATED)
   if_stage_inst/btb_inst/btb_reg[7][TARGET][27]/D
                                0.66           1.34 f        -0.68  (VIOLATED)
   if_stage_inst/btb_inst/btb_reg[8][TARGET][27]/D
                                0.66           1.34 f        -0.68  (VIOLATED)
   if_stage_inst/btb_inst/btb_reg[9][TARGET][27]/D
                                0.66           1.34 f        -0.68  (VIOLATED)
   if_stage_inst/btb_inst/btb_reg[10][TARGET][27]/D
                                0.66           1.34 f        -0.68  (VIOLATED)
   if_stage_inst/btb_inst/btb_reg[11][TARGET][27]/D
                                0.66           1.34 f        -0.68  (VIOLATED)
   if_stage_inst/btb_inst/btb_reg[12][TARGET][27]/D
                                0.66           1.34 f        -0.68  (VIOLATED)
   if_stage_inst/btb_inst/btb_reg[13][TARGET][27]/D
                                0.66           1.34 f        -0.68  (VIOLATED)
   if_stage_inst/btb_inst/btb_reg[14][TARGET][27]/D
                                0.66           1.34 f        -0.68  (VIOLATED)
   if_stage_inst/btb_inst/btb_reg[15][TARGET][27]/D
                                0.66           1.34 f        -0.68  (VIOLATED)
   R_2740/D                     0.67           1.35 r        -0.68  (VIOLATED)
   R_2147/D                     0.67           1.35 r        -0.68  (VIOLATED)
   R_4502/D                     0.66           1.34 f        -0.68  (VIOLATED)
   if_stage_inst/btb_inst/R_4393/D
                                0.67           1.34 r        -0.68  (VIOLATED)
   R_4436/D                     0.67           1.34 r        -0.68  (VIOLATED)
   R_4424/D                     0.66           1.34 f        -0.68  (VIOLATED)
   R_3892/D                     0.67           1.34 r        -0.67  (VIOLATED)
   R_3835/D                     0.66           1.33 f        -0.67  (VIOLATED)
   R_4285/D                     0.66           1.33 f        -0.67  (VIOLATED)
   if_stage_inst/btb_inst/btb_reg[2][TARGET][18]/D
                                0.66           1.33 f        -0.67  (VIOLATED)
   if_stage_inst/btb_inst/btb_reg[3][TARGET][18]/D
                                0.66           1.33 f        -0.67  (VIOLATED)
   if_stage_inst/btb_inst/btb_reg[4][TARGET][18]/D
                                0.66           1.33 f        -0.67  (VIOLATED)
   if_stage_inst/btb_inst/btb_reg[5][TARGET][18]/D
                                0.66           1.33 f        -0.67  (VIOLATED)
   if_stage_inst/btb_inst/btb_reg[6][TARGET][18]/D
                                0.66           1.33 f        -0.67  (VIOLATED)
   if_stage_inst/btb_inst/btb_reg[7][TARGET][18]/D
                                0.66           1.33 f        -0.67  (VIOLATED)
   if_stage_inst/btb_inst/btb_reg[8][TARGET][18]/D
                                0.66           1.33 f        -0.67  (VIOLATED)
   if_stage_inst/btb_inst/btb_reg[9][TARGET][18]/D
                                0.66           1.33 f        -0.67  (VIOLATED)
   if_stage_inst/btb_inst/btb_reg[10][TARGET][18]/D
                                0.66           1.33 f        -0.67  (VIOLATED)
   if_stage_inst/btb_inst/btb_reg[11][TARGET][18]/D
                                0.66           1.33 f        -0.67  (VIOLATED)
   if_stage_inst/btb_inst/btb_reg[12][TARGET][18]/D
                                0.66           1.33 f        -0.67  (VIOLATED)
   if_stage_inst/btb_inst/btb_reg[13][TARGET][18]/D
                                0.66           1.33 f        -0.67  (VIOLATED)
   if_stage_inst/btb_inst/btb_reg[14][TARGET][18]/D
                                0.66           1.33 f        -0.67  (VIOLATED)
   if_stage_inst/btb_inst/btb_reg[15][TARGET][18]/D
                                0.66           1.33 f        -0.67  (VIOLATED)
   R_3711/D                     0.66           1.33 f        -0.67  (VIOLATED)
   if_stage_inst/btb_inst/btb_reg[7][TAG][2]/D
                                0.66           1.33 f        -0.67  (VIOLATED)
   if_stage_inst/btb_inst/btb_reg[7][TAG][3]/D
                                0.66           1.33 f        -0.67  (VIOLATED)
   if_stage_inst/btb_inst/btb_reg[7][TAG][6]/D
                                0.66           1.33 f        -0.67  (VIOLATED)
   if_stage_inst/btb_inst/btb_reg[7][TAG][7]/D
                                0.66           1.33 f        -0.67  (VIOLATED)
   if_stage_inst/btb_inst/btb_reg[3][TAG][2]/D
                                0.66           1.33 f        -0.67  (VIOLATED)
   if_stage_inst/btb_inst/btb_reg[3][TAG][3]/D
                                0.66           1.33 f        -0.67  (VIOLATED)
   if_stage_inst/btb_inst/btb_reg[3][TAG][6]/D
                                0.66           1.33 f        -0.67  (VIOLATED)
   if_stage_inst/btb_inst/btb_reg[3][TAG][7]/D
                                0.66           1.33 f        -0.67  (VIOLATED)
   R_3072/D                     0.66           1.33 f        -0.67  (VIOLATED)
   if_stage_inst/btb_inst/btb_reg[7][TAG][4]/D
                                0.66           1.33 f        -0.67  (VIOLATED)
   if_stage_inst/btb_inst/btb_reg[7][TAG][0]/D
                                0.66           1.33 f        -0.67  (VIOLATED)
   if_stage_inst/btb_inst/btb_reg[7][TAG][1]/D
                                0.66           1.33 f        -0.67  (VIOLATED)
   if_stage_inst/btb_inst/btb_reg[7][TAG][8]/D
                                0.66           1.33 f        -0.67  (VIOLATED)
   if_stage_inst/btb_inst/btb_reg[7][TAG][12]/D
                                0.66           1.33 f        -0.67  (VIOLATED)
   if_stage_inst/btb_inst/btb_reg[7][TAG][11]/D
                                0.66           1.33 f        -0.67  (VIOLATED)
   if_stage_inst/btb_inst/btb_reg[7][TAG][14]/D
                                0.66           1.33 f        -0.67  (VIOLATED)
   if_stage_inst/btb_inst/btb_reg[7][TAG][15]/D
                                0.66           1.33 f        -0.67  (VIOLATED)
   if_stage_inst/btb_inst/btb_reg[7][TAG][16]/D
                                0.66           1.33 f        -0.67  (VIOLATED)
   if_stage_inst/btb_inst/btb_reg[3][TAG][4]/D
                                0.66           1.33 f        -0.67  (VIOLATED)
   if_stage_inst/btb_inst/btb_reg[3][TAG][0]/D
                                0.66           1.33 f        -0.67  (VIOLATED)
   if_stage_inst/btb_inst/btb_reg[3][TAG][1]/D
                                0.66           1.33 f        -0.67  (VIOLATED)
   if_stage_inst/btb_inst/btb_reg[3][TAG][8]/D
                                0.66           1.33 f        -0.67  (VIOLATED)
   if_stage_inst/btb_inst/btb_reg[3][TAG][12]/D
                                0.66           1.33 f        -0.67  (VIOLATED)
   if_stage_inst/btb_inst/btb_reg[3][TAG][11]/D
                                0.66           1.33 f        -0.67  (VIOLATED)
   if_stage_inst/btb_inst/btb_reg[3][TAG][14]/D
                                0.66           1.33 f        -0.67  (VIOLATED)
   if_stage_inst/btb_inst/btb_reg[3][TAG][15]/D
                                0.66           1.33 f        -0.67  (VIOLATED)
   if_stage_inst/btb_inst/btb_reg[3][TAG][16]/D
                                0.66           1.33 f        -0.67  (VIOLATED)
   R_4243/D                     0.66           1.33 f        -0.67  (VIOLATED)
   if_stage_inst/btb_inst/btb_reg[6][TAG][2]/D
                                0.66           1.33 f        -0.67  (VIOLATED)
   if_stage_inst/btb_inst/btb_reg[6][TAG][3]/D
                                0.66           1.33 f        -0.67  (VIOLATED)
   if_stage_inst/btb_inst/btb_reg[6][TAG][6]/D
                                0.66           1.33 f        -0.67  (VIOLATED)
   if_stage_inst/btb_inst/btb_reg[6][TAG][7]/D
                                0.66           1.33 f        -0.67  (VIOLATED)
   if_stage_inst/btb_inst/btb_reg[8][TAG][2]/D
                                0.66           1.33 f        -0.67  (VIOLATED)
   if_stage_inst/btb_inst/btb_reg[8][TAG][3]/D
                                0.66           1.33 f        -0.67  (VIOLATED)
   if_stage_inst/btb_inst/btb_reg[8][TAG][6]/D
                                0.66           1.33 f        -0.67  (VIOLATED)
   if_stage_inst/btb_inst/btb_reg[8][TAG][7]/D
                                0.66           1.33 f        -0.67  (VIOLATED)
   if_stage_inst/btb_inst/btb_reg[10][TAG][2]/D
                                0.66           1.33 f        -0.67  (VIOLATED)
   if_stage_inst/btb_inst/btb_reg[10][TAG][3]/D
                                0.66           1.33 f        -0.67  (VIOLATED)
   if_stage_inst/btb_inst/btb_reg[10][TAG][6]/D
                                0.66           1.33 f        -0.67  (VIOLATED)
   if_stage_inst/btb_inst/btb_reg[10][TAG][7]/D
                                0.66           1.33 f        -0.67  (VIOLATED)
   if_stage_inst/btb_inst/btb_reg[6][TAG][4]/D
                                0.66           1.33 f        -0.67  (VIOLATED)
   if_stage_inst/btb_inst/btb_reg[6][TAG][0]/D
                                0.66           1.33 f        -0.67  (VIOLATED)
   if_stage_inst/btb_inst/btb_reg[6][TAG][1]/D
                                0.66           1.33 f        -0.67  (VIOLATED)
   if_stage_inst/btb_inst/btb_reg[6][TAG][8]/D
                                0.66           1.33 f        -0.67  (VIOLATED)
   if_stage_inst/btb_inst/btb_reg[6][TAG][12]/D
                                0.66           1.33 f        -0.67  (VIOLATED)
   if_stage_inst/btb_inst/btb_reg[6][TAG][11]/D
                                0.66           1.33 f        -0.67  (VIOLATED)
   if_stage_inst/btb_inst/btb_reg[6][TAG][14]/D
                                0.66           1.33 f        -0.67  (VIOLATED)
   if_stage_inst/btb_inst/btb_reg[6][TAG][15]/D
                                0.66           1.33 f        -0.67  (VIOLATED)
   if_stage_inst/btb_inst/btb_reg[6][TAG][9]/D
                                0.66           1.33 f        -0.67  (VIOLATED)
   if_stage_inst/btb_inst/btb_reg[8][TAG][4]/D
                                0.66           1.33 f        -0.67  (VIOLATED)
   if_stage_inst/btb_inst/btb_reg[8][TAG][0]/D
                                0.66           1.33 f        -0.67  (VIOLATED)
   if_stage_inst/btb_inst/btb_reg[8][TAG][1]/D
                                0.66           1.33 f        -0.67  (VIOLATED)
   if_stage_inst/btb_inst/btb_reg[8][TAG][8]/D
                                0.66           1.33 f        -0.67  (VIOLATED)
   if_stage_inst/btb_inst/btb_reg[8][TAG][12]/D
                                0.66           1.33 f        -0.67  (VIOLATED)
   if_stage_inst/btb_inst/btb_reg[8][TAG][11]/D
                                0.66           1.33 f        -0.67  (VIOLATED)
   if_stage_inst/btb_inst/btb_reg[8][TAG][14]/D
                                0.66           1.33 f        -0.67  (VIOLATED)
   if_stage_inst/btb_inst/btb_reg[8][TAG][15]/D
                                0.66           1.33 f        -0.67  (VIOLATED)
   if_stage_inst/btb_inst/btb_reg[8][TAG][16]/D
                                0.66           1.33 f        -0.67  (VIOLATED)
   if_stage_inst/btb_inst/btb_reg[10][TAG][4]/D
                                0.66           1.33 f        -0.67  (VIOLATED)
   if_stage_inst/btb_inst/btb_reg[10][TAG][0]/D
                                0.66           1.33 f        -0.67  (VIOLATED)
   if_stage_inst/btb_inst/btb_reg[10][TAG][1]/D
                                0.66           1.33 f        -0.67  (VIOLATED)
   if_stage_inst/btb_inst/btb_reg[10][TAG][8]/D
                                0.66           1.33 f        -0.67  (VIOLATED)
   if_stage_inst/btb_inst/btb_reg[10][TAG][12]/D
                                0.66           1.33 f        -0.67  (VIOLATED)
   if_stage_inst/btb_inst/btb_reg[10][TAG][11]/D
                                0.66           1.33 f        -0.67  (VIOLATED)
   if_stage_inst/btb_inst/btb_reg[10][TAG][14]/D
                                0.66           1.33 f        -0.67  (VIOLATED)
   if_stage_inst/btb_inst/btb_reg[10][TAG][15]/D
                                0.66           1.33 f        -0.67  (VIOLATED)
   if_stage_inst/btb_inst/btb_reg[10][TAG][9]/D
                                0.66           1.33 f        -0.67  (VIOLATED)
   R_2897/D                     0.66           1.33 f        -0.67  (VIOLATED)
   if_stage_inst/btb_inst/btb_reg[2][TARGET][24]/D
                                0.66           1.33 f        -0.67  (VIOLATED)
   if_stage_inst/btb_inst/btb_reg[3][TARGET][24]/D
                                0.66           1.33 f        -0.67  (VIOLATED)
   if_stage_inst/btb_inst/btb_reg[4][TARGET][24]/D
                                0.66           1.33 f        -0.67  (VIOLATED)
   if_stage_inst/btb_inst/btb_reg[5][TARGET][24]/D
                                0.66           1.33 f        -0.67  (VIOLATED)
   if_stage_inst/btb_inst/btb_reg[6][TARGET][24]/D
                                0.66           1.33 f        -0.67  (VIOLATED)
   if_stage_inst/btb_inst/btb_reg[7][TARGET][24]/D
                                0.66           1.33 f        -0.67  (VIOLATED)
   if_stage_inst/btb_inst/btb_reg[8][TARGET][24]/D
                                0.66           1.33 f        -0.67  (VIOLATED)
   if_stage_inst/btb_inst/btb_reg[9][TARGET][24]/D
                                0.66           1.33 f        -0.67  (VIOLATED)
   if_stage_inst/btb_inst/btb_reg[10][TARGET][24]/D
                                0.66           1.33 f        -0.67  (VIOLATED)
   if_stage_inst/btb_inst/btb_reg[11][TARGET][24]/D
                                0.66           1.33 f        -0.67  (VIOLATED)
   if_stage_inst/btb_inst/btb_reg[12][TARGET][24]/D
                                0.66           1.33 f        -0.67  (VIOLATED)
   if_stage_inst/btb_inst/btb_reg[13][TARGET][24]/D
                                0.66           1.33 f        -0.67  (VIOLATED)
   if_stage_inst/btb_inst/btb_reg[14][TARGET][24]/D
                                0.66           1.33 f        -0.67  (VIOLATED)
   if_stage_inst/btb_inst/btb_reg[15][TARGET][24]/D
                                0.66           1.33 f        -0.67  (VIOLATED)
   R_4292/D                     0.66           1.33 f        -0.67  (VIOLATED)
   R_4432/D                     0.67           1.34 r        -0.67  (VIOLATED)
   R_4288/D                     0.66           1.33 f        -0.67  (VIOLATED)
   R_2723/D                     0.67           1.34 r        -0.67  (VIOLATED)
   hazard_unit_inst/status_table_reg[16][0]/D
                                0.66           1.33 f        -0.67  (VIOLATED)
   R_4421/D                     0.66           1.32 f        -0.67  (VIOLATED)
   if_stage_inst/btb_inst/btb_reg[2][TARGET][20]/D
                                0.66           1.33 f        -0.67  (VIOLATED)
   R_4281/D                     0.66           1.33 f        -0.67  (VIOLATED)
   ex_stage_inst/mult_pp_inst/tree_i/layer_4_r_reg[3][27]/D
                                0.66           1.33 f        -0.67  (VIOLATED)
   if_stage_inst/btb_inst/btb_reg[2][TARGET][23]/D
                                0.66           1.33 f        -0.67  (VIOLATED)
   if_stage_inst/btb_inst/btb_reg[2][TARGET][19]/D
                                0.66           1.33 f        -0.67  (VIOLATED)
   if_stage_inst/btb_inst/btb_reg[2][TARGET][28]/D
                                0.66           1.33 f        -0.67  (VIOLATED)
   if_stage_inst/btb_inst/btb_reg[2][TARGET][22]/D
                                0.66           1.33 f        -0.67  (VIOLATED)
   if_stage_inst/btb_inst/btb_reg[2][TARGET][21]/D
                                0.66           1.33 f        -0.67  (VIOLATED)
   if_stage_inst/btb_inst/btb_reg[2][TARGET][16]/D
                                0.66           1.33 f        -0.67  (VIOLATED)
   if_stage_inst/btb_inst/btb_reg[2][TAG][20]/D
                                0.66           1.33 f        -0.67  (VIOLATED)
   R_4289/D                     0.66           1.32 f        -0.67  (VIOLATED)
   R_3800/D                     0.67           1.33 r        -0.67  (VIOLATED)
   R_3801/D                     0.66           1.32 f        -0.66  (VIOLATED)
   R_4439/D                     0.66           1.32 f        -0.66  (VIOLATED)
   hazard_unit_inst/status_table_reg[2][0]/D
                                0.66           1.32 f        -0.66  (VIOLATED)
   if_stage_inst/btb_inst/btb_reg[5][TAG][6]/D
                                0.66           1.32 f        -0.66  (VIOLATED)
   if_stage_inst/btb_inst/btb_reg[5][TAG][7]/D
                                0.66           1.32 f        -0.66  (VIOLATED)
   if_stage_inst/btb_inst/btb_reg[14][TARGET][23]/D
                                0.66           1.32 f        -0.66  (VIOLATED)
   if_stage_inst/btb_inst/btb_reg[14][TARGET][19]/D
                                0.66           1.32 f        -0.66  (VIOLATED)
   if_stage_inst/btb_inst/btb_reg[14][TAG][0]/D
                                0.66           1.32 f        -0.66  (VIOLATED)
   if_stage_inst/btb_inst/btb_reg[14][TAG][1]/D
                                0.66           1.32 f        -0.66  (VIOLATED)
   if_stage_inst/btb_inst/btb_reg[5][TARGET][23]/D
                                0.66           1.32 f        -0.66  (VIOLATED)
   if_stage_inst/btb_inst/btb_reg[14][TARGET][22]/D
                                0.66           1.32 f        -0.66  (VIOLATED)
   if_stage_inst/btb_inst/btb_reg[14][TAG][8]/D
                                0.66           1.32 f        -0.66  (VIOLATED)
   if_stage_inst/btb_inst/btb_reg[14][TAG][14]/D
                                0.66           1.32 f        -0.66  (VIOLATED)
   if_stage_inst/btb_inst/btb_reg[14][TARGET][16]/D
                                0.66           1.32 f        -0.66  (VIOLATED)
   if_stage_inst/btb_inst/btb_reg[14][TAG][9]/D
                                0.66           1.32 f        -0.66  (VIOLATED)
   if_stage_inst/btb_inst/btb_reg[14][TAG][18]/D
                                0.66           1.32 f        -0.66  (VIOLATED)
   if_stage_inst/btb_inst/btb_reg[5][TARGET][19]/D
                                0.66           1.32 f        -0.66  (VIOLATED)
   if_stage_inst/btb_inst/btb_reg[5][TARGET][22]/D
                                0.66           1.32 f        -0.66  (VIOLATED)
   if_stage_inst/btb_inst/btb_reg[5][TAG][8]/D
                                0.66           1.32 f        -0.66  (VIOLATED)
   if_stage_inst/btb_inst/btb_reg[5][TAG][14]/D
                                0.66           1.32 f        -0.66  (VIOLATED)
   if_stage_inst/btb_inst/btb_reg[5][TARGET][16]/D
                                0.66           1.32 f        -0.66  (VIOLATED)
   if_stage_inst/btb_inst/btb_reg[5][TAG][9]/D
                                0.66           1.32 f        -0.66  (VIOLATED)
   if_stage_inst/btb_inst/btb_reg[5][TAG][22]/D
                                0.66           1.32 f        -0.66  (VIOLATED)
   if_stage_inst/btb_inst/R_4210/D
                                0.67           1.33 r        -0.66  (VIOLATED)
   if_stage_inst/btb_inst/btb_reg[12][TARGET][28]/D
                                0.66           1.32 f        -0.66  (VIOLATED)
   if_stage_inst/btb_inst/btb_reg[12][TAG][4]/D
                                0.66           1.32 f        -0.66  (VIOLATED)
   if_stage_inst/btb_inst/btb_reg[12][TARGET][22]/D
                                0.66           1.32 f        -0.66  (VIOLATED)
   if_stage_inst/btb_inst/btb_reg[12][TAG][8]/D
                                0.66           1.32 f        -0.66  (VIOLATED)
   if_stage_inst/btb_inst/btb_reg[12][TAG][12]/D
                                0.66           1.32 f        -0.66  (VIOLATED)
   if_stage_inst/btb_inst/btb_reg[12][TAG][11]/D
                                0.66           1.32 f        -0.66  (VIOLATED)
   if_stage_inst/btb_inst/btb_reg[12][TAG][15]/D
                                0.66           1.32 f        -0.66  (VIOLATED)
   if_stage_inst/btb_inst/btb_reg[12][TAG][20]/D
                                0.66           1.32 f        -0.66  (VIOLATED)
   R_4279/D                     0.66           1.32 f        -0.66  (VIOLATED)
   if_stage_inst/btb_inst/btb_reg[3][TARGET][22]/D
                                0.66           1.32 f        -0.66  (VIOLATED)
   if_stage_inst/btb_inst/btb_reg[4][TARGET][22]/D
                                0.66           1.32 f        -0.66  (VIOLATED)
   if_stage_inst/btb_inst/btb_reg[6][TARGET][22]/D
                                0.66           1.32 f        -0.66  (VIOLATED)
   if_stage_inst/btb_inst/btb_reg[7][TARGET][22]/D
                                0.66           1.32 f        -0.66  (VIOLATED)
   if_stage_inst/btb_inst/btb_reg[8][TARGET][22]/D
                                0.66           1.32 f        -0.66  (VIOLATED)
   if_stage_inst/btb_inst/btb_reg[9][TARGET][22]/D
                                0.66           1.32 f        -0.66  (VIOLATED)
   if_stage_inst/btb_inst/btb_reg[10][TARGET][22]/D
                                0.66           1.32 f        -0.66  (VIOLATED)
   if_stage_inst/btb_inst/btb_reg[11][TARGET][22]/D
                                0.66           1.32 f        -0.66  (VIOLATED)
   if_stage_inst/btb_inst/btb_reg[13][TARGET][22]/D
                                0.66           1.32 f        -0.66  (VIOLATED)
   if_stage_inst/btb_inst/btb_reg[15][TARGET][22]/D
                                0.66           1.32 f        -0.66  (VIOLATED)
   ex_stage_inst/mult_pp_inst/tree_i/layer_4_r_reg[3][25]/D
                                0.66           1.32 f        -0.66  (VIOLATED)
   if_stage_inst/btb_inst/btb_reg[3][TARGET][20]/D
                                0.66           1.32 f        -0.66  (VIOLATED)
   if_stage_inst/btb_inst/btb_reg[4][TARGET][20]/D
                                0.66           1.32 f        -0.66  (VIOLATED)
   if_stage_inst/btb_inst/btb_reg[5][TARGET][20]/D
                                0.66           1.32 f        -0.66  (VIOLATED)
   if_stage_inst/btb_inst/btb_reg[6][TARGET][20]/D
                                0.66           1.32 f        -0.66  (VIOLATED)
   if_stage_inst/btb_inst/btb_reg[7][TARGET][20]/D
                                0.66           1.32 f        -0.66  (VIOLATED)
   if_stage_inst/btb_inst/btb_reg[8][TARGET][20]/D
                                0.66           1.32 f        -0.66  (VIOLATED)
   if_stage_inst/btb_inst/btb_reg[9][TARGET][20]/D
                                0.66           1.32 f        -0.66  (VIOLATED)
   if_stage_inst/btb_inst/btb_reg[10][TARGET][20]/D
                                0.66           1.32 f        -0.66  (VIOLATED)
   if_stage_inst/btb_inst/btb_reg[11][TARGET][20]/D
                                0.66           1.32 f        -0.66  (VIOLATED)
   if_stage_inst/btb_inst/btb_reg[12][TARGET][20]/D
                                0.66           1.32 f        -0.66  (VIOLATED)
   if_stage_inst/btb_inst/btb_reg[13][TARGET][20]/D
                                0.66           1.32 f        -0.66  (VIOLATED)
   if_stage_inst/btb_inst/btb_reg[14][TARGET][20]/D
                                0.66           1.32 f        -0.66  (VIOLATED)
   if_stage_inst/btb_inst/btb_reg[15][TARGET][20]/D
                                0.66           1.32 f        -0.66  (VIOLATED)
   if_stage_inst/btb_inst/btb_reg[14][TAG][2]/D
                                0.66           1.32 f        -0.66  (VIOLATED)
   if_stage_inst/btb_inst/btb_reg[14][TAG][3]/D
                                0.66           1.32 f        -0.66  (VIOLATED)
   if_stage_inst/btb_inst/btb_reg[5][TAG][2]/D
                                0.66           1.32 f        -0.66  (VIOLATED)
   if_stage_inst/btb_inst/btb_reg[5][TAG][3]/D
                                0.66           1.32 f        -0.66  (VIOLATED)
   if_stage_inst/btb_inst/btb_reg[14][TAG][13]/D
                                0.66           1.32 f        -0.66  (VIOLATED)
   if_stage_inst/btb_inst/btb_reg[14][TAG][17]/D
                                0.66           1.32 f        -0.66  (VIOLATED)
   if_stage_inst/btb_inst/btb_reg[14][TAG][23]/D
                                0.66           1.32 f        -0.66  (VIOLATED)
   if_stage_inst/btb_inst/btb_reg[14][TAG][21]/D
                                0.66           1.32 f        -0.66  (VIOLATED)
   if_stage_inst/btb_inst/btb_reg[14][TAG][24]/D
                                0.66           1.32 f        -0.66  (VIOLATED)
   if_stage_inst/btb_inst/btb_reg[14][TAG][5]/D
                                0.66           1.32 f        -0.66  (VIOLATED)
   if_stage_inst/btb_inst/btb_reg[14][TAG][25]/D
                                0.66           1.32 f        -0.66  (VIOLATED)
   if_stage_inst/btb_inst/btb_reg[14][TAG][16]/D
                                0.66           1.32 f        -0.66  (VIOLATED)
   if_stage_inst/btb_inst/btb_reg[14][TAG][19]/D
                                0.66           1.32 f        -0.66  (VIOLATED)
   if_stage_inst/btb_inst/btb_reg[5][TAG][13]/D
                                0.66           1.32 f        -0.66  (VIOLATED)
   if_stage_inst/btb_inst/btb_reg[5][TAG][17]/D
                                0.66           1.32 f        -0.66  (VIOLATED)
   if_stage_inst/btb_inst/btb_reg[5][TAG][23]/D
                                0.66           1.32 f        -0.66  (VIOLATED)
   if_stage_inst/btb_inst/btb_reg[5][TAG][21]/D
                                0.66           1.32 f        -0.66  (VIOLATED)
   if_stage_inst/btb_inst/btb_reg[5][TAG][24]/D
                                0.66           1.32 f        -0.66  (VIOLATED)
   if_stage_inst/btb_inst/btb_reg[5][TAG][5]/D
                                0.66           1.32 f        -0.66  (VIOLATED)
   if_stage_inst/btb_inst/btb_reg[5][TAG][25]/D
                                0.66           1.32 f        -0.66  (VIOLATED)
   if_stage_inst/btb_inst/btb_reg[5][TAG][16]/D
                                0.66           1.32 f        -0.66  (VIOLATED)
   if_stage_inst/btb_inst/btb_reg[5][TAG][19]/D
                                0.66           1.32 f        -0.66  (VIOLATED)
   ex_stage_inst/mult_pp_inst/tree_i/layer_4_r_reg[3][29]/D
                                0.67           1.32 r        -0.66  (VIOLATED)
   if_stage_inst/btb_inst/btb_reg[12][TAG][2]/D
                                0.66           1.32 f        -0.66  (VIOLATED)
   if_stage_inst/btb_inst/btb_reg[12][TAG][3]/D
                                0.66           1.32 f        -0.66  (VIOLATED)
   hazard_unit_inst/status_table_reg[25][0]/D
                                0.66           1.32 f        -0.66  (VIOLATED)
   hazard_unit_inst/status_table_reg[14][0]/D
                                0.66           1.32 f        -0.66  (VIOLATED)
   if_stage_inst/btb_inst/btb_reg[12][TAG][13]/D
                                0.66           1.32 f        -0.66  (VIOLATED)
   if_stage_inst/btb_inst/btb_reg[12][TAG][17]/D
                                0.66           1.32 f        -0.66  (VIOLATED)
   if_stage_inst/btb_inst/btb_reg[12][TAG][23]/D
                                0.66           1.32 f        -0.66  (VIOLATED)
   if_stage_inst/btb_inst/btb_reg[12][TAG][21]/D
                                0.66           1.32 f        -0.66  (VIOLATED)
   if_stage_inst/btb_inst/btb_reg[12][TAG][24]/D
                                0.66           1.32 f        -0.66  (VIOLATED)
   if_stage_inst/btb_inst/btb_reg[12][TAG][5]/D
                                0.66           1.32 f        -0.66  (VIOLATED)
   if_stage_inst/btb_inst/btb_reg[12][TAG][16]/D
                                0.66           1.32 f        -0.66  (VIOLATED)
   if_stage_inst/btb_inst/btb_reg[12][TAG][19]/D
                                0.66           1.32 f        -0.66  (VIOLATED)
   if_stage_inst/btb_inst/btb_reg[12][TAG][22]/D
                                0.66           1.32 f        -0.66  (VIOLATED)
   if_stage_inst/btb_inst/btb_reg[14][TAG][6]/D
                                0.66           1.31 f        -0.66  (VIOLATED)
   if_stage_inst/btb_inst/btb_reg[14][TAG][7]/D
                                0.66           1.31 f        -0.66  (VIOLATED)
   if_stage_inst/btb_inst/btb_reg[7][TARGET][23]/D
                                0.66           1.31 f        -0.66  (VIOLATED)
   if_stage_inst/btb_inst/btb_reg[7][TARGET][19]/D
                                0.66           1.31 f        -0.66  (VIOLATED)
   if_stage_inst/btb_inst/btb_reg[3][TARGET][23]/D
                                0.66           1.31 f        -0.66  (VIOLATED)
   if_stage_inst/btb_inst/btb_reg[3][TARGET][19]/D
                                0.66           1.31 f        -0.66  (VIOLATED)
   if_stage_inst/btb_inst/btb_reg[7][TARGET][28]/D
                                0.66           1.31 f        -0.66  (VIOLATED)
   if_stage_inst/btb_inst/btb_reg[3][TARGET][28]/D
                                0.66           1.31 f        -0.66  (VIOLATED)
   if_stage_inst/btb_inst/btb_reg[7][TARGET][21]/D
                                0.66           1.31 f        -0.66  (VIOLATED)
   if_stage_inst/btb_inst/btb_reg[7][TARGET][16]/D
                                0.66           1.31 f        -0.66  (VIOLATED)
   if_stage_inst/btb_inst/btb_reg[7][TAG][20]/D
                                0.66           1.31 f        -0.66  (VIOLATED)
   if_stage_inst/btb_inst/btb_reg[3][TARGET][21]/D
                                0.66           1.31 f        -0.66  (VIOLATED)
   if_stage_inst/btb_inst/btb_reg[3][TARGET][16]/D
                                0.66           1.31 f        -0.66  (VIOLATED)
   if_stage_inst/btb_inst/btb_reg[3][TAG][20]/D
                                0.66           1.31 f        -0.66  (VIOLATED)
   hazard_unit_inst/status_table_reg[27][0]/D
                                0.66           1.32 f        -0.66  (VIOLATED)
   if_stage_inst/btb_inst/btb_reg[14][TARGET][28]/D
                                0.66           1.31 f        -0.66  (VIOLATED)
   if_stage_inst/btb_inst/btb_reg[14][TAG][4]/D
                                0.66           1.31 f        -0.65  (VIOLATED)
   if_stage_inst/btb_inst/btb_reg[14][TARGET][21]/D
                                0.66           1.31 f        -0.65  (VIOLATED)
   if_stage_inst/btb_inst/btb_reg[14][TAG][11]/D
                                0.66           1.31 f        -0.65  (VIOLATED)
   if_stage_inst/btb_inst/btb_reg[14][TAG][15]/D
                                0.66           1.31 f        -0.65  (VIOLATED)
   if_stage_inst/btb_inst/btb_reg[5][TARGET][28]/D
                                0.66           1.31 f        -0.65  (VIOLATED)
   if_stage_inst/btb_inst/btb_reg[5][TAG][4]/D
                                0.66           1.31 f        -0.65  (VIOLATED)
   if_stage_inst/btb_inst/btb_reg[5][TAG][0]/D
                                0.66           1.31 f        -0.65  (VIOLATED)
   if_stage_inst/btb_inst/btb_reg[5][TAG][1]/D
                                0.66           1.31 f        -0.65  (VIOLATED)
   if_stage_inst/btb_inst/btb_reg[5][TARGET][21]/D
                                0.66           1.31 f        -0.65  (VIOLATED)
   if_stage_inst/btb_inst/btb_reg[5][TAG][11]/D
                                0.66           1.31 f        -0.65  (VIOLATED)
   if_stage_inst/btb_inst/btb_reg[5][TAG][15]/D
                                0.66           1.31 f        -0.65  (VIOLATED)
   if_stage_inst/btb_inst/btb_reg[6][TARGET][23]/D
                                0.66           1.31 f        -0.65  (VIOLATED)
   if_stage_inst/btb_inst/btb_reg[6][TARGET][19]/D
                                0.66           1.31 f        -0.65  (VIOLATED)
   if_stage_inst/btb_inst/btb_reg[8][TARGET][23]/D
                                0.66           1.31 f        -0.65  (VIOLATED)
   if_stage_inst/btb_inst/btb_reg[8][TARGET][19]/D
                                0.66           1.31 f        -0.65  (VIOLATED)
   if_stage_inst/btb_inst/btb_reg[6][TARGET][28]/D
                                0.66           1.31 f        -0.65  (VIOLATED)
   if_stage_inst/btb_inst/btb_reg[8][TARGET][28]/D
                                0.66           1.31 f        -0.65  (VIOLATED)
   if_stage_inst/btb_inst/btb_reg[6][TARGET][21]/D
                                0.66           1.31 f        -0.65  (VIOLATED)
   if_stage_inst/btb_inst/btb_reg[6][TARGET][16]/D
                                0.66           1.31 f        -0.65  (VIOLATED)
   if_stage_inst/btb_inst/btb_reg[6][TAG][20]/D
                                0.66           1.31 f        -0.65  (VIOLATED)
   if_stage_inst/btb_inst/btb_reg[8][TARGET][21]/D
                                0.66           1.31 f        -0.65  (VIOLATED)
   if_stage_inst/btb_inst/btb_reg[8][TARGET][16]/D
                                0.66           1.31 f        -0.65  (VIOLATED)
   if_stage_inst/btb_inst/btb_reg[8][TAG][20]/D
                                0.66           1.31 f        -0.65  (VIOLATED)
   if_stage_inst/btb_inst/btb_reg[10][TARGET][23]/D
                                0.66           1.31 f        -0.65  (VIOLATED)
   if_stage_inst/btb_inst/btb_reg[10][TARGET][19]/D
                                0.66           1.31 f        -0.65  (VIOLATED)
   if_stage_inst/btb_inst/btb_reg[10][TARGET][28]/D
                                0.66           1.31 f        -0.65  (VIOLATED)
   if_stage_inst/btb_inst/R_4208/D
                                0.67           1.32 r        -0.65  (VIOLATED)
   if_stage_inst/btb_inst/btb_reg[12][TAG][6]/D
                                0.66           1.31 f        -0.65  (VIOLATED)
   if_stage_inst/btb_inst/btb_reg[12][TAG][7]/D
                                0.66           1.31 f        -0.65  (VIOLATED)
   if_stage_inst/btb_inst/btb_reg[10][TARGET][21]/D
                                0.66           1.31 f        -0.65  (VIOLATED)
   if_stage_inst/btb_inst/btb_reg[10][TARGET][16]/D
                                0.66           1.31 f        -0.65  (VIOLATED)
   if_stage_inst/btb_inst/btb_reg[10][TAG][20]/D
                                0.66           1.31 f        -0.65  (VIOLATED)
   if_stage_inst/btb_inst/btb_reg[12][TARGET][23]/D
                                0.66           1.31 f        -0.65  (VIOLATED)
   if_stage_inst/btb_inst/btb_reg[12][TARGET][19]/D
                                0.66           1.31 f        -0.65  (VIOLATED)
   if_stage_inst/btb_inst/btb_reg[12][TAG][0]/D
                                0.66           1.31 f        -0.65  (VIOLATED)
   if_stage_inst/btb_inst/btb_reg[12][TAG][1]/D
                                0.66           1.31 f        -0.65  (VIOLATED)
   if_stage_inst/btb_inst/btb_reg[12][TARGET][16]/D
                                0.66           1.31 f        -0.65  (VIOLATED)
   if_stage_inst/btb_inst/btb_reg[12][TAG][9]/D
                                0.66           1.31 f        -0.65  (VIOLATED)
   R_2440/D                     0.66           1.31 f        -0.65  (VIOLATED)
   if_stage_inst/btb_inst/btb_reg[12][TAG][25]/D
                                0.66           1.31 f        -0.65  (VIOLATED)
   if_stage_inst/btb_inst/btb_reg[9][TARGET][19]/D
                                0.67           1.32 r        -0.65  (VIOLATED)
   if_stage_inst/btb_inst/btb_reg[4][TARGET][19]/D
                                0.66           1.31 f        -0.65  (VIOLATED)
   if_stage_inst/btb_inst/btb_reg[11][TARGET][19]/D
                                0.66           1.31 f        -0.65  (VIOLATED)
   if_stage_inst/btb_inst/btb_reg[13][TARGET][19]/D
                                0.66           1.31 f        -0.65  (VIOLATED)
   if_stage_inst/btb_inst/btb_reg[15][TARGET][19]/D
                                0.66           1.31 f        -0.65  (VIOLATED)
   if_stage_inst/btb_inst/btb_reg[7][TAG][13]/D
                                0.66           1.31 f        -0.65  (VIOLATED)
   if_stage_inst/btb_inst/btb_reg[7][TAG][17]/D
                                0.66           1.31 f        -0.65  (VIOLATED)
   if_stage_inst/btb_inst/btb_reg[7][TAG][23]/D
                                0.66           1.31 f        -0.65  (VIOLATED)
   if_stage_inst/btb_inst/btb_reg[7][TAG][21]/D
                                0.66           1.31 f        -0.65  (VIOLATED)
   if_stage_inst/btb_inst/btb_reg[7][TAG][24]/D
                                0.66           1.31 f        -0.65  (VIOLATED)
   if_stage_inst/btb_inst/btb_reg[7][TAG][5]/D
                                0.66           1.31 f        -0.65  (VIOLATED)
   if_stage_inst/btb_inst/btb_reg[7][TAG][25]/D
                                0.66           1.31 f        -0.65  (VIOLATED)
   if_stage_inst/btb_inst/btb_reg[7][TAG][9]/D
                                0.66           1.31 f        -0.65  (VIOLATED)
   if_stage_inst/btb_inst/btb_reg[7][TAG][19]/D
                                0.66           1.31 f        -0.65  (VIOLATED)
   if_stage_inst/btb_inst/btb_reg[7][TAG][22]/D
                                0.66           1.31 f        -0.65  (VIOLATED)
   if_stage_inst/btb_inst/btb_reg[3][TAG][13]/D
                                0.66           1.31 f        -0.65  (VIOLATED)
   if_stage_inst/btb_inst/btb_reg[3][TAG][17]/D
                                0.66           1.31 f        -0.65  (VIOLATED)
   if_stage_inst/btb_inst/btb_reg[3][TAG][23]/D
                                0.66           1.31 f        -0.65  (VIOLATED)
   if_stage_inst/btb_inst/btb_reg[3][TAG][21]/D
                                0.66           1.31 f        -0.65  (VIOLATED)
   if_stage_inst/btb_inst/btb_reg[3][TAG][24]/D
                                0.66           1.31 f        -0.65  (VIOLATED)
   if_stage_inst/btb_inst/btb_reg[3][TAG][5]/D
                                0.66           1.31 f        -0.65  (VIOLATED)
   if_stage_inst/btb_inst/btb_reg[3][TAG][25]/D
                                0.66           1.31 f        -0.65  (VIOLATED)
   if_stage_inst/btb_inst/btb_reg[3][TAG][9]/D
                                0.66           1.31 f        -0.65  (VIOLATED)
   if_stage_inst/btb_inst/btb_reg[3][TAG][19]/D
                                0.66           1.31 f        -0.65  (VIOLATED)
   if_stage_inst/btb_inst/btb_reg[3][TAG][22]/D
                                0.66           1.31 f        -0.65  (VIOLATED)
   if_stage_inst/btb_inst/btb_reg[6][TAG][13]/D
                                0.66           1.31 f        -0.65  (VIOLATED)
   if_stage_inst/btb_inst/btb_reg[6][TAG][17]/D
                                0.66           1.31 f        -0.65  (VIOLATED)
   if_stage_inst/btb_inst/btb_reg[6][TAG][23]/D
                                0.66           1.31 f        -0.65  (VIOLATED)
   if_stage_inst/btb_inst/btb_reg[6][TAG][21]/D
                                0.66           1.31 f        -0.65  (VIOLATED)
   if_stage_inst/btb_inst/btb_reg[6][TAG][24]/D
                                0.66           1.31 f        -0.65  (VIOLATED)
   if_stage_inst/btb_inst/btb_reg[6][TAG][5]/D
                                0.66           1.31 f        -0.65  (VIOLATED)
   if_stage_inst/btb_inst/btb_reg[6][TAG][25]/D
                                0.66           1.31 f        -0.65  (VIOLATED)
   if_stage_inst/btb_inst/btb_reg[6][TAG][16]/D
                                0.66           1.31 f        -0.65  (VIOLATED)
   if_stage_inst/btb_inst/btb_reg[6][TAG][19]/D
                                0.66           1.31 f        -0.65  (VIOLATED)
   if_stage_inst/btb_inst/btb_reg[6][TAG][22]/D
                                0.66           1.31 f        -0.65  (VIOLATED)
   if_stage_inst/btb_inst/btb_reg[8][TAG][13]/D
                                0.66           1.31 f        -0.65  (VIOLATED)
   if_stage_inst/btb_inst/btb_reg[8][TAG][17]/D
                                0.66           1.31 f        -0.65  (VIOLATED)
   if_stage_inst/btb_inst/btb_reg[8][TAG][23]/D
                                0.66           1.31 f        -0.65  (VIOLATED)
   if_stage_inst/btb_inst/btb_reg[8][TAG][21]/D
                                0.66           1.31 f        -0.65  (VIOLATED)
   if_stage_inst/btb_inst/btb_reg[8][TAG][24]/D
                                0.66           1.31 f        -0.65  (VIOLATED)
   if_stage_inst/btb_inst/btb_reg[8][TAG][5]/D
                                0.66           1.31 f        -0.65  (VIOLATED)
   if_stage_inst/btb_inst/btb_reg[8][TAG][25]/D
                                0.66           1.31 f        -0.65  (VIOLATED)
   if_stage_inst/btb_inst/btb_reg[8][TAG][9]/D
                                0.66           1.31 f        -0.65  (VIOLATED)
   if_stage_inst/btb_inst/btb_reg[8][TAG][19]/D
                                0.66           1.31 f        -0.65  (VIOLATED)
   if_stage_inst/btb_inst/btb_reg[8][TAG][22]/D
                                0.66           1.31 f        -0.65  (VIOLATED)
   if_stage_inst/pc_plus4_reg/reg_data_reg[30]/D
                                0.67           1.32 r        -0.65  (VIOLATED)
   if_stage_inst/btb_inst/btb_reg[10][TAG][13]/D
                                0.66           1.31 f        -0.65  (VIOLATED)
   if_stage_inst/btb_inst/btb_reg[10][TAG][17]/D
                                0.66           1.31 f        -0.65  (VIOLATED)
   if_stage_inst/btb_inst/btb_reg[10][TAG][23]/D
                                0.66           1.31 f        -0.65  (VIOLATED)
   if_stage_inst/btb_inst/btb_reg[10][TAG][21]/D
                                0.66           1.31 f        -0.65  (VIOLATED)
   if_stage_inst/btb_inst/btb_reg[10][TAG][24]/D
                                0.66           1.31 f        -0.65  (VIOLATED)
   if_stage_inst/btb_inst/btb_reg[10][TAG][5]/D
                                0.66           1.31 f        -0.65  (VIOLATED)
   if_stage_inst/btb_inst/btb_reg[10][TAG][25]/D
                                0.66           1.31 f        -0.65  (VIOLATED)
   if_stage_inst/btb_inst/btb_reg[10][TAG][16]/D
                                0.66           1.31 f        -0.65  (VIOLATED)
   if_stage_inst/btb_inst/btb_reg[10][TAG][19]/D
                                0.66           1.31 f        -0.65  (VIOLATED)
   if_stage_inst/btb_inst/btb_reg[10][TAG][22]/D
                                0.66           1.31 f        -0.65  (VIOLATED)
   ex_stage_inst/mult_pp_inst/tree_i/layer_4_r_reg[2][25]/D
                                0.67           1.32 r        -0.65  (VIOLATED)
   if_stage_inst/btb_inst/btb_reg[4][TARGET][28]/D
                                0.66           1.31 f        -0.65  (VIOLATED)
   if_stage_inst/btb_inst/btb_reg[11][TARGET][28]/D
                                0.66           1.31 f        -0.65  (VIOLATED)
   if_stage_inst/btb_inst/btb_reg[13][TARGET][28]/D
                                0.66           1.31 f        -0.65  (VIOLATED)
   if_stage_inst/btb_inst/btb_reg[15][TARGET][28]/D
                                0.66           1.31 f        -0.65  (VIOLATED)
   R_2442/D                     0.66           1.31 f        -0.65  (VIOLATED)
   if_stage_inst/btb_inst/R_4394/D
                                0.67           1.32 r        -0.65  (VIOLATED)
   R_3030/D                     0.67           1.32 r        -0.65  (VIOLATED)
   R_4158/D                     0.67           1.32 r        -0.65  (VIOLATED)
   if_stage_inst/btb_inst/btb_reg[11][TAG][6]/D
                                0.66           1.31 f        -0.65  (VIOLATED)
   R_2127/D                     0.67           1.32 r        -0.65  (VIOLATED)
   if_stage_inst/btb_inst/btb_reg[11][TAG][4]/D
                                0.66           1.31 f        -0.65  (VIOLATED)
   if_stage_inst/btb_inst/btb_reg[11][TAG][23]/D
                                0.66           1.31 f        -0.65  (VIOLATED)
   if_stage_inst/btb_inst/btb_reg[11][TAG][25]/D
                                0.66           1.31 f        -0.65  (VIOLATED)
   if_stage_inst/btb_inst/btb_reg[11][TARGET][21]/D
                                0.66           1.31 f        -0.65  (VIOLATED)
   if_stage_inst/btb_inst/btb_reg[11][TAG][15]/D
                                0.66           1.31 f        -0.65  (VIOLATED)
   if_stage_inst/btb_inst/btb_reg[11][TAG][19]/D
                                0.66           1.31 f        -0.65  (VIOLATED)
   if_stage_inst/btb_inst/btb_reg[11][TARGET][23]/D
                                0.66           1.31 f        -0.65  (VIOLATED)
   if_stage_inst/btb_inst/btb_reg[11][TAG][13]/D
                                0.66           1.31 f        -0.65  (VIOLATED)
   if_stage_inst/btb_inst/btb_reg[11][TAG][1]/D
                                0.66           1.31 f        -0.65  (VIOLATED)
   if_stage_inst/btb_inst/btb_reg[11][TAG][5]/D
                                0.66           1.31 f        -0.65  (VIOLATED)
   if_stage_inst/btb_inst/btb_reg[11][TAG][8]/D
                                0.66           1.31 f        -0.65  (VIOLATED)
   if_stage_inst/btb_inst/btb_reg[11][TAG][14]/D
                                0.66           1.31 f        -0.65  (VIOLATED)
   R_4426/D                     0.67           1.31 r        -0.65  (VIOLATED)
   if_stage_inst/btb_inst/btb_reg[11][TAG][2]/D
                                0.66           1.31 f        -0.65  (VIOLATED)
   if_stage_inst/btb_inst/btb_reg[11][TAG][3]/D
                                0.66           1.31 f        -0.65  (VIOLATED)
   if_stage_inst/btb_inst/btb_reg[11][TAG][7]/D
                                0.66           1.31 f        -0.65  (VIOLATED)
   if_stage_inst/btb_inst/btb_reg[11][TAG][17]/D
                                0.66           1.31 f        -0.65  (VIOLATED)
   if_stage_inst/btb_inst/btb_reg[11][TAG][21]/D
                                0.66           1.31 f        -0.65  (VIOLATED)
   if_stage_inst/btb_inst/btb_reg[11][TAG][24]/D
                                0.66           1.31 f        -0.65  (VIOLATED)
   if_stage_inst/btb_inst/btb_reg[11][TAG][0]/D
                                0.66           1.31 f        -0.65  (VIOLATED)
   if_stage_inst/btb_inst/btb_reg[11][TAG][12]/D
                                0.66           1.31 f        -0.65  (VIOLATED)
   if_stage_inst/btb_inst/btb_reg[11][TAG][11]/D
                                0.66           1.31 f        -0.65  (VIOLATED)
   if_stage_inst/btb_inst/btb_reg[11][TAG][16]/D
                                0.66           1.31 f        -0.65  (VIOLATED)
   if_stage_inst/btb_inst/btb_reg[11][TARGET][16]/D
                                0.66           1.31 f        -0.65  (VIOLATED)
   if_stage_inst/btb_inst/btb_reg[11][TAG][20]/D
                                0.66           1.31 f        -0.65  (VIOLATED)
   if_stage_inst/btb_inst/btb_reg[11][TAG][9]/D
                                0.66           1.31 f        -0.65  (VIOLATED)
   if_stage_inst/btb_inst/btb_reg[11][TAG][22]/D
                                0.66           1.31 f        -0.65  (VIOLATED)
   R_4203/D                     0.67           1.32 r        -0.65  (VIOLATED)
   R_2319/D                     0.67           1.32 r        -0.65  (VIOLATED)
   R_2317/D                     0.66           1.31 f        -0.65  (VIOLATED)
   if_stage_inst/btb_inst/btb_reg[4][TARGET][21]/D
                                0.66           1.30 f        -0.65  (VIOLATED)
   if_stage_inst/btb_inst/btb_reg[9][TARGET][21]/D
                                0.66           1.30 f        -0.65  (VIOLATED)
   if_stage_inst/btb_inst/btb_reg[12][TARGET][21]/D
                                0.66           1.30 f        -0.65  (VIOLATED)
   if_stage_inst/btb_inst/btb_reg[13][TARGET][21]/D
                                0.66           1.30 f        -0.65  (VIOLATED)
   if_stage_inst/btb_inst/btb_reg[15][TARGET][21]/D
                                0.66           1.30 f        -0.65  (VIOLATED)
   R_2142/D                     0.66           1.31 f        -0.65  (VIOLATED)
   R_4114/D                     0.66           1.31 f        -0.65  (VIOLATED)
   R_4144/D                     0.66           1.30 f        -0.65  (VIOLATED)
   if_stage_inst/btb_inst/btb_reg[15][TAG][6]/D
                                0.66           1.30 f        -0.65  (VIOLATED)
   if_stage_inst/btb_inst/btb_reg[15][TAG][4]/D
                                0.66           1.30 f        -0.64  (VIOLATED)
   if_stage_inst/btb_inst/btb_reg[15][TAG][23]/D
                                0.66           1.30 f        -0.64  (VIOLATED)
   if_stage_inst/btb_inst/btb_reg[15][TAG][25]/D
                                0.66           1.30 f        -0.64  (VIOLATED)
   if_stage_inst/btb_inst/btb_reg[15][TAG][15]/D
                                0.66           1.30 f        -0.64  (VIOLATED)
   if_stage_inst/btb_inst/btb_reg[15][TAG][19]/D
                                0.66           1.30 f        -0.64  (VIOLATED)
   if_stage_inst/btb_inst/btb_reg[15][TARGET][23]/D
                                0.66           1.30 f        -0.64  (VIOLATED)
   if_stage_inst/btb_inst/btb_reg[15][TAG][13]/D
                                0.66           1.30 f        -0.64  (VIOLATED)
   if_stage_inst/btb_inst/btb_reg[15][TAG][1]/D
                                0.66           1.30 f        -0.64  (VIOLATED)
   if_stage_inst/btb_inst/btb_reg[15][TAG][5]/D
                                0.66           1.30 f        -0.64  (VIOLATED)
   if_stage_inst/btb_inst/btb_reg[15][TAG][8]/D
                                0.66           1.30 f        -0.64  (VIOLATED)
   if_stage_inst/btb_inst/btb_reg[15][TAG][14]/D
                                0.66           1.30 f        -0.64  (VIOLATED)
   if_stage_inst/btb_inst/btb_reg[4][TAG][6]/D
                                0.66           1.30 f        -0.64  (VIOLATED)
   if_stage_inst/btb_inst/btb_reg[4][TAG][4]/D
                                0.66           1.30 f        -0.64  (VIOLATED)
   if_stage_inst/btb_inst/btb_reg[4][TAG][23]/D
                                0.66           1.30 f        -0.64  (VIOLATED)
   if_stage_inst/btb_inst/btb_reg[4][TAG][25]/D
                                0.66           1.30 f        -0.64  (VIOLATED)
   if_stage_inst/btb_inst/btb_reg[4][TAG][15]/D
                                0.66           1.30 f        -0.64  (VIOLATED)
   if_stage_inst/btb_inst/btb_reg[4][TAG][19]/D
                                0.66           1.30 f        -0.64  (VIOLATED)
   if_stage_inst/btb_inst/btb_reg[4][TARGET][23]/D
                                0.66           1.30 f        -0.64  (VIOLATED)
   if_stage_inst/btb_inst/btb_reg[4][TAG][13]/D
                                0.66           1.30 f        -0.64  (VIOLATED)
   if_stage_inst/btb_inst/btb_reg[4][TAG][1]/D
                                0.66           1.30 f        -0.64  (VIOLATED)
   if_stage_inst/btb_inst/btb_reg[4][TAG][5]/D
                                0.66           1.30 f        -0.64  (VIOLATED)
   if_stage_inst/btb_inst/btb_reg[4][TAG][8]/D
                                0.66           1.30 f        -0.64  (VIOLATED)
   if_stage_inst/btb_inst/btb_reg[4][TAG][14]/D
                                0.66           1.30 f        -0.64  (VIOLATED)
   if_stage_inst/btb_inst/btb_reg[15][TAG][2]/D
                                0.66           1.30 f        -0.64  (VIOLATED)
   if_stage_inst/btb_inst/btb_reg[15][TAG][3]/D
                                0.66           1.30 f        -0.64  (VIOLATED)
   if_stage_inst/btb_inst/btb_reg[15][TAG][7]/D
                                0.66           1.30 f        -0.64  (VIOLATED)
   if_stage_inst/btb_inst/btb_reg[15][TAG][17]/D
                                0.66           1.30 f        -0.64  (VIOLATED)
   if_stage_inst/btb_inst/btb_reg[15][TAG][21]/D
                                0.66           1.30 f        -0.64  (VIOLATED)
   if_stage_inst/btb_inst/btb_reg[15][TAG][24]/D
                                0.66           1.30 f        -0.64  (VIOLATED)
   if_stage_inst/btb_inst/btb_reg[15][TAG][0]/D
                                0.66           1.30 f        -0.64  (VIOLATED)
   if_stage_inst/btb_inst/btb_reg[15][TAG][12]/D
                                0.66           1.30 f        -0.64  (VIOLATED)
   if_stage_inst/btb_inst/btb_reg[15][TAG][11]/D
                                0.66           1.30 f        -0.64  (VIOLATED)
   if_stage_inst/btb_inst/btb_reg[15][TAG][16]/D
                                0.66           1.30 f        -0.64  (VIOLATED)
   if_stage_inst/btb_inst/btb_reg[15][TARGET][16]/D
                                0.66           1.30 f        -0.64  (VIOLATED)
   if_stage_inst/btb_inst/btb_reg[15][TAG][20]/D
                                0.66           1.30 f        -0.64  (VIOLATED)
   if_stage_inst/btb_inst/btb_reg[15][TAG][9]/D
                                0.66           1.30 f        -0.64  (VIOLATED)
   if_stage_inst/btb_inst/btb_reg[15][TAG][18]/D
                                0.66           1.30 f        -0.64  (VIOLATED)
   R_560/D                      0.66           1.31 r        -0.64  (VIOLATED)
   if_stage_inst/btb_inst/btb_reg[9][TARGET][23]/D
                                0.66           1.30 f        -0.64  (VIOLATED)
   if_stage_inst/btb_inst/btb_reg[13][TARGET][23]/D
                                0.66           1.30 f        -0.64  (VIOLATED)
   if_stage_inst/btb_inst/btb_reg[4][TAG][2]/D
                                0.66           1.30 f        -0.64  (VIOLATED)
   if_stage_inst/btb_inst/btb_reg[4][TAG][3]/D
                                0.66           1.30 f        -0.64  (VIOLATED)
   if_stage_inst/btb_inst/btb_reg[4][TAG][7]/D
                                0.66           1.30 f        -0.64  (VIOLATED)
   if_stage_inst/btb_inst/btb_reg[4][TAG][17]/D
                                0.66           1.30 f        -0.64  (VIOLATED)
   if_stage_inst/btb_inst/btb_reg[4][TAG][21]/D
                                0.66           1.30 f        -0.64  (VIOLATED)
   if_stage_inst/btb_inst/btb_reg[4][TAG][24]/D
                                0.66           1.30 f        -0.64  (VIOLATED)
   if_stage_inst/btb_inst/btb_reg[4][TAG][0]/D
                                0.66           1.30 f        -0.64  (VIOLATED)
   if_stage_inst/btb_inst/btb_reg[4][TAG][12]/D
                                0.66           1.30 f        -0.64  (VIOLATED)
   if_stage_inst/btb_inst/btb_reg[4][TAG][11]/D
                                0.66           1.30 f        -0.64  (VIOLATED)
   if_stage_inst/btb_inst/btb_reg[4][TAG][16]/D
                                0.66           1.30 f        -0.64  (VIOLATED)
   if_stage_inst/btb_inst/btb_reg[4][TARGET][16]/D
                                0.66           1.30 f        -0.64  (VIOLATED)
   if_stage_inst/btb_inst/btb_reg[4][TAG][20]/D
                                0.66           1.30 f        -0.64  (VIOLATED)
   if_stage_inst/btb_inst/btb_reg[4][TAG][9]/D
                                0.66           1.30 f        -0.64  (VIOLATED)
   if_stage_inst/btb_inst/btb_reg[4][TAG][22]/D
                                0.66           1.30 f        -0.64  (VIOLATED)
   hazard_unit_inst/status_table_reg[17][0]/D
                                0.66           1.30 f        -0.64  (VIOLATED)
   hazard_unit_inst/status_table_reg[21][0]/D
                                0.66           1.30 f        -0.64  (VIOLATED)
   if_stage_inst/btb_inst/btb_reg[14][TAG][12]/D
                                0.66           1.30 f        -0.64  (VIOLATED)
   if_stage_inst/btb_inst/btb_reg[14][TAG][20]/D
                                0.66           1.30 f        -0.64  (VIOLATED)
   if_stage_inst/btb_inst/btb_reg[5][TAG][12]/D
                                0.66           1.30 f        -0.64  (VIOLATED)
   if_stage_inst/btb_inst/btb_reg[5][TAG][20]/D
                                0.66           1.30 f        -0.64  (VIOLATED)
   hazard_unit_inst/status_table_reg[23][0]/D
                                0.66           1.30 f        -0.64  (VIOLATED)
   if_stage_inst/btb_inst/btb_reg[12][TAG][14]/D
                                0.66           1.30 f        -0.64  (VIOLATED)
   R_3891/D                     0.66           1.30 r        -0.64  (VIOLATED)
   ex_stage_inst/mult_pp_inst/tree_i/layer_4_r_reg[1][10]/D
                                0.66           1.30 f        -0.64  (VIOLATED)
   hazard_unit_inst/status_table_reg[29][0]/D
                                0.66           1.30 f        -0.64  (VIOLATED)
   R_4423/D                     0.67           1.30 r        -0.64  (VIOLATED)
   R_2132/D                     0.67           1.31 r        -0.64  (VIOLATED)
   if_stage_inst/btb_inst/R_2801/D
                                0.66           1.29 f        -0.64  (VIOLATED)
   R_4278/D                     0.66           1.29 f        -0.64  (VIOLATED)
   R_4137/D                     0.66           1.30 f        -0.63  (VIOLATED)
   R_4407/D                     0.67           1.30 r        -0.63  (VIOLATED)
   R_4185/D                     0.66           1.29 f        -0.63  (VIOLATED)
   hazard_unit_inst/status_table_reg[7][0]/D
                                0.66           1.29 f        -0.63  (VIOLATED)
   hazard_unit_inst/status_table_reg[9][0]/D
                                0.66           1.29 f        -0.63  (VIOLATED)
   hazard_unit_inst/status_table_reg[4][0]/D
                                0.66           1.29 f        -0.63  (VIOLATED)
   hazard_unit_inst/status_table_reg[12][0]/D
                                0.66           1.29 f        -0.63  (VIOLATED)
   hazard_unit_inst/status_table_reg[1][0]/D
                                0.66           1.29 f        -0.63  (VIOLATED)
   hazard_unit_inst/status_table_reg[13][0]/D
                                0.66           1.29 f        -0.63  (VIOLATED)
   R_3890/D                     0.66           1.29 r        -0.63  (VIOLATED)
   R_4111/D                     0.67           1.30 r        -0.63  (VIOLATED)
   if_stage_inst/btb_inst/btb_reg[9][TAG][2]/D
                                0.66           1.29 f        -0.63  (VIOLATED)
   if_stage_inst/btb_inst/btb_reg[9][TAG][3]/D
                                0.66           1.29 f        -0.63  (VIOLATED)
   if_stage_inst/btb_inst/btb_reg[9][TAG][6]/D
                                0.66           1.29 f        -0.63  (VIOLATED)
   if_stage_inst/btb_inst/btb_reg[9][TAG][7]/D
                                0.66           1.29 f        -0.63  (VIOLATED)
   if_stage_inst/btb_inst/R_2802/D
                                0.67           1.30 r        -0.63  (VIOLATED)
   if_stage_inst/btb_inst/btb_reg[9][TAG][4]/D
                                0.66           1.29 f        -0.63  (VIOLATED)
   if_stage_inst/btb_inst/btb_reg[9][TAG][0]/D
                                0.66           1.29 f        -0.63  (VIOLATED)
   if_stage_inst/btb_inst/btb_reg[9][TAG][1]/D
                                0.66           1.29 f        -0.63  (VIOLATED)
   if_stage_inst/btb_inst/btb_reg[9][TAG][8]/D
                                0.66           1.29 f        -0.63  (VIOLATED)
   if_stage_inst/btb_inst/btb_reg[9][TAG][12]/D
                                0.66           1.29 f        -0.63  (VIOLATED)
   if_stage_inst/btb_inst/btb_reg[9][TAG][11]/D
                                0.66           1.29 f        -0.63  (VIOLATED)
   if_stage_inst/btb_inst/btb_reg[9][TAG][14]/D
                                0.66           1.29 f        -0.63  (VIOLATED)
   if_stage_inst/btb_inst/btb_reg[9][TAG][15]/D
                                0.66           1.29 f        -0.63  (VIOLATED)
   if_stage_inst/btb_inst/btb_reg[9][TAG][9]/D
                                0.66           1.29 f        -0.63  (VIOLATED)
   R_4128/D                     0.66           1.29 f        -0.63  (VIOLATED)
   if_stage_inst/btb_inst/btb_reg[9][TARGET][16]/D
                                0.66           1.29 f        -0.63  (VIOLATED)
   R_4104/D                     0.67           1.29 r        -0.63  (VIOLATED)
   hazard_unit_inst/status_table_reg[19][0]/D
                                0.66           1.29 f        -0.63  (VIOLATED)
   R_4121/D                     0.67           1.29 r        -0.63  (VIOLATED)
   R_3856/D                     0.67           1.29 r        -0.63  (VIOLATED)
   R_3799/D                     0.66           1.28 f        -0.63  (VIOLATED)
   if_stage_inst/btb_inst/btb_reg[13][TARGET][16]/D
                                0.66           1.29 f        -0.63  (VIOLATED)
   hazard_unit_inst/status_table_reg[22][0]/D
                                0.66           1.29 f        -0.63  (VIOLATED)
   R_2125/D                     0.66           1.29 f        -0.63  (VIOLATED)
   hazard_unit_inst/status_table_reg[20][0]/D
                                0.66           1.29 f        -0.63  (VIOLATED)
   hazard_unit_inst/status_table_reg[18][0]/D
                                0.66           1.29 f        -0.63  (VIOLATED)
   if_stage_inst/btb_inst/R_4211/D
                                0.67           1.29 r        -0.63  (VIOLATED)
   R_2726/D                     0.66           1.29 r        -0.62  (VIOLATED)
   if_stage_inst/btb_inst/R_4209/D
                                0.67           1.29 r        -0.62  (VIOLATED)
   R_4163/D                     0.67           1.29 r        -0.62  (VIOLATED)
   if_stage_inst/btb_inst/R_3067/D
                                0.67           1.29 r        -0.62  (VIOLATED)
   if_stage_inst/btb_inst/R_3066/D
                                0.67           1.29 r        -0.62  (VIOLATED)
   if_stage_inst/btb_inst/btb_reg[2][VALID]/D
                                0.67           1.29 r        -0.62  (VIOLATED)
   R_3820/D                     0.66           1.28 f        -0.62  (VIOLATED)
   R_4156/D                     0.66           1.28 f        -0.62  (VIOLATED)
   R_2140/D                     0.66           1.28 f        -0.62  (VIOLATED)
   if_stage_inst/btb_inst/btb_reg[13][TAG][2]/D
                                0.66           1.28 f        -0.62  (VIOLATED)
   if_stage_inst/btb_inst/btb_reg[13][TAG][3]/D
                                0.66           1.28 f        -0.62  (VIOLATED)
   if_stage_inst/btb_inst/btb_reg[13][TAG][6]/D
                                0.66           1.28 f        -0.62  (VIOLATED)
   if_stage_inst/btb_inst/btb_reg[13][TAG][7]/D
                                0.66           1.28 f        -0.62  (VIOLATED)
   if_stage_inst/btb_inst/btb_reg[13][TAG][13]/D
                                0.66           1.28 f        -0.62  (VIOLATED)
   if_stage_inst/btb_inst/btb_reg[13][TAG][17]/D
                                0.66           1.28 f        -0.62  (VIOLATED)
   if_stage_inst/btb_inst/btb_reg[13][TAG][23]/D
                                0.66           1.28 f        -0.62  (VIOLATED)
   if_stage_inst/btb_inst/btb_reg[13][TAG][21]/D
                                0.66           1.28 f        -0.62  (VIOLATED)
   if_stage_inst/btb_inst/btb_reg[13][TAG][0]/D
                                0.66           1.28 f        -0.62  (VIOLATED)
   if_stage_inst/btb_inst/btb_reg[13][TAG][5]/D
                                0.66           1.28 f        -0.62  (VIOLATED)
   if_stage_inst/btb_inst/btb_reg[13][TAG][25]/D
                                0.66           1.28 f        -0.62  (VIOLATED)
   if_stage_inst/btb_inst/btb_reg[13][TAG][8]/D
                                0.66           1.28 f        -0.62  (VIOLATED)
   if_stage_inst/btb_inst/btb_reg[13][TAG][12]/D
                                0.66           1.28 f        -0.62  (VIOLATED)
   if_stage_inst/btb_inst/btb_reg[13][TAG][11]/D
                                0.66           1.28 f        -0.62  (VIOLATED)
   if_stage_inst/btb_inst/btb_reg[13][TAG][15]/D
                                0.66           1.28 f        -0.62  (VIOLATED)
   if_stage_inst/btb_inst/btb_reg[13][TAG][16]/D
                                0.66           1.28 f        -0.62  (VIOLATED)
   if_stage_inst/btb_inst/btb_reg[13][TAG][9]/D
                                0.66           1.28 f        -0.62  (VIOLATED)
   if_stage_inst/btb_inst/btb_reg[13][TAG][18]/D
                                0.66           1.28 f        -0.62  (VIOLATED)
   hazard_unit_inst/status_table_reg[24][0]/D
                                0.66           1.28 f        -0.62  (VIOLATED)
   hazard_unit_inst/status_table_reg[26][0]/D
                                0.66           1.28 f        -0.62  (VIOLATED)
   hazard_unit_inst/status_table_reg[30][0]/D
                                0.66           1.28 f        -0.62  (VIOLATED)
   hazard_unit_inst/status_table_reg[31][0]/D
                                0.66           1.28 f        -0.62  (VIOLATED)
   R_4123/D                     0.66           1.28 f        -0.62  (VIOLATED)
   R_4431/D                     0.67           1.28 r        -0.62  (VIOLATED)
   R_4467/D                     0.67           1.29 r        -0.62  (VIOLATED)
   R_4140/D                     0.66           1.28 f        -0.62  (VIOLATED)
   R_4446/D                     0.66           1.28 f        -0.62  (VIOLATED)
   R_4010/D                     0.67           1.28 r        -0.62  (VIOLATED)
   R_4453/D                     0.65           1.27 f        -0.62  (VIOLATED)
   R_4084/D                     0.67           1.28 r        -0.62  (VIOLATED)
   hazard_unit_inst/status_table_reg[5][0]/D
                                0.66           1.28 f        -0.62  (VIOLATED)
   hazard_unit_inst/status_table_reg[15][0]/D
                                0.66           1.28 f        -0.62  (VIOLATED)
   hazard_unit_inst/status_table_reg[11][0]/D
                                0.66           1.28 f        -0.62  (VIOLATED)
   hazard_unit_inst/status_table_reg[3][0]/D
                                0.66           1.28 f        -0.62  (VIOLATED)
   hazard_unit_inst/status_table_reg[6][0]/D
                                0.66           1.27 f        -0.61  (VIOLATED)
   hazard_unit_inst/status_table_reg[8][0]/D
                                0.66           1.27 f        -0.61  (VIOLATED)
   hazard_unit_inst/status_table_reg[10][0]/D
                                0.66           1.27 f        -0.61  (VIOLATED)
   hazard_unit_inst/status_table_reg[24][1]/D
                                0.66           1.27 f        -0.61  (VIOLATED)
   hazard_unit_inst/status_table_reg[30][1]/D
                                0.66           1.27 f        -0.61  (VIOLATED)
   hazard_unit_inst/status_table_reg[26][1]/D
                                0.66           1.27 f        -0.61  (VIOLATED)
   hazard_unit_inst/status_table_reg[28][1]/D
                                0.66           1.27 f        -0.61  (VIOLATED)
   R_4139/D                     0.66           1.27 f        -0.61  (VIOLATED)
   hazard_unit_inst/status_table_reg[31][1]/D
                                0.66           1.27 f        -0.61  (VIOLATED)
   hazard_unit_inst/status_table_reg[29][1]/D
                                0.66           1.27 f        -0.61  (VIOLATED)
   if_stage_inst/btb_inst/btb_reg[9][TAG][13]/D
                                0.66           1.27 f        -0.61  (VIOLATED)
   if_stage_inst/btb_inst/btb_reg[9][TAG][17]/D
                                0.66           1.27 f        -0.61  (VIOLATED)
   if_stage_inst/btb_inst/btb_reg[9][TAG][23]/D
                                0.66           1.27 f        -0.61  (VIOLATED)
   if_stage_inst/btb_inst/btb_reg[9][TAG][21]/D
                                0.66           1.27 f        -0.61  (VIOLATED)
   if_stage_inst/btb_inst/btb_reg[9][TAG][24]/D
                                0.66           1.27 f        -0.61  (VIOLATED)
   if_stage_inst/btb_inst/btb_reg[9][TAG][5]/D
                                0.66           1.27 f        -0.61  (VIOLATED)
   if_stage_inst/btb_inst/btb_reg[9][TAG][25]/D
                                0.66           1.27 f        -0.61  (VIOLATED)
   if_stage_inst/btb_inst/btb_reg[9][TAG][16]/D
                                0.66           1.27 f        -0.61  (VIOLATED)
   if_stage_inst/btb_inst/btb_reg[9][TAG][19]/D
                                0.66           1.27 f        -0.61  (VIOLATED)
   if_stage_inst/btb_inst/btb_reg[9][TAG][22]/D
                                0.66           1.27 f        -0.61  (VIOLATED)
   if_stage_inst/btb_inst/btb_reg[7][VALID]/D
                                0.67           1.28 r        -0.61  (VIOLATED)
   if_stage_inst/btb_inst/btb_reg[3][VALID]/D
                                0.67           1.28 r        -0.61  (VIOLATED)
   R_4160/D                     0.66           1.28 r        -0.61  (VIOLATED)
   hazard_unit_inst/status_table_reg[25][1]/D
                                0.66           1.27 f        -0.61  (VIOLATED)
   hazard_unit_inst/status_table_reg[27][1]/D
                                0.66           1.27 f        -0.61  (VIOLATED)
   if_stage_inst/btb_inst/btb_reg[6][VALID]/D
                                0.67           1.28 r        -0.61  (VIOLATED)
   if_stage_inst/btb_inst/btb_reg[8][VALID]/D
                                0.67           1.28 r        -0.61  (VIOLATED)
   R_4079/D                     0.66           1.27 f        -0.61  (VIOLATED)
   if_stage_inst/btb_inst/btb_reg[10][VALID]/D
                                0.67           1.28 r        -0.61  (VIOLATED)
   R_3999/D                     0.67           1.28 r        -0.61  (VIOLATED)
   R_4202/D                     0.67           1.28 r        -0.61  (VIOLATED)
   R_4449/D                     0.65           1.26 r        -0.61  (VIOLATED)
   R_4455/D                     0.66           1.27 r        -0.61  (VIOLATED)
   R_4472/D                     0.66           1.27 r        -0.61  (VIOLATED)
   hazard_unit_inst/status_table_reg[20][1]/D
                                0.66           1.27 f        -0.61  (VIOLATED)
   R_4238/D                     0.66           1.27 f        -0.61  (VIOLATED)
   R_4205/D                     0.66           1.27 r        -0.61  (VIOLATED)
   R_4441/D                     0.67           1.28 r        -0.61  (VIOLATED)
   R_4406/D                     0.66           1.27 f        -0.61  (VIOLATED)
   R_4454/D                     0.65           1.26 f        -0.61  (VIOLATED)
   R_4157/D                     0.67           1.27 r        -0.61  (VIOLATED)
   R_3859/D                     0.67           1.28 r        -0.61  (VIOLATED)
   R_4103/D                     0.67           1.27 r        -0.61  (VIOLATED)
   R_4450/D                     0.66           1.27 f        -0.61  (VIOLATED)
   if_stage_inst/btb_inst/R_4508/D
                                0.65           1.26 f        -0.61  (VIOLATED)
   if_stage_inst/btb_inst/R_4231/D
                                0.65           1.26 f        -0.61  (VIOLATED)
   if_stage_inst/btb_inst/btb_reg[13][TAG][4]/D
                                0.66           1.27 f        -0.61  (VIOLATED)
   if_stage_inst/btb_inst/btb_reg[13][TAG][24]/D
                                0.66           1.27 f        -0.61  (VIOLATED)
   if_stage_inst/btb_inst/btb_reg[13][TAG][1]/D
                                0.66           1.27 f        -0.61  (VIOLATED)
   if_stage_inst/btb_inst/btb_reg[13][TAG][14]/D
                                0.66           1.27 f        -0.61  (VIOLATED)
   if_stage_inst/btb_inst/btb_reg[13][TAG][19]/D
                                0.66           1.27 f        -0.61  (VIOLATED)
   if_stage_inst/btb_inst/R_4229/D
                                0.65           1.26 f        -0.61  (VIOLATED)
   if_stage_inst/btb_inst/R_4228/D
                                0.65           1.26 f        -0.61  (VIOLATED)
   if_stage_inst/btb_inst/R_4510/D
                                0.65           1.26 f        -0.61  (VIOLATED)
   R_4456/D                     0.64           1.25 f        -0.61  (VIOLATED)
   R_4127/D                     0.67           1.27 r        -0.61  (VIOLATED)
   R_4011/D                     0.66           1.27 f        -0.61  (VIOLATED)
   ex_stage_inst/result_reg/reg_data_reg[28]/D
                                0.66           1.27 f        -0.60  (VIOLATED)
   if_stage_inst/btb_inst/btb_reg[11][VALID]/D
                                0.67           1.27 r        -0.60  (VIOLATED)
   R_4145/D                     0.67           1.27 r        -0.60  (VIOLATED)
   R_4120/D                     0.67           1.27 r        -0.60  (VIOLATED)
   R_4017/D                     0.66           1.26 f        -0.60  (VIOLATED)
   R_4182/D                     0.66           1.26 f        -0.60  (VIOLATED)
   if_stage_inst/btb_inst/R_1967/D
                                0.65           1.26 f        -0.60  (VIOLATED)
   hazard_unit_inst/status_table_reg[16][1]/D
                                0.66           1.26 f        -0.60  (VIOLATED)
   R_4430/D                     0.66           1.26 f        -0.60  (VIOLATED)
   R_4187/D                     0.66           1.27 r        -0.60  (VIOLATED)
   R_4024/D                     0.67           1.27 r        -0.60  (VIOLATED)
   R_4199/D                     0.67           1.27 r        -0.60  (VIOLATED)
   hazard_unit_inst/status_table_reg[19][1]/D
                                0.66           1.26 f        -0.60  (VIOLATED)
   if_stage_inst/btb_inst/btb_reg[15][VALID]/D
                                0.67           1.27 r        -0.60  (VIOLATED)
   R_4077/D                     0.66           1.26 f        -0.60  (VIOLATED)
   R_4162/D                     0.66           1.26 f        -0.60  (VIOLATED)
   if_stage_inst/btb_inst/btb_reg[4][VALID]/D
                                0.67           1.27 r        -0.60  (VIOLATED)
   hazard_unit_inst/status_table_reg[22][1]/D
                                0.66           1.26 f        -0.60  (VIOLATED)
   R_4499/D                     0.66           1.26 r        -0.60  (VIOLATED)
   R_3106/D                     0.66           1.26 f        -0.60  (VIOLATED)
   R_4159/D                     0.67           1.27 r        -0.60  (VIOLATED)
   if_stage_inst/btb_inst/R_1931/D
                                0.65           1.25 f        -0.60  (VIOLATED)
   if_stage_inst/btb_inst/R_1958/D
                                0.65           1.25 f        -0.60  (VIOLATED)
   if_stage_inst/btb_inst/btb_reg[14][VALID]/D
                                0.67           1.27 r        -0.60  (VIOLATED)
   if_stage_inst/btb_inst/btb_reg[5][VALID]/D
                                0.67           1.27 r        -0.60  (VIOLATED)
   R_3786/D                     0.67           1.27 r        -0.60  (VIOLATED)
   if_stage_inst/btb_inst/R_2475/D
                                0.65           1.25 f        -0.60  (VIOLATED)
   ex_stage_inst/mult_pp_inst/tree_i/layer_4_r_reg[2][23]/D
                                0.66           1.26 f        -0.60  (VIOLATED)
   if_stage_inst/btb_inst/btb_reg[12][VALID]/D
                                0.67           1.27 r        -0.60  (VIOLATED)
   R_2993/D                     0.67           1.27 r        -0.60  (VIOLATED)
   R_4134/D                     0.67           1.26 r        -0.60  (VIOLATED)
   R_4465/D                     0.67           1.26 r        -0.60  (VIOLATED)
   hazard_unit_inst/status_table_reg[17][1]/D
                                0.66           1.26 f        -0.60  (VIOLATED)
   R_2732/D                     0.66           1.26 f        -0.60  (VIOLATED)
   hazard_unit_inst/status_table_reg[23][1]/D
                                0.66           1.26 f        -0.60  (VIOLATED)
   hazard_unit_inst/status_table_reg[21][1]/D
                                0.66           1.26 f        -0.60  (VIOLATED)
   R_390/D                      0.66           1.26 r        -0.60  (VIOLATED)
   id_stage_inst/rs1_reg/reg_data_reg[29]/D
                                0.67           1.26 r        -0.60  (VIOLATED)
   R_4048/D                     0.67           1.26 r        -0.60  (VIOLATED)
   if_stage_inst/pc_plus4_reg/reg_data_reg[29]/D
                                0.67           1.26 r        -0.59  (VIOLATED)
   R_4427/D                     0.66           1.25 f        -0.59  (VIOLATED)
   R_3731/D                     0.66           1.25 f        -0.59  (VIOLATED)
   if_stage_inst/btb_inst/btb_reg[13][TAG][20]/D
                                0.66           1.25 f        -0.59  (VIOLATED)
   if_stage_inst/btb_inst/R_2469/D
                                0.65           1.24 f        -0.59  (VIOLATED)
   if_stage_inst/btb_inst/R_2496/D
                                0.65           1.24 f        -0.59  (VIOLATED)
   hazard_unit_inst/status_table_reg[2][1]/D
                                0.67           1.26 r        -0.59  (VIOLATED)
   if_stage_inst/btb_inst/R_1937/D
                                0.65           1.24 f        -0.59  (VIOLATED)
   if_stage_inst/pc_plus4_reg/reg_data_reg[25]/D
                                0.66           1.25 f        -0.59  (VIOLATED)
   ex_stage_inst/result_reg/reg_data_reg[29]/D
                                0.66           1.25 f        -0.59  (VIOLATED)
   R_4438/D                     0.67           1.26 r        -0.59  (VIOLATED)
   if_stage_inst/btb_inst/R_1952/D
                                0.65           1.25 f        -0.59  (VIOLATED)
   if_stage_inst/btb_inst/R_1964/D
                                0.65           1.25 f        -0.59  (VIOLATED)
   if_stage_inst/btb_inst/R_1955/D
                                0.65           1.25 f        -0.59  (VIOLATED)
   if_stage_inst/btb_inst/R_1949/D
                                0.65           1.25 f        -0.59  (VIOLATED)
   if_stage_inst/btb_inst/R_1943/D
                                0.65           1.25 f        -0.59  (VIOLATED)
   hazard_unit_inst/status_table_reg[14][1]/D
                                0.66           1.25 f        -0.59  (VIOLATED)
   if_stage_inst/btb_inst/R_2490/D
                                0.65           1.24 f        -0.59  (VIOLATED)
   if_stage_inst/btb_inst/R_2502/D
                                0.65           1.24 f        -0.59  (VIOLATED)
   if_stage_inst/btb_inst/R_2493/D
                                0.65           1.24 f        -0.59  (VIOLATED)
   if_stage_inst/btb_inst/R_2487/D
                                0.65           1.24 f        -0.59  (VIOLATED)
   R_4116/D                     0.66           1.25 f        -0.59  (VIOLATED)
   if_stage_inst/btb_inst/R_2481/D
                                0.65           1.24 f        -0.59  (VIOLATED)
   if_stage_inst/btb_inst/R_2803/D
                                0.67           1.26 r        -0.59  (VIOLATED)
   R_4194/D                     0.66           1.25 f        -0.59  (VIOLATED)
   R_4122/D                     0.66           1.25 f        -0.59  (VIOLATED)
   hazard_unit_inst/status_table_reg[1][1]/D
                                0.66           1.25 f        -0.59  (VIOLATED)
   hazard_unit_inst/status_table_reg[7][1]/D
                                0.66           1.25 f        -0.59  (VIOLATED)
   hazard_unit_inst/status_table_reg[9][1]/D
                                0.66           1.25 f        -0.59  (VIOLATED)
   hazard_unit_inst/status_table_reg[3][1]/D
                                0.66           1.25 f        -0.59  (VIOLATED)
   hazard_unit_inst/status_table_reg[5][1]/D
                                0.66           1.25 f        -0.59  (VIOLATED)
   hazard_unit_inst/status_table_reg[11][1]/D
                                0.66           1.25 f        -0.59  (VIOLATED)
   hazard_unit_inst/status_table_reg[12][1]/D
                                0.66           1.25 f        -0.59  (VIOLATED)
   hazard_unit_inst/status_table_reg[13][1]/D
                                0.66           1.25 f        -0.59  (VIOLATED)
   hazard_unit_inst/status_table_reg[15][1]/D
                                0.66           1.25 f        -0.59  (VIOLATED)
   if_stage_inst/btb_inst/btb_reg[2][TAG][0]/D
                                0.66           1.25 f        -0.59  (VIOLATED)
   if_stage_inst/btb_inst/btb_reg[2][TAG][1]/D
                                0.66           1.25 f        -0.59  (VIOLATED)
   if_stage_inst/btb_inst/btb_reg[2][TAG][2]/D
                                0.66           1.25 f        -0.59  (VIOLATED)
   if_stage_inst/btb_inst/btb_reg[2][TAG][3]/D
                                0.66           1.25 f        -0.59  (VIOLATED)
   if_stage_inst/btb_inst/btb_reg[2][TAG][4]/D
                                0.66           1.25 f        -0.59  (VIOLATED)
   if_stage_inst/btb_inst/btb_reg[2][TAG][6]/D
                                0.66           1.25 f        -0.59  (VIOLATED)
   if_stage_inst/btb_inst/btb_reg[2][TAG][7]/D
                                0.66           1.25 f        -0.59  (VIOLATED)
   if_stage_inst/btb_inst/btb_reg[2][TAG][8]/D
                                0.66           1.25 f        -0.59  (VIOLATED)
   if_stage_inst/btb_inst/btb_reg[2][TAG][11]/D
                                0.66           1.25 f        -0.59  (VIOLATED)
   if_stage_inst/btb_inst/btb_reg[2][TAG][12]/D
                                0.66           1.25 f        -0.59  (VIOLATED)
   if_stage_inst/btb_inst/btb_reg[2][TAG][14]/D
                                0.66           1.25 f        -0.59  (VIOLATED)
   if_stage_inst/btb_inst/btb_reg[2][TAG][15]/D
                                0.66           1.25 f        -0.59  (VIOLATED)
   if_stage_inst/btb_inst/btb_reg[2][TAG][16]/D
                                0.66           1.25 f        -0.59  (VIOLATED)
   hazard_unit_inst/status_table_reg[8][1]/D
                                0.66           1.25 f        -0.59  (VIOLATED)
   R_3462/D                     0.67           1.26 r        -0.59  (VIOLATED)
   hazard_unit_inst/status_table_reg[6][1]/D
                                0.66           1.25 f        -0.59  (VIOLATED)
   hazard_unit_inst/status_table_reg[10][1]/D
                                0.66           1.25 f        -0.59  (VIOLATED)
   hazard_unit_inst/status_table_reg[4][1]/D
                                0.66           1.25 f        -0.59  (VIOLATED)
   R_3882/D                     0.65           1.23 f        -0.59  (VIOLATED)
   R_4012/D                     0.66           1.25 f        -0.59  (VIOLATED)
   if_stage_inst/btb_inst/btb_reg[1][TAG][2]/D
                                0.66           1.25 f        -0.59  (VIOLATED)
   if_stage_inst/btb_inst/btb_reg[1][TAG][3]/D
                                0.66           1.25 f        -0.59  (VIOLATED)
   if_stage_inst/btb_inst/btb_reg[1][TAG][6]/D
                                0.66           1.25 f        -0.59  (VIOLATED)
   if_stage_inst/btb_inst/btb_reg[1][TAG][7]/D
                                0.66           1.25 f        -0.59  (VIOLATED)
   R_4447/D                     0.66           1.25 f        -0.59  (VIOLATED)
   if_stage_inst/btb_inst/btb_reg[1][TAG][0]/D
                                0.66           1.25 f        -0.59  (VIOLATED)
   if_stage_inst/btb_inst/btb_reg[1][TAG][1]/D
                                0.66           1.25 f        -0.59  (VIOLATED)
   if_stage_inst/btb_inst/btb_reg[1][TAG][4]/D
                                0.66           1.25 f        -0.59  (VIOLATED)
   if_stage_inst/btb_inst/btb_reg[1][TAG][8]/D
                                0.66           1.25 f        -0.59  (VIOLATED)
   if_stage_inst/btb_inst/btb_reg[1][TAG][11]/D
                                0.66           1.25 f        -0.59  (VIOLATED)
   if_stage_inst/btb_inst/btb_reg[1][TAG][12]/D
                                0.66           1.25 f        -0.59  (VIOLATED)
   if_stage_inst/btb_inst/btb_reg[1][TAG][14]/D
                                0.66           1.25 f        -0.59  (VIOLATED)
   if_stage_inst/btb_inst/btb_reg[1][TAG][15]/D
                                0.66           1.25 f        -0.59  (VIOLATED)
   if_stage_inst/btb_inst/btb_reg[1][TAG][16]/D
                                0.66           1.25 f        -0.59  (VIOLATED)
   R_4262/D                     0.67           1.26 r        -0.59  (VIOLATED)
   R_4133/D                     0.66           1.25 f        -0.59  (VIOLATED)
   if_stage_inst/btb_inst/R_2996/D
                                0.65           1.24 f        -0.59  (VIOLATED)
   id_stage_inst/rs1_reg/reg_data_reg[31]/D
                                0.66           1.25 f        -0.59  (VIOLATED)
   ex_stage_inst/mult_pp_inst/tree_i/layer_4_r_reg[1][6]/D
                                0.67           1.25 r        -0.59  (VIOLATED)
   R_4008/D                     0.62           1.21 r        -0.59  (VIOLATED)
   if_stage_inst/btb_inst/R_2478/D
                                0.65           1.24 f        -0.59  (VIOLATED)
   R_4442/D                     0.66           1.24 f        -0.59  (VIOLATED)
   if_stage_inst/btb_inst/R_821/D
                                0.67           1.25 r        -0.59  (VIOLATED)
   if_stage_inst/btb_inst/R_823/D
                                0.67           1.25 r        -0.59  (VIOLATED)
   if_stage_inst/btb_inst/R_891/D
                                0.67           1.25 r        -0.59  (VIOLATED)
   if_stage_inst/btb_inst/R_893/D
                                0.67           1.25 r        -0.59  (VIOLATED)
   if_stage_inst/btb_inst/R_895/D
                                0.67           1.25 r        -0.59  (VIOLATED)
   if_stage_inst/btb_inst/R_905/D
                                0.67           1.25 r        -0.59  (VIOLATED)
   if_stage_inst/btb_inst/R_909/D
                                0.67           1.25 r        -0.59  (VIOLATED)
   if_stage_inst/btb_inst/R_986/D
                                0.67           1.25 r        -0.59  (VIOLATED)
   if_stage_inst/btb_inst/R_990/D
                                0.67           1.25 r        -0.59  (VIOLATED)
   if_stage_inst/btb_inst/R_996/D
                                0.67           1.25 r        -0.59  (VIOLATED)
   if_stage_inst/btb_inst/R_1010/D
                                0.67           1.25 r        -0.59  (VIOLATED)
   if_stage_inst/btb_inst/R_1012/D
                                0.67           1.25 r        -0.59  (VIOLATED)
   if_stage_inst/btb_inst/R_1022/D
                                0.67           1.25 r        -0.59  (VIOLATED)
   if_stage_inst/btb_inst/R_1024/D
                                0.67           1.25 r        -0.59  (VIOLATED)
   if_stage_inst/btb_inst/R_1034/D
                                0.67           1.25 r        -0.59  (VIOLATED)
   if_stage_inst/btb_inst/R_1036/D
                                0.67           1.25 r        -0.59  (VIOLATED)
   R_4089/D                     0.66           1.24 r        -0.59  (VIOLATED)
   if_stage_inst/btb_inst/R_897/D
                                0.67           1.25 r        -0.59  (VIOLATED)
   if_stage_inst/btb_inst/R_907/D
                                0.67           1.25 r        -0.59  (VIOLATED)
   if_stage_inst/btb_inst/R_911/D
                                0.67           1.25 r        -0.59  (VIOLATED)
   if_stage_inst/btb_inst/R_984/D
                                0.67           1.25 r        -0.59  (VIOLATED)
   if_stage_inst/btb_inst/R_988/D
                                0.67           1.25 r        -0.59  (VIOLATED)
   if_stage_inst/btb_inst/R_992/D
                                0.67           1.25 r        -0.59  (VIOLATED)
   if_stage_inst/btb_inst/R_994/D
                                0.67           1.25 r        -0.59  (VIOLATED)
   if_stage_inst/btb_inst/R_998/D
                                0.67           1.25 r        -0.59  (VIOLATED)
   if_stage_inst/btb_inst/R_1000/D
                                0.67           1.25 r        -0.59  (VIOLATED)
   if_stage_inst/btb_inst/R_1002/D
                                0.67           1.25 r        -0.59  (VIOLATED)
   if_stage_inst/btb_inst/R_1004/D
                                0.67           1.25 r        -0.59  (VIOLATED)
   if_stage_inst/btb_inst/R_1008/D
                                0.67           1.25 r        -0.59  (VIOLATED)
   if_stage_inst/btb_inst/R_1014/D
                                0.67           1.25 r        -0.59  (VIOLATED)
   if_stage_inst/btb_inst/R_1018/D
                                0.67           1.25 r        -0.59  (VIOLATED)
   if_stage_inst/btb_inst/R_1020/D
                                0.67           1.25 r        -0.59  (VIOLATED)
   if_stage_inst/btb_inst/R_1026/D
                                0.67           1.25 r        -0.59  (VIOLATED)
   R_3831/D                     0.67           1.25 r        -0.59  (VIOLATED)
   R_2418/D                     0.66           1.25 f        -0.59  (VIOLATED)
   R_4124/D                     0.67           1.25 r        -0.58  (VIOLATED)
   if_stage_inst/btb_inst/btb_reg[9][VALID]/D
                                0.67           1.25 r        -0.58  (VIOLATED)
   if_stage_inst/btb_inst/R_1940/D
                                0.65           1.24 f        -0.58  (VIOLATED)
   if_stage_inst/btb_inst/R_4512/D
                                0.65           1.24 f        -0.58  (VIOLATED)
   R_4433/D                     0.66           1.24 f        -0.58  (VIOLATED)
   R_3922/D                     0.67           1.25 r        -0.58  (VIOLATED)
   if_stage_inst/btb_inst/R_2998/D
                                0.65           1.23 f        -0.58  (VIOLATED)
   R_4200/D                     0.66           1.24 f        -0.58  (VIOLATED)
   if_stage_inst/btb_inst/R_2466/D
                                0.65           1.23 f        -0.58  (VIOLATED)
   if_stage_inst/btb_inst/R_3007/D
                                0.65           1.23 f        -0.58  (VIOLATED)
   if_stage_inst/btb_inst/R_2499/D
                                0.65           1.23 f        -0.58  (VIOLATED)
   hazard_unit_inst/status_table_reg[18][1]/D
                                0.66           1.24 f        -0.58  (VIOLATED)
   if_stage_inst/btb_inst/R_1928/D
                                0.65           1.23 f        -0.58  (VIOLATED)
   if_stage_inst/btb_inst/R_4511/D
                                0.65           1.23 f        -0.58  (VIOLATED)
   if_stage_inst/btb_inst/R_1961/D
                                0.65           1.23 f        -0.58  (VIOLATED)
   if_stage_inst/btb_inst/R_4230/D
                                0.65           1.23 f        -0.58  (VIOLATED)
   R_3727/D                     0.67           1.25 r        -0.58  (VIOLATED)
   if_stage_inst/btb_inst/R_4224/D
                                0.66           1.24 f        -0.58  (VIOLATED)
   if_stage_inst/btb_inst/R_4509/D
                                0.66           1.24 f        -0.58  (VIOLATED)
   R_2721/D                     0.66           1.24 f        -0.58  (VIOLATED)
   if_stage_inst/btb_inst/R_4226/D
                                0.66           1.23 f        -0.58  (VIOLATED)
   R_4440/D                     0.67           1.25 r        -0.58  (VIOLATED)
   R_4155/D                     0.66           1.24 f        -0.58  (VIOLATED)
   R_4099/D                     0.66           1.23 f        -0.58  (VIOLATED)
   R_4236/D                     0.66           1.24 f        -0.58  (VIOLATED)
   R_3803/D                     0.66           1.24 f        -0.58  (VIOLATED)
   R_2138/D                     0.66           1.24 f        -0.58  (VIOLATED)
   R_3839/D                     0.62           1.20 f        -0.58  (VIOLATED)
   R_4173/D                     0.66           1.23 f        -0.58  (VIOLATED)
   R_4259/D                     0.66           1.24 f        -0.58  (VIOLATED)
   R_4105/D                     0.66           1.23 f        -0.57  (VIOLATED)
   R_2527/D                     0.66           1.23 f        -0.57  (VIOLATED)
   R_4172/D                     0.67           1.24 r        -0.57  (VIOLATED)
   R_4195/D                     0.66           1.23 f        -0.57  (VIOLATED)
   R_2525/D                     0.66           1.23 f        -0.57  (VIOLATED)
   R_3041/D                     0.66           1.23 f        -0.57  (VIOLATED)
   R_4101/D                     0.66           1.23 f        -0.57  (VIOLATED)
   R_3971/D                     0.67           1.24 r        -0.57  (VIOLATED)
   R_3923/D                     0.67           1.24 r        -0.57  (VIOLATED)
   R_3857/D                     0.66           1.23 r        -0.57  (VIOLATED)
   if_stage_inst/btb_inst/R_4227/D
                                0.65           1.22 f        -0.57  (VIOLATED)
   if_stage_inst/btb_inst/R_3913/D
                                0.65           1.21 f        -0.57  (VIOLATED)
   R_2738/D                     0.67           1.23 r        -0.57  (VIOLATED)
   R_4041/D                     0.67           1.23 r        -0.57  (VIOLATED)
   R_4429/D                     0.66           1.22 f        -0.57  (VIOLATED)
   R_4152/D                     0.67           1.23 r        -0.56  (VIOLATED)
   R_4161/D                     0.67           1.23 r        -0.56  (VIOLATED)
   id_stage_inst/rs1_reg/reg_data_reg[26]/D
                                0.66           1.23 f        -0.56  (VIOLATED)
   ex_stage_inst/mult_pp_inst/tree_i/layer_4_r_reg[2][22]/D
                                0.67           1.23 r        -0.56  (VIOLATED)
   if_stage_inst/btb_inst/btb_reg[13][VALID]/D
                                0.67           1.23 r        -0.56  (VIOLATED)
   R_4132/D                     0.67           1.23 r        -0.56  (VIOLATED)
   R_4428/D                     0.67           1.23 r        -0.56  (VIOLATED)
   R_4437/D                     0.66           1.22 f        -0.56  (VIOLATED)
   R_3874/D                     0.66           1.22 f        -0.56  (VIOLATED)
   R_4118/D                     0.66           1.22 f        -0.56  (VIOLATED)
   id_stage_inst/rs1_reg/reg_data_reg[30]/D
                                0.67           1.23 r        -0.56  (VIOLATED)
   if_stage_inst/pc_plus4_reg/reg_data_reg[17]/D
                                0.67           1.23 r        -0.56  (VIOLATED)
   R_2554/D                     0.66           1.22 f        -0.56  (VIOLATED)
   if_stage_inst/btb_inst/R_1934/D
                                0.65           1.21 f        -0.56  (VIOLATED)
   if_stage_inst/btb_inst/R_2472/D
                                0.65           1.21 f        -0.56  (VIOLATED)
   R_4265/D                     0.66           1.22 f        -0.56  (VIOLATED)
   R_4464/D                     0.66           1.22 f        -0.56  (VIOLATED)
   R_4443/D                     0.66           1.21 f        -0.56  (VIOLATED)
   if_stage_inst/btb_inst/R_3069/D
                                0.67           1.22 r        -0.56  (VIOLATED)
   ex_stage_inst/mult_pp_inst/tree_i/layer_4_r_reg[2][19]/D
                                0.67           1.22 r        -0.56  (VIOLATED)
   if_stage_inst/pc_plus4_reg/reg_data_reg[21]/D
                                0.66           1.21 f        -0.55  (VIOLATED)
   R_4117/D                     0.66           1.21 f        -0.55  (VIOLATED)
   R_3830/D                     0.66           1.22 r        -0.55  (VIOLATED)
   R_4088/D                     0.66           1.21 f        -0.55  (VIOLATED)
   if_stage_inst/pc_plus4_reg/reg_data_reg[24]/D
                                0.67           1.22 r        -0.55  (VIOLATED)
   R_3858/D                     0.66           1.21 r        -0.55  (VIOLATED)
   ex_stage_inst/result_reg/reg_data_reg[31]/D
                                0.67           1.22 r        -0.55  (VIOLATED)
   R_2734/D                     0.67           1.22 r        -0.55  (VIOLATED)
   R_4408/D                     0.66           1.21 f        -0.55  (VIOLATED)
   R_4100/D                     0.66           1.21 r        -0.55  (VIOLATED)
   if_stage_inst/btb_inst/R_2484/D
                                0.65           1.20 f        -0.55  (VIOLATED)
   R_4260/D                     0.66           1.21 r        -0.55  (VIOLATED)
   R_3723/D                     0.66           1.21 f        -0.55  (VIOLATED)
   R_4098/D                     0.67           1.21 r        -0.55  (VIOLATED)
   R_4178/D                     0.67           1.22 r        -0.55  (VIOLATED)
   R_3980/D                     0.66           1.21 r        -0.55  (VIOLATED)
   R_4498/D                     0.67           1.22 r        -0.55  (VIOLATED)
   if_stage_inst/current_pc_reg/reg_data_reg[27]/D
                                0.67           1.21 r        -0.55  (VIOLATED)
   if_stage_inst/current_pc_reg/reg_data_reg[30]/D
                                0.67           1.21 r        -0.55  (VIOLATED)
   if_stage_inst/current_pc_reg/reg_data_reg[31]/D
                                0.67           1.21 r        -0.55  (VIOLATED)
   if_stage_inst/instruction_reg/reg_data_reg[6]/D
                                0.67           1.21 r        -0.55  (VIOLATED)
   if_stage_inst/instruction_reg/reg_data_reg[8]/D
                                0.67           1.21 r        -0.55  (VIOLATED)
   if_stage_inst/instruction_reg/reg_data_reg[9]/D
                                0.67           1.21 r        -0.55  (VIOLATED)
   if_stage_inst/instruction_reg/reg_data_reg[10]/D
                                0.67           1.21 r        -0.55  (VIOLATED)
   if_stage_inst/instruction_reg/reg_data_reg[15]/D
                                0.67           1.21 r        -0.55  (VIOLATED)
   if_stage_inst/instruction_reg/reg_data_reg[17]/D
                                0.67           1.21 r        -0.55  (VIOLATED)
   if_stage_inst/instruction_reg/reg_data_reg[20]/D
                                0.67           1.21 r        -0.55  (VIOLATED)
   if_stage_inst/pc_plus4_reg/reg_data_reg[6]/D
                                0.67           1.21 r        -0.55  (VIOLATED)
   if_stage_inst/pc_plus4_reg/reg_data_reg[8]/D
                                0.67           1.21 r        -0.55  (VIOLATED)
   if_stage_inst/pc_plus4_reg/reg_data_reg[14]/D
                                0.67           1.21 r        -0.55  (VIOLATED)
   if_stage_inst/pc_plus4_reg/reg_data_reg[18]/D
                                0.67           1.21 r        -0.55  (VIOLATED)
   if_stage_inst/pc_plus4_reg/reg_data_reg[20]/D
                                0.67           1.21 r        -0.55  (VIOLATED)
   if_stage_inst/pc_plus4_reg/reg_data_reg[1]/D
                                0.67           1.22 r        -0.55  (VIOLATED)
   R_4409/D                     0.65           1.20 f        -0.55  (VIOLATED)
   if_stage_inst/current_pc_reg/reg_data_reg[20]/D
                                0.67           1.21 r        -0.55  (VIOLATED)
   if_stage_inst/current_pc_reg/reg_data_reg[22]/D
                                0.67           1.21 r        -0.55  (VIOLATED)
   if_stage_inst/current_pc_reg/reg_data_reg[25]/D
                                0.67           1.21 r        -0.55  (VIOLATED)
   if_stage_inst/current_pc_reg/reg_data_reg[28]/D
                                0.67           1.21 r        -0.55  (VIOLATED)
   R_3998/D                     0.67           1.21 r        -0.55  (VIOLATED)
   R_4234/D                     0.66           1.21 r        -0.55  (VIOLATED)
   R_4087/D                     0.67           1.21 r        -0.55  (VIOLATED)
   ex_stage_inst/result_reg/reg_data_reg[24]/D
                                0.66           1.21 f        -0.55  (VIOLATED)
   if_stage_inst/btb_inst/R_4225/D
                                0.66           1.20 f        -0.55  (VIOLATED)
   R_3721/D                     0.66           1.20 f        -0.54  (VIOLATED)
   R_2552/D                     0.66           1.21 f        -0.54  (VIOLATED)
   R_4193/D                     0.67           1.21 r        -0.54  (VIOLATED)
   R_4095/D                     0.67           1.21 r        -0.54  (VIOLATED)
   R_4425/D                     0.66           1.21 r        -0.54  (VIOLATED)
   R_4258/D                     0.66           1.21 r        -0.54  (VIOLATED)
   R_4452/D                     0.66           1.20 f        -0.54  (VIOLATED)
   R_4257/D                     0.66           1.21 r        -0.54  (VIOLATED)
   if_stage_inst/current_pc_reg/reg_data_reg[23]/D
                                0.67           1.21 r        -0.54  (VIOLATED)
   if_stage_inst/current_pc_reg/reg_data_reg[29]/D
                                0.67           1.21 r        -0.54  (VIOLATED)
   if_stage_inst/instruction_reg/reg_data_reg[11]/D
                                0.67           1.21 r        -0.54  (VIOLATED)
   if_stage_inst/instruction_reg/reg_data_reg[12]/D
                                0.67           1.21 r        -0.54  (VIOLATED)
   if_stage_inst/instruction_reg/reg_data_reg[13]/D
                                0.67           1.21 r        -0.54  (VIOLATED)
   if_stage_inst/instruction_reg/reg_data_reg[14]/D
                                0.67           1.21 r        -0.54  (VIOLATED)
   if_stage_inst/instruction_reg/reg_data_reg[16]/D
                                0.67           1.21 r        -0.54  (VIOLATED)
   if_stage_inst/instruction_reg/reg_data_reg[18]/D
                                0.67           1.21 r        -0.54  (VIOLATED)
   if_stage_inst/instruction_reg/reg_data_reg[19]/D
                                0.67           1.21 r        -0.54  (VIOLATED)
   if_stage_inst/instruction_reg/reg_data_reg[21]/D
                                0.67           1.21 r        -0.54  (VIOLATED)
   if_stage_inst/instruction_reg/reg_data_reg[22]/D
                                0.67           1.21 r        -0.54  (VIOLATED)
   if_stage_inst/instruction_reg/reg_data_reg[23]/D
                                0.67           1.21 r        -0.54  (VIOLATED)
   if_stage_inst/instruction_reg/reg_data_reg[24]/D
                                0.67           1.21 r        -0.54  (VIOLATED)
   ex_stage_inst/result_reg/reg_data_reg[26]/D
                                0.66           1.20 f        -0.54  (VIOLATED)
   R_4497/D                     0.66           1.20 f        -0.54  (VIOLATED)
   if_stage_inst/current_pc_reg/reg_data_reg[21]/D
                                0.67           1.21 r        -0.54  (VIOLATED)
   if_stage_inst/current_pc_reg/reg_data_reg[24]/D
                                0.67           1.21 r        -0.54  (VIOLATED)
   if_stage_inst/current_pc_reg/reg_data_reg[26]/D
                                0.67           1.21 r        -0.54  (VIOLATED)
   if_stage_inst/instruction_reg/reg_data_reg[25]/D
                                0.67           1.21 r        -0.54  (VIOLATED)
   R_4198/D                     0.66           1.20 f        -0.54  (VIOLATED)
   R_3794/D                     0.66           1.20 f        -0.54  (VIOLATED)
   R_2730/D                     0.66           1.20 f        -0.54  (VIOLATED)
   R_4476/D                     0.66           1.20 f        -0.54  (VIOLATED)
   R_4261/D                     0.66           1.20 r        -0.54  (VIOLATED)
   R_4129/D                     0.66           1.20 f        -0.54  (VIOLATED)
   R_388/D                      0.66           1.20 r        -0.54  (VIOLATED)
   R_4188/D                     0.67           1.21 r        -0.54  (VIOLATED)
   R_4015/D                     0.66           1.20 r        -0.54  (VIOLATED)
   ex_stage_inst/mult_pp_inst/tree_i/layer_4_r_reg[0][5]/D
                                0.67           1.20 r        -0.54  (VIOLATED)
   R_534/D                      0.66           1.20 f        -0.54  (VIOLATED)
   id_stage_inst/rs1_reg/reg_data_reg[22]/D
                                0.66           1.19 f        -0.54  (VIOLATED)
   id_stage_inst/rs1_reg/reg_data_reg[25]/D
                                0.66           1.19 f        -0.54  (VIOLATED)
   ex_stage_inst/result_reg/reg_data_reg[25]/D
                                0.67           1.20 r        -0.54  (VIOLATED)
   ex_stage_inst/result_reg/reg_data_reg[30]/D
                                0.66           1.20 r        -0.54  (VIOLATED)
   if_stage_inst/pc_plus4_reg/reg_data_reg[28]/D
                                0.67           1.20 r        -0.54  (VIOLATED)
   R_2134/D                     0.67           1.20 r        -0.53  (VIOLATED)
   R_4475/D                     0.65           1.18 f        -0.53  (VIOLATED)
   R_4469/D                     0.66           1.20 f        -0.53  (VIOLATED)
   if_stage_inst/pc_plus4_reg/reg_data_reg[16]/D
                                0.66           1.19 f        -0.53  (VIOLATED)
   if_stage_inst/btb_inst/R_3823/D
                                0.66           1.19 f        -0.53  (VIOLATED)
   R_2408/D                     0.67           1.20 r        -0.53  (VIOLATED)
   R_4066/D                     0.66           1.19 f        -0.53  (VIOLATED)
   R_4274/D                     0.66           1.19 f        -0.53  (VIOLATED)
   R_4268/D                     0.66           1.19 f        -0.53  (VIOLATED)
   R_4179/D                     0.66           1.19 f        -0.53  (VIOLATED)
   if_stage_inst/instruction_reg/reg_data_reg[7]/D
                                0.67           1.20 r        -0.53  (VIOLATED)
   if_stage_inst/pc_plus4_reg/reg_data_reg[3]/D
                                0.67           1.20 r        -0.53  (VIOLATED)
   if_stage_inst/pc_plus4_reg/reg_data_reg[4]/D
                                0.67           1.20 r        -0.53  (VIOLATED)
   if_stage_inst/pc_plus4_reg/reg_data_reg[5]/D
                                0.67           1.20 r        -0.53  (VIOLATED)
   if_stage_inst/pc_plus4_reg/reg_data_reg[7]/D
                                0.67           1.20 r        -0.53  (VIOLATED)
   if_stage_inst/pc_plus4_reg/reg_data_reg[9]/D
                                0.67           1.20 r        -0.53  (VIOLATED)
   if_stage_inst/pc_plus4_reg/reg_data_reg[10]/D
                                0.67           1.20 r        -0.53  (VIOLATED)
   if_stage_inst/pc_plus4_reg/reg_data_reg[11]/D
                                0.67           1.20 r        -0.53  (VIOLATED)
   if_stage_inst/pc_plus4_reg/reg_data_reg[12]/D
                                0.67           1.20 r        -0.53  (VIOLATED)
   if_stage_inst/pc_plus4_reg/reg_data_reg[13]/D
                                0.67           1.20 r        -0.53  (VIOLATED)
   if_stage_inst/pc_plus4_reg/reg_data_reg[15]/D
                                0.67           1.20 r        -0.53  (VIOLATED)
   if_stage_inst/pc_plus4_reg/reg_data_reg[19]/D
                                0.67           1.20 r        -0.53  (VIOLATED)
   if_stage_inst/pc_plus4_reg/reg_data_reg[22]/D
                                0.67           1.20 r        -0.53  (VIOLATED)
   if_stage_inst/pc_plus4_reg/reg_data_reg[23]/D
                                0.67           1.20 r        -0.53  (VIOLATED)
   if_stage_inst/pc_plus4_reg/reg_data_reg[26]/D
                                0.67           1.20 r        -0.53  (VIOLATED)
   if_stage_inst/pc_plus4_reg/reg_data_reg[27]/D
                                0.67           1.20 r        -0.53  (VIOLATED)
   if_stage_inst/current_pc_reg/reg_data_reg[8]/D
                                0.67           1.19 r        -0.53  (VIOLATED)
   if_stage_inst/current_pc_reg/reg_data_reg[9]/D
                                0.67           1.19 r        -0.53  (VIOLATED)
   if_stage_inst/current_pc_reg/reg_data_reg[12]/D
                                0.67           1.19 r        -0.53  (VIOLATED)
   if_stage_inst/current_pc_reg/reg_data_reg[16]/D
                                0.67           1.19 r        -0.53  (VIOLATED)
   if_stage_inst/current_pc_reg/reg_data_reg[19]/D
                                0.67           1.19 r        -0.53  (VIOLATED)
   if_stage_inst/instruction_reg/reg_data_reg[0]/D
                                0.67           1.19 r        -0.53  (VIOLATED)
   if_stage_inst/instruction_reg/reg_data_reg[1]/D
                                0.67           1.19 r        -0.53  (VIOLATED)
   if_stage_inst/instruction_reg/reg_data_reg[2]/D
                                0.67           1.19 r        -0.53  (VIOLATED)
   if_stage_inst/instruction_reg/reg_data_reg[3]/D
                                0.67           1.19 r        -0.53  (VIOLATED)
   if_stage_inst/instruction_reg/reg_data_reg[4]/D
                                0.67           1.19 r        -0.53  (VIOLATED)
   if_stage_inst/instruction_reg/reg_data_reg[5]/D
                                0.67           1.19 r        -0.53  (VIOLATED)
   if_stage_inst/instruction_reg/reg_data_reg[30]/D
                                0.67           1.19 r        -0.53  (VIOLATED)
   if_stage_inst/current_pc_reg/reg_data_reg[13]/D
                                0.67           1.19 r        -0.53  (VIOLATED)
   if_stage_inst/current_pc_reg/reg_data_reg[14]/D
                                0.67           1.19 r        -0.53  (VIOLATED)
   if_stage_inst/current_pc_reg/reg_data_reg[15]/D
                                0.67           1.19 r        -0.53  (VIOLATED)
   if_stage_inst/current_pc_reg/reg_data_reg[17]/D
                                0.67           1.19 r        -0.53  (VIOLATED)
   if_stage_inst/current_pc_reg/reg_data_reg[18]/D
                                0.67           1.19 r        -0.53  (VIOLATED)
   if_stage_inst/btb_inst/R_3822/D
                                0.66           1.19 f        -0.53  (VIOLATED)
   R_4445/D                     0.66           1.19 r        -0.53  (VIOLATED)
   R_4235/D                     0.66           1.19 r        -0.53  (VIOLATED)
   R_4264/D                     0.66           1.19 r        -0.53  (VIOLATED)
   R_3852/D                     0.67           1.19 r        -0.53  (VIOLATED)
   R_4263/D                     0.66           1.19 r        -0.53  (VIOLATED)
   ex_stage_inst/result_reg/reg_data_reg[20]/D
                                0.66           1.18 f        -0.52  (VIOLATED)
   R_3733/D                     0.67           1.19 r        -0.52  (VIOLATED)
   R_4422/D                     0.66           1.18 f        -0.52  (VIOLATED)
   R_4277/D                     0.66           1.18 f        -0.52  (VIOLATED)
   if_stage_inst/btb_inst/R_4233/D
                                0.65           1.17 f        -0.52  (VIOLATED)
   if_stage_inst/btb_inst/R_4413/D
                                0.65           1.17 f        -0.52  (VIOLATED)
   id_stage_inst/rs1_reg/reg_data_reg[27]/D
                                0.67           1.19 r        -0.52  (VIOLATED)
   id_stage_inst/rs1_reg/reg_data_reg[28]/D
                                0.66           1.18 f        -0.52  (VIOLATED)
   ex_stage_inst/result_reg/reg_data_reg[27]/D
                                0.67           1.19 r        -0.52  (VIOLATED)
   R_4130/D                     0.66           1.18 r        -0.52  (VIOLATED)
   if_stage_inst/btb_inst/R_4414/D
                                0.64           1.16 f        -0.52  (VIOLATED)
   R_3020/D                     0.66           1.18 f        -0.52  (VIOLATED)
   R_3568/D                     0.67           1.18 r        -0.52  (VIOLATED)
   R_2715/D                     0.67           1.19 r        -0.52  (VIOLATED)
   R_2725/D                     0.66           1.18 f        -0.52  (VIOLATED)
   R_3975/D                     0.66           1.17 f        -0.52  (VIOLATED)
   ex_stage_inst/mult_pp_inst/tree_i/layer_4_r_reg[3][23]/D
                                0.67           1.18 r        -0.52  (VIOLATED)
   if_stage_inst/btb_inst/R_3008/D
                                0.65           1.17 f        -0.51  (VIOLATED)
   if_stage_inst/btb_inst/R_3003/D
                                0.65           1.17 f        -0.51  (VIOLATED)
   R_3699/D                     0.67           1.18 r        -0.51  (VIOLATED)
   if_stage_inst/btb_inst/R_3001/D
                                0.65           1.17 f        -0.51  (VIOLATED)
   if_stage_inst/pc_plus4_reg/reg_data_reg[2]/D
                                0.66           1.18 r        -0.51  (VIOLATED)
   R_4477/D                     0.66           1.17 r        -0.51  (VIOLATED)
   if_stage_inst/btb_inst/R_2999/D
                                0.65           1.16 f        -0.51  (VIOLATED)
   if_stage_inst/btb_inst/R_3000/D
                                0.65           1.16 f        -0.51  (VIOLATED)
   if_stage_inst/btb_inst/R_3002/D
                                0.65           1.16 f        -0.51  (VIOLATED)
   if_stage_inst/btb_inst/R_3005/D
                                0.65           1.16 f        -0.51  (VIOLATED)
   if_stage_inst/btb_inst/R_2997/D
                                0.65           1.16 f        -0.51  (VIOLATED)
   if_stage_inst/current_pc_reg/reg_data_reg[4]/D
                                0.67           1.18 r        -0.51  (VIOLATED)
   if_stage_inst/current_pc_reg/reg_data_reg[5]/D
                                0.67           1.18 r        -0.51  (VIOLATED)
   R_4196/D                     0.67           1.18 r        -0.51  (VIOLATED)
   id_stage_inst/rs1_reg/reg_data_reg[13]/D
                                0.67           1.18 r        -0.51  (VIOLATED)
   R_4241/D                     0.67           1.18 r        -0.51  (VIOLATED)
   R_4253/D                     0.67           1.18 r        -0.51  (VIOLATED)
   ex_stage_inst/result_reg/reg_data_reg[2]/D
                                0.67           1.18 r        -0.51  (VIOLATED)
   id_stage_inst/rs1_reg/reg_data_reg[10]/D
                                0.67           1.18 r        -0.51  (VIOLATED)
   R_3914/D                     0.67           1.17 r        -0.51  (VIOLATED)
   ex_stage_inst/result_reg/reg_data_reg[9]/D
                                0.66           1.17 f        -0.51  (VIOLATED)
   id_stage_inst/rs2_reg/reg_data_reg[2]/D
                                0.67           1.17 r        -0.51  (VIOLATED)
   id_stage_inst/rs2_reg/reg_data_reg[3]/D
                                0.67           1.17 r        -0.51  (VIOLATED)
   id_stage_inst/rs2_reg/reg_data_reg[4]/D
                                0.67           1.17 r        -0.51  (VIOLATED)
   id_stage_inst/rs2_reg/reg_data_reg[6]/D
                                0.67           1.17 r        -0.51  (VIOLATED)
   id_stage_inst/rs2_reg/reg_data_reg[8]/D
                                0.67           1.17 r        -0.51  (VIOLATED)
   id_stage_inst/rs2_reg/reg_data_reg[14]/D
                                0.67           1.17 r        -0.51  (VIOLATED)
   id_stage_inst/rs2_reg/reg_data_reg[17]/D
                                0.67           1.17 r        -0.51  (VIOLATED)
   id_stage_inst/rs2_reg/reg_data_reg[18]/D
                                0.67           1.17 r        -0.51  (VIOLATED)
   id_stage_inst/rs2_reg/reg_data_reg[19]/D
                                0.67           1.17 r        -0.51  (VIOLATED)
   id_stage_inst/rs2_reg/reg_data_reg[20]/D
                                0.67           1.17 r        -0.51  (VIOLATED)
   id_stage_inst/rs2_reg/reg_data_reg[30]/D
                                0.67           1.17 r        -0.51  (VIOLATED)
   id_stage_inst/immediate_reg/reg_data_reg[17]/D
                                0.67           1.17 r        -0.51  (VIOLATED)
   id_stage_inst/immediate_reg/reg_data_reg[30]/D
                                0.67           1.17 r        -0.51  (VIOLATED)
   id_stage_inst/pc_plus4_reg/reg_data_reg[1]/D
                                0.67           1.17 r        -0.51  (VIOLATED)
   id_stage_inst/pc_plus4_reg/reg_data_reg[2]/D
                                0.67           1.17 r        -0.51  (VIOLATED)
   id_stage_inst/pc_plus4_reg/reg_data_reg[4]/D
                                0.67           1.17 r        -0.51  (VIOLATED)
   id_stage_inst/pc_plus4_reg/reg_data_reg[17]/D
                                0.67           1.17 r        -0.51  (VIOLATED)
   id_stage_inst/pc_plus4_reg/reg_data_reg[30]/D
                                0.67           1.17 r        -0.51  (VIOLATED)
   R_4058/D                     0.66           1.17 f        -0.51  (VIOLATED)
   id_stage_inst/immediate_reg/reg_data_reg[3]/D
                                0.67           1.17 r        -0.51  (VIOLATED)
   id_stage_inst/immediate_reg/reg_data_reg[18]/D
                                0.67           1.17 r        -0.51  (VIOLATED)
   id_stage_inst/immediate_reg/reg_data_reg[19]/D
                                0.67           1.17 r        -0.51  (VIOLATED)
   id_stage_inst/immediate_reg/reg_data_reg[20]/D
                                0.67           1.17 r        -0.51  (VIOLATED)
   id_stage_inst/pc_plus4_reg/reg_data_reg[3]/D
                                0.67           1.17 r        -0.51  (VIOLATED)
   id_stage_inst/pc_plus4_reg/reg_data_reg[8]/D
                                0.67           1.17 r        -0.51  (VIOLATED)
   id_stage_inst/pc_plus4_reg/reg_data_reg[10]/D
                                0.67           1.17 r        -0.51  (VIOLATED)
   id_stage_inst/pc_plus4_reg/reg_data_reg[13]/D
                                0.67           1.17 r        -0.51  (VIOLATED)
   id_stage_inst/pc_plus4_reg/reg_data_reg[14]/D
                                0.67           1.17 r        -0.51  (VIOLATED)
   id_stage_inst/pc_plus4_reg/reg_data_reg[20]/D
                                0.67           1.17 r        -0.51  (VIOLATED)
   id_stage_inst/pc_plus4_reg/reg_data_reg[26]/D
                                0.67           1.17 r        -0.51  (VIOLATED)
   id_stage_inst/pc_plus4_reg/reg_data_reg[28]/D
                                0.67           1.17 r        -0.51  (VIOLATED)
   id_stage_inst/pc_plus4_reg/reg_data_reg[31]/D
                                0.67           1.17 r        -0.51  (VIOLATED)
   id_stage_inst/immediate_reg/reg_data_reg[2]/D
                                0.67           1.17 r        -0.51  (VIOLATED)
   id_stage_inst/immediate_reg/reg_data_reg[4]/D
                                0.67           1.17 r        -0.51  (VIOLATED)
   R_4480/D                     0.65           1.15 f        -0.51  (VIOLATED)
   R_4500/D                     0.65           1.16 f        -0.51  (VIOLATED)
   R_4444/D                     0.66           1.16 f        -0.50  (VIOLATED)
   R_572/D                      0.66           1.17 r        -0.50  (VIOLATED)
   R_4222/D                     0.65           1.15 f        -0.50  (VIOLATED)
   ex_stage_inst/mult_pp_inst/tree_i/layer_4_r_reg[0][4]/D
                                0.67           1.17 r        -0.50  (VIOLATED)
   ex_stage_inst/result_reg/reg_data_reg[22]/D
                                0.66           1.16 f        -0.50  (VIOLATED)
   R_3735/D                     0.66           1.16 f        -0.50  (VIOLATED)
   R_4451/D                     0.66           1.16 f        -0.50  (VIOLATED)
   R_4201/D                     0.66           1.16 f        -0.50  (VIOLATED)
   R_4250/D                     0.67           1.17 r        -0.50  (VIOLATED)
   ex_stage_inst/result_reg/reg_data_reg[23]/D
                                0.66           1.17 r        -0.50  (VIOLATED)
   id_stage_inst/rs1_reg/reg_data_reg[18]/D
                                0.67           1.17 r        -0.50  (VIOLATED)
   R_548/D                      0.66           1.16 f        -0.50  (VIOLATED)
   R_3045/D                     0.66           1.16 f        -0.50  (VIOLATED)
   ex_stage_inst/result_reg/reg_data_reg[19]/D
                                0.66           1.16 f        -0.50  (VIOLATED)
   R_3696/D                     0.67           1.16 r        -0.50  (VIOLATED)
   R_4478/D                     0.66           1.16 r        -0.50  (VIOLATED)
   R_2643/D                     0.67           1.16 r        -0.50  (VIOLATED)
   R_428/D                      0.66           1.16 r        -0.50  (VIOLATED)
   R_4479/D                     0.67           1.16 r        -0.50  (VIOLATED)
   R_2116/D                     0.66           1.15 f        -0.49  (VIOLATED)
   R_4119/D                     0.66           1.15 f        -0.49  (VIOLATED)
   R_3714/D                     0.67           1.16 r        -0.49  (VIOLATED)
   R_4474/D                     0.67           1.16 r        -0.49  (VIOLATED)
   R_3743/D                     0.67           1.16 r        -0.49  (VIOLATED)
   ex_stage_inst/result_reg/reg_data_reg[8]/D
                                0.66           1.15 f        -0.49  (VIOLATED)
   R_3739/D                     0.66           1.15 f        -0.49  (VIOLATED)
   R_4466/D                     0.65           1.14 f        -0.49  (VIOLATED)
   R_3725/D                     0.66           1.15 f        -0.49  (VIOLATED)
   R_3719/D                     0.67           1.15 r        -0.49  (VIOLATED)
   R_4094/D                     0.66           1.15 r        -0.49  (VIOLATED)
   R_2927/D                     0.66           1.14 f        -0.49  (VIOLATED)
   R_3703/D                     0.66           1.14 f        -0.49  (VIOLATED)
   R_3709/D                     0.66           1.14 f        -0.49  (VIOLATED)
   R_3715/D                     0.66           1.14 f        -0.49  (VIOLATED)
   R_3724/D                     0.66           1.14 f        -0.49  (VIOLATED)
   R_3757/D                     0.66           1.14 f        -0.49  (VIOLATED)
   R_3759/D                     0.66           1.14 f        -0.49  (VIOLATED)
   R_3774/D                     0.66           1.14 f        -0.49  (VIOLATED)
   R_3778/D                     0.66           1.14 f        -0.49  (VIOLATED)
   R_3708/D                     0.66           1.15 f        -0.49  (VIOLATED)
   ex_stage_inst/result_reg/reg_data_reg[17]/D
                                0.66           1.14 f        -0.48  (VIOLATED)
   R_3737/D                     0.66           1.14 f        -0.48  (VIOLATED)
   R_4147/D                     0.67           1.15 r        -0.48  (VIOLATED)
   R_3741/D                     0.66           1.14 f        -0.48  (VIOLATED)
   id_stage_inst/rs1_reg/reg_data_reg[17]/D
                                0.67           1.15 r        -0.48  (VIOLATED)
   R_426/D                      0.66           1.14 r        -0.48  (VIOLATED)
   if_stage_inst/btb_inst/R_3004/D
                                0.65           1.13 f        -0.48  (VIOLATED)
   R_4471/D                     0.67           1.15 r        -0.48  (VIOLATED)
   R_536/D                      0.66           1.14 f        -0.48  (VIOLATED)
   R_4014/D                     0.67           1.14 r        -0.48  (VIOLATED)
   R_3705/D                     0.67           1.14 r        -0.48  (VIOLATED)
   ex_stage_inst/result_reg/reg_data_reg[12]/D
                                0.66           1.14 f        -0.47  (VIOLATED)
   R_4034/D                     0.67           1.14 r        -0.47  (VIOLATED)
   R_4282/D                     0.65           1.13 f        -0.47  (VIOLATED)
   R_4434/D                     0.66           1.14 r        -0.47  (VIOLATED)
   ex_stage_inst/result_reg/reg_data_reg[18]/D
                                0.66           1.13 f        -0.47  (VIOLATED)
   ex_stage_inst/result_reg/reg_data_reg[16]/D
                                0.66           1.13 f        -0.47  (VIOLATED)
   R_4435/D                     0.66           1.14 r        -0.47  (VIOLATED)
   R_4025/D                     0.66           1.13 f        -0.47  (VIOLATED)
   R_3693/D                     0.67           1.14 r        -0.47  (VIOLATED)
   if_stage_inst/btb_inst/R_3006/D
                                0.65           1.12 f        -0.47  (VIOLATED)
   ex_stage_inst/result_reg/reg_data_reg[6]/D
                                0.66           1.13 f        -0.47  (VIOLATED)
   ex_stage_inst/result_reg/reg_data_reg[13]/D
                                0.66           1.13 f        -0.47  (VIOLATED)
   id_stage_inst/pc_plus4_reg/reg_data_reg[6]/D
                                0.67           1.13 r        -0.47  (VIOLATED)
   id_stage_inst/pc_plus4_reg/reg_data_reg[15]/D
                                0.67           1.13 r        -0.47  (VIOLATED)
   id_stage_inst/pc_plus4_reg/reg_data_reg[16]/D
                                0.67           1.13 r        -0.47  (VIOLATED)
   id_stage_inst/pc_plus4_reg/reg_data_reg[18]/D
                                0.67           1.13 r        -0.47  (VIOLATED)
   id_stage_inst/pc_plus4_reg/reg_data_reg[24]/D
                                0.67           1.13 r        -0.47  (VIOLATED)
   id_stage_inst/pc_plus4_reg/reg_data_reg[27]/D
                                0.67           1.13 r        -0.47  (VIOLATED)
   id_stage_inst/immediate_reg/reg_data_reg[22]/D
                                0.67           1.13 r        -0.47  (VIOLATED)
   id_stage_inst/pc_plus4_reg/reg_data_reg[5]/D
                                0.67           1.13 r        -0.47  (VIOLATED)
   id_stage_inst/pc_plus4_reg/reg_data_reg[9]/D
                                0.67           1.13 r        -0.47  (VIOLATED)
   id_stage_inst/pc_plus4_reg/reg_data_reg[19]/D
                                0.67           1.13 r        -0.47  (VIOLATED)
   id_stage_inst/pc_plus4_reg/reg_data_reg[21]/D
                                0.67           1.13 r        -0.47  (VIOLATED)
   id_stage_inst/pc_plus4_reg/reg_data_reg[22]/D
                                0.67           1.13 r        -0.47  (VIOLATED)
   ex_stage_inst/result_reg/reg_data_reg[21]/D
                                0.66           1.13 f        -0.47  (VIOLATED)
   R_4003/D                     0.66           1.13 r        -0.47  (VIOLATED)
   R_4006/D                     0.67           1.13 r        -0.47  (VIOLATED)
   R_3729/D                     0.66           1.12 f        -0.47  (VIOLATED)
   R_4131/D                     0.66           1.12 f        -0.46  (VIOLATED)
   id_stage_inst/rs2_reg/reg_data_reg[5]/D
                                0.67           1.13 r        -0.46  (VIOLATED)
   id_stage_inst/rs2_reg/reg_data_reg[9]/D
                                0.67           1.13 r        -0.46  (VIOLATED)
   id_stage_inst/rs2_reg/reg_data_reg[11]/D
                                0.67           1.13 r        -0.46  (VIOLATED)
   id_stage_inst/rs2_reg/reg_data_reg[15]/D
                                0.67           1.13 r        -0.46  (VIOLATED)
   id_stage_inst/rs2_reg/reg_data_reg[21]/D
                                0.67           1.13 r        -0.46  (VIOLATED)
   id_stage_inst/rs2_reg/reg_data_reg[24]/D
                                0.67           1.13 r        -0.46  (VIOLATED)
   id_stage_inst/rs2_reg/reg_data_reg[25]/D
                                0.67           1.13 r        -0.46  (VIOLATED)
   id_stage_inst/rs2_reg/reg_data_reg[28]/D
                                0.67           1.13 r        -0.46  (VIOLATED)
   id_stage_inst/immediate_reg/reg_data_reg[21]/D
                                0.67           1.13 r        -0.46  (VIOLATED)
   id_stage_inst/immediate_reg/reg_data_reg[24]/D
                                0.67           1.13 r        -0.46  (VIOLATED)
   id_stage_inst/immediate_reg/reg_data_reg[25]/D
                                0.67           1.13 r        -0.46  (VIOLATED)
   id_stage_inst/immediate_reg/reg_data_reg[27]/D
                                0.67           1.13 r        -0.46  (VIOLATED)
   id_stage_inst/immediate_reg/reg_data_reg[31]/D
                                0.67           1.13 r        -0.46  (VIOLATED)
   id_stage_inst/pc_plus4_reg/reg_data_reg[0]/D
                                0.67           1.13 r        -0.46  (VIOLATED)
   id_stage_inst/pc_plus4_reg/reg_data_reg[7]/D
                                0.67           1.13 r        -0.46  (VIOLATED)
   id_stage_inst/pc_plus4_reg/reg_data_reg[11]/D
                                0.67           1.13 r        -0.46  (VIOLATED)
   R_4007/D                     0.66           1.12 f        -0.46  (VIOLATED)
   R_4501/D                     0.66           1.12 f        -0.46  (VIOLATED)
   R_3821/D                     0.66           1.12 r        -0.46  (VIOLATED)
   R_554/D                      0.66           1.12 r        -0.46  (VIOLATED)
   R_4473/D                     0.67           1.12 r        -0.46  (VIOLATED)
   R_538/D                      0.66           1.12 f        -0.46  (VIOLATED)
   R_552/D                      0.66           1.11 f        -0.46  (VIOLATED)
   if_stage_inst/btb_inst/R_4397/D
                                0.66           1.11 f        -0.45  (VIOLATED)
   R_4266/D                     0.67           1.12 r        -0.45  (VIOLATED)
   R_4272/D                     0.67           1.12 r        -0.45  (VIOLATED)
   R_45/D                       0.67           1.12 r        -0.45  (VIOLATED)
   R_65/D                       0.67           1.12 r        -0.45  (VIOLATED)
   R_89/D                       0.67           1.12 r        -0.45  (VIOLATED)
   R_121/D                      0.67           1.12 r        -0.45  (VIOLATED)
   R_145/D                      0.67           1.12 r        -0.45  (VIOLATED)
   id_stage_inst/rs2_reg/reg_data_reg[1]/D
                                0.67           1.12 r        -0.45  (VIOLATED)
   id_stage_inst/rs2_reg/reg_data_reg[10]/D
                                0.67           1.12 r        -0.45  (VIOLATED)
   id_stage_inst/rs2_reg/reg_data_reg[13]/D
                                0.67           1.12 r        -0.45  (VIOLATED)
   id_stage_inst/rs2_reg/reg_data_reg[16]/D
                                0.67           1.12 r        -0.45  (VIOLATED)
   id_stage_inst/rs2_reg/reg_data_reg[22]/D
                                0.67           1.12 r        -0.45  (VIOLATED)
   id_stage_inst/rs2_reg/reg_data_reg[26]/D
                                0.67           1.12 r        -0.45  (VIOLATED)
   id_stage_inst/rs2_reg/reg_data_reg[27]/D
                                0.67           1.12 r        -0.45  (VIOLATED)
   id_stage_inst/rs2_reg/reg_data_reg[29]/D
                                0.67           1.12 r        -0.45  (VIOLATED)
   id_stage_inst/rs2_reg/reg_data_reg[31]/D
                                0.67           1.12 r        -0.45  (VIOLATED)
   R_3702/D                     0.67           1.12 r        -0.45  (VIOLATED)
   id_stage_inst/immediate_reg/reg_data_reg[16]/D
                                0.67           1.12 r        -0.45  (VIOLATED)
   id_stage_inst/immediate_reg/reg_data_reg[26]/D
                                0.67           1.12 r        -0.45  (VIOLATED)
   id_stage_inst/immediate_reg/reg_data_reg[28]/D
                                0.67           1.12 r        -0.45  (VIOLATED)
   id_stage_inst/immediate_reg/reg_data_reg[29]/D
                                0.67           1.12 r        -0.45  (VIOLATED)
   R_626/D                      0.66           1.11 f        -0.45  (VIOLATED)
   R_3567/D                     0.66           1.11 f        -0.45  (VIOLATED)
   R_3569/D                     0.66           1.11 f        -0.45  (VIOLATED)
   R_3571/D                     0.66           1.11 f        -0.45  (VIOLATED)
   id_stage_inst/reg_file_inst/reg_file_reg[17][0]/D
                                0.67           1.12 r        -0.45  (VIOLATED)
   id_stage_inst/reg_file_inst/reg_file_reg[17][1]/D
                                0.67           1.12 r        -0.45  (VIOLATED)
   id_stage_inst/reg_file_inst/reg_file_reg[17][2]/D
                                0.67           1.12 r        -0.45  (VIOLATED)
   id_stage_inst/reg_file_inst/reg_file_reg[17][3]/D
                                0.67           1.12 r        -0.45  (VIOLATED)
   id_stage_inst/reg_file_inst/reg_file_reg[17][4]/D
                                0.67           1.12 r        -0.45  (VIOLATED)
   id_stage_inst/reg_file_inst/reg_file_reg[17][5]/D
                                0.67           1.12 r        -0.45  (VIOLATED)
   id_stage_inst/reg_file_inst/reg_file_reg[17][6]/D
                                0.67           1.12 r        -0.45  (VIOLATED)
   id_stage_inst/reg_file_inst/reg_file_reg[17][7]/D
                                0.67           1.12 r        -0.45  (VIOLATED)
   id_stage_inst/reg_file_inst/reg_file_reg[17][8]/D
                                0.67           1.12 r        -0.45  (VIOLATED)
   id_stage_inst/reg_file_inst/reg_file_reg[17][9]/D
                                0.67           1.12 r        -0.45  (VIOLATED)
   id_stage_inst/reg_file_inst/reg_file_reg[17][10]/D
                                0.67           1.12 r        -0.45  (VIOLATED)
   id_stage_inst/reg_file_inst/reg_file_reg[17][11]/D
                                0.67           1.12 r        -0.45  (VIOLATED)
   id_stage_inst/reg_file_inst/reg_file_reg[17][12]/D
                                0.67           1.12 r        -0.45  (VIOLATED)
   id_stage_inst/reg_file_inst/reg_file_reg[17][13]/D
                                0.67           1.12 r        -0.45  (VIOLATED)
   id_stage_inst/reg_file_inst/reg_file_reg[17][14]/D
                                0.67           1.12 r        -0.45  (VIOLATED)
   id_stage_inst/reg_file_inst/reg_file_reg[17][15]/D
                                0.67           1.12 r        -0.45  (VIOLATED)
   id_stage_inst/reg_file_inst/reg_file_reg[17][16]/D
                                0.67           1.12 r        -0.45  (VIOLATED)
   id_stage_inst/reg_file_inst/reg_file_reg[17][17]/D
                                0.67           1.12 r        -0.45  (VIOLATED)
   id_stage_inst/reg_file_inst/reg_file_reg[17][18]/D
                                0.67           1.12 r        -0.45  (VIOLATED)
   id_stage_inst/reg_file_inst/reg_file_reg[17][19]/D
                                0.67           1.12 r        -0.45  (VIOLATED)
   id_stage_inst/reg_file_inst/reg_file_reg[17][20]/D
                                0.67           1.12 r        -0.45  (VIOLATED)
   id_stage_inst/reg_file_inst/reg_file_reg[17][21]/D
                                0.67           1.12 r        -0.45  (VIOLATED)
   id_stage_inst/reg_file_inst/reg_file_reg[17][22]/D
                                0.67           1.12 r        -0.45  (VIOLATED)
   id_stage_inst/reg_file_inst/reg_file_reg[17][23]/D
                                0.67           1.12 r        -0.45  (VIOLATED)
   id_stage_inst/reg_file_inst/reg_file_reg[17][24]/D
                                0.67           1.12 r        -0.45  (VIOLATED)
   id_stage_inst/reg_file_inst/reg_file_reg[17][25]/D
                                0.67           1.12 r        -0.45  (VIOLATED)
   id_stage_inst/reg_file_inst/reg_file_reg[17][26]/D
                                0.67           1.12 r        -0.45  (VIOLATED)
   id_stage_inst/reg_file_inst/reg_file_reg[17][27]/D
                                0.67           1.12 r        -0.45  (VIOLATED)
   id_stage_inst/reg_file_inst/reg_file_reg[17][28]/D
                                0.67           1.12 r        -0.45  (VIOLATED)
   id_stage_inst/reg_file_inst/reg_file_reg[17][29]/D
                                0.67           1.12 r        -0.45  (VIOLATED)
   id_stage_inst/reg_file_inst/reg_file_reg[17][30]/D
                                0.67           1.12 r        -0.45  (VIOLATED)
   id_stage_inst/reg_file_inst/reg_file_reg[17][31]/D
                                0.67           1.12 r        -0.45  (VIOLATED)
   id_stage_inst/reg_file_inst/reg_file_reg[19][0]/D
                                0.67           1.12 r        -0.45  (VIOLATED)
   id_stage_inst/reg_file_inst/reg_file_reg[19][1]/D
                                0.67           1.12 r        -0.45  (VIOLATED)
   id_stage_inst/reg_file_inst/reg_file_reg[19][2]/D
                                0.67           1.12 r        -0.45  (VIOLATED)
   id_stage_inst/reg_file_inst/reg_file_reg[19][3]/D
                                0.67           1.12 r        -0.45  (VIOLATED)
   id_stage_inst/reg_file_inst/reg_file_reg[19][4]/D
                                0.67           1.12 r        -0.45  (VIOLATED)
   id_stage_inst/reg_file_inst/reg_file_reg[19][5]/D
                                0.67           1.12 r        -0.45  (VIOLATED)
   id_stage_inst/reg_file_inst/reg_file_reg[19][6]/D
                                0.67           1.12 r        -0.45  (VIOLATED)
   id_stage_inst/reg_file_inst/reg_file_reg[19][7]/D
                                0.67           1.12 r        -0.45  (VIOLATED)
   id_stage_inst/reg_file_inst/reg_file_reg[19][8]/D
                                0.67           1.12 r        -0.45  (VIOLATED)
   id_stage_inst/reg_file_inst/reg_file_reg[19][9]/D
                                0.67           1.12 r        -0.45  (VIOLATED)
   id_stage_inst/reg_file_inst/reg_file_reg[19][10]/D
                                0.67           1.12 r        -0.45  (VIOLATED)
   id_stage_inst/reg_file_inst/reg_file_reg[19][11]/D
                                0.67           1.12 r        -0.45  (VIOLATED)
   id_stage_inst/reg_file_inst/reg_file_reg[19][12]/D
                                0.67           1.12 r        -0.45  (VIOLATED)
   id_stage_inst/reg_file_inst/reg_file_reg[19][13]/D
                                0.67           1.12 r        -0.45  (VIOLATED)
   id_stage_inst/reg_file_inst/reg_file_reg[19][14]/D
                                0.67           1.12 r        -0.45  (VIOLATED)
   id_stage_inst/reg_file_inst/reg_file_reg[19][15]/D
                                0.67           1.12 r        -0.45  (VIOLATED)
   id_stage_inst/reg_file_inst/reg_file_reg[19][16]/D
                                0.67           1.12 r        -0.45  (VIOLATED)
   id_stage_inst/reg_file_inst/reg_file_reg[19][17]/D
                                0.67           1.12 r        -0.45  (VIOLATED)
   id_stage_inst/reg_file_inst/reg_file_reg[19][18]/D
                                0.67           1.12 r        -0.45  (VIOLATED)
   id_stage_inst/reg_file_inst/reg_file_reg[19][19]/D
                                0.67           1.12 r        -0.45  (VIOLATED)
   id_stage_inst/reg_file_inst/reg_file_reg[19][20]/D
                                0.67           1.12 r        -0.45  (VIOLATED)
   id_stage_inst/reg_file_inst/reg_file_reg[19][21]/D
                                0.67           1.12 r        -0.45  (VIOLATED)
   id_stage_inst/reg_file_inst/reg_file_reg[19][22]/D
                                0.67           1.12 r        -0.45  (VIOLATED)
   id_stage_inst/reg_file_inst/reg_file_reg[19][23]/D
                                0.67           1.12 r        -0.45  (VIOLATED)
   id_stage_inst/reg_file_inst/reg_file_reg[19][24]/D
                                0.67           1.12 r        -0.45  (VIOLATED)
   id_stage_inst/reg_file_inst/reg_file_reg[19][25]/D
                                0.67           1.12 r        -0.45  (VIOLATED)
   id_stage_inst/reg_file_inst/reg_file_reg[19][26]/D
                                0.67           1.12 r        -0.45  (VIOLATED)
   id_stage_inst/reg_file_inst/reg_file_reg[19][27]/D
                                0.67           1.12 r        -0.45  (VIOLATED)
   id_stage_inst/reg_file_inst/reg_file_reg[19][28]/D
                                0.67           1.12 r        -0.45  (VIOLATED)
   id_stage_inst/reg_file_inst/reg_file_reg[19][29]/D
                                0.67           1.12 r        -0.45  (VIOLATED)
   id_stage_inst/reg_file_inst/reg_file_reg[19][30]/D
                                0.67           1.12 r        -0.45  (VIOLATED)
   id_stage_inst/reg_file_inst/reg_file_reg[19][31]/D
                                0.67           1.12 r        -0.45  (VIOLATED)
   id_stage_inst/reg_file_inst/reg_file_reg[9][0]/D
                                0.67           1.12 r        -0.45  (VIOLATED)
   id_stage_inst/reg_file_inst/reg_file_reg[9][1]/D
                                0.67           1.12 r        -0.45  (VIOLATED)
   id_stage_inst/reg_file_inst/reg_file_reg[9][2]/D
                                0.67           1.12 r        -0.45  (VIOLATED)
   id_stage_inst/reg_file_inst/reg_file_reg[9][3]/D
                                0.67           1.12 r        -0.45  (VIOLATED)
   id_stage_inst/reg_file_inst/reg_file_reg[9][4]/D
                                0.67           1.12 r        -0.45  (VIOLATED)
   id_stage_inst/reg_file_inst/reg_file_reg[9][5]/D
                                0.67           1.12 r        -0.45  (VIOLATED)
   id_stage_inst/reg_file_inst/reg_file_reg[9][6]/D
                                0.67           1.12 r        -0.45  (VIOLATED)
   id_stage_inst/reg_file_inst/reg_file_reg[9][7]/D
                                0.67           1.12 r        -0.45  (VIOLATED)
   id_stage_inst/reg_file_inst/reg_file_reg[9][8]/D
                                0.67           1.12 r        -0.45  (VIOLATED)
   id_stage_inst/reg_file_inst/reg_file_reg[9][9]/D
                                0.67           1.12 r        -0.45  (VIOLATED)
   id_stage_inst/reg_file_inst/reg_file_reg[9][10]/D
                                0.67           1.12 r        -0.45  (VIOLATED)
   id_stage_inst/reg_file_inst/reg_file_reg[9][11]/D
                                0.67           1.12 r        -0.45  (VIOLATED)
   id_stage_inst/reg_file_inst/reg_file_reg[9][12]/D
                                0.67           1.12 r        -0.45  (VIOLATED)
   id_stage_inst/reg_file_inst/reg_file_reg[9][13]/D
                                0.67           1.12 r        -0.45  (VIOLATED)
   id_stage_inst/reg_file_inst/reg_file_reg[9][14]/D
                                0.67           1.12 r        -0.45  (VIOLATED)
   id_stage_inst/reg_file_inst/reg_file_reg[9][15]/D
                                0.67           1.12 r        -0.45  (VIOLATED)
   id_stage_inst/reg_file_inst/reg_file_reg[9][16]/D
                                0.67           1.12 r        -0.45  (VIOLATED)
   id_stage_inst/reg_file_inst/reg_file_reg[9][17]/D
                                0.67           1.12 r        -0.45  (VIOLATED)
   id_stage_inst/reg_file_inst/reg_file_reg[9][18]/D
                                0.67           1.12 r        -0.45  (VIOLATED)
   id_stage_inst/reg_file_inst/reg_file_reg[9][19]/D
                                0.67           1.12 r        -0.45  (VIOLATED)
   id_stage_inst/reg_file_inst/reg_file_reg[9][20]/D
                                0.67           1.12 r        -0.45  (VIOLATED)
   id_stage_inst/reg_file_inst/reg_file_reg[9][21]/D
                                0.67           1.12 r        -0.45  (VIOLATED)
   id_stage_inst/reg_file_inst/reg_file_reg[9][22]/D
                                0.67           1.12 r        -0.45  (VIOLATED)
   id_stage_inst/reg_file_inst/reg_file_reg[9][23]/D
                                0.67           1.12 r        -0.45  (VIOLATED)
   id_stage_inst/reg_file_inst/reg_file_reg[9][24]/D
                                0.67           1.12 r        -0.45  (VIOLATED)
   id_stage_inst/reg_file_inst/reg_file_reg[9][25]/D
                                0.67           1.12 r        -0.45  (VIOLATED)
   id_stage_inst/reg_file_inst/reg_file_reg[9][26]/D
                                0.67           1.12 r        -0.45  (VIOLATED)
   id_stage_inst/reg_file_inst/reg_file_reg[9][27]/D
                                0.67           1.12 r        -0.45  (VIOLATED)
   id_stage_inst/reg_file_inst/reg_file_reg[9][28]/D
                                0.67           1.12 r        -0.45  (VIOLATED)
   id_stage_inst/reg_file_inst/reg_file_reg[9][29]/D
                                0.67           1.12 r        -0.45  (VIOLATED)
   id_stage_inst/reg_file_inst/reg_file_reg[9][30]/D
                                0.67           1.12 r        -0.45  (VIOLATED)
   id_stage_inst/reg_file_inst/reg_file_reg[9][31]/D
                                0.67           1.12 r        -0.45  (VIOLATED)
   id_stage_inst/reg_file_inst/reg_file_reg[11][0]/D
                                0.67           1.12 r        -0.45  (VIOLATED)
   id_stage_inst/reg_file_inst/reg_file_reg[11][1]/D
                                0.67           1.12 r        -0.45  (VIOLATED)
   id_stage_inst/reg_file_inst/reg_file_reg[11][2]/D
                                0.67           1.12 r        -0.45  (VIOLATED)
   id_stage_inst/reg_file_inst/reg_file_reg[11][3]/D
                                0.67           1.12 r        -0.45  (VIOLATED)
   id_stage_inst/reg_file_inst/reg_file_reg[11][4]/D
                                0.67           1.12 r        -0.45  (VIOLATED)
   id_stage_inst/reg_file_inst/reg_file_reg[11][5]/D
                                0.67           1.12 r        -0.45  (VIOLATED)
   id_stage_inst/reg_file_inst/reg_file_reg[11][6]/D
                                0.67           1.12 r        -0.45  (VIOLATED)
   id_stage_inst/reg_file_inst/reg_file_reg[11][7]/D
                                0.67           1.12 r        -0.45  (VIOLATED)
   id_stage_inst/reg_file_inst/reg_file_reg[11][8]/D
                                0.67           1.12 r        -0.45  (VIOLATED)
   id_stage_inst/reg_file_inst/reg_file_reg[11][9]/D
                                0.67           1.12 r        -0.45  (VIOLATED)
   id_stage_inst/reg_file_inst/reg_file_reg[11][10]/D
                                0.67           1.12 r        -0.45  (VIOLATED)
   id_stage_inst/reg_file_inst/reg_file_reg[11][11]/D
                                0.67           1.12 r        -0.45  (VIOLATED)
   id_stage_inst/reg_file_inst/reg_file_reg[11][12]/D
                                0.67           1.12 r        -0.45  (VIOLATED)
   id_stage_inst/reg_file_inst/reg_file_reg[11][13]/D
                                0.67           1.12 r        -0.45  (VIOLATED)
   id_stage_inst/reg_file_inst/reg_file_reg[11][14]/D
                                0.67           1.12 r        -0.45  (VIOLATED)
   id_stage_inst/reg_file_inst/reg_file_reg[11][15]/D
                                0.67           1.12 r        -0.45  (VIOLATED)
   id_stage_inst/reg_file_inst/reg_file_reg[11][16]/D
                                0.67           1.12 r        -0.45  (VIOLATED)
   id_stage_inst/reg_file_inst/reg_file_reg[11][17]/D
                                0.67           1.12 r        -0.45  (VIOLATED)
   id_stage_inst/reg_file_inst/reg_file_reg[11][18]/D
                                0.67           1.12 r        -0.45  (VIOLATED)
   id_stage_inst/reg_file_inst/reg_file_reg[11][19]/D
                                0.67           1.12 r        -0.45  (VIOLATED)
   id_stage_inst/reg_file_inst/reg_file_reg[11][20]/D
                                0.67           1.12 r        -0.45  (VIOLATED)
   id_stage_inst/reg_file_inst/reg_file_reg[11][21]/D
                                0.67           1.12 r        -0.45  (VIOLATED)
   id_stage_inst/reg_file_inst/reg_file_reg[11][22]/D
                                0.67           1.12 r        -0.45  (VIOLATED)
   id_stage_inst/reg_file_inst/reg_file_reg[11][23]/D
                                0.67           1.12 r        -0.45  (VIOLATED)
   id_stage_inst/reg_file_inst/reg_file_reg[11][24]/D
                                0.67           1.12 r        -0.45  (VIOLATED)
   id_stage_inst/reg_file_inst/reg_file_reg[11][25]/D
                                0.67           1.12 r        -0.45  (VIOLATED)
   id_stage_inst/reg_file_inst/reg_file_reg[11][26]/D
                                0.67           1.12 r        -0.45  (VIOLATED)
   id_stage_inst/reg_file_inst/reg_file_reg[11][27]/D
                                0.67           1.12 r        -0.45  (VIOLATED)
   id_stage_inst/reg_file_inst/reg_file_reg[11][28]/D
                                0.67           1.12 r        -0.45  (VIOLATED)
   id_stage_inst/reg_file_inst/reg_file_reg[11][29]/D
                                0.67           1.12 r        -0.45  (VIOLATED)
   id_stage_inst/reg_file_inst/reg_file_reg[11][30]/D
                                0.67           1.12 r        -0.45  (VIOLATED)
   id_stage_inst/reg_file_inst/reg_file_reg[11][31]/D
                                0.67           1.12 r        -0.45  (VIOLATED)
   ex_stage_inst/result_reg/reg_data_reg[10]/D
                                0.66           1.11 f        -0.45  (VIOLATED)
   id_stage_inst/reg_file_inst/reg_file_reg[16][0]/D
                                0.67           1.11 r        -0.44  (VIOLATED)
   id_stage_inst/reg_file_inst/reg_file_reg[16][1]/D
                                0.67           1.11 r        -0.44  (VIOLATED)
   id_stage_inst/reg_file_inst/reg_file_reg[16][2]/D
                                0.67           1.11 r        -0.44  (VIOLATED)
   id_stage_inst/reg_file_inst/reg_file_reg[16][3]/D
                                0.67           1.11 r        -0.44  (VIOLATED)
   id_stage_inst/reg_file_inst/reg_file_reg[16][4]/D
                                0.67           1.11 r        -0.44  (VIOLATED)
   id_stage_inst/reg_file_inst/reg_file_reg[16][5]/D
                                0.67           1.11 r        -0.44  (VIOLATED)
   id_stage_inst/reg_file_inst/reg_file_reg[16][6]/D
                                0.67           1.11 r        -0.44  (VIOLATED)
   id_stage_inst/reg_file_inst/reg_file_reg[16][7]/D
                                0.67           1.11 r        -0.44  (VIOLATED)
   id_stage_inst/reg_file_inst/reg_file_reg[16][8]/D
                                0.67           1.11 r        -0.44  (VIOLATED)
   id_stage_inst/reg_file_inst/reg_file_reg[16][9]/D
                                0.67           1.11 r        -0.44  (VIOLATED)
   id_stage_inst/reg_file_inst/reg_file_reg[16][10]/D
                                0.67           1.11 r        -0.44  (VIOLATED)
   id_stage_inst/reg_file_inst/reg_file_reg[16][11]/D
                                0.67           1.11 r        -0.44  (VIOLATED)
   id_stage_inst/reg_file_inst/reg_file_reg[16][12]/D
                                0.67           1.11 r        -0.44  (VIOLATED)
   id_stage_inst/reg_file_inst/reg_file_reg[16][13]/D
                                0.67           1.11 r        -0.44  (VIOLATED)
   id_stage_inst/reg_file_inst/reg_file_reg[16][14]/D
                                0.67           1.11 r        -0.44  (VIOLATED)
   id_stage_inst/reg_file_inst/reg_file_reg[16][15]/D
                                0.67           1.11 r        -0.44  (VIOLATED)
   id_stage_inst/reg_file_inst/reg_file_reg[16][16]/D
                                0.67           1.11 r        -0.44  (VIOLATED)
   id_stage_inst/reg_file_inst/reg_file_reg[16][17]/D
                                0.67           1.11 r        -0.44  (VIOLATED)
   id_stage_inst/reg_file_inst/reg_file_reg[16][18]/D
                                0.67           1.11 r        -0.44  (VIOLATED)
   id_stage_inst/reg_file_inst/reg_file_reg[16][19]/D
                                0.67           1.11 r        -0.44  (VIOLATED)
   id_stage_inst/reg_file_inst/reg_file_reg[16][20]/D
                                0.67           1.11 r        -0.44  (VIOLATED)
   id_stage_inst/reg_file_inst/reg_file_reg[16][21]/D
                                0.67           1.11 r        -0.44  (VIOLATED)
   id_stage_inst/reg_file_inst/reg_file_reg[16][22]/D
                                0.67           1.11 r        -0.44  (VIOLATED)
   id_stage_inst/reg_file_inst/reg_file_reg[16][23]/D
                                0.67           1.11 r        -0.44  (VIOLATED)
   id_stage_inst/reg_file_inst/reg_file_reg[16][24]/D
                                0.67           1.11 r        -0.44  (VIOLATED)
   id_stage_inst/reg_file_inst/reg_file_reg[16][25]/D
                                0.67           1.11 r        -0.44  (VIOLATED)
   id_stage_inst/reg_file_inst/reg_file_reg[16][26]/D
                                0.67           1.11 r        -0.44  (VIOLATED)
   id_stage_inst/reg_file_inst/reg_file_reg[16][27]/D
                                0.67           1.11 r        -0.44  (VIOLATED)
   id_stage_inst/reg_file_inst/reg_file_reg[16][28]/D
                                0.67           1.11 r        -0.44  (VIOLATED)
   id_stage_inst/reg_file_inst/reg_file_reg[16][29]/D
                                0.67           1.11 r        -0.44  (VIOLATED)
   id_stage_inst/reg_file_inst/reg_file_reg[16][30]/D
                                0.67           1.11 r        -0.44  (VIOLATED)
   id_stage_inst/reg_file_inst/reg_file_reg[16][31]/D
                                0.67           1.11 r        -0.44  (VIOLATED)
   id_stage_inst/reg_file_inst/reg_file_reg[8][0]/D
                                0.67           1.11 r        -0.44  (VIOLATED)
   id_stage_inst/reg_file_inst/reg_file_reg[8][1]/D
                                0.67           1.11 r        -0.44  (VIOLATED)
   id_stage_inst/reg_file_inst/reg_file_reg[8][2]/D
                                0.67           1.11 r        -0.44  (VIOLATED)
   id_stage_inst/reg_file_inst/reg_file_reg[8][3]/D
                                0.67           1.11 r        -0.44  (VIOLATED)
   id_stage_inst/reg_file_inst/reg_file_reg[8][4]/D
                                0.67           1.11 r        -0.44  (VIOLATED)
   id_stage_inst/reg_file_inst/reg_file_reg[8][5]/D
                                0.67           1.11 r        -0.44  (VIOLATED)
   id_stage_inst/reg_file_inst/reg_file_reg[8][6]/D
                                0.67           1.11 r        -0.44  (VIOLATED)
   id_stage_inst/reg_file_inst/reg_file_reg[8][7]/D
                                0.67           1.11 r        -0.44  (VIOLATED)
   id_stage_inst/reg_file_inst/reg_file_reg[8][8]/D
                                0.67           1.11 r        -0.44  (VIOLATED)
   id_stage_inst/reg_file_inst/reg_file_reg[8][9]/D
                                0.67           1.11 r        -0.44  (VIOLATED)
   id_stage_inst/reg_file_inst/reg_file_reg[8][10]/D
                                0.67           1.11 r        -0.44  (VIOLATED)
   id_stage_inst/reg_file_inst/reg_file_reg[8][11]/D
                                0.67           1.11 r        -0.44  (VIOLATED)
   id_stage_inst/reg_file_inst/reg_file_reg[8][12]/D
                                0.67           1.11 r        -0.44  (VIOLATED)
   id_stage_inst/reg_file_inst/reg_file_reg[8][13]/D
                                0.67           1.11 r        -0.44  (VIOLATED)
   id_stage_inst/reg_file_inst/reg_file_reg[8][14]/D
                                0.67           1.11 r        -0.44  (VIOLATED)
   id_stage_inst/reg_file_inst/reg_file_reg[8][15]/D
                                0.67           1.11 r        -0.44  (VIOLATED)
   id_stage_inst/reg_file_inst/reg_file_reg[8][16]/D
                                0.67           1.11 r        -0.44  (VIOLATED)
   id_stage_inst/reg_file_inst/reg_file_reg[8][17]/D
                                0.67           1.11 r        -0.44  (VIOLATED)
   id_stage_inst/reg_file_inst/reg_file_reg[8][18]/D
                                0.67           1.11 r        -0.44  (VIOLATED)
   id_stage_inst/reg_file_inst/reg_file_reg[8][19]/D
                                0.67           1.11 r        -0.44  (VIOLATED)
   id_stage_inst/reg_file_inst/reg_file_reg[8][20]/D
                                0.67           1.11 r        -0.44  (VIOLATED)
   id_stage_inst/reg_file_inst/reg_file_reg[8][21]/D
                                0.67           1.11 r        -0.44  (VIOLATED)
   id_stage_inst/reg_file_inst/reg_file_reg[8][22]/D
                                0.67           1.11 r        -0.44  (VIOLATED)
   id_stage_inst/reg_file_inst/reg_file_reg[8][23]/D
                                0.67           1.11 r        -0.44  (VIOLATED)
   id_stage_inst/reg_file_inst/reg_file_reg[8][24]/D
                                0.67           1.11 r        -0.44  (VIOLATED)
   id_stage_inst/reg_file_inst/reg_file_reg[8][25]/D
                                0.67           1.11 r        -0.44  (VIOLATED)
   id_stage_inst/reg_file_inst/reg_file_reg[8][26]/D
                                0.67           1.11 r        -0.44  (VIOLATED)
   id_stage_inst/reg_file_inst/reg_file_reg[8][27]/D
                                0.67           1.11 r        -0.44  (VIOLATED)
   id_stage_inst/reg_file_inst/reg_file_reg[8][28]/D
                                0.67           1.11 r        -0.44  (VIOLATED)
   id_stage_inst/reg_file_inst/reg_file_reg[8][29]/D
                                0.67           1.11 r        -0.44  (VIOLATED)
   id_stage_inst/reg_file_inst/reg_file_reg[8][30]/D
                                0.67           1.11 r        -0.44  (VIOLATED)
   id_stage_inst/reg_file_inst/reg_file_reg[8][31]/D
                                0.67           1.11 r        -0.44  (VIOLATED)
   R_4248/D                     0.67           1.11 r        -0.44  (VIOLATED)
   R_574/D                      0.66           1.11 r        -0.44  (VIOLATED)
   R_396/D                      0.66           1.11 r        -0.44  (VIOLATED)
   id_stage_inst/reg_file_inst/reg_file_reg[27][0]/D
                                0.67           1.11 r        -0.44  (VIOLATED)
   id_stage_inst/reg_file_inst/reg_file_reg[27][1]/D
                                0.67           1.11 r        -0.44  (VIOLATED)
   id_stage_inst/reg_file_inst/reg_file_reg[27][2]/D
                                0.67           1.11 r        -0.44  (VIOLATED)
   id_stage_inst/reg_file_inst/reg_file_reg[27][3]/D
                                0.67           1.11 r        -0.44  (VIOLATED)
   id_stage_inst/reg_file_inst/reg_file_reg[27][4]/D
                                0.67           1.11 r        -0.44  (VIOLATED)
   id_stage_inst/reg_file_inst/reg_file_reg[27][5]/D
                                0.67           1.11 r        -0.44  (VIOLATED)
   id_stage_inst/reg_file_inst/reg_file_reg[27][6]/D
                                0.67           1.11 r        -0.44  (VIOLATED)
   id_stage_inst/reg_file_inst/reg_file_reg[27][7]/D
                                0.67           1.11 r        -0.44  (VIOLATED)
   id_stage_inst/reg_file_inst/reg_file_reg[27][8]/D
                                0.67           1.11 r        -0.44  (VIOLATED)
   id_stage_inst/reg_file_inst/reg_file_reg[27][9]/D
                                0.67           1.11 r        -0.44  (VIOLATED)
   id_stage_inst/reg_file_inst/reg_file_reg[27][10]/D
                                0.67           1.11 r        -0.44  (VIOLATED)
   id_stage_inst/reg_file_inst/reg_file_reg[27][11]/D
                                0.67           1.11 r        -0.44  (VIOLATED)
   id_stage_inst/reg_file_inst/reg_file_reg[27][12]/D
                                0.67           1.11 r        -0.44  (VIOLATED)
   id_stage_inst/reg_file_inst/reg_file_reg[27][13]/D
                                0.67           1.11 r        -0.44  (VIOLATED)
   id_stage_inst/reg_file_inst/reg_file_reg[27][14]/D
                                0.67           1.11 r        -0.44  (VIOLATED)
   id_stage_inst/reg_file_inst/reg_file_reg[27][15]/D
                                0.67           1.11 r        -0.44  (VIOLATED)
   id_stage_inst/reg_file_inst/reg_file_reg[27][16]/D
                                0.67           1.11 r        -0.44  (VIOLATED)
   id_stage_inst/reg_file_inst/reg_file_reg[27][17]/D
                                0.67           1.11 r        -0.44  (VIOLATED)
   id_stage_inst/reg_file_inst/reg_file_reg[27][18]/D
                                0.67           1.11 r        -0.44  (VIOLATED)
   id_stage_inst/reg_file_inst/reg_file_reg[27][19]/D
                                0.67           1.11 r        -0.44  (VIOLATED)
   id_stage_inst/reg_file_inst/reg_file_reg[27][20]/D
                                0.67           1.11 r        -0.44  (VIOLATED)
   id_stage_inst/reg_file_inst/reg_file_reg[27][21]/D
                                0.67           1.11 r        -0.44  (VIOLATED)
   id_stage_inst/reg_file_inst/reg_file_reg[27][22]/D
                                0.67           1.11 r        -0.44  (VIOLATED)
   id_stage_inst/reg_file_inst/reg_file_reg[27][23]/D
                                0.67           1.11 r        -0.44  (VIOLATED)
   id_stage_inst/reg_file_inst/reg_file_reg[27][24]/D
                                0.67           1.11 r        -0.44  (VIOLATED)
   id_stage_inst/reg_file_inst/reg_file_reg[27][25]/D
                                0.67           1.11 r        -0.44  (VIOLATED)
   id_stage_inst/reg_file_inst/reg_file_reg[27][26]/D
                                0.67           1.11 r        -0.44  (VIOLATED)
   id_stage_inst/reg_file_inst/reg_file_reg[27][27]/D
                                0.67           1.11 r        -0.44  (VIOLATED)
   id_stage_inst/reg_file_inst/reg_file_reg[27][28]/D
                                0.67           1.11 r        -0.44  (VIOLATED)
   id_stage_inst/reg_file_inst/reg_file_reg[27][29]/D
                                0.67           1.11 r        -0.44  (VIOLATED)
   id_stage_inst/reg_file_inst/reg_file_reg[27][30]/D
                                0.67           1.11 r        -0.44  (VIOLATED)
   id_stage_inst/reg_file_inst/reg_file_reg[27][31]/D
                                0.67           1.11 r        -0.44  (VIOLATED)
   R_3700/D                     0.65           1.10 f        -0.44  (VIOLATED)
   R_3706/D                     0.65           1.10 f        -0.44  (VIOLATED)
   R_3712/D                     0.65           1.10 f        -0.44  (VIOLATED)
   R_3722/D                     0.65           1.10 f        -0.44  (VIOLATED)
   R_3728/D                     0.65           1.10 f        -0.44  (VIOLATED)
   R_3736/D                     0.65           1.10 f        -0.44  (VIOLATED)
   R_3744/D                     0.65           1.10 f        -0.44  (VIOLATED)
   R_3755/D                     0.65           1.10 f        -0.44  (VIOLATED)
   R_3764/D                     0.65           1.10 f        -0.44  (VIOLATED)
   R_3768/D                     0.65           1.10 f        -0.44  (VIOLATED)
   R_3772/D                     0.65           1.10 f        -0.44  (VIOLATED)
   R_3780/D                     0.65           1.10 f        -0.44  (VIOLATED)
   R_4275/D                     0.67           1.11 r        -0.44  (VIOLATED)
   ex_stage_inst/result_reg/reg_data_reg[15]/D
                                0.66           1.10 f        -0.44  (VIOLATED)
   ex_stage_inst/result_reg/reg_data_reg[1]/D
                                0.67           1.11 r        -0.44  (VIOLATED)
   R_4086/D                     0.66           1.10 f        -0.44  (VIOLATED)
   R_7/D                        0.67           1.11 r        -0.44  (VIOLATED)
   R_9/D                        0.67           1.11 r        -0.44  (VIOLATED)
   R_13/D                       0.67           1.11 r        -0.44  (VIOLATED)
   R_17/D                       0.67           1.11 r        -0.44  (VIOLATED)
   R_29/D                       0.67           1.11 r        -0.44  (VIOLATED)
   R_49/D                       0.67           1.11 r        -0.44  (VIOLATED)
   R_53/D                       0.67           1.11 r        -0.44  (VIOLATED)
   R_57/D                       0.67           1.11 r        -0.44  (VIOLATED)
   R_61/D                       0.67           1.11 r        -0.44  (VIOLATED)
   R_69/D                       0.67           1.11 r        -0.44  (VIOLATED)
   R_73/D                       0.67           1.11 r        -0.44  (VIOLATED)
   R_77/D                       0.67           1.11 r        -0.44  (VIOLATED)
   R_81/D                       0.67           1.11 r        -0.44  (VIOLATED)
   R_87/D                       0.67           1.11 r        -0.44  (VIOLATED)
   R_93/D                       0.67           1.11 r        -0.44  (VIOLATED)
   R_97/D                       0.67           1.11 r        -0.44  (VIOLATED)
   R_105/D                      0.67           1.11 r        -0.44  (VIOLATED)
   R_109/D                      0.67           1.11 r        -0.44  (VIOLATED)
   R_113/D                      0.67           1.11 r        -0.44  (VIOLATED)
   R_125/D                      0.67           1.11 r        -0.44  (VIOLATED)
   R_141/D                      0.67           1.11 r        -0.44  (VIOLATED)
   R_149/D                      0.67           1.11 r        -0.44  (VIOLATED)
   R_153/D                      0.67           1.11 r        -0.44  (VIOLATED)
   R_201/D                      0.67           1.11 r        -0.44  (VIOLATED)
   R_248/D                      0.67           1.11 r        -0.44  (VIOLATED)
   R_252/D                      0.67           1.11 r        -0.44  (VIOLATED)
   R_4283/D                     0.67           1.11 r        -0.44  (VIOLATED)
   R_558/D                      0.66           1.10 r        -0.44  (VIOLATED)
   id_stage_inst/reg_file_inst/reg_file_reg[18][1]/D
                                0.66           1.10 f        -0.44  (VIOLATED)
   id_stage_inst/reg_file_inst/reg_file_reg[18][2]/D
                                0.66           1.10 f        -0.44  (VIOLATED)
   id_stage_inst/reg_file_inst/reg_file_reg[18][3]/D
                                0.66           1.10 f        -0.44  (VIOLATED)
   id_stage_inst/reg_file_inst/reg_file_reg[18][4]/D
                                0.66           1.10 f        -0.44  (VIOLATED)
   id_stage_inst/reg_file_inst/reg_file_reg[18][5]/D
                                0.66           1.10 f        -0.44  (VIOLATED)
   id_stage_inst/reg_file_inst/reg_file_reg[18][6]/D
                                0.66           1.10 f        -0.44  (VIOLATED)
   id_stage_inst/reg_file_inst/reg_file_reg[18][7]/D
                                0.66           1.10 f        -0.44  (VIOLATED)
   id_stage_inst/reg_file_inst/reg_file_reg[18][8]/D
                                0.66           1.10 f        -0.44  (VIOLATED)
   id_stage_inst/reg_file_inst/reg_file_reg[18][9]/D
                                0.66           1.10 f        -0.44  (VIOLATED)
   id_stage_inst/reg_file_inst/reg_file_reg[18][10]/D
                                0.66           1.10 f        -0.44  (VIOLATED)
   id_stage_inst/reg_file_inst/reg_file_reg[18][11]/D
                                0.66           1.10 f        -0.44  (VIOLATED)
   id_stage_inst/reg_file_inst/reg_file_reg[18][12]/D
                                0.66           1.10 f        -0.44  (VIOLATED)
   id_stage_inst/reg_file_inst/reg_file_reg[18][13]/D
                                0.66           1.10 f        -0.44  (VIOLATED)
   id_stage_inst/reg_file_inst/reg_file_reg[18][14]/D
                                0.66           1.10 f        -0.44  (VIOLATED)
   id_stage_inst/reg_file_inst/reg_file_reg[18][15]/D
                                0.66           1.10 f        -0.44  (VIOLATED)
   id_stage_inst/reg_file_inst/reg_file_reg[18][16]/D
                                0.66           1.10 f        -0.44  (VIOLATED)
   id_stage_inst/reg_file_inst/reg_file_reg[18][17]/D
                                0.66           1.10 f        -0.44  (VIOLATED)
   id_stage_inst/reg_file_inst/reg_file_reg[18][18]/D
                                0.66           1.10 f        -0.44  (VIOLATED)
   id_stage_inst/reg_file_inst/reg_file_reg[18][19]/D
                                0.66           1.10 f        -0.44  (VIOLATED)
   id_stage_inst/reg_file_inst/reg_file_reg[18][20]/D
                                0.66           1.10 f        -0.44  (VIOLATED)
   id_stage_inst/reg_file_inst/reg_file_reg[18][21]/D
                                0.66           1.10 f        -0.44  (VIOLATED)
   id_stage_inst/reg_file_inst/reg_file_reg[18][22]/D
                                0.66           1.10 f        -0.44  (VIOLATED)
   id_stage_inst/reg_file_inst/reg_file_reg[18][23]/D
                                0.66           1.10 f        -0.44  (VIOLATED)
   id_stage_inst/reg_file_inst/reg_file_reg[18][24]/D
                                0.66           1.10 f        -0.44  (VIOLATED)
   id_stage_inst/reg_file_inst/reg_file_reg[18][25]/D
                                0.66           1.10 f        -0.44  (VIOLATED)
   id_stage_inst/reg_file_inst/reg_file_reg[18][26]/D
                                0.66           1.10 f        -0.44  (VIOLATED)
   id_stage_inst/reg_file_inst/reg_file_reg[18][27]/D
                                0.66           1.10 f        -0.44  (VIOLATED)
   id_stage_inst/reg_file_inst/reg_file_reg[18][28]/D
                                0.66           1.10 f        -0.44  (VIOLATED)
   id_stage_inst/reg_file_inst/reg_file_reg[18][29]/D
                                0.66           1.10 f        -0.44  (VIOLATED)
   id_stage_inst/reg_file_inst/reg_file_reg[18][30]/D
                                0.66           1.10 f        -0.44  (VIOLATED)
   id_stage_inst/reg_file_inst/reg_file_reg[18][31]/D
                                0.66           1.10 f        -0.44  (VIOLATED)
   ex_stage_inst/result_reg/reg_data_reg[5]/D
                                0.66           1.10 f        -0.44  (VIOLATED)
   R_544/D                      0.66           1.10 r        -0.44  (VIOLATED)
   ex_stage_inst/result_reg/reg_data_reg[3]/D
                                0.66           1.10 f        -0.44  (VIOLATED)
   id_stage_inst/immediate_reg/reg_data_reg[23]/D
                                0.67           1.10 r        -0.44  (VIOLATED)
   id_stage_inst/pc_plus4_reg/reg_data_reg[12]/D
                                0.67           1.10 r        -0.44  (VIOLATED)
   id_stage_inst/pc_plus4_reg/reg_data_reg[23]/D
                                0.67           1.10 r        -0.44  (VIOLATED)
   id_stage_inst/pc_plus4_reg/reg_data_reg[25]/D
                                0.67           1.10 r        -0.44  (VIOLATED)
   id_stage_inst/pc_plus4_reg/reg_data_reg[29]/D
                                0.67           1.10 r        -0.44  (VIOLATED)
   id_stage_inst/rd_addr_reg/reg_data_reg[1]/D
                                0.67           1.10 r        -0.44  (VIOLATED)
   id_stage_inst/rs2_addr_reg/reg_data_reg[4]/D
                                0.67           1.10 r        -0.44  (VIOLATED)
   ex_stage_inst/result_reg/reg_data_reg[14]/D
                                0.66           1.09 f        -0.43  (VIOLATED)
   id_stage_inst/reg_file_inst/reg_file_reg[2][1]/D
                                0.67           1.10 r        -0.43  (VIOLATED)
   id_stage_inst/reg_file_inst/reg_file_reg[2][2]/D
                                0.67           1.10 r        -0.43  (VIOLATED)
   id_stage_inst/reg_file_inst/reg_file_reg[2][3]/D
                                0.67           1.10 r        -0.43  (VIOLATED)
   id_stage_inst/reg_file_inst/reg_file_reg[2][4]/D
                                0.67           1.10 r        -0.43  (VIOLATED)
   id_stage_inst/reg_file_inst/reg_file_reg[2][5]/D
                                0.67           1.10 r        -0.43  (VIOLATED)
   id_stage_inst/reg_file_inst/reg_file_reg[2][6]/D
                                0.67           1.10 r        -0.43  (VIOLATED)
   id_stage_inst/reg_file_inst/reg_file_reg[2][7]/D
                                0.67           1.10 r        -0.43  (VIOLATED)
   id_stage_inst/reg_file_inst/reg_file_reg[2][8]/D
                                0.67           1.10 r        -0.43  (VIOLATED)
   id_stage_inst/reg_file_inst/reg_file_reg[2][9]/D
                                0.67           1.10 r        -0.43  (VIOLATED)
   id_stage_inst/reg_file_inst/reg_file_reg[2][10]/D
                                0.67           1.10 r        -0.43  (VIOLATED)
   id_stage_inst/reg_file_inst/reg_file_reg[2][11]/D
                                0.67           1.10 r        -0.43  (VIOLATED)
   id_stage_inst/reg_file_inst/reg_file_reg[2][12]/D
                                0.67           1.10 r        -0.43  (VIOLATED)
   id_stage_inst/reg_file_inst/reg_file_reg[2][13]/D
                                0.67           1.10 r        -0.43  (VIOLATED)
   id_stage_inst/reg_file_inst/reg_file_reg[2][14]/D
                                0.67           1.10 r        -0.43  (VIOLATED)
   id_stage_inst/reg_file_inst/reg_file_reg[2][15]/D
                                0.67           1.10 r        -0.43  (VIOLATED)
   id_stage_inst/reg_file_inst/reg_file_reg[2][16]/D
                                0.67           1.10 r        -0.43  (VIOLATED)
   id_stage_inst/reg_file_inst/reg_file_reg[2][17]/D
                                0.67           1.10 r        -0.43  (VIOLATED)
   id_stage_inst/reg_file_inst/reg_file_reg[2][18]/D
                                0.67           1.10 r        -0.43  (VIOLATED)
   id_stage_inst/reg_file_inst/reg_file_reg[2][19]/D
                                0.67           1.10 r        -0.43  (VIOLATED)
   id_stage_inst/reg_file_inst/reg_file_reg[2][20]/D
                                0.67           1.10 r        -0.43  (VIOLATED)
   id_stage_inst/reg_file_inst/reg_file_reg[2][21]/D
                                0.67           1.10 r        -0.43  (VIOLATED)
   id_stage_inst/reg_file_inst/reg_file_reg[2][22]/D
                                0.67           1.10 r        -0.43  (VIOLATED)
   id_stage_inst/reg_file_inst/reg_file_reg[2][23]/D
                                0.67           1.10 r        -0.43  (VIOLATED)
   id_stage_inst/reg_file_inst/reg_file_reg[2][24]/D
                                0.67           1.10 r        -0.43  (VIOLATED)
   id_stage_inst/reg_file_inst/reg_file_reg[2][25]/D
                                0.67           1.10 r        -0.43  (VIOLATED)
   id_stage_inst/reg_file_inst/reg_file_reg[2][26]/D
                                0.67           1.10 r        -0.43  (VIOLATED)
   id_stage_inst/reg_file_inst/reg_file_reg[2][27]/D
                                0.67           1.10 r        -0.43  (VIOLATED)
   id_stage_inst/reg_file_inst/reg_file_reg[2][28]/D
                                0.67           1.10 r        -0.43  (VIOLATED)
   id_stage_inst/reg_file_inst/reg_file_reg[2][29]/D
                                0.67           1.10 r        -0.43  (VIOLATED)
   id_stage_inst/reg_file_inst/reg_file_reg[2][30]/D
                                0.67           1.10 r        -0.43  (VIOLATED)
   id_stage_inst/reg_file_inst/reg_file_reg[2][31]/D
                                0.67           1.10 r        -0.43  (VIOLATED)
   R_530/D                      0.66           1.09 r        -0.43  (VIOLATED)
   R_3694/D                     0.65           1.08 f        -0.43  (VIOLATED)
   R_3697/D                     0.65           1.08 f        -0.43  (VIOLATED)
   R_3720/D                     0.65           1.08 f        -0.43  (VIOLATED)
   R_3726/D                     0.65           1.08 f        -0.43  (VIOLATED)
   R_3730/D                     0.65           1.08 f        -0.43  (VIOLATED)
   R_3734/D                     0.65           1.08 f        -0.43  (VIOLATED)
   R_3738/D                     0.65           1.08 f        -0.43  (VIOLATED)
   R_3740/D                     0.65           1.08 f        -0.43  (VIOLATED)
   R_3742/D                     0.65           1.08 f        -0.43  (VIOLATED)
   R_3761/D                     0.65           1.08 f        -0.43  (VIOLATED)
   R_3766/D                     0.65           1.08 f        -0.43  (VIOLATED)
   R_3770/D                     0.65           1.08 f        -0.43  (VIOLATED)
   id_stage_inst/reg_file_inst/reg_file_reg[2][0]/D
                                0.67           1.10 r        -0.43  (VIOLATED)
   ex_stage_inst/result_reg/reg_data_reg[4]/D
                                0.67           1.10 r        -0.43  (VIOLATED)
   id_stage_inst/reg_file_inst/reg_file_reg[20][0]/D
                                0.66           1.09 f        -0.43  (VIOLATED)
   id_stage_inst/reg_file_inst/reg_file_reg[20][1]/D
                                0.66           1.09 f        -0.43  (VIOLATED)
   id_stage_inst/reg_file_inst/reg_file_reg[20][2]/D
                                0.66           1.09 f        -0.43  (VIOLATED)
   id_stage_inst/reg_file_inst/reg_file_reg[20][3]/D
                                0.66           1.09 f        -0.43  (VIOLATED)
   id_stage_inst/reg_file_inst/reg_file_reg[20][4]/D
                                0.66           1.09 f        -0.43  (VIOLATED)
   id_stage_inst/reg_file_inst/reg_file_reg[20][5]/D
                                0.66           1.09 f        -0.43  (VIOLATED)
   id_stage_inst/reg_file_inst/reg_file_reg[20][6]/D
                                0.66           1.09 f        -0.43  (VIOLATED)
   id_stage_inst/reg_file_inst/reg_file_reg[20][7]/D
                                0.66           1.09 f        -0.43  (VIOLATED)
   id_stage_inst/reg_file_inst/reg_file_reg[20][8]/D
                                0.66           1.09 f        -0.43  (VIOLATED)
   id_stage_inst/reg_file_inst/reg_file_reg[20][9]/D
                                0.66           1.09 f        -0.43  (VIOLATED)
   id_stage_inst/reg_file_inst/reg_file_reg[20][10]/D
                                0.66           1.09 f        -0.43  (VIOLATED)
   id_stage_inst/reg_file_inst/reg_file_reg[20][11]/D
                                0.66           1.09 f        -0.43  (VIOLATED)
   id_stage_inst/reg_file_inst/reg_file_reg[20][12]/D
                                0.66           1.09 f        -0.43  (VIOLATED)
   id_stage_inst/reg_file_inst/reg_file_reg[20][13]/D
                                0.66           1.09 f        -0.43  (VIOLATED)
   id_stage_inst/reg_file_inst/reg_file_reg[20][14]/D
                                0.66           1.09 f        -0.43  (VIOLATED)
   id_stage_inst/reg_file_inst/reg_file_reg[20][15]/D
                                0.66           1.09 f        -0.43  (VIOLATED)
   id_stage_inst/reg_file_inst/reg_file_reg[20][16]/D
                                0.66           1.09 f        -0.43  (VIOLATED)
   id_stage_inst/reg_file_inst/reg_file_reg[20][17]/D
                                0.66           1.09 f        -0.43  (VIOLATED)
   id_stage_inst/reg_file_inst/reg_file_reg[20][18]/D
                                0.66           1.09 f        -0.43  (VIOLATED)
   id_stage_inst/reg_file_inst/reg_file_reg[20][19]/D
                                0.66           1.09 f        -0.43  (VIOLATED)
   id_stage_inst/reg_file_inst/reg_file_reg[20][20]/D
                                0.66           1.09 f        -0.43  (VIOLATED)
   id_stage_inst/reg_file_inst/reg_file_reg[20][21]/D
                                0.66           1.09 f        -0.43  (VIOLATED)
   id_stage_inst/reg_file_inst/reg_file_reg[20][22]/D
                                0.66           1.09 f        -0.43  (VIOLATED)
   id_stage_inst/reg_file_inst/reg_file_reg[20][23]/D
                                0.66           1.09 f        -0.43  (VIOLATED)
   id_stage_inst/reg_file_inst/reg_file_reg[20][24]/D
                                0.66           1.09 f        -0.43  (VIOLATED)
   id_stage_inst/reg_file_inst/reg_file_reg[20][25]/D
                                0.66           1.09 f        -0.43  (VIOLATED)
   id_stage_inst/reg_file_inst/reg_file_reg[20][26]/D
                                0.66           1.09 f        -0.43  (VIOLATED)
   id_stage_inst/reg_file_inst/reg_file_reg[20][27]/D
                                0.66           1.09 f        -0.43  (VIOLATED)
   id_stage_inst/reg_file_inst/reg_file_reg[20][28]/D
                                0.66           1.09 f        -0.43  (VIOLATED)
   id_stage_inst/reg_file_inst/reg_file_reg[20][29]/D
                                0.66           1.09 f        -0.43  (VIOLATED)
   id_stage_inst/reg_file_inst/reg_file_reg[20][30]/D
                                0.66           1.09 f        -0.43  (VIOLATED)
   id_stage_inst/reg_file_inst/reg_file_reg[20][31]/D
                                0.66           1.09 f        -0.43  (VIOLATED)
   id_stage_inst/reg_file_inst/reg_file_reg[21][0]/D
                                0.66           1.09 f        -0.43  (VIOLATED)
   id_stage_inst/reg_file_inst/reg_file_reg[21][1]/D
                                0.66           1.09 f        -0.43  (VIOLATED)
   id_stage_inst/reg_file_inst/reg_file_reg[21][2]/D
                                0.66           1.09 f        -0.43  (VIOLATED)
   id_stage_inst/reg_file_inst/reg_file_reg[21][3]/D
                                0.66           1.09 f        -0.43  (VIOLATED)
   id_stage_inst/reg_file_inst/reg_file_reg[21][4]/D
                                0.66           1.09 f        -0.43  (VIOLATED)
   id_stage_inst/reg_file_inst/reg_file_reg[21][5]/D
                                0.66           1.09 f        -0.43  (VIOLATED)
   id_stage_inst/reg_file_inst/reg_file_reg[21][6]/D
                                0.66           1.09 f        -0.43  (VIOLATED)
   id_stage_inst/reg_file_inst/reg_file_reg[21][7]/D
                                0.66           1.09 f        -0.43  (VIOLATED)
   id_stage_inst/reg_file_inst/reg_file_reg[21][8]/D
                                0.66           1.09 f        -0.43  (VIOLATED)
   id_stage_inst/reg_file_inst/reg_file_reg[21][9]/D
                                0.66           1.09 f        -0.43  (VIOLATED)
   id_stage_inst/reg_file_inst/reg_file_reg[21][10]/D
                                0.66           1.09 f        -0.43  (VIOLATED)
   id_stage_inst/reg_file_inst/reg_file_reg[21][11]/D
                                0.66           1.09 f        -0.43  (VIOLATED)
   id_stage_inst/reg_file_inst/reg_file_reg[21][12]/D
                                0.66           1.09 f        -0.43  (VIOLATED)
   id_stage_inst/reg_file_inst/reg_file_reg[21][13]/D
                                0.66           1.09 f        -0.43  (VIOLATED)
   id_stage_inst/reg_file_inst/reg_file_reg[21][14]/D
                                0.66           1.09 f        -0.43  (VIOLATED)
   id_stage_inst/reg_file_inst/reg_file_reg[21][15]/D
                                0.66           1.09 f        -0.43  (VIOLATED)
   id_stage_inst/reg_file_inst/reg_file_reg[21][16]/D
                                0.66           1.09 f        -0.43  (VIOLATED)
   id_stage_inst/reg_file_inst/reg_file_reg[21][17]/D
                                0.66           1.09 f        -0.43  (VIOLATED)
   id_stage_inst/reg_file_inst/reg_file_reg[21][18]/D
                                0.66           1.09 f        -0.43  (VIOLATED)
   id_stage_inst/reg_file_inst/reg_file_reg[21][19]/D
                                0.66           1.09 f        -0.43  (VIOLATED)
   id_stage_inst/reg_file_inst/reg_file_reg[21][20]/D
                                0.66           1.09 f        -0.43  (VIOLATED)
   id_stage_inst/reg_file_inst/reg_file_reg[21][21]/D
                                0.66           1.09 f        -0.43  (VIOLATED)
   id_stage_inst/reg_file_inst/reg_file_reg[21][22]/D
                                0.66           1.09 f        -0.43  (VIOLATED)
   id_stage_inst/reg_file_inst/reg_file_reg[21][23]/D
                                0.66           1.09 f        -0.43  (VIOLATED)
   id_stage_inst/reg_file_inst/reg_file_reg[21][24]/D
                                0.66           1.09 f        -0.43  (VIOLATED)
   id_stage_inst/reg_file_inst/reg_file_reg[21][25]/D
                                0.66           1.09 f        -0.43  (VIOLATED)
   id_stage_inst/reg_file_inst/reg_file_reg[21][26]/D
                                0.66           1.09 f        -0.43  (VIOLATED)
   id_stage_inst/reg_file_inst/reg_file_reg[21][27]/D
                                0.66           1.09 f        -0.43  (VIOLATED)
   id_stage_inst/reg_file_inst/reg_file_reg[21][28]/D
                                0.66           1.09 f        -0.43  (VIOLATED)
   id_stage_inst/reg_file_inst/reg_file_reg[21][29]/D
                                0.66           1.09 f        -0.43  (VIOLATED)
   id_stage_inst/reg_file_inst/reg_file_reg[21][30]/D
                                0.66           1.09 f        -0.43  (VIOLATED)
   id_stage_inst/reg_file_inst/reg_file_reg[21][31]/D
                                0.66           1.09 f        -0.43  (VIOLATED)
   id_stage_inst/reg_file_inst/reg_file_reg[22][0]/D
                                0.66           1.09 f        -0.43  (VIOLATED)
   id_stage_inst/reg_file_inst/reg_file_reg[22][1]/D
                                0.66           1.09 f        -0.43  (VIOLATED)
   id_stage_inst/reg_file_inst/reg_file_reg[22][2]/D
                                0.66           1.09 f        -0.43  (VIOLATED)
   id_stage_inst/reg_file_inst/reg_file_reg[22][3]/D
                                0.66           1.09 f        -0.43  (VIOLATED)
   id_stage_inst/reg_file_inst/reg_file_reg[22][4]/D
                                0.66           1.09 f        -0.43  (VIOLATED)
   id_stage_inst/reg_file_inst/reg_file_reg[22][5]/D
                                0.66           1.09 f        -0.43  (VIOLATED)
   id_stage_inst/reg_file_inst/reg_file_reg[22][6]/D
                                0.66           1.09 f        -0.43  (VIOLATED)
   id_stage_inst/reg_file_inst/reg_file_reg[22][7]/D
                                0.66           1.09 f        -0.43  (VIOLATED)
   id_stage_inst/reg_file_inst/reg_file_reg[22][8]/D
                                0.66           1.09 f        -0.43  (VIOLATED)
   id_stage_inst/reg_file_inst/reg_file_reg[22][9]/D
                                0.66           1.09 f        -0.43  (VIOLATED)
   id_stage_inst/reg_file_inst/reg_file_reg[22][10]/D
                                0.66           1.09 f        -0.43  (VIOLATED)
   id_stage_inst/reg_file_inst/reg_file_reg[22][11]/D
                                0.66           1.09 f        -0.43  (VIOLATED)
   id_stage_inst/reg_file_inst/reg_file_reg[22][12]/D
                                0.66           1.09 f        -0.43  (VIOLATED)
   id_stage_inst/reg_file_inst/reg_file_reg[22][13]/D
                                0.66           1.09 f        -0.43  (VIOLATED)
   id_stage_inst/reg_file_inst/reg_file_reg[22][14]/D
                                0.66           1.09 f        -0.43  (VIOLATED)
   id_stage_inst/reg_file_inst/reg_file_reg[22][15]/D
                                0.66           1.09 f        -0.43  (VIOLATED)
   id_stage_inst/reg_file_inst/reg_file_reg[22][16]/D
                                0.66           1.09 f        -0.43  (VIOLATED)
   id_stage_inst/reg_file_inst/reg_file_reg[22][17]/D
                                0.66           1.09 f        -0.43  (VIOLATED)
   id_stage_inst/reg_file_inst/reg_file_reg[22][18]/D
                                0.66           1.09 f        -0.43  (VIOLATED)
   id_stage_inst/reg_file_inst/reg_file_reg[22][19]/D
                                0.66           1.09 f        -0.43  (VIOLATED)
   id_stage_inst/reg_file_inst/reg_file_reg[22][20]/D
                                0.66           1.09 f        -0.43  (VIOLATED)
   id_stage_inst/reg_file_inst/reg_file_reg[22][21]/D
                                0.66           1.09 f        -0.43  (VIOLATED)
   id_stage_inst/reg_file_inst/reg_file_reg[22][22]/D
                                0.66           1.09 f        -0.43  (VIOLATED)
   id_stage_inst/reg_file_inst/reg_file_reg[22][23]/D
                                0.66           1.09 f        -0.43  (VIOLATED)
   id_stage_inst/reg_file_inst/reg_file_reg[22][24]/D
                                0.66           1.09 f        -0.43  (VIOLATED)
   id_stage_inst/reg_file_inst/reg_file_reg[22][25]/D
                                0.66           1.09 f        -0.43  (VIOLATED)
   id_stage_inst/reg_file_inst/reg_file_reg[22][26]/D
                                0.66           1.09 f        -0.43  (VIOLATED)
   id_stage_inst/reg_file_inst/reg_file_reg[22][27]/D
                                0.66           1.09 f        -0.43  (VIOLATED)
   id_stage_inst/reg_file_inst/reg_file_reg[22][28]/D
                                0.66           1.09 f        -0.43  (VIOLATED)
   id_stage_inst/reg_file_inst/reg_file_reg[22][29]/D
                                0.66           1.09 f        -0.43  (VIOLATED)
   id_stage_inst/reg_file_inst/reg_file_reg[22][30]/D
                                0.66           1.09 f        -0.43  (VIOLATED)
   id_stage_inst/reg_file_inst/reg_file_reg[22][31]/D
                                0.66           1.09 f        -0.43  (VIOLATED)
   id_stage_inst/rs2_reg/reg_data_reg[0]/D
                                0.67           1.09 r        -0.43  (VIOLATED)
   id_stage_inst/rs2_reg/reg_data_reg[7]/D
                                0.67           1.09 r        -0.43  (VIOLATED)
   id_stage_inst/rs2_reg/reg_data_reg[12]/D
                                0.67           1.09 r        -0.43  (VIOLATED)
   id_stage_inst/rs2_reg/reg_data_reg[23]/D
                                0.67           1.09 r        -0.43  (VIOLATED)
   id_stage_inst/reg_file_inst/reg_file_reg[10][0]/D
                                0.67           1.09 r        -0.43  (VIOLATED)
   id_stage_inst/reg_file_inst/reg_file_reg[10][1]/D
                                0.67           1.09 r        -0.43  (VIOLATED)
   id_stage_inst/reg_file_inst/reg_file_reg[10][2]/D
                                0.67           1.09 r        -0.43  (VIOLATED)
   id_stage_inst/reg_file_inst/reg_file_reg[10][3]/D
                                0.67           1.09 r        -0.43  (VIOLATED)
   id_stage_inst/reg_file_inst/reg_file_reg[10][4]/D
                                0.67           1.09 r        -0.43  (VIOLATED)
   id_stage_inst/reg_file_inst/reg_file_reg[10][5]/D
                                0.67           1.09 r        -0.43  (VIOLATED)
   id_stage_inst/reg_file_inst/reg_file_reg[10][6]/D
                                0.67           1.09 r        -0.43  (VIOLATED)
   id_stage_inst/reg_file_inst/reg_file_reg[10][7]/D
                                0.67           1.09 r        -0.43  (VIOLATED)
   id_stage_inst/reg_file_inst/reg_file_reg[10][8]/D
                                0.67           1.09 r        -0.43  (VIOLATED)
   id_stage_inst/reg_file_inst/reg_file_reg[10][9]/D
                                0.67           1.09 r        -0.43  (VIOLATED)
   id_stage_inst/reg_file_inst/reg_file_reg[10][10]/D
                                0.67           1.09 r        -0.43  (VIOLATED)
   id_stage_inst/reg_file_inst/reg_file_reg[10][11]/D
                                0.67           1.09 r        -0.43  (VIOLATED)
   id_stage_inst/reg_file_inst/reg_file_reg[10][12]/D
                                0.67           1.09 r        -0.43  (VIOLATED)
   id_stage_inst/reg_file_inst/reg_file_reg[10][13]/D
                                0.67           1.09 r        -0.43  (VIOLATED)
   id_stage_inst/reg_file_inst/reg_file_reg[10][14]/D
                                0.67           1.09 r        -0.43  (VIOLATED)
   id_stage_inst/reg_file_inst/reg_file_reg[10][15]/D
                                0.67           1.09 r        -0.43  (VIOLATED)
   id_stage_inst/reg_file_inst/reg_file_reg[10][16]/D
                                0.67           1.09 r        -0.43  (VIOLATED)
   id_stage_inst/reg_file_inst/reg_file_reg[10][17]/D
                                0.67           1.09 r        -0.43  (VIOLATED)
   id_stage_inst/reg_file_inst/reg_file_reg[10][18]/D
                                0.67           1.09 r        -0.43  (VIOLATED)
   id_stage_inst/reg_file_inst/reg_file_reg[10][19]/D
                                0.67           1.09 r        -0.43  (VIOLATED)
   id_stage_inst/reg_file_inst/reg_file_reg[10][20]/D
                                0.67           1.09 r        -0.43  (VIOLATED)
   id_stage_inst/reg_file_inst/reg_file_reg[10][21]/D
                                0.67           1.09 r        -0.43  (VIOLATED)
   id_stage_inst/reg_file_inst/reg_file_reg[10][22]/D
                                0.67           1.09 r        -0.43  (VIOLATED)
   id_stage_inst/reg_file_inst/reg_file_reg[10][23]/D
                                0.67           1.09 r        -0.43  (VIOLATED)
   id_stage_inst/reg_file_inst/reg_file_reg[10][24]/D
                                0.67           1.09 r        -0.43  (VIOLATED)
   id_stage_inst/reg_file_inst/reg_file_reg[10][25]/D
                                0.67           1.09 r        -0.43  (VIOLATED)
   id_stage_inst/reg_file_inst/reg_file_reg[10][26]/D
                                0.67           1.09 r        -0.43  (VIOLATED)
   id_stage_inst/reg_file_inst/reg_file_reg[10][27]/D
                                0.67           1.09 r        -0.43  (VIOLATED)
   id_stage_inst/reg_file_inst/reg_file_reg[10][28]/D
                                0.67           1.09 r        -0.43  (VIOLATED)
   id_stage_inst/reg_file_inst/reg_file_reg[10][29]/D
                                0.67           1.09 r        -0.43  (VIOLATED)
   id_stage_inst/reg_file_inst/reg_file_reg[10][30]/D
                                0.67           1.09 r        -0.43  (VIOLATED)
   id_stage_inst/reg_file_inst/reg_file_reg[10][31]/D
                                0.67           1.09 r        -0.43  (VIOLATED)
   R_386/D                      0.66           1.09 r        -0.42  (VIOLATED)
   R_540/D                      0.66           1.08 f        -0.42  (VIOLATED)
   ex_stage_inst/result_reg/reg_data_reg[11]/D
                                0.66           1.08 f        -0.42  (VIOLATED)
   id_stage_inst/reg_file_inst/reg_file_reg[18][0]/D
                                0.66           1.08 f        -0.42  (VIOLATED)
   id_stage_inst/reg_file_inst/reg_file_reg[26][1]/D
                                0.67           1.09 r        -0.42  (VIOLATED)
   id_stage_inst/reg_file_inst/reg_file_reg[26][2]/D
                                0.67           1.09 r        -0.42  (VIOLATED)
   id_stage_inst/reg_file_inst/reg_file_reg[26][3]/D
                                0.67           1.09 r        -0.42  (VIOLATED)
   id_stage_inst/reg_file_inst/reg_file_reg[26][4]/D
                                0.67           1.09 r        -0.42  (VIOLATED)
   id_stage_inst/reg_file_inst/reg_file_reg[26][5]/D
                                0.67           1.09 r        -0.42  (VIOLATED)
   id_stage_inst/reg_file_inst/reg_file_reg[26][6]/D
                                0.67           1.09 r        -0.42  (VIOLATED)
   id_stage_inst/reg_file_inst/reg_file_reg[26][7]/D
                                0.67           1.09 r        -0.42  (VIOLATED)
   id_stage_inst/reg_file_inst/reg_file_reg[26][8]/D
                                0.67           1.09 r        -0.42  (VIOLATED)
   id_stage_inst/reg_file_inst/reg_file_reg[26][9]/D
                                0.67           1.09 r        -0.42  (VIOLATED)
   id_stage_inst/reg_file_inst/reg_file_reg[26][10]/D
                                0.67           1.09 r        -0.42  (VIOLATED)
   id_stage_inst/reg_file_inst/reg_file_reg[26][11]/D
                                0.67           1.09 r        -0.42  (VIOLATED)
   id_stage_inst/reg_file_inst/reg_file_reg[26][12]/D
                                0.67           1.09 r        -0.42  (VIOLATED)
   id_stage_inst/reg_file_inst/reg_file_reg[26][13]/D
                                0.67           1.09 r        -0.42  (VIOLATED)
   id_stage_inst/reg_file_inst/reg_file_reg[26][14]/D
                                0.67           1.09 r        -0.42  (VIOLATED)
   id_stage_inst/reg_file_inst/reg_file_reg[26][15]/D
                                0.67           1.09 r        -0.42  (VIOLATED)
   id_stage_inst/reg_file_inst/reg_file_reg[26][16]/D
                                0.67           1.09 r        -0.42  (VIOLATED)
   id_stage_inst/reg_file_inst/reg_file_reg[26][17]/D
                                0.67           1.09 r        -0.42  (VIOLATED)
   id_stage_inst/reg_file_inst/reg_file_reg[26][18]/D
                                0.67           1.09 r        -0.42  (VIOLATED)
   id_stage_inst/reg_file_inst/reg_file_reg[26][19]/D
                                0.67           1.09 r        -0.42  (VIOLATED)
   id_stage_inst/reg_file_inst/reg_file_reg[26][20]/D
                                0.67           1.09 r        -0.42  (VIOLATED)
   id_stage_inst/reg_file_inst/reg_file_reg[26][21]/D
                                0.67           1.09 r        -0.42  (VIOLATED)
   id_stage_inst/reg_file_inst/reg_file_reg[26][22]/D
                                0.67           1.09 r        -0.42  (VIOLATED)
   id_stage_inst/reg_file_inst/reg_file_reg[26][23]/D
                                0.67           1.09 r        -0.42  (VIOLATED)
   id_stage_inst/reg_file_inst/reg_file_reg[26][24]/D
                                0.67           1.09 r        -0.42  (VIOLATED)
   id_stage_inst/reg_file_inst/reg_file_reg[26][25]/D
                                0.67           1.09 r        -0.42  (VIOLATED)
   id_stage_inst/reg_file_inst/reg_file_reg[26][26]/D
                                0.67           1.09 r        -0.42  (VIOLATED)
   id_stage_inst/reg_file_inst/reg_file_reg[26][27]/D
                                0.67           1.09 r        -0.42  (VIOLATED)
   id_stage_inst/reg_file_inst/reg_file_reg[26][28]/D
                                0.67           1.09 r        -0.42  (VIOLATED)
   id_stage_inst/reg_file_inst/reg_file_reg[26][29]/D
                                0.67           1.09 r        -0.42  (VIOLATED)
   id_stage_inst/reg_file_inst/reg_file_reg[26][30]/D
                                0.67           1.09 r        -0.42  (VIOLATED)
   id_stage_inst/reg_file_inst/reg_file_reg[26][31]/D
                                0.67           1.09 r        -0.42  (VIOLATED)
   id_stage_inst/reg_file_inst/reg_file_reg[26][0]/D
                                0.67           1.09 r        -0.42  (VIOLATED)
   ex_stage_inst/result_reg/reg_data_reg[7]/D
                                0.66           1.08 r        -0.42  (VIOLATED)
   R_4085/D                     0.67           1.08 r        -0.41  (VIOLATED)
   R_570/D                      0.66           1.07 f        -0.41  (VIOLATED)
   R_3779/D                     0.66           1.07 f        -0.41  (VIOLATED)
   R_3683/D                     0.66           1.07 r        -0.41  (VIOLATED)
   id_stage_inst/reg_file_inst/reg_file_reg[24][0]/D
                                0.67           1.08 r        -0.41  (VIOLATED)
   id_stage_inst/reg_file_inst/reg_file_reg[24][1]/D
                                0.67           1.08 r        -0.41  (VIOLATED)
   id_stage_inst/reg_file_inst/reg_file_reg[24][2]/D
                                0.67           1.08 r        -0.41  (VIOLATED)
   id_stage_inst/reg_file_inst/reg_file_reg[24][3]/D
                                0.67           1.08 r        -0.41  (VIOLATED)
   id_stage_inst/reg_file_inst/reg_file_reg[24][4]/D
                                0.67           1.08 r        -0.41  (VIOLATED)
   id_stage_inst/reg_file_inst/reg_file_reg[24][5]/D
                                0.67           1.08 r        -0.41  (VIOLATED)
   id_stage_inst/reg_file_inst/reg_file_reg[24][6]/D
                                0.67           1.08 r        -0.41  (VIOLATED)
   id_stage_inst/reg_file_inst/reg_file_reg[24][7]/D
                                0.67           1.08 r        -0.41  (VIOLATED)
   id_stage_inst/reg_file_inst/reg_file_reg[24][8]/D
                                0.67           1.08 r        -0.41  (VIOLATED)
   id_stage_inst/reg_file_inst/reg_file_reg[24][9]/D
                                0.67           1.08 r        -0.41  (VIOLATED)
   id_stage_inst/reg_file_inst/reg_file_reg[24][10]/D
                                0.67           1.08 r        -0.41  (VIOLATED)
   id_stage_inst/reg_file_inst/reg_file_reg[24][11]/D
                                0.67           1.08 r        -0.41  (VIOLATED)
   id_stage_inst/reg_file_inst/reg_file_reg[24][12]/D
                                0.67           1.08 r        -0.41  (VIOLATED)
   id_stage_inst/reg_file_inst/reg_file_reg[24][13]/D
                                0.67           1.08 r        -0.41  (VIOLATED)
   id_stage_inst/reg_file_inst/reg_file_reg[24][14]/D
                                0.67           1.08 r        -0.41  (VIOLATED)
   id_stage_inst/reg_file_inst/reg_file_reg[24][15]/D
                                0.67           1.08 r        -0.41  (VIOLATED)
   id_stage_inst/reg_file_inst/reg_file_reg[24][16]/D
                                0.67           1.08 r        -0.41  (VIOLATED)
   id_stage_inst/reg_file_inst/reg_file_reg[24][17]/D
                                0.67           1.08 r        -0.41  (VIOLATED)
   id_stage_inst/reg_file_inst/reg_file_reg[24][18]/D
                                0.67           1.08 r        -0.41  (VIOLATED)
   id_stage_inst/reg_file_inst/reg_file_reg[24][19]/D
                                0.67           1.08 r        -0.41  (VIOLATED)
   id_stage_inst/reg_file_inst/reg_file_reg[24][20]/D
                                0.67           1.08 r        -0.41  (VIOLATED)
   id_stage_inst/reg_file_inst/reg_file_reg[24][21]/D
                                0.67           1.08 r        -0.41  (VIOLATED)
   id_stage_inst/reg_file_inst/reg_file_reg[24][22]/D
                                0.67           1.08 r        -0.41  (VIOLATED)
   id_stage_inst/reg_file_inst/reg_file_reg[24][23]/D
                                0.67           1.08 r        -0.41  (VIOLATED)
   id_stage_inst/reg_file_inst/reg_file_reg[24][24]/D
                                0.67           1.08 r        -0.41  (VIOLATED)
   id_stage_inst/reg_file_inst/reg_file_reg[24][25]/D
                                0.67           1.08 r        -0.41  (VIOLATED)
   id_stage_inst/reg_file_inst/reg_file_reg[24][26]/D
                                0.67           1.08 r        -0.41  (VIOLATED)
   id_stage_inst/reg_file_inst/reg_file_reg[24][27]/D
                                0.67           1.08 r        -0.41  (VIOLATED)
   id_stage_inst/reg_file_inst/reg_file_reg[24][28]/D
                                0.67           1.08 r        -0.41  (VIOLATED)
   id_stage_inst/reg_file_inst/reg_file_reg[24][29]/D
                                0.67           1.08 r        -0.41  (VIOLATED)
   id_stage_inst/reg_file_inst/reg_file_reg[24][30]/D
                                0.67           1.08 r        -0.41  (VIOLATED)
   id_stage_inst/reg_file_inst/reg_file_reg[24][31]/D
                                0.67           1.08 r        -0.41  (VIOLATED)
   R_4002/D                     0.67           1.07 r        -0.41  (VIOLATED)
   R_4005/D                     0.67           1.07 r        -0.41  (VIOLATED)
   id_stage_inst/reg_file_inst/reg_file_reg[12][25]/D
                                0.66           1.07 f        -0.41  (VIOLATED)
   id_stage_inst/reg_file_inst/reg_file_reg[13][25]/D
                                0.66           1.07 f        -0.41  (VIOLATED)
   id_stage_inst/reg_file_inst/reg_file_reg[12][8]/D
                                0.66           1.07 f        -0.41  (VIOLATED)
   id_stage_inst/reg_file_inst/reg_file_reg[12][18]/D
                                0.66           1.07 f        -0.41  (VIOLATED)
   id_stage_inst/reg_file_inst/reg_file_reg[12][20]/D
                                0.66           1.07 f        -0.41  (VIOLATED)
   id_stage_inst/reg_file_inst/reg_file_reg[12][21]/D
                                0.66           1.07 f        -0.41  (VIOLATED)
   id_stage_inst/reg_file_inst/reg_file_reg[12][26]/D
                                0.66           1.07 f        -0.41  (VIOLATED)
   id_stage_inst/reg_file_inst/reg_file_reg[12][27]/D
                                0.66           1.07 f        -0.41  (VIOLATED)
   id_stage_inst/reg_file_inst/reg_file_reg[12][28]/D
                                0.66           1.07 f        -0.41  (VIOLATED)
   id_stage_inst/reg_file_inst/reg_file_reg[12][29]/D
                                0.66           1.07 f        -0.41  (VIOLATED)
   id_stage_inst/reg_file_inst/reg_file_reg[12][30]/D
                                0.66           1.07 f        -0.41  (VIOLATED)
   id_stage_inst/reg_file_inst/reg_file_reg[13][8]/D
                                0.66           1.07 f        -0.41  (VIOLATED)
   id_stage_inst/reg_file_inst/reg_file_reg[13][18]/D
                                0.66           1.07 f        -0.41  (VIOLATED)
   id_stage_inst/reg_file_inst/reg_file_reg[13][20]/D
                                0.66           1.07 f        -0.41  (VIOLATED)
   id_stage_inst/reg_file_inst/reg_file_reg[13][21]/D
                                0.66           1.07 f        -0.41  (VIOLATED)
   id_stage_inst/reg_file_inst/reg_file_reg[13][26]/D
                                0.66           1.07 f        -0.41  (VIOLATED)
   id_stage_inst/reg_file_inst/reg_file_reg[13][27]/D
                                0.66           1.07 f        -0.41  (VIOLATED)
   id_stage_inst/reg_file_inst/reg_file_reg[13][28]/D
                                0.66           1.07 f        -0.41  (VIOLATED)
   id_stage_inst/reg_file_inst/reg_file_reg[13][29]/D
                                0.66           1.07 f        -0.41  (VIOLATED)
   id_stage_inst/reg_file_inst/reg_file_reg[13][30]/D
                                0.66           1.07 f        -0.41  (VIOLATED)
   id_stage_inst/reg_file_inst/reg_file_reg[12][11]/D
                                0.66           1.07 f        -0.41  (VIOLATED)
   id_stage_inst/reg_file_inst/reg_file_reg[12][15]/D
                                0.66           1.07 f        -0.41  (VIOLATED)
   id_stage_inst/reg_file_inst/reg_file_reg[13][11]/D
                                0.66           1.07 f        -0.41  (VIOLATED)
   id_stage_inst/reg_file_inst/reg_file_reg[13][15]/D
                                0.66           1.07 f        -0.41  (VIOLATED)
   id_stage_inst/reg_file_inst/reg_file_reg[12][3]/D
                                0.66           1.07 f        -0.41  (VIOLATED)
   id_stage_inst/reg_file_inst/reg_file_reg[12][5]/D
                                0.66           1.07 f        -0.41  (VIOLATED)
   id_stage_inst/reg_file_inst/reg_file_reg[12][6]/D
                                0.66           1.07 f        -0.41  (VIOLATED)
   id_stage_inst/reg_file_inst/reg_file_reg[12][7]/D
                                0.66           1.07 f        -0.41  (VIOLATED)
   id_stage_inst/reg_file_inst/reg_file_reg[12][9]/D
                                0.66           1.07 f        -0.41  (VIOLATED)
   id_stage_inst/reg_file_inst/reg_file_reg[12][10]/D
                                0.66           1.07 f        -0.41  (VIOLATED)
   id_stage_inst/reg_file_inst/reg_file_reg[12][12]/D
                                0.66           1.07 f        -0.41  (VIOLATED)
   id_stage_inst/reg_file_inst/reg_file_reg[12][13]/D
                                0.66           1.07 f        -0.41  (VIOLATED)
   id_stage_inst/reg_file_inst/reg_file_reg[12][14]/D
                                0.66           1.07 f        -0.41  (VIOLATED)
   id_stage_inst/reg_file_inst/reg_file_reg[12][16]/D
                                0.66           1.07 f        -0.41  (VIOLATED)
   id_stage_inst/reg_file_inst/reg_file_reg[12][17]/D
                                0.66           1.07 f        -0.41  (VIOLATED)
   id_stage_inst/reg_file_inst/reg_file_reg[12][19]/D
                                0.66           1.07 f        -0.41  (VIOLATED)
   id_stage_inst/reg_file_inst/reg_file_reg[12][22]/D
                                0.66           1.07 f        -0.41  (VIOLATED)
   id_stage_inst/reg_file_inst/reg_file_reg[12][23]/D
                                0.66           1.07 f        -0.41  (VIOLATED)
   id_stage_inst/reg_file_inst/reg_file_reg[13][3]/D
                                0.66           1.07 f        -0.41  (VIOLATED)
   id_stage_inst/reg_file_inst/reg_file_reg[13][5]/D
                                0.66           1.07 f        -0.41  (VIOLATED)
   id_stage_inst/reg_file_inst/reg_file_reg[13][6]/D
                                0.66           1.07 f        -0.41  (VIOLATED)
   id_stage_inst/reg_file_inst/reg_file_reg[13][7]/D
                                0.66           1.07 f        -0.41  (VIOLATED)
   id_stage_inst/reg_file_inst/reg_file_reg[13][9]/D
                                0.66           1.07 f        -0.41  (VIOLATED)
   id_stage_inst/reg_file_inst/reg_file_reg[13][10]/D
                                0.66           1.07 f        -0.41  (VIOLATED)
   id_stage_inst/reg_file_inst/reg_file_reg[13][12]/D
                                0.66           1.07 f        -0.41  (VIOLATED)
   id_stage_inst/reg_file_inst/reg_file_reg[13][13]/D
                                0.66           1.07 f        -0.41  (VIOLATED)
   id_stage_inst/reg_file_inst/reg_file_reg[13][14]/D
                                0.66           1.07 f        -0.41  (VIOLATED)
   id_stage_inst/reg_file_inst/reg_file_reg[13][16]/D
                                0.66           1.07 f        -0.41  (VIOLATED)
   id_stage_inst/reg_file_inst/reg_file_reg[13][17]/D
                                0.66           1.07 f        -0.41  (VIOLATED)
   id_stage_inst/reg_file_inst/reg_file_reg[13][19]/D
                                0.66           1.07 f        -0.41  (VIOLATED)
   id_stage_inst/reg_file_inst/reg_file_reg[13][22]/D
                                0.66           1.07 f        -0.41  (VIOLATED)
   id_stage_inst/reg_file_inst/reg_file_reg[13][23]/D
                                0.66           1.07 f        -0.41  (VIOLATED)
   id_stage_inst/reg_file_inst/reg_file_reg[12][2]/D
                                0.66           1.07 f        -0.41  (VIOLATED)
   id_stage_inst/reg_file_inst/reg_file_reg[12][4]/D
                                0.66           1.07 f        -0.41  (VIOLATED)
   id_stage_inst/reg_file_inst/reg_file_reg[12][31]/D
                                0.66           1.07 f        -0.41  (VIOLATED)
   id_stage_inst/reg_file_inst/reg_file_reg[13][2]/D
                                0.66           1.07 f        -0.41  (VIOLATED)
   id_stage_inst/reg_file_inst/reg_file_reg[13][4]/D
                                0.66           1.07 f        -0.41  (VIOLATED)
   id_stage_inst/reg_file_inst/reg_file_reg[13][31]/D
                                0.66           1.07 f        -0.41  (VIOLATED)
   id_stage_inst/reg_file_inst/reg_file_reg[12][1]/D
                                0.66           1.07 f        -0.41  (VIOLATED)
   id_stage_inst/reg_file_inst/reg_file_reg[13][1]/D
                                0.66           1.07 f        -0.41  (VIOLATED)
   id_stage_inst/reg_file_inst/reg_file_reg[12][0]/D
                                0.66           1.07 f        -0.41  (VIOLATED)
   id_stage_inst/reg_file_inst/reg_file_reg[13][0]/D
                                0.66           1.07 f        -0.41  (VIOLATED)
   id_stage_inst/reg_file_inst/reg_file_reg[12][24]/D
                                0.66           1.07 f        -0.41  (VIOLATED)
   id_stage_inst/reg_file_inst/reg_file_reg[13][24]/D
                                0.66           1.07 f        -0.41  (VIOLATED)
   R_566/D                      0.66           1.06 f        -0.41  (VIOLATED)
   R_546/D                      0.66           1.05 f        -0.40  (VIOLATED)
   id_stage_inst/rd_addr_reg/reg_data_reg[0]/D
                                0.67           1.06 r        -0.40  (VIOLATED)
   id_stage_inst/rd_addr_reg/reg_data_reg[2]/D
                                0.67           1.06 r        -0.40  (VIOLATED)
   id_stage_inst/rd_addr_reg/reg_data_reg[3]/D
                                0.67           1.06 r        -0.40  (VIOLATED)
   id_stage_inst/rd_addr_reg/reg_data_reg[4]/D
                                0.67           1.06 r        -0.40  (VIOLATED)
   id_stage_inst/immediate_reg/reg_data_reg[12]/D
                                0.67           1.06 r        -0.39  (VIOLATED)
   id_stage_inst/reg_file_inst/reg_file_reg[30][0]/D
                                0.66           1.05 f        -0.39  (VIOLATED)
   id_stage_inst/reg_file_inst/reg_file_reg[30][1]/D
                                0.66           1.05 f        -0.39  (VIOLATED)
   id_stage_inst/reg_file_inst/reg_file_reg[30][2]/D
                                0.66           1.05 f        -0.39  (VIOLATED)
   id_stage_inst/reg_file_inst/reg_file_reg[30][3]/D
                                0.66           1.05 f        -0.39  (VIOLATED)
   id_stage_inst/reg_file_inst/reg_file_reg[30][4]/D
                                0.66           1.05 f        -0.39  (VIOLATED)
   id_stage_inst/reg_file_inst/reg_file_reg[30][5]/D
                                0.66           1.05 f        -0.39  (VIOLATED)
   id_stage_inst/reg_file_inst/reg_file_reg[30][6]/D
                                0.66           1.05 f        -0.39  (VIOLATED)
   id_stage_inst/reg_file_inst/reg_file_reg[30][7]/D
                                0.66           1.05 f        -0.39  (VIOLATED)
   id_stage_inst/reg_file_inst/reg_file_reg[30][8]/D
                                0.66           1.05 f        -0.39  (VIOLATED)
   id_stage_inst/reg_file_inst/reg_file_reg[30][9]/D
                                0.66           1.05 f        -0.39  (VIOLATED)
   id_stage_inst/reg_file_inst/reg_file_reg[30][10]/D
                                0.66           1.05 f        -0.39  (VIOLATED)
   id_stage_inst/reg_file_inst/reg_file_reg[30][11]/D
                                0.66           1.05 f        -0.39  (VIOLATED)
   id_stage_inst/reg_file_inst/reg_file_reg[30][12]/D
                                0.66           1.05 f        -0.39  (VIOLATED)
   id_stage_inst/reg_file_inst/reg_file_reg[30][13]/D
                                0.66           1.05 f        -0.39  (VIOLATED)
   id_stage_inst/reg_file_inst/reg_file_reg[30][14]/D
                                0.66           1.05 f        -0.39  (VIOLATED)
   id_stage_inst/reg_file_inst/reg_file_reg[30][15]/D
                                0.66           1.05 f        -0.39  (VIOLATED)
   id_stage_inst/reg_file_inst/reg_file_reg[30][16]/D
                                0.66           1.05 f        -0.39  (VIOLATED)
   id_stage_inst/reg_file_inst/reg_file_reg[30][17]/D
                                0.66           1.05 f        -0.39  (VIOLATED)
   id_stage_inst/reg_file_inst/reg_file_reg[30][18]/D
                                0.66           1.05 f        -0.39  (VIOLATED)
   id_stage_inst/reg_file_inst/reg_file_reg[30][19]/D
                                0.66           1.05 f        -0.39  (VIOLATED)
   id_stage_inst/reg_file_inst/reg_file_reg[30][20]/D
                                0.66           1.05 f        -0.39  (VIOLATED)
   id_stage_inst/reg_file_inst/reg_file_reg[30][21]/D
                                0.66           1.05 f        -0.39  (VIOLATED)
   id_stage_inst/reg_file_inst/reg_file_reg[30][22]/D
                                0.66           1.05 f        -0.39  (VIOLATED)
   id_stage_inst/reg_file_inst/reg_file_reg[30][23]/D
                                0.66           1.05 f        -0.39  (VIOLATED)
   id_stage_inst/reg_file_inst/reg_file_reg[30][24]/D
                                0.66           1.05 f        -0.39  (VIOLATED)
   id_stage_inst/reg_file_inst/reg_file_reg[30][25]/D
                                0.66           1.05 f        -0.39  (VIOLATED)
   id_stage_inst/reg_file_inst/reg_file_reg[30][26]/D
                                0.66           1.05 f        -0.39  (VIOLATED)
   id_stage_inst/reg_file_inst/reg_file_reg[30][27]/D
                                0.66           1.05 f        -0.39  (VIOLATED)
   id_stage_inst/reg_file_inst/reg_file_reg[30][28]/D
                                0.66           1.05 f        -0.39  (VIOLATED)
   id_stage_inst/reg_file_inst/reg_file_reg[30][29]/D
                                0.66           1.05 f        -0.39  (VIOLATED)
   id_stage_inst/reg_file_inst/reg_file_reg[30][30]/D
                                0.66           1.05 f        -0.39  (VIOLATED)
   id_stage_inst/reg_file_inst/reg_file_reg[30][31]/D
                                0.66           1.05 f        -0.39  (VIOLATED)
   mem_stage_inst/rd_data_reg/reg_data_reg[4]/D
                                0.65           1.04 f        -0.39  (VIOLATED)
   mem_stage_inst/rd_data_reg/reg_data_reg[0]/D
                                0.66           1.04 f        -0.39  (VIOLATED)
   mem_stage_inst/rd_data_reg/reg_data_reg[1]/D
                                0.66           1.04 f        -0.39  (VIOLATED)
   mem_stage_inst/rd_data_reg/reg_data_reg[2]/D
                                0.66           1.04 f        -0.39  (VIOLATED)
   mem_stage_inst/rd_data_reg/reg_data_reg[3]/D
                                0.66           1.04 f        -0.39  (VIOLATED)
   mem_stage_inst/rd_data_reg/reg_data_reg[5]/D
                                0.66           1.04 f        -0.39  (VIOLATED)
   mem_stage_inst/rd_data_reg/reg_data_reg[6]/D
                                0.66           1.04 f        -0.39  (VIOLATED)
   ex_stage_inst/mult_pp_inst/tree_i/layer_4_r_reg[0][3]/D
                                0.66           1.04 f        -0.38  (VIOLATED)
   R_3984/D                     0.66           1.04 f        -0.38  (VIOLATED)
   R_4177/D                     0.66           1.03 f        -0.38  (VIOLATED)
   R_3787/D                     0.65           1.03 f        -0.37  (VIOLATED)
   ex_stage_inst/store_data_reg/reg_data_reg[0]/D
                                0.66           1.03 f        -0.37  (VIOLATED)
   ex_stage_inst/store_data_reg/reg_data_reg[1]/D
                                0.66           1.03 f        -0.37  (VIOLATED)
   ex_stage_inst/store_data_reg/reg_data_reg[2]/D
                                0.66           1.03 f        -0.37  (VIOLATED)
   ex_stage_inst/store_data_reg/reg_data_reg[3]/D
                                0.66           1.03 f        -0.37  (VIOLATED)
   ex_stage_inst/store_data_reg/reg_data_reg[4]/D
                                0.66           1.03 f        -0.37  (VIOLATED)
   ex_stage_inst/store_data_reg/reg_data_reg[5]/D
                                0.66           1.03 f        -0.37  (VIOLATED)
   ex_stage_inst/store_data_reg/reg_data_reg[6]/D
                                0.66           1.03 f        -0.37  (VIOLATED)
   ex_stage_inst/store_data_reg/reg_data_reg[7]/D
                                0.66           1.03 f        -0.37  (VIOLATED)
   ex_stage_inst/store_data_reg/reg_data_reg[8]/D
                                0.66           1.03 f        -0.37  (VIOLATED)
   ex_stage_inst/store_data_reg/reg_data_reg[9]/D
                                0.66           1.03 f        -0.37  (VIOLATED)
   ex_stage_inst/store_data_reg/reg_data_reg[10]/D
                                0.66           1.03 f        -0.37  (VIOLATED)
   ex_stage_inst/store_data_reg/reg_data_reg[11]/D
                                0.66           1.03 f        -0.37  (VIOLATED)
   ex_stage_inst/store_data_reg/reg_data_reg[12]/D
                                0.66           1.03 f        -0.37  (VIOLATED)
   ex_stage_inst/store_data_reg/reg_data_reg[13]/D
                                0.66           1.03 f        -0.37  (VIOLATED)
   ex_stage_inst/store_data_reg/reg_data_reg[14]/D
                                0.66           1.03 f        -0.37  (VIOLATED)
   ex_stage_inst/store_data_reg/reg_data_reg[15]/D
                                0.66           1.03 f        -0.37  (VIOLATED)
   ex_stage_inst/store_data_reg/reg_data_reg[16]/D
                                0.66           1.03 f        -0.37  (VIOLATED)
   ex_stage_inst/store_data_reg/reg_data_reg[17]/D
                                0.66           1.03 f        -0.37  (VIOLATED)
   ex_stage_inst/store_data_reg/reg_data_reg[18]/D
                                0.66           1.03 f        -0.37  (VIOLATED)
   ex_stage_inst/store_data_reg/reg_data_reg[19]/D
                                0.66           1.03 f        -0.37  (VIOLATED)
   ex_stage_inst/store_data_reg/reg_data_reg[20]/D
                                0.66           1.03 f        -0.37  (VIOLATED)
   ex_stage_inst/store_data_reg/reg_data_reg[21]/D
                                0.66           1.03 f        -0.37  (VIOLATED)
   ex_stage_inst/store_data_reg/reg_data_reg[22]/D
                                0.66           1.03 f        -0.37  (VIOLATED)
   ex_stage_inst/store_data_reg/reg_data_reg[23]/D
                                0.66           1.03 f        -0.37  (VIOLATED)
   ex_stage_inst/store_data_reg/reg_data_reg[24]/D
                                0.66           1.03 f        -0.37  (VIOLATED)
   ex_stage_inst/store_data_reg/reg_data_reg[25]/D
                                0.66           1.03 f        -0.37  (VIOLATED)
   ex_stage_inst/store_data_reg/reg_data_reg[26]/D
                                0.66           1.03 f        -0.37  (VIOLATED)
   ex_stage_inst/store_data_reg/reg_data_reg[27]/D
                                0.66           1.03 f        -0.37  (VIOLATED)
   ex_stage_inst/store_data_reg/reg_data_reg[28]/D
                                0.66           1.03 f        -0.37  (VIOLATED)
   ex_stage_inst/store_data_reg/reg_data_reg[29]/D
                                0.66           1.03 f        -0.37  (VIOLATED)
   ex_stage_inst/store_data_reg/reg_data_reg[30]/D
                                0.66           1.03 f        -0.37  (VIOLATED)
   ex_stage_inst/store_data_reg/reg_data_reg[31]/D
                                0.66           1.03 f        -0.37  (VIOLATED)
   R_3756/D                     0.66           1.03 f        -0.37  (VIOLATED)
   R_3758/D                     0.66           1.03 f        -0.37  (VIOLATED)
   R_3760/D                     0.66           1.03 f        -0.37  (VIOLATED)
   R_3762/D                     0.66           1.03 f        -0.37  (VIOLATED)
   R_3765/D                     0.66           1.03 f        -0.37  (VIOLATED)
   R_3767/D                     0.66           1.03 f        -0.37  (VIOLATED)
   R_3769/D                     0.66           1.03 f        -0.37  (VIOLATED)
   R_3771/D                     0.66           1.03 f        -0.37  (VIOLATED)
   R_3773/D                     0.66           1.03 f        -0.37  (VIOLATED)
   R_3775/D                     0.66           1.03 f        -0.37  (VIOLATED)
   R_3781/D                     0.66           1.03 f        -0.37  (VIOLATED)
   R_2635/D                     0.67           1.03 r        -0.37  (VIOLATED)
   R_576/D                      0.66           1.03 r        -0.36  (VIOLATED)
   R_550/D                      0.66           1.02 r        -0.36  (VIOLATED)
   id_stage_inst/reg_file_inst/reg_file_reg[14][0]/D
                                0.66           1.00 f        -0.34  (VIOLATED)
   id_stage_inst/reg_file_inst/reg_file_reg[14][1]/D
                                0.66           1.00 f        -0.34  (VIOLATED)
   id_stage_inst/reg_file_inst/reg_file_reg[14][2]/D
                                0.66           1.00 f        -0.34  (VIOLATED)
   id_stage_inst/reg_file_inst/reg_file_reg[14][3]/D
                                0.66           1.00 f        -0.34  (VIOLATED)
   id_stage_inst/reg_file_inst/reg_file_reg[14][4]/D
                                0.66           1.00 f        -0.34  (VIOLATED)
   id_stage_inst/reg_file_inst/reg_file_reg[14][5]/D
                                0.66           1.00 f        -0.34  (VIOLATED)
   id_stage_inst/reg_file_inst/reg_file_reg[14][6]/D
                                0.66           1.00 f        -0.34  (VIOLATED)
   id_stage_inst/reg_file_inst/reg_file_reg[14][7]/D
                                0.66           1.00 f        -0.34  (VIOLATED)
   id_stage_inst/reg_file_inst/reg_file_reg[14][8]/D
                                0.66           1.00 f        -0.34  (VIOLATED)
   id_stage_inst/reg_file_inst/reg_file_reg[14][9]/D
                                0.66           1.00 f        -0.34  (VIOLATED)
   id_stage_inst/reg_file_inst/reg_file_reg[14][10]/D
                                0.66           1.00 f        -0.34  (VIOLATED)
   id_stage_inst/reg_file_inst/reg_file_reg[14][11]/D
                                0.66           1.00 f        -0.34  (VIOLATED)
   id_stage_inst/reg_file_inst/reg_file_reg[14][12]/D
                                0.66           1.00 f        -0.34  (VIOLATED)
   id_stage_inst/reg_file_inst/reg_file_reg[14][13]/D
                                0.66           1.00 f        -0.34  (VIOLATED)
   id_stage_inst/reg_file_inst/reg_file_reg[14][14]/D
                                0.66           1.00 f        -0.34  (VIOLATED)
   id_stage_inst/reg_file_inst/reg_file_reg[14][15]/D
                                0.66           1.00 f        -0.34  (VIOLATED)
   id_stage_inst/reg_file_inst/reg_file_reg[14][16]/D
                                0.66           1.00 f        -0.34  (VIOLATED)
   id_stage_inst/reg_file_inst/reg_file_reg[14][17]/D
                                0.66           1.00 f        -0.34  (VIOLATED)
   id_stage_inst/reg_file_inst/reg_file_reg[14][18]/D
                                0.66           1.00 f        -0.34  (VIOLATED)
   id_stage_inst/reg_file_inst/reg_file_reg[14][19]/D
                                0.66           1.00 f        -0.34  (VIOLATED)
   id_stage_inst/reg_file_inst/reg_file_reg[14][20]/D
                                0.66           1.00 f        -0.34  (VIOLATED)
   id_stage_inst/reg_file_inst/reg_file_reg[14][21]/D
                                0.66           1.00 f        -0.34  (VIOLATED)
   id_stage_inst/reg_file_inst/reg_file_reg[14][22]/D
                                0.66           1.00 f        -0.34  (VIOLATED)
   id_stage_inst/reg_file_inst/reg_file_reg[14][23]/D
                                0.66           1.00 f        -0.34  (VIOLATED)
   id_stage_inst/reg_file_inst/reg_file_reg[14][24]/D
                                0.66           1.00 f        -0.34  (VIOLATED)
   id_stage_inst/reg_file_inst/reg_file_reg[14][25]/D
                                0.66           1.00 f        -0.34  (VIOLATED)
   id_stage_inst/reg_file_inst/reg_file_reg[14][26]/D
                                0.66           1.00 f        -0.34  (VIOLATED)
   id_stage_inst/reg_file_inst/reg_file_reg[14][27]/D
                                0.66           1.00 f        -0.34  (VIOLATED)
   id_stage_inst/reg_file_inst/reg_file_reg[14][28]/D
                                0.66           1.00 f        -0.34  (VIOLATED)
   id_stage_inst/reg_file_inst/reg_file_reg[14][29]/D
                                0.66           1.00 f        -0.34  (VIOLATED)
   id_stage_inst/reg_file_inst/reg_file_reg[14][30]/D
                                0.66           1.00 f        -0.34  (VIOLATED)
   id_stage_inst/reg_file_inst/reg_file_reg[14][31]/D
                                0.66           1.00 f        -0.34  (VIOLATED)
   R_562/D                      0.66           1.00 r        -0.34  (VIOLATED)
   R_2461/D                     0.67           1.00 r        -0.34  (VIOLATED)
   hazard_unit_inst/mul_reservation_s_reg/D
                                0.67           1.00 r        -0.33  (VIOLATED)
   ex_stage_inst/mult_pp_inst/tree_i/layer_4_r_reg[0][2]/D
                                0.66           0.99 f        -0.33  (VIOLATED)
   id_stage_inst/reg_file_inst/reg_file_reg[25][0]/D
                                0.67           0.99 r        -0.33  (VIOLATED)
   id_stage_inst/reg_file_inst/reg_file_reg[25][1]/D
                                0.67           0.99 r        -0.33  (VIOLATED)
   id_stage_inst/reg_file_inst/reg_file_reg[25][2]/D
                                0.67           0.99 r        -0.33  (VIOLATED)
   id_stage_inst/reg_file_inst/reg_file_reg[25][3]/D
                                0.67           0.99 r        -0.33  (VIOLATED)
   id_stage_inst/reg_file_inst/reg_file_reg[25][4]/D
                                0.67           0.99 r        -0.33  (VIOLATED)
   id_stage_inst/reg_file_inst/reg_file_reg[25][5]/D
                                0.67           0.99 r        -0.33  (VIOLATED)
   id_stage_inst/reg_file_inst/reg_file_reg[25][6]/D
                                0.67           0.99 r        -0.33  (VIOLATED)
   id_stage_inst/reg_file_inst/reg_file_reg[25][7]/D
                                0.67           0.99 r        -0.33  (VIOLATED)
   id_stage_inst/reg_file_inst/reg_file_reg[25][8]/D
                                0.67           0.99 r        -0.33  (VIOLATED)
   id_stage_inst/reg_file_inst/reg_file_reg[25][9]/D
                                0.67           0.99 r        -0.33  (VIOLATED)
   id_stage_inst/reg_file_inst/reg_file_reg[25][10]/D
                                0.67           0.99 r        -0.33  (VIOLATED)
   id_stage_inst/reg_file_inst/reg_file_reg[25][11]/D
                                0.67           0.99 r        -0.33  (VIOLATED)
   id_stage_inst/reg_file_inst/reg_file_reg[25][12]/D
                                0.67           0.99 r        -0.33  (VIOLATED)
   id_stage_inst/reg_file_inst/reg_file_reg[25][13]/D
                                0.67           0.99 r        -0.33  (VIOLATED)
   id_stage_inst/reg_file_inst/reg_file_reg[25][14]/D
                                0.67           0.99 r        -0.33  (VIOLATED)
   id_stage_inst/reg_file_inst/reg_file_reg[25][15]/D
                                0.67           0.99 r        -0.33  (VIOLATED)
   id_stage_inst/reg_file_inst/reg_file_reg[25][16]/D
                                0.67           0.99 r        -0.33  (VIOLATED)
   id_stage_inst/reg_file_inst/reg_file_reg[25][17]/D
                                0.67           0.99 r        -0.33  (VIOLATED)
   id_stage_inst/reg_file_inst/reg_file_reg[25][18]/D
                                0.67           0.99 r        -0.33  (VIOLATED)
   id_stage_inst/reg_file_inst/reg_file_reg[25][19]/D
                                0.67           0.99 r        -0.33  (VIOLATED)
   id_stage_inst/reg_file_inst/reg_file_reg[25][20]/D
                                0.67           0.99 r        -0.33  (VIOLATED)
   id_stage_inst/reg_file_inst/reg_file_reg[25][21]/D
                                0.67           0.99 r        -0.33  (VIOLATED)
   id_stage_inst/reg_file_inst/reg_file_reg[25][22]/D
                                0.67           0.99 r        -0.33  (VIOLATED)
   id_stage_inst/reg_file_inst/reg_file_reg[25][23]/D
                                0.67           0.99 r        -0.33  (VIOLATED)
   id_stage_inst/reg_file_inst/reg_file_reg[25][24]/D
                                0.67           0.99 r        -0.33  (VIOLATED)
   id_stage_inst/reg_file_inst/reg_file_reg[25][25]/D
                                0.67           0.99 r        -0.33  (VIOLATED)
   id_stage_inst/reg_file_inst/reg_file_reg[25][26]/D
                                0.67           0.99 r        -0.33  (VIOLATED)
   id_stage_inst/reg_file_inst/reg_file_reg[25][27]/D
                                0.67           0.99 r        -0.33  (VIOLATED)
   id_stage_inst/reg_file_inst/reg_file_reg[25][28]/D
                                0.67           0.99 r        -0.33  (VIOLATED)
   id_stage_inst/reg_file_inst/reg_file_reg[25][29]/D
                                0.67           0.99 r        -0.33  (VIOLATED)
   id_stage_inst/reg_file_inst/reg_file_reg[25][30]/D
                                0.67           0.99 r        -0.33  (VIOLATED)
   id_stage_inst/reg_file_inst/reg_file_reg[25][31]/D
                                0.67           0.99 r        -0.33  (VIOLATED)
   id_stage_inst/id_ex_valid_reg/reg_data_reg[0]/D
                                0.67           0.99 r        -0.32  (VIOLATED)
   R_3817/D                     0.66           0.98 r        -0.32  (VIOLATED)
   if_stage_inst/btb_inst/R_4448/D
                                0.67           0.99 r        -0.32  (VIOLATED)
   R_4083/D                     0.66           0.97 r        -0.32  (VIOLATED)
   R_542/D                      0.66           0.97 f        -0.32  (VIOLATED)
   R_4047/D                     0.66           0.96 r        -0.31  (VIOLATED)
   mem_stage_inst/rd_data_reg/reg_data_reg[8]/D
                                0.66           0.96 f        -0.30  (VIOLATED)
   mem_stage_inst/rd_data_reg/reg_data_reg[9]/D
                                0.66           0.96 f        -0.30  (VIOLATED)
   mem_stage_inst/rd_data_reg/reg_data_reg[10]/D
                                0.66           0.96 f        -0.30  (VIOLATED)
   mem_stage_inst/rd_data_reg/reg_data_reg[11]/D
                                0.66           0.96 f        -0.30  (VIOLATED)
   mem_stage_inst/rd_data_reg/reg_data_reg[12]/D
                                0.66           0.96 f        -0.30  (VIOLATED)
   mem_stage_inst/rd_data_reg/reg_data_reg[13]/D
                                0.66           0.96 f        -0.30  (VIOLATED)
   mem_stage_inst/rd_data_reg/reg_data_reg[14]/D
                                0.66           0.96 f        -0.30  (VIOLATED)
   mem_stage_inst/rd_data_reg/reg_data_reg[15]/D
                                0.66           0.96 f        -0.30  (VIOLATED)
   mem_stage_inst/rd_data_reg/reg_data_reg[16]/D
                                0.66           0.96 f        -0.30  (VIOLATED)
   mem_stage_inst/rd_data_reg/reg_data_reg[17]/D
                                0.66           0.96 f        -0.30  (VIOLATED)
   mem_stage_inst/rd_data_reg/reg_data_reg[18]/D
                                0.66           0.96 f        -0.30  (VIOLATED)
   mem_stage_inst/rd_data_reg/reg_data_reg[19]/D
                                0.66           0.96 f        -0.30  (VIOLATED)
   mem_stage_inst/rd_data_reg/reg_data_reg[20]/D
                                0.66           0.96 f        -0.30  (VIOLATED)
   mem_stage_inst/rd_data_reg/reg_data_reg[21]/D
                                0.66           0.96 f        -0.30  (VIOLATED)
   mem_stage_inst/rd_data_reg/reg_data_reg[22]/D
                                0.66           0.96 f        -0.30  (VIOLATED)
   mem_stage_inst/rd_data_reg/reg_data_reg[23]/D
                                0.66           0.96 f        -0.30  (VIOLATED)
   mem_stage_inst/rd_data_reg/reg_data_reg[25]/D
                                0.66           0.96 f        -0.30  (VIOLATED)
   mem_stage_inst/rd_data_reg/reg_data_reg[26]/D
                                0.66           0.96 f        -0.30  (VIOLATED)
   mem_stage_inst/rd_data_reg/reg_data_reg[27]/D
                                0.66           0.96 f        -0.30  (VIOLATED)
   mem_stage_inst/rd_data_reg/reg_data_reg[28]/D
                                0.66           0.96 f        -0.30  (VIOLATED)
   mem_stage_inst/rd_data_reg/reg_data_reg[29]/D
                                0.66           0.96 f        -0.30  (VIOLATED)
   mem_stage_inst/rd_data_reg/reg_data_reg[30]/D
                                0.66           0.96 f        -0.30  (VIOLATED)
   mem_stage_inst/rd_data_reg/reg_data_reg[31]/D
                                0.66           0.96 f        -0.30  (VIOLATED)
   mem_stage_inst/rd_data_reg/reg_data_reg[24]/D
                                0.66           0.96 f        -0.30  (VIOLATED)
   R_4189/D                     0.66           0.96 r        -0.30  (VIOLATED)
   R_2550/D                     0.66           0.96 r        -0.30  (VIOLATED)
   R_564/D                      0.66           0.95 f        -0.29  (VIOLATED)
   R_3112/D                     0.66           0.94 f        -0.29  (VIOLATED)
   if_stage_inst/btb_inst/R_3082/D
                                0.66           0.94 f        -0.28  (VIOLATED)
   if_stage_inst/btb_inst/R_3797/D
                                0.66           0.94 f        -0.28  (VIOLATED)
   R_3970/D                     0.66           0.94 r        -0.28  (VIOLATED)
   R_4388/D                     0.65           0.93 f        -0.28  (VIOLATED)
   mem_stage_inst/rd_data_reg/reg_data_reg[7]/D
                                0.66           0.93 f        -0.27  (VIOLATED)
   if_stage_inst/btb_inst/R_4507/D
                                0.67           0.92 r        -0.25  (VIOLATED)
   R_556/D                      0.66           0.91 r        -0.25  (VIOLATED)
   control_unit_inst/ctrl_ID_EX_reg[ALU_SEL][1]/D
                                0.66           0.89 f        -0.23  (VIOLATED)
   id_stage_inst/reg_file_inst/R_4382/D
                                0.66           0.89 f        -0.23  (VIOLATED)
   id_stage_inst/reg_file_inst/R_4389/D
                                0.66           0.89 f        -0.23  (VIOLATED)
   id_stage_inst/reg_file_inst/R_4383/D
                                0.66           0.89 f        -0.23  (VIOLATED)
   id_stage_inst/reg_file_inst/R_4390/D
                                0.66           0.89 f        -0.23  (VIOLATED)
   id_stage_inst/reg_file_inst/R_4379/D
                                0.66           0.88 f        -0.22  (VIOLATED)
   id_stage_inst/reg_file_inst/R_4378/D
                                0.66           0.88 f        -0.22  (VIOLATED)
   id_stage_inst/reg_file_inst/R_4380/D
                                0.66           0.88 f        -0.22  (VIOLATED)
   control_unit_inst/ctrl_ID_EX_reg[ALU_SEL][0]/D
                                0.66           0.88 f        -0.22  (VIOLATED)
   id_stage_inst/reg_file_inst/R_4381/D
                                0.66           0.88 f        -0.22  (VIOLATED)
   R_3974/D                     0.66           0.88 f        -0.22  (VIOLATED)
   id_stage_inst/reg_file_inst/R_4416/D
                                0.66           0.87 f        -0.21  (VIOLATED)
   id_stage_inst/reg_file_inst/R_4417/D
                                0.66           0.87 f        -0.21  (VIOLATED)
   control_unit_inst/ctrl_ID_EX_reg[MEM_SEL][2]/D
                                0.66           0.87 r        -0.21  (VIOLATED)
   control_unit_inst/ctrl_ID_EX_reg[MEM_SEL][0]/D
                                0.66           0.87 r        -0.21  (VIOLATED)
   id_stage_inst/reg_file_inst/R_724/D
                                0.65           0.86 f        -0.21  (VIOLATED)
   id_stage_inst/reg_file_inst/R_726/D
                                0.65           0.86 f        -0.21  (VIOLATED)
   id_stage_inst/reg_file_inst/R_728/D
                                0.65           0.86 f        -0.21  (VIOLATED)
   id_stage_inst/reg_file_inst/R_730/D
                                0.65           0.86 f        -0.21  (VIOLATED)
   id_stage_inst/reg_file_inst/R_732/D
                                0.65           0.86 f        -0.21  (VIOLATED)
   id_stage_inst/reg_file_inst/R_734/D
                                0.65           0.86 f        -0.21  (VIOLATED)
   id_stage_inst/reg_file_inst/R_736/D
                                0.65           0.86 f        -0.21  (VIOLATED)
   id_stage_inst/reg_file_inst/R_776/D
                                0.65           0.86 f        -0.21  (VIOLATED)
   id_stage_inst/reg_file_inst/R_778/D
                                0.65           0.86 f        -0.21  (VIOLATED)
   id_stage_inst/reg_file_inst/R_784/D
                                0.65           0.86 f        -0.21  (VIOLATED)
   id_stage_inst/reg_file_inst/R_786/D
                                0.65           0.86 f        -0.21  (VIOLATED)
   id_stage_inst/reg_file_inst/R_796/D
                                0.65           0.86 f        -0.21  (VIOLATED)
   id_stage_inst/reg_file_inst/R_798/D
                                0.65           0.86 f        -0.21  (VIOLATED)
   id_stage_inst/reg_file_inst/R_800/D
                                0.65           0.86 f        -0.21  (VIOLATED)
   id_stage_inst/reg_file_inst/R_802/D
                                0.65           0.86 f        -0.21  (VIOLATED)
   id_stage_inst/reg_file_inst/R_804/D
                                0.65           0.86 f        -0.21  (VIOLATED)
   id_stage_inst/reg_file_inst/R_806/D
                                0.65           0.86 f        -0.21  (VIOLATED)
   id_stage_inst/reg_file_inst/R_808/D
                                0.65           0.86 f        -0.21  (VIOLATED)
   id_stage_inst/reg_file_inst/R_810/D
                                0.65           0.86 f        -0.21  (VIOLATED)
   id_stage_inst/reg_file_inst/R_824/D
                                0.65           0.86 f        -0.21  (VIOLATED)
   id_stage_inst/reg_file_inst/R_826/D
                                0.65           0.86 f        -0.21  (VIOLATED)
   id_stage_inst/reg_file_inst/R_828/D
                                0.65           0.86 f        -0.21  (VIOLATED)
   id_stage_inst/reg_file_inst/R_830/D
                                0.65           0.86 f        -0.21  (VIOLATED)
   id_stage_inst/reg_file_inst/R_832/D
                                0.65           0.86 f        -0.21  (VIOLATED)
   id_stage_inst/reg_file_inst/R_834/D
                                0.65           0.86 f        -0.21  (VIOLATED)
   id_stage_inst/reg_file_inst/R_844/D
                                0.65           0.86 f        -0.21  (VIOLATED)
   id_stage_inst/reg_file_inst/R_846/D
                                0.65           0.86 f        -0.21  (VIOLATED)
   id_stage_inst/reg_file_inst/R_852/D
                                0.65           0.86 f        -0.21  (VIOLATED)
   id_stage_inst/reg_file_inst/R_854/D
                                0.65           0.86 f        -0.21  (VIOLATED)
   id_stage_inst/reg_file_inst/R_864/D
                                0.65           0.86 f        -0.21  (VIOLATED)
   id_stage_inst/reg_file_inst/R_866/D
                                0.65           0.86 f        -0.21  (VIOLATED)
   id_stage_inst/reg_file_inst/R_868/D
                                0.65           0.86 f        -0.21  (VIOLATED)
   id_stage_inst/reg_file_inst/R_870/D
                                0.65           0.86 f        -0.21  (VIOLATED)
   id_stage_inst/reg_file_inst/R_872/D
                                0.65           0.86 f        -0.21  (VIOLATED)
   id_stage_inst/reg_file_inst/R_874/D
                                0.65           0.86 f        -0.21  (VIOLATED)
   id_stage_inst/reg_file_inst/R_876/D
                                0.65           0.86 f        -0.21  (VIOLATED)
   id_stage_inst/reg_file_inst/R_878/D
                                0.65           0.86 f        -0.21  (VIOLATED)
   R_528/D                      0.66           0.86 f        -0.21  (VIOLATED)
   id_stage_inst/reg_file_inst/R_836/D
                                0.66           0.86 f        -0.21  (VIOLATED)
   id_stage_inst/reg_file_inst/R_4419/D
                                0.66           0.86 f        -0.20  (VIOLATED)
   id_stage_inst/reg_file_inst/R_4418/D
                                0.66           0.86 f        -0.20  (VIOLATED)
   control_unit_inst/ctrl_ID_EX_reg[ALU_SEL][2]/D
                                0.66           0.87 r        -0.20  (VIOLATED)
   control_unit_inst/ctrl_ID_EX_reg[ALU_SEL][4]/D
                                0.66           0.87 r        -0.20  (VIOLATED)
   ex_stage_inst/mult_pp_inst/tree_i/layer_4_r_reg[0][0]/D
                                0.66           0.86 f        -0.20  (VIOLATED)
   control_unit_inst/ctrl_ID_EX_reg[WB_SEL]/D
                                0.67           0.86 r        -0.19  (VIOLATED)
   id_stage_inst/reg_file_inst/R_3178/D
                                0.67           0.86 r        -0.19  (VIOLATED)
   id_stage_inst/reg_file_inst/R_3247/D
                                0.67           0.86 r        -0.19  (VIOLATED)
   id_stage_inst/reg_file_inst/R_3322/D
                                0.67           0.86 r        -0.19  (VIOLATED)
   id_stage_inst/reg_file_inst/R_3502/D
                                0.67           0.86 r        -0.19  (VIOLATED)
   id_stage_inst/reg_file_inst/R_3109/D
                                0.67           0.86 r        -0.19  (VIOLATED)
   id_stage_inst/reg_file_inst/R_3116/D
                                0.67           0.86 r        -0.19  (VIOLATED)
   id_stage_inst/reg_file_inst/R_3119/D
                                0.67           0.86 r        -0.19  (VIOLATED)
   id_stage_inst/reg_file_inst/R_3139/D
                                0.67           0.86 r        -0.19  (VIOLATED)
   id_stage_inst/reg_file_inst/R_3142/D
                                0.67           0.86 r        -0.19  (VIOLATED)
   id_stage_inst/reg_file_inst/R_3175/D
                                0.67           0.86 r        -0.19  (VIOLATED)
   id_stage_inst/reg_file_inst/R_3211/D
                                0.67           0.86 r        -0.19  (VIOLATED)
   id_stage_inst/reg_file_inst/R_3283/D
                                0.67           0.86 r        -0.19  (VIOLATED)
   id_stage_inst/reg_file_inst/R_3319/D
                                0.67           0.86 r        -0.19  (VIOLATED)
   id_stage_inst/reg_file_inst/R_3355/D
                                0.67           0.86 r        -0.19  (VIOLATED)
   id_stage_inst/reg_file_inst/R_3358/D
                                0.67           0.86 r        -0.19  (VIOLATED)
   id_stage_inst/reg_file_inst/R_3391/D
                                0.67           0.86 r        -0.19  (VIOLATED)
   id_stage_inst/reg_file_inst/R_3394/D
                                0.67           0.86 r        -0.19  (VIOLATED)
   id_stage_inst/reg_file_inst/R_3427/D
                                0.67           0.86 r        -0.19  (VIOLATED)
   id_stage_inst/reg_file_inst/R_3466/D
                                0.67           0.86 r        -0.19  (VIOLATED)
   id_stage_inst/reg_file_inst/R_3196/D
                                0.67           0.85 r        -0.19  (VIOLATED)
   id_stage_inst/reg_file_inst/R_3265/D
                                0.67           0.85 r        -0.19  (VIOLATED)
   id_stage_inst/reg_file_inst/R_3454/D
                                0.67           0.85 r        -0.19  (VIOLATED)
   id_stage_inst/reg_file_inst/R_3490/D
                                0.67           0.85 r        -0.19  (VIOLATED)
   id_stage_inst/reg_file_inst/R_3376/D
                                0.67           0.85 r        -0.19  (VIOLATED)
   id_stage_inst/reg_file_inst/R_3550/D
                                0.67           0.85 r        -0.19  (VIOLATED)
   id_stage_inst/reg_file_inst/R_3310/D
                                0.67           0.85 r        -0.19  (VIOLATED)
   id_stage_inst/reg_file_inst/R_3403/D
                                0.67           0.85 r        -0.19  (VIOLATED)
   id_stage_inst/reg_file_inst/R_3148/D
                                0.67           0.85 r        -0.19  (VIOLATED)
   id_stage_inst/reg_file_inst/R_3325/D
                                0.67           0.85 r        -0.19  (VIOLATED)
   id_stage_inst/reg_file_inst/R_3460/D
                                0.67           0.85 r        -0.19  (VIOLATED)
   id_stage_inst/reg_file_inst/R_3496/D
                                0.67           0.85 r        -0.19  (VIOLATED)
   id_stage_inst/reg_file_inst/R_3298/D
                                0.67           0.85 r        -0.19  (VIOLATED)
   id_stage_inst/reg_file_inst/R_3397/D
                                0.67           0.85 r        -0.19  (VIOLATED)
   id_stage_inst/reg_file_inst/R_3202/D
                                0.67           0.85 r        -0.19  (VIOLATED)
   id_stage_inst/reg_file_inst/R_3514/D
                                0.67           0.85 r        -0.19  (VIOLATED)
   id_stage_inst/reg_file_inst/R_3134/D
                                0.67           0.85 r        -0.19  (VIOLATED)
   id_stage_inst/reg_file_inst/R_3313/D
                                0.67           0.85 r        -0.19  (VIOLATED)
   id_stage_inst/reg_file_inst/R_3190/D
                                0.67           0.85 r        -0.19  (VIOLATED)
   id_stage_inst/reg_file_inst/R_3508/D
                                0.67           0.85 r        -0.19  (VIOLATED)
   id_stage_inst/reg_file_inst/R_3128/D
                                0.67           0.85 r        -0.19  (VIOLATED)
   id_stage_inst/reg_file_inst/R_3160/D
                                0.67           0.85 r        -0.19  (VIOLATED)
   id_stage_inst/reg_file_inst/R_3229/D
                                0.67           0.85 r        -0.19  (VIOLATED)
   id_stage_inst/reg_file_inst/R_3301/D
                                0.67           0.85 r        -0.19  (VIOLATED)
   id_stage_inst/reg_file_inst/R_3337/D
                                0.67           0.85 r        -0.19  (VIOLATED)
   id_stage_inst/reg_file_inst/R_3346/D
                                0.67           0.85 r        -0.19  (VIOLATED)
   id_stage_inst/reg_file_inst/R_3409/D
                                0.67           0.85 r        -0.19  (VIOLATED)
   id_stage_inst/reg_file_inst/R_3412/D
                                0.67           0.85 r        -0.19  (VIOLATED)
   id_stage_inst/reg_file_inst/R_3445/D
                                0.67           0.85 r        -0.19  (VIOLATED)
   id_stage_inst/reg_file_inst/R_3448/D
                                0.67           0.85 r        -0.19  (VIOLATED)
   id_stage_inst/reg_file_inst/R_3484/D
                                0.67           0.85 r        -0.19  (VIOLATED)
   id_stage_inst/reg_file_inst/R_3520/D
                                0.67           0.85 r        -0.19  (VIOLATED)
   id_stage_inst/reg_file_inst/R_3122/D
                                0.67           0.85 r        -0.19  (VIOLATED)
   id_stage_inst/reg_file_inst/R_3181/D
                                0.67           0.85 r        -0.19  (VIOLATED)
   id_stage_inst/reg_file_inst/R_3184/D
                                0.67           0.85 r        -0.19  (VIOLATED)
   id_stage_inst/reg_file_inst/R_3217/D
                                0.67           0.85 r        -0.19  (VIOLATED)
   id_stage_inst/reg_file_inst/R_3220/D
                                0.67           0.85 r        -0.19  (VIOLATED)
   id_stage_inst/reg_file_inst/R_3253/D
                                0.67           0.85 r        -0.19  (VIOLATED)
   id_stage_inst/reg_file_inst/R_3289/D
                                0.67           0.85 r        -0.19  (VIOLATED)
   id_stage_inst/reg_file_inst/R_3382/D
                                0.67           0.85 r        -0.19  (VIOLATED)
   id_stage_inst/reg_file_inst/R_3418/D
                                0.67           0.85 r        -0.19  (VIOLATED)
   id_stage_inst/reg_file_inst/R_3451/D
                                0.67           0.85 r        -0.19  (VIOLATED)
   id_stage_inst/reg_file_inst/R_3526/D
                                0.67           0.85 r        -0.19  (VIOLATED)
   id_stage_inst/reg_file_inst/R_3556/D
                                0.67           0.85 r        -0.19  (VIOLATED)
   id_stage_inst/reg_file_inst/R_3131/D
                                0.67           0.85 r        -0.19  (VIOLATED)
   id_stage_inst/reg_file_inst/R_3166/D
                                0.67           0.85 r        -0.19  (VIOLATED)
   id_stage_inst/reg_file_inst/R_3235/D
                                0.67           0.85 r        -0.19  (VIOLATED)
   id_stage_inst/reg_file_inst/R_3238/D
                                0.67           0.85 r        -0.19  (VIOLATED)
   id_stage_inst/reg_file_inst/R_3274/D
                                0.67           0.85 r        -0.19  (VIOLATED)
   id_stage_inst/reg_file_inst/R_3307/D
                                0.67           0.85 r        -0.19  (VIOLATED)
   id_stage_inst/reg_file_inst/R_3340/D
                                0.67           0.85 r        -0.19  (VIOLATED)
   id_stage_inst/reg_file_inst/R_3343/D
                                0.67           0.85 r        -0.19  (VIOLATED)
   id_stage_inst/reg_file_inst/R_3367/D
                                0.67           0.85 r        -0.19  (VIOLATED)
   id_stage_inst/reg_file_inst/R_3439/D
                                0.67           0.85 r        -0.19  (VIOLATED)
   id_stage_inst/reg_file_inst/R_3478/D
                                0.67           0.85 r        -0.19  (VIOLATED)
   id_stage_inst/reg_file_inst/R_3544/D
                                0.67           0.85 r        -0.19  (VIOLATED)
   id_stage_inst/reg_file_inst/R_3169/D
                                0.67           0.85 r        -0.19  (VIOLATED)
   id_stage_inst/reg_file_inst/R_3172/D
                                0.67           0.85 r        -0.19  (VIOLATED)
   id_stage_inst/reg_file_inst/R_3205/D
                                0.67           0.85 r        -0.19  (VIOLATED)
   id_stage_inst/reg_file_inst/R_3208/D
                                0.67           0.85 r        -0.19  (VIOLATED)
   id_stage_inst/reg_file_inst/R_3241/D
                                0.67           0.85 r        -0.19  (VIOLATED)
   id_stage_inst/reg_file_inst/R_3277/D
                                0.67           0.85 r        -0.19  (VIOLATED)
   id_stage_inst/reg_file_inst/R_3352/D
                                0.67           0.85 r        -0.19  (VIOLATED)
   id_stage_inst/reg_file_inst/R_3388/D
                                0.67           0.85 r        -0.19  (VIOLATED)
   id_stage_inst/reg_file_inst/R_3424/D
                                0.67           0.85 r        -0.19  (VIOLATED)
   id_stage_inst/reg_file_inst/R_3457/D
                                0.67           0.85 r        -0.19  (VIOLATED)
   id_stage_inst/reg_file_inst/R_3532/D
                                0.67           0.85 r        -0.19  (VIOLATED)
   id_stage_inst/reg_file_inst/R_3562/D
                                0.67           0.85 r        -0.19  (VIOLATED)
   id_stage_inst/reg_file_inst/R_3125/D
                                0.67           0.85 r        -0.19  (VIOLATED)
   id_stage_inst/reg_file_inst/R_3154/D
                                0.67           0.85 r        -0.19  (VIOLATED)
   id_stage_inst/reg_file_inst/R_3223/D
                                0.67           0.85 r        -0.19  (VIOLATED)
   id_stage_inst/reg_file_inst/R_3226/D
                                0.67           0.85 r        -0.19  (VIOLATED)
   id_stage_inst/reg_file_inst/R_3262/D
                                0.67           0.85 r        -0.19  (VIOLATED)
   id_stage_inst/reg_file_inst/R_3295/D
                                0.67           0.85 r        -0.19  (VIOLATED)
   id_stage_inst/reg_file_inst/R_3331/D
                                0.67           0.85 r        -0.19  (VIOLATED)
   id_stage_inst/reg_file_inst/R_3334/D
                                0.67           0.85 r        -0.19  (VIOLATED)
   id_stage_inst/reg_file_inst/R_3361/D
                                0.67           0.85 r        -0.19  (VIOLATED)
   id_stage_inst/reg_file_inst/R_3433/D
                                0.67           0.85 r        -0.19  (VIOLATED)
   id_stage_inst/reg_file_inst/R_3472/D
                                0.67           0.85 r        -0.19  (VIOLATED)
   id_stage_inst/reg_file_inst/R_3538/D
                                0.67           0.85 r        -0.19  (VIOLATED)
   id_stage_inst/reg_file_inst/R_3157/D
                                0.67           0.85 r        -0.19  (VIOLATED)
   id_stage_inst/reg_file_inst/R_3193/D
                                0.67           0.85 r        -0.19  (VIOLATED)
   id_stage_inst/reg_file_inst/R_3379/D
                                0.67           0.85 r        -0.19  (VIOLATED)
   id_stage_inst/reg_file_inst/R_3415/D
                                0.67           0.85 r        -0.19  (VIOLATED)
   id_stage_inst/reg_file_inst/R_3199/D
                                0.67           0.85 r        -0.19  (VIOLATED)
   id_stage_inst/reg_file_inst/R_3271/D
                                0.67           0.85 r        -0.19  (VIOLATED)
   id_stage_inst/reg_file_inst/R_3385/D
                                0.67           0.85 r        -0.19  (VIOLATED)
   id_stage_inst/reg_file_inst/R_3187/D
                                0.67           0.85 r        -0.19  (VIOLATED)
   id_stage_inst/reg_file_inst/R_3421/D
                                0.67           0.85 r        -0.19  (VIOLATED)
   id_stage_inst/reg_file_inst/R_3259/D
                                0.67           0.85 r        -0.19  (VIOLATED)
   id_stage_inst/reg_file_inst/R_3373/D
                                0.67           0.85 r        -0.19  (VIOLATED)
   id_stage_inst/reg_file_inst/R_3145/D
                                0.67           0.85 r        -0.19  (VIOLATED)
   id_stage_inst/reg_file_inst/R_3163/D
                                0.67           0.85 r        -0.19  (VIOLATED)
   id_stage_inst/reg_file_inst/R_3349/D
                                0.67           0.85 r        -0.19  (VIOLATED)
   id_stage_inst/reg_file_inst/R_3151/D
                                0.67           0.85 r        -0.19  (VIOLATED)
   ex_stage_inst/mult_pp_inst/tree_i/layer_4_r_reg[2][6]/D
                                0.65           0.83 f        -0.17  (VIOLATED)
   ex_stage_inst/mult_pp_inst/tree_i/layer_4_r_reg[2][18]/D
                                0.66           0.83 f        -0.17  (VIOLATED)
   R_4054/D                     0.66           0.83 f        -0.17  (VIOLATED)
   ex_stage_inst/mult_pp_inst/tree_i/layer_4_r_reg[2][2]/D
                                0.66           0.83 f        -0.17  (VIOLATED)
   ex_stage_inst/mult_pp_inst/tree_i/layer_4_r_reg[2][4]/D
                                0.66           0.83 f        -0.17  (VIOLATED)
   ex_stage_inst/mult_pp_inst/tree_i/layer_4_r_reg[2][8]/D
                                0.66           0.83 f        -0.17  (VIOLATED)
   ex_stage_inst/mult_pp_inst/tree_i/layer_4_r_reg[2][10]/D
                                0.66           0.83 f        -0.17  (VIOLATED)
   id_stage_inst/reg_file_inst/R_455/D
                                0.67           0.84 r        -0.17  (VIOLATED)
   id_stage_inst/reg_file_inst/R_477/D
                                0.67           0.84 r        -0.17  (VIOLATED)
   id_stage_inst/reg_file_inst/R_467/D
                                0.67           0.84 r        -0.17  (VIOLATED)
   id_stage_inst/reg_file_inst/R_501/D
                                0.67           0.84 r        -0.17  (VIOLATED)
   id_stage_inst/reg_file_inst/R_479/D
                                0.67           0.84 r        -0.17  (VIOLATED)
   id_stage_inst/reg_file_inst/R_485/D
                                0.67           0.84 r        -0.17  (VIOLATED)
   id_stage_inst/reg_file_inst/R_503/D
                                0.67           0.84 r        -0.17  (VIOLATED)
   id_stage_inst/reg_file_inst/R_509/D
                                0.67           0.84 r        -0.17  (VIOLATED)
   id_stage_inst/reg_file_inst/R_399/D
                                0.67           0.84 r        -0.17  (VIOLATED)
   id_stage_inst/reg_file_inst/R_403/D
                                0.67           0.84 r        -0.17  (VIOLATED)
   id_stage_inst/reg_file_inst/R_405/D
                                0.67           0.84 r        -0.17  (VIOLATED)
   id_stage_inst/reg_file_inst/R_407/D
                                0.67           0.84 r        -0.17  (VIOLATED)
   id_stage_inst/reg_file_inst/R_437/D
                                0.67           0.84 r        -0.17  (VIOLATED)
   id_stage_inst/reg_file_inst/R_441/D
                                0.67           0.84 r        -0.17  (VIOLATED)
   id_stage_inst/reg_file_inst/R_453/D
                                0.67           0.84 r        -0.17  (VIOLATED)
   id_stage_inst/reg_file_inst/R_481/D
                                0.67           0.84 r        -0.17  (VIOLATED)
   id_stage_inst/reg_file_inst/R_483/D
                                0.67           0.84 r        -0.17  (VIOLATED)
   id_stage_inst/reg_file_inst/R_487/D
                                0.67           0.84 r        -0.17  (VIOLATED)
   id_stage_inst/reg_file_inst/R_489/D
                                0.67           0.84 r        -0.17  (VIOLATED)
   id_stage_inst/reg_file_inst/R_491/D
                                0.67           0.84 r        -0.17  (VIOLATED)
   id_stage_inst/reg_file_inst/R_411/D
                                0.67           0.84 r        -0.17  (VIOLATED)
   id_stage_inst/reg_file_inst/R_415/D
                                0.67           0.84 r        -0.17  (VIOLATED)
   id_stage_inst/reg_file_inst/R_417/D
                                0.67           0.84 r        -0.17  (VIOLATED)
   id_stage_inst/reg_file_inst/R_419/D
                                0.67           0.84 r        -0.17  (VIOLATED)
   id_stage_inst/reg_file_inst/R_439/D
                                0.67           0.84 r        -0.17  (VIOLATED)
   id_stage_inst/reg_file_inst/R_447/D
                                0.67           0.84 r        -0.17  (VIOLATED)
   id_stage_inst/reg_file_inst/R_465/D
                                0.67           0.84 r        -0.17  (VIOLATED)
   id_stage_inst/reg_file_inst/R_505/D
                                0.67           0.84 r        -0.17  (VIOLATED)
   id_stage_inst/reg_file_inst/R_507/D
                                0.67           0.84 r        -0.17  (VIOLATED)
   id_stage_inst/reg_file_inst/R_511/D
                                0.67           0.84 r        -0.17  (VIOLATED)
   id_stage_inst/reg_file_inst/R_513/D
                                0.67           0.84 r        -0.17  (VIOLATED)
   id_stage_inst/reg_file_inst/R_515/D
                                0.67           0.84 r        -0.17  (VIOLATED)
   id_stage_inst/reg_file_inst/R_397/D
                                0.67           0.84 r        -0.17  (VIOLATED)
   id_stage_inst/reg_file_inst/R_499/D
                                0.67           0.84 r        -0.17  (VIOLATED)
   id_stage_inst/reg_file_inst/R_401/D
                                0.67           0.84 r        -0.17  (VIOLATED)
   id_stage_inst/reg_file_inst/R_409/D
                                0.67           0.84 r        -0.17  (VIOLATED)
   id_stage_inst/reg_file_inst/R_523/D
                                0.67           0.84 r        -0.17  (VIOLATED)
   id_stage_inst/reg_file_inst/R_413/D
                                0.67           0.84 r        -0.17  (VIOLATED)
   id_stage_inst/reg_file_inst/R_916/D
                                0.66           0.83 f        -0.17  (VIOLATED)
   id_stage_inst/reg_file_inst/R_918/D
                                0.66           0.83 f        -0.17  (VIOLATED)
   id_stage_inst/reg_file_inst/R_920/D
                                0.66           0.83 f        -0.17  (VIOLATED)
   id_stage_inst/reg_file_inst/R_922/D
                                0.66           0.83 f        -0.17  (VIOLATED)
   id_stage_inst/reg_file_inst/R_924/D
                                0.66           0.83 f        -0.17  (VIOLATED)
   id_stage_inst/reg_file_inst/R_926/D
                                0.66           0.83 f        -0.17  (VIOLATED)
   id_stage_inst/reg_file_inst/R_959/D
                                0.66           0.83 f        -0.17  (VIOLATED)
   id_stage_inst/reg_file_inst/R_969/D
                                0.66           0.83 f        -0.17  (VIOLATED)
   id_stage_inst/reg_file_inst/R_973/D
                                0.66           0.83 f        -0.17  (VIOLATED)
   id_stage_inst/reg_file_inst/R_946/D
                                0.66           0.83 f        -0.17  (VIOLATED)
   id_stage_inst/reg_file_inst/R_950/D
                                0.66           0.83 f        -0.17  (VIOLATED)
   id_stage_inst/reg_file_inst/R_955/D
                                0.66           0.83 f        -0.17  (VIOLATED)
   id_stage_inst/reg_file_inst/R_963/D
                                0.66           0.83 f        -0.17  (VIOLATED)
   id_stage_inst/reg_file_inst/R_977/D
                                0.66           0.83 f        -0.17  (VIOLATED)
   id_stage_inst/reg_file_inst/R_981/D
                                0.66           0.83 f        -0.17  (VIOLATED)
   id_stage_inst/reg_file_inst/R_928/D
                                0.66           0.83 f        -0.17  (VIOLATED)
   id_stage_inst/reg_file_inst/R_932/D
                                0.66           0.83 f        -0.17  (VIOLATED)
   id_stage_inst/reg_file_inst/R_914/D
                                0.66           0.83 f        -0.17  (VIOLATED)
   id_stage_inst/reg_file_inst/R_4415/D
                                0.67           0.83 r        -0.17  (VIOLATED)
   R_4176/D                     0.67           0.83 r        -0.16  (VIOLATED)
   R_4183/D                     0.66           0.82 f        -0.16  (VIOLATED)
   R_4071/D                     0.66           0.82 f        -0.16  (VIOLATED)
   control_unit_inst/ctrl_ID_EX_reg[ALU_SEL][3]/D
                                0.66           0.83 r        -0.16  (VIOLATED)
   R_2843/D                     0.64           0.80 f        -0.16  (VIOLATED)
   id_stage_inst/reg_file_inst/R_3505/D
                                0.67           0.82 r        -0.15  (VIOLATED)
   id_stage_inst/reg_file_inst/R_3214/D
                                0.67           0.82 r        -0.15  (VIOLATED)
   id_stage_inst/reg_file_inst/R_3430/D
                                0.67           0.82 r        -0.15  (VIOLATED)
   id_stage_inst/reg_file_inst/R_3580/D
                                0.67           0.82 r        -0.15  (VIOLATED)
   id_stage_inst/reg_file_inst/R_3598/D
                                0.67           0.82 r        -0.15  (VIOLATED)
   id_stage_inst/reg_file_inst/R_3616/D
                                0.67           0.82 r        -0.15  (VIOLATED)
   id_stage_inst/reg_file_inst/R_3634/D
                                0.67           0.82 r        -0.15  (VIOLATED)
   id_stage_inst/reg_file_inst/R_3652/D
                                0.67           0.82 r        -0.15  (VIOLATED)
   R_2824/D                     0.64           0.80 f        -0.15  (VIOLATED)
   id_stage_inst/reg_file_inst/R_3256/D
                                0.66           0.82 r        -0.15  (VIOLATED)
   id_stage_inst/reg_file_inst/R_3250/D
                                0.67           0.82 r        -0.15  (VIOLATED)
   id_stage_inst/reg_file_inst/R_3469/D
                                0.67           0.82 r        -0.15  (VIOLATED)
   id_stage_inst/reg_file_inst/R_3577/D
                                0.67           0.82 r        -0.15  (VIOLATED)
   id_stage_inst/reg_file_inst/R_3286/D
                                0.67           0.82 r        -0.15  (VIOLATED)
   R_2805/D                     0.64           0.80 f        -0.15  (VIOLATED)
   R_2826/D                     0.64           0.80 f        -0.15  (VIOLATED)
   R_2830/D                     0.64           0.80 f        -0.15  (VIOLATED)
   id_stage_inst/reg_file_inst/R_3553/D
                                0.67           0.82 r        -0.15  (VIOLATED)
   id_stage_inst/reg_file_inst/R_3232/D
                                0.67           0.82 r        -0.15  (VIOLATED)
   id_stage_inst/reg_file_inst/R_3328/D
                                0.67           0.82 r        -0.15  (VIOLATED)
   id_stage_inst/reg_file_inst/R_3487/D
                                0.67           0.82 r        -0.15  (VIOLATED)
   id_stage_inst/reg_file_inst/R_3607/D
                                0.67           0.82 r        -0.15  (VIOLATED)
   id_stage_inst/reg_file_inst/R_3625/D
                                0.67           0.82 r        -0.15  (VIOLATED)
   id_stage_inst/reg_file_inst/R_3646/D
                                0.67           0.82 r        -0.15  (VIOLATED)
   id_stage_inst/reg_file_inst/R_3661/D
                                0.67           0.82 r        -0.15  (VIOLATED)
   id_stage_inst/reg_file_inst/R_3676/D
                                0.67           0.82 r        -0.15  (VIOLATED)
   id_stage_inst/reg_file_inst/R_3493/D
                                0.67           0.82 r        -0.15  (VIOLATED)
   id_stage_inst/reg_file_inst/R_3583/D
                                0.67           0.82 r        -0.15  (VIOLATED)
   id_stage_inst/reg_file_inst/R_3601/D
                                0.67           0.82 r        -0.15  (VIOLATED)
   id_stage_inst/reg_file_inst/R_3619/D
                                0.67           0.82 r        -0.15  (VIOLATED)
   id_stage_inst/reg_file_inst/R_3664/D
                                0.67           0.82 r        -0.15  (VIOLATED)
   id_stage_inst/reg_file_inst/R_3679/D
                                0.67           0.82 r        -0.15  (VIOLATED)
   id_stage_inst/reg_file_inst/R_3547/D
                                0.67           0.82 r        -0.15  (VIOLATED)
   id_stage_inst/reg_file_inst/R_3370/D
                                0.67           0.82 r        -0.15  (VIOLATED)
   id_stage_inst/reg_file_inst/R_3406/D
                                0.67           0.82 r        -0.15  (VIOLATED)
   id_stage_inst/reg_file_inst/R_3610/D
                                0.67           0.82 r        -0.15  (VIOLATED)
   id_stage_inst/reg_file_inst/R_3628/D
                                0.67           0.82 r        -0.15  (VIOLATED)
   id_stage_inst/reg_file_inst/R_3640/D
                                0.67           0.82 r        -0.15  (VIOLATED)
   id_stage_inst/reg_file_inst/R_3658/D
                                0.67           0.82 r        -0.15  (VIOLATED)
   id_stage_inst/reg_file_inst/R_3673/D
                                0.67           0.82 r        -0.15  (VIOLATED)
   id_stage_inst/reg_file_inst/R_3316/D
                                0.67           0.82 r        -0.15  (VIOLATED)
   id_stage_inst/reg_file_inst/R_3541/D
                                0.67           0.82 r        -0.15  (VIOLATED)
   id_stage_inst/reg_file_inst/R_3244/D
                                0.67           0.82 r        -0.15  (VIOLATED)
   id_stage_inst/reg_file_inst/R_3499/D
                                0.67           0.82 r        -0.15  (VIOLATED)
   id_stage_inst/reg_file_inst/R_3595/D
                                0.67           0.82 r        -0.15  (VIOLATED)
   id_stage_inst/reg_file_inst/R_3613/D
                                0.67           0.82 r        -0.15  (VIOLATED)
   id_stage_inst/reg_file_inst/R_3631/D
                                0.67           0.82 r        -0.15  (VIOLATED)
   id_stage_inst/reg_file_inst/R_3649/D
                                0.67           0.82 r        -0.15  (VIOLATED)
   id_stage_inst/reg_file_inst/R_3667/D
                                0.67           0.82 r        -0.15  (VIOLATED)
   id_stage_inst/reg_file_inst/R_3364/D
                                0.67           0.82 r        -0.15  (VIOLATED)
   id_stage_inst/reg_file_inst/R_3400/D
                                0.67           0.82 r        -0.15  (VIOLATED)
   id_stage_inst/reg_file_inst/R_3604/D
                                0.67           0.82 r        -0.15  (VIOLATED)
   id_stage_inst/reg_file_inst/R_3622/D
                                0.67           0.82 r        -0.15  (VIOLATED)
   id_stage_inst/reg_file_inst/R_3637/D
                                0.67           0.82 r        -0.15  (VIOLATED)
   id_stage_inst/reg_file_inst/R_3655/D
                                0.67           0.82 r        -0.15  (VIOLATED)
   id_stage_inst/reg_file_inst/R_3670/D
                                0.67           0.82 r        -0.15  (VIOLATED)
   id_stage_inst/reg_file_inst/R_3268/D
                                0.67           0.82 r        -0.15  (VIOLATED)
   id_stage_inst/reg_file_inst/R_3523/D
                                0.67           0.82 r        -0.15  (VIOLATED)
   id_stage_inst/reg_file_inst/R_3292/D
                                0.67           0.82 r        -0.15  (VIOLATED)
   id_stage_inst/reg_file_inst/R_3529/D
                                0.67           0.82 r        -0.15  (VIOLATED)
   id_stage_inst/reg_file_inst/R_3442/D
                                0.67           0.82 r        -0.15  (VIOLATED)
   id_stage_inst/reg_file_inst/R_3481/D
                                0.67           0.82 r        -0.15  (VIOLATED)
   id_stage_inst/reg_file_inst/R_3280/D
                                0.67           0.82 r        -0.15  (VIOLATED)
   id_stage_inst/reg_file_inst/R_3535/D
                                0.67           0.82 r        -0.15  (VIOLATED)
   id_stage_inst/reg_file_inst/R_3436/D
                                0.67           0.82 r        -0.15  (VIOLATED)
   id_stage_inst/reg_file_inst/R_3475/D
                                0.67           0.82 r        -0.15  (VIOLATED)
   id_stage_inst/reg_file_inst/R_3589/D
                                0.67           0.82 r        -0.15  (VIOLATED)
   id_stage_inst/reg_file_inst/R_3643/D
                                0.67           0.82 r        -0.15  (VIOLATED)
   id_stage_inst/reg_file_inst/R_3592/D
                                0.67           0.82 r        -0.15  (VIOLATED)
   id_stage_inst/reg_file_inst/R_3682/D
                                0.67           0.82 r        -0.15  (VIOLATED)
   id_stage_inst/reg_file_inst/R_3586/D
                                0.67           0.82 r        -0.15  (VIOLATED)
   R_2761/D                     0.65           0.80 f        -0.15  (VIOLATED)
   R_2769/D                     0.65           0.80 f        -0.15  (VIOLATED)
   R_2774/D                     0.65           0.80 f        -0.15  (VIOLATED)
   id_stage_inst/reg_file_inst/R_3304/D
                                0.67           0.82 r        -0.15  (VIOLATED)
   id_stage_inst/reg_file_inst/R_3559/D
                                0.67           0.82 r        -0.15  (VIOLATED)
   id_stage_inst/reg_file_inst/R_3517/D
                                0.67           0.82 r        -0.15  (VIOLATED)
   id_stage_inst/reg_file_inst/R_3565/D
                                0.67           0.82 r        -0.15  (VIOLATED)
   id_stage_inst/reg_file_inst/R_3511/D
                                0.67           0.82 r        -0.15  (VIOLATED)
   id_stage_inst/reg_file_inst/R_772/D
                                0.66           0.81 f        -0.15  (VIOLATED)
   id_stage_inst/reg_file_inst/R_774/D
                                0.66           0.81 f        -0.15  (VIOLATED)
   id_stage_inst/reg_file_inst/R_780/D
                                0.66           0.81 f        -0.15  (VIOLATED)
   id_stage_inst/reg_file_inst/R_782/D
                                0.66           0.81 f        -0.15  (VIOLATED)
   id_stage_inst/reg_file_inst/R_788/D
                                0.66           0.81 f        -0.15  (VIOLATED)
   id_stage_inst/reg_file_inst/R_790/D
                                0.66           0.81 f        -0.15  (VIOLATED)
   id_stage_inst/reg_file_inst/R_794/D
                                0.66           0.81 f        -0.15  (VIOLATED)
   id_stage_inst/reg_file_inst/R_792/D
                                0.66           0.81 f        -0.15  (VIOLATED)
   id_stage_inst/reg_file_inst/R_840/D
                                0.66           0.81 f        -0.15  (VIOLATED)
   id_stage_inst/reg_file_inst/R_842/D
                                0.66           0.81 f        -0.15  (VIOLATED)
   id_stage_inst/reg_file_inst/R_848/D
                                0.66           0.81 f        -0.15  (VIOLATED)
   id_stage_inst/reg_file_inst/R_850/D
                                0.66           0.81 f        -0.15  (VIOLATED)
   id_stage_inst/reg_file_inst/R_856/D
                                0.66           0.81 f        -0.15  (VIOLATED)
   id_stage_inst/reg_file_inst/R_858/D
                                0.66           0.81 f        -0.15  (VIOLATED)
   id_stage_inst/reg_file_inst/R_862/D
                                0.66           0.81 f        -0.15  (VIOLATED)
   id_stage_inst/reg_file_inst/R_860/D
                                0.66           0.81 f        -0.15  (VIOLATED)
   R_2763/D                     0.65           0.80 f        -0.15  (VIOLATED)
   id_stage_inst/reg_file_inst/R_812/D
                                0.66           0.81 f        -0.15  (VIOLATED)
   id_stage_inst/reg_file_inst/R_814/D
                                0.66           0.81 f        -0.15  (VIOLATED)
   R_2815/D                     0.65           0.79 f        -0.15  (VIOLATED)
   id_stage_inst/reg_file_inst/R_818/D
                                0.66           0.81 f        -0.15  (VIOLATED)
   id_stage_inst/reg_file_inst/R_880/D
                                0.66           0.81 f        -0.15  (VIOLATED)
   id_stage_inst/reg_file_inst/R_882/D
                                0.66           0.81 f        -0.15  (VIOLATED)
   id_stage_inst/reg_file_inst/R_886/D
                                0.66           0.81 f        -0.15  (VIOLATED)
   id_stage_inst/reg_file_inst/R_816/D
                                0.66           0.81 f        -0.15  (VIOLATED)
   id_stage_inst/reg_file_inst/R_884/D
                                0.66           0.81 f        -0.15  (VIOLATED)
   id_stage_inst/reg_file_inst/R_967/D
                                0.66           0.80 f        -0.14  (VIOLATED)
   id_stage_inst/reg_file_inst/R_979/D
                                0.66           0.80 f        -0.14  (VIOLATED)
   id_stage_inst/reg_file_inst/R_934/D
                                0.66           0.80 f        -0.14  (VIOLATED)
   id_stage_inst/reg_file_inst/R_938/D
                                0.66           0.80 f        -0.14  (VIOLATED)
   id_stage_inst/reg_file_inst/R_942/D
                                0.66           0.80 f        -0.14  (VIOLATED)
   id_stage_inst/reg_file_inst/R_944/D
                                0.66           0.80 f        -0.14  (VIOLATED)
   id_stage_inst/reg_file_inst/R_953/D
                                0.66           0.80 f        -0.14  (VIOLATED)
   id_stage_inst/reg_file_inst/R_957/D
                                0.66           0.80 f        -0.14  (VIOLATED)
   id_stage_inst/reg_file_inst/R_961/D
                                0.66           0.80 f        -0.14  (VIOLATED)
   id_stage_inst/reg_file_inst/R_971/D
                                0.66           0.80 f        -0.14  (VIOLATED)
   id_stage_inst/reg_file_inst/R_975/D
                                0.66           0.80 f        -0.14  (VIOLATED)
   id_stage_inst/reg_file_inst/R_940/D
                                0.66           0.80 f        -0.14  (VIOLATED)
   id_stage_inst/reg_file_inst/R_948/D
                                0.66           0.80 f        -0.14  (VIOLATED)
   R_4271/D                     0.67           0.81 r        -0.14  (VIOLATED)
   R_2839/D                     0.65           0.79 f        -0.14  (VIOLATED)
   R_2750/D                     0.65           0.79 f        -0.14  (VIOLATED)
   R_2837/D                     0.65           0.79 f        -0.14  (VIOLATED)
   R_2848/D                     0.65           0.79 f        -0.14  (VIOLATED)
   R_2748/D                     0.65           0.79 f        -0.14  (VIOLATED)
   R_2757/D                     0.65           0.79 f        -0.14  (VIOLATED)
   R_2807/D                     0.65           0.79 f        -0.14  (VIOLATED)
   R_2809/D                     0.65           0.79 f        -0.14  (VIOLATED)
   R_2811/D                     0.65           0.79 f        -0.14  (VIOLATED)
   R_2813/D                     0.65           0.79 f        -0.14  (VIOLATED)
   R_2828/D                     0.65           0.79 f        -0.14  (VIOLATED)
   R_2834/D                     0.65           0.79 f        -0.14  (VIOLATED)
   R_2850/D                     0.65           0.79 f        -0.14  (VIOLATED)
   R_2752/D                     0.65           0.79 f        -0.14  (VIOLATED)
   R_4387/D                     0.66           0.80 r        -0.14  (VIOLATED)
   R_4240/D                     0.65           0.78 f        -0.14  (VIOLATED)
   R_4249/D                     0.65           0.78 f        -0.14  (VIOLATED)
   R_4252/D                     0.65           0.78 f        -0.14  (VIOLATED)
   R_4384/D                     0.66           0.80 r        -0.14  (VIOLATED)
   control_unit_inst/ctrl_ID_EX_reg[RD_RF2_EN]/D
                                0.66           0.79 f        -0.13  (VIOLATED)
   id_stage_inst/reg_file_inst/R_461/D
                                0.67           0.80 r        -0.13  (VIOLATED)
   id_stage_inst/reg_file_inst/R_473/D
                                0.67           0.80 r        -0.13  (VIOLATED)
   id_stage_inst/reg_file_inst/R_429/D
                                0.67           0.80 r        -0.13  (VIOLATED)
   id_stage_inst/reg_file_inst/R_431/D
                                0.67           0.80 r        -0.13  (VIOLATED)
   id_stage_inst/reg_file_inst/R_443/D
                                0.67           0.80 r        -0.13  (VIOLATED)
   id_stage_inst/reg_file_inst/R_445/D
                                0.67           0.80 r        -0.13  (VIOLATED)
   id_stage_inst/reg_file_inst/R_457/D
                                0.67           0.80 r        -0.13  (VIOLATED)
   id_stage_inst/reg_file_inst/R_459/D
                                0.67           0.80 r        -0.13  (VIOLATED)
   id_stage_inst/reg_file_inst/R_463/D
                                0.67           0.80 r        -0.13  (VIOLATED)
   id_stage_inst/reg_file_inst/R_433/D
                                0.67           0.80 r        -0.13  (VIOLATED)
   id_stage_inst/reg_file_inst/R_435/D
                                0.67           0.80 r        -0.13  (VIOLATED)
   id_stage_inst/reg_file_inst/R_449/D
                                0.67           0.80 r        -0.13  (VIOLATED)
   id_stage_inst/reg_file_inst/R_451/D
                                0.67           0.80 r        -0.13  (VIOLATED)
   id_stage_inst/reg_file_inst/R_469/D
                                0.67           0.80 r        -0.13  (VIOLATED)
   id_stage_inst/reg_file_inst/R_471/D
                                0.67           0.80 r        -0.13  (VIOLATED)
   id_stage_inst/reg_file_inst/R_475/D
                                0.67           0.80 r        -0.13  (VIOLATED)
   id_stage_inst/reg_file_inst/R_493/D
                                0.67           0.80 r        -0.13  (VIOLATED)
   id_stage_inst/reg_file_inst/R_495/D
                                0.67           0.80 r        -0.13  (VIOLATED)
   id_stage_inst/reg_file_inst/R_517/D
                                0.67           0.80 r        -0.13  (VIOLATED)
   id_stage_inst/reg_file_inst/R_519/D
                                0.67           0.80 r        -0.13  (VIOLATED)
   id_stage_inst/reg_file_inst/R_391/D
                                0.67           0.80 r        -0.13  (VIOLATED)
   id_stage_inst/reg_file_inst/R_393/D
                                0.67           0.80 r        -0.13  (VIOLATED)
   id_stage_inst/reg_file_inst/R_497/D
                                0.67           0.80 r        -0.13  (VIOLATED)
   id_stage_inst/reg_file_inst/R_521/D
                                0.67           0.80 r        -0.13  (VIOLATED)
   R_2780/D                     0.65           0.78 f        -0.13  (VIOLATED)
   R_4032/D                     0.65           0.78 f        -0.13  (VIOLATED)
   ex_stage_inst/mult_pp_inst/tree_i/layer_4_r_reg[0][1]/D
                                0.66           0.79 f        -0.13  (VIOLATED)
   R_4004/D                     0.65           0.78 f        -0.13  (VIOLATED)
   R_4070/D                     0.65           0.77 f        -0.12  (VIOLATED)
   R_4223/D                     0.66           0.78 f        -0.12  (VIOLATED)
   R_3915/D                     0.66           0.78 f        -0.12  (VIOLATED)
   R_4050/D                     0.65           0.77 f        -0.12  (VIOLATED)
   R_2832/D                     0.65           0.77 f        -0.12  (VIOLATED)
   if_stage_inst/btb_inst/R_3918/D
                                0.66           0.78 f        -0.12  (VIOLATED)
   R_4075/D                     0.65           0.77 f        -0.12  (VIOLATED)
   R_4076/D                     0.65           0.77 f        -0.12  (VIOLATED)
   ex_stage_inst/mult_pp_inst/tree_i/valid_o_reg/D
                                0.65           0.77 f        -0.12  (VIOLATED)
   control_unit_inst/ctrl_EX_MM_reg[WB_EN]/D
                                0.65           0.77 f        -0.12  (VIOLATED)
   ex_stage_inst/rs_addr_reg/reg_data_reg[2]/D
                                0.65           0.77 f        -0.12  (VIOLATED)
   ex_stage_inst/rs_addr_reg/reg_data_reg[3]/D
                                0.65           0.77 f        -0.12  (VIOLATED)
   ex_stage_inst/mult_pp_inst/inst_reg_rd/reg_data_reg[3]/D
                                0.65           0.77 f        -0.12  (VIOLATED)
   ex_stage_inst/rs_addr_reg/reg_data_reg[4]/D
                                0.65           0.77 f        -0.12  (VIOLATED)
   control_unit_inst/ctrl_EX_MM_reg[MEM_WRT_EN]/D
                                0.65           0.77 f        -0.12  (VIOLATED)
   ex_stage_inst/rs_addr_reg/reg_data_reg[0]/D
                                0.65           0.77 f        -0.11  (VIOLATED)
   ex_stage_inst/rs_addr_reg/reg_data_reg[1]/D
                                0.65           0.77 f        -0.11  (VIOLATED)
   R_4069/D                     0.65           0.77 f        -0.11  (VIOLATED)
   control_unit_inst/ctrl_EX_MM_reg[MEM_RD_EN]/D
                                0.65           0.77 f        -0.11  (VIOLATED)
   R_2822/D                     0.66           0.77 r        -0.11  (VIOLATED)
   control_unit_inst/ctrl_ID_EX_reg[WB_EN]/D
                                0.66           0.77 f        -0.11  (VIOLATED)
   ex_stage_inst/mult_pp_inst/tree_i/layer_4_r_reg[2][12]/D
                                0.66           0.77 f        -0.11  (VIOLATED)
   ex_stage_inst/mult_pp_inst/tree_i/layer_4_r_reg[2][16]/D
                                0.66           0.77 f        -0.11  (VIOLATED)
   R_4052/D                     0.65           0.75 f        -0.10  (VIOLATED)
   R_2819/D                     0.66           0.77 r        -0.10  (VIOLATED)
   R_4269/D                     0.66           0.76 r        -0.10  (VIOLATED)
   control_unit_inst/ctrl_ID_EX_reg[RD_RF1_EN]/D
                                0.66           0.76 f        -0.10  (VIOLATED)
   control_unit_inst/ctrl_ID_EX_reg[IMM_SEL]/D
                                0.66           0.76 f        -0.10  (VIOLATED)
   ex_stage_inst/mult_pp_inst/tree_i/layer_4_r_reg[2][14]/D
                                0.66           0.76 f        -0.10  (VIOLATED)
   R_4051/D                     0.65           0.76 f        -0.10  (VIOLATED)
   R_4053/D                     0.65           0.76 f        -0.10  (VIOLATED)
   control_unit_inst/ctrl_ID_EX_reg[MEM_WRT_EN]/D
                                0.66           0.76 f        -0.10  (VIOLATED)
   if_stage_inst/btb_inst/R_3081/D
                                0.67           0.76 r        -0.10  (VIOLATED)
   R_4273/D                     0.65           0.74 f        -0.10  (VIOLATED)
   R_4468/D                     0.66           0.75 r        -0.10  (VIOLATED)
   R_4093/D                     0.65           0.74 f        -0.09  (VIOLATED)
   R_4276/D                     0.65           0.74 f        -0.09  (VIOLATED)
   id_stage_inst/reg_file_inst/R_3089/D
                                0.67           0.76 r        -0.09  (VIOLATED)
   id_stage_inst/reg_file_inst/R_3101/D
                                0.67           0.76 r        -0.09  (VIOLATED)
   id_stage_inst/reg_file_inst/R_3092/D
                                0.67           0.76 r        -0.09  (VIOLATED)
   id_stage_inst/reg_file_inst/R_3095/D
                                0.67           0.76 r        -0.09  (VIOLATED)
   id_stage_inst/reg_file_inst/R_3098/D
                                0.67           0.76 r        -0.09  (VIOLATED)
   id_stage_inst/reg_file_inst/R_3086/D
                                0.67           0.76 r        -0.09  (VIOLATED)
   R_4270/D                     0.66           0.75 f        -0.09  (VIOLATED)
   control_unit_inst/ctrl_EX_MM_reg[MEM_SEL][0]/D
                                0.66           0.75 r        -0.09  (VIOLATED)
   control_unit_inst/ctrl_EX_MM_reg[MEM_SEL][2]/D
                                0.66           0.75 r        -0.09  (VIOLATED)
   R_4267/D                     0.65           0.74 f        -0.09  (VIOLATED)
   control_unit_inst/ctrl_ID_EX_reg[MEM_RD_EN]/D
                                0.65           0.74 f        -0.08  (VIOLATED)
   id_stage_inst/reg_file_inst/R_746/D
                                0.66           0.74 f        -0.08  (VIOLATED)
   id_stage_inst/reg_file_inst/R_838/D
                                0.66           0.74 f        -0.08  (VIOLATED)
   control_unit_inst/ctrl_ID_EX_reg[MEM_SEL][1]/D
                                0.65           0.74 f        -0.08  (VIOLATED)
   ex_stage_inst/mult_pp_inst/inst_reg_rd/reg_data_reg[1]/D
                                0.65           0.73 f        -0.08  (VIOLATED)
   mem_stage_inst/rd_addr_reg/reg_data_reg[4]/D
                                0.65           0.73 f        -0.08  (VIOLATED)
   control_unit_inst/ctrl_EX_MM_reg[MEM_SEL][1]/D
                                0.65           0.73 f        -0.08  (VIOLATED)
   ex_stage_inst/mult_pp_inst/inst_reg_rd/reg_data_reg[0]/D
                                0.65           0.73 f        -0.08  (VIOLATED)
   ex_stage_inst/mult_pp_inst/inst_reg_rd/reg_data_reg[2]/D
                                0.65           0.73 f        -0.08  (VIOLATED)
   ex_stage_inst/mult_pp_inst/inst_reg_rd/reg_data_reg[4]/D
                                0.65           0.73 f        -0.08  (VIOLATED)
   id_stage_inst/reg_file_inst/R_936/D
                                0.66           0.73 f        -0.08  (VIOLATED)
   id_stage_inst/reg_file_inst/R_421/D
                                0.67           0.74 r        -0.07  (VIOLATED)
   id_stage_inst/reg_file_inst/R_423/D
                                0.67           0.74 r        -0.07  (VIOLATED)
   ex_stage_inst/mult_pp_inst/tree_i/layer_4_r_reg[2][0]/D
                                0.66           0.73 f        -0.07  (VIOLATED)
   R_2746/D                     0.64           0.70 f        -0.06  (VIOLATED)
   R_4410/D                     0.64           0.69 f        -0.05  (VIOLATED)
   R_4470/D                     0.64           0.69 f        -0.05  (VIOLATED)
   R_4396/D                     0.65           0.69 f        -0.04  (VIOLATED)
   R_4385/D                     0.66           0.69 r        -0.04  (VIOLATED)
   R_4391/D                     0.66           0.69 r        -0.04  (VIOLATED)
   R_4392/D                     0.66           0.69 r        -0.04  (VIOLATED)
   R_4411/D                     0.66           0.69 r        -0.04  (VIOLATED)
   ex_stage_inst/mult_pp_inst/tree_i/layer_4_r_reg[3][31]/SE
                                0.62           0.63 r        -0.01  (VIOLATED)


   max_leakage_power

                             Required        Actual
   Design                   Leakage Power  Leakage Power     Slack
   -----------------------------------------------------------------
   dlx                          0.00       747589.94      -747589.94
                                                                    (VIOLATED)


1
