 
****************************************
Report : constraint
        -all_violators
Design : dlx
Version: W-2024.09-SP2
Date   : Wed Sep 16 04:20:52 2026
****************************************


   max_delay/setup ('clk' group)

                             Required        Actual
   Endpoint                 Path Delay     Path Delay        Slack
   -----------------------------------------------------------------
   R_157/D                      1.16           1.53 f        -0.37  (VIOLATED)
   R_165/D                      1.16           1.53 f        -0.37  (VIOLATED)
   R_177/D                      1.16           1.53 f        -0.37  (VIOLATED)
   R_198/D                      1.16           1.53 f        -0.37  (VIOLATED)
   R_218/D                      1.16           1.53 f        -0.37  (VIOLATED)
   R_222/D                      1.16           1.53 f        -0.37  (VIOLATED)
   R_145/D                      1.17           1.54 r        -0.37  (VIOLATED)
   R_125/D                      1.17           1.54 r        -0.37  (VIOLATED)
   R_169/D                      1.17           1.54 r        -0.37  (VIOLATED)
   R_235/D                      1.17           1.54 r        -0.37  (VIOLATED)
   R_247/D                      1.17           1.54 r        -0.37  (VIOLATED)
   R_202/D                      1.17           1.54 r        -0.37  (VIOLATED)
   R_194/D                      1.17           1.54 r        -0.37  (VIOLATED)
   R_153/D                      1.17           1.54 r        -0.37  (VIOLATED)
   R_214/D                      1.17           1.54 r        -0.37  (VIOLATED)
   R_181/D                      1.17           1.54 r        -0.37  (VIOLATED)
   R_243/D                      1.17           1.54 r        -0.37  (VIOLATED)
   R_190/D                      1.17           1.54 r        -0.37  (VIOLATED)
   R_206/D                      1.16           1.53 f        -0.37  (VIOLATED)
   R_133/D                      1.16           1.53 f        -0.37  (VIOLATED)
   R_141/D                      1.16           1.53 f        -0.37  (VIOLATED)
   R_149/D                      1.16           1.53 f        -0.37  (VIOLATED)
   R_161/D                      1.16           1.53 f        -0.37  (VIOLATED)
   R_129/D                      1.16           1.53 f        -0.37  (VIOLATED)
   R_173/D                      1.16           1.53 f        -0.37  (VIOLATED)
   R_362/D                      1.17           1.54 r        -0.37  (VIOLATED)
   R_363/D                      1.17           1.54 r        -0.37  (VIOLATED)
   R_821/D                      1.17           1.54 r        -0.37  (VIOLATED)
   R_1137/D                     1.17           1.54 r        -0.37  (VIOLATED)
   R_1140/D                     1.17           1.54 r        -0.37  (VIOLATED)
   R_1141/D                     1.17           1.54 r        -0.37  (VIOLATED)
   R_1146/D                     1.17           1.54 r        -0.37  (VIOLATED)
   R_1148/D                     1.17           1.54 r        -0.37  (VIOLATED)
   R_364/D                      1.17           1.54 r        -0.37  (VIOLATED)
   R_820/D                      1.17           1.54 r        -0.37  (VIOLATED)
   R_823/D                      1.17           1.54 r        -0.37  (VIOLATED)
   R_1138/D                     1.17           1.54 r        -0.37  (VIOLATED)
   R_824/D                      1.17           1.54 r        -0.37  (VIOLATED)
   R_825/D                      1.17           1.54 r        -0.37  (VIOLATED)
   R_1139/D                     1.17           1.54 r        -0.37  (VIOLATED)
   R_1142/D                     1.17           1.54 r        -0.37  (VIOLATED)
   R_1143/D                     1.17           1.54 r        -0.37  (VIOLATED)
   R_137/D                      1.16           1.53 f        -0.37  (VIOLATED)
   R_231/D                      1.16           1.53 f        -0.37  (VIOLATED)
   R_210/D                      1.16           1.53 f        -0.37  (VIOLATED)
   R_239/D                      1.16           1.53 f        -0.37  (VIOLATED)
   R_251/D                      1.16           1.53 f        -0.37  (VIOLATED)
   R_359/D                      1.16           1.53 f        -0.37  (VIOLATED)
   R_360/D                      1.16           1.53 f        -0.37  (VIOLATED)
   R_358/D                      1.17           1.53 r        -0.36  (VIOLATED)
   R_361/D                      1.17           1.53 r        -0.36  (VIOLATED)
   R_822/D                      1.17           1.53 r        -0.36  (VIOLATED)
   R_1144/D                     1.17           1.53 r        -0.36  (VIOLATED)
   R_1145/D                     1.17           1.53 r        -0.36  (VIOLATED)
   R_1147/D                     1.17           1.53 r        -0.36  (VIOLATED)
   R_1149/D                     1.17           1.53 r        -0.36  (VIOLATED)
   R_1150/D                     1.17           1.53 r        -0.36  (VIOLATED)
   R_819/D                      1.16           1.52 f        -0.36  (VIOLATED)
   R_1003/D                     1.17           1.53 r        -0.36  (VIOLATED)
   R_350/D                      1.16           1.52 f        -0.36  (VIOLATED)
   R_2/D                        1.16           1.52 f        -0.36  (VIOLATED)
   R_38/D                       1.16           1.52 f        -0.36  (VIOLATED)
   R_26/D                       1.16           1.52 f        -0.36  (VIOLATED)
   R_58/D                       1.16           1.52 f        -0.36  (VIOLATED)
   R_62/D                       1.16           1.52 f        -0.36  (VIOLATED)
   R_94/D                       1.16           1.52 f        -0.36  (VIOLATED)
   R_6/D                        1.16           1.52 f        -0.36  (VIOLATED)
   R_18/D                       1.16           1.52 f        -0.36  (VIOLATED)
   R_30/D                       1.16           1.52 f        -0.36  (VIOLATED)
   R_50/D                       1.16           1.52 f        -0.36  (VIOLATED)
   R_46/D                       1.16           1.52 f        -0.36  (VIOLATED)
   R_98/D                       1.16           1.52 f        -0.36  (VIOLATED)
   R_74/D                       1.16           1.51 f        -0.36  (VIOLATED)
   R_86/D                       1.16           1.51 f        -0.36  (VIOLATED)
   R_70/D                       1.16           1.51 f        -0.36  (VIOLATED)
   R_78/D                       1.16           1.51 f        -0.36  (VIOLATED)
   R_54/D                       1.16           1.51 f        -0.36  (VIOLATED)
   R_106/D                      1.16           1.51 f        -0.36  (VIOLATED)
   ex_stage_inst/mult_pp_inst/tree_i/layer_4_r_reg[1][20]/D
                                1.16           1.52 r        -0.36  (VIOLATED)
   R_123/D                      1.16           1.51 f        -0.36  (VIOLATED)
   R_127/D                      1.16           1.51 f        -0.36  (VIOLATED)
   R_159/D                      1.16           1.51 f        -0.36  (VIOLATED)
   R_196/D                      1.16           1.51 f        -0.36  (VIOLATED)
   R_200/D                      1.16           1.51 f        -0.36  (VIOLATED)
   R_204/D                      1.16           1.51 f        -0.36  (VIOLATED)
   R_208/D                      1.16           1.51 f        -0.36  (VIOLATED)
   R_237/D                      1.16           1.51 f        -0.36  (VIOLATED)
   R_241/D                      1.16           1.51 f        -0.36  (VIOLATED)
   R_245/D                      1.16           1.51 f        -0.36  (VIOLATED)
   R_155/D                      1.16           1.51 f        -0.36  (VIOLATED)
   R_216/D                      1.16           1.51 f        -0.36  (VIOLATED)
   R_249/D                      1.16           1.51 f        -0.36  (VIOLATED)
   R_1082/D                     1.16           1.51 f        -0.35  (VIOLATED)
   R_114/D                      1.16           1.51 f        -0.35  (VIOLATED)
   R_118/D                      1.16           1.51 f        -0.35  (VIOLATED)
   R_212/D                      1.16           1.51 f        -0.35  (VIOLATED)
   R_188/D                      1.16           1.51 f        -0.35  (VIOLATED)
   R_167/D                      1.16           1.51 f        -0.35  (VIOLATED)
   R_42/D                       1.16           1.51 f        -0.35  (VIOLATED)
   R_82/D                       1.16           1.51 f        -0.35  (VIOLATED)
   R_90/D                       1.16           1.51 f        -0.35  (VIOLATED)
   R_110/D                      1.16           1.51 f        -0.35  (VIOLATED)
   ex_stage_inst/mult_pp_inst/tree_i/layer_4_r_reg[0][18]/D
                                1.17           1.52 r        -0.35  (VIOLATED)
   R_14/D                       1.16           1.51 f        -0.35  (VIOLATED)
   R_1096/D                     1.16           1.51 f        -0.35  (VIOLATED)
   R_34/D                       1.16           1.51 f        -0.35  (VIOLATED)
   R_10/D                       1.16           1.51 f        -0.35  (VIOLATED)
   R_22/D                       1.16           1.51 f        -0.35  (VIOLATED)
   R_66/D                       1.16           1.51 f        -0.35  (VIOLATED)
   R_102/D                      1.16           1.51 f        -0.35  (VIOLATED)
   ex_stage_inst/mult_pp_inst/tree_i/layer_4_r_reg[0][23]/D
                                1.17           1.52 r        -0.35  (VIOLATED)
   ex_stage_inst/mult_pp_inst/tree_i/layer_4_r_reg[1][28]/D
                                1.16           1.50 f        -0.34  (VIOLATED)
   R_1035/D                     1.17           1.51 r        -0.34  (VIOLATED)
   ex_stage_inst/mult_pp_inst/tree_i/layer_4_r_reg[0][30]/D
                                1.16           1.50 f        -0.34  (VIOLATED)
   R_1/D                        1.17           1.51 r        -0.34  (VIOLATED)
   R_9/D                        1.17           1.51 r        -0.34  (VIOLATED)
   R_13/D                       1.17           1.51 r        -0.34  (VIOLATED)
   R_17/D                       1.17           1.51 r        -0.34  (VIOLATED)
   R_21/D                       1.17           1.51 r        -0.34  (VIOLATED)
   R_29/D                       1.17           1.51 r        -0.34  (VIOLATED)
   R_33/D                       1.17           1.51 r        -0.34  (VIOLATED)
   R_37/D                       1.17           1.51 r        -0.34  (VIOLATED)
   R_57/D                       1.17           1.51 r        -0.34  (VIOLATED)
   R_65/D                       1.17           1.51 r        -0.34  (VIOLATED)
   R_73/D                       1.17           1.51 r        -0.34  (VIOLATED)
   R_93/D                       1.17           1.51 r        -0.34  (VIOLATED)
   R_101/D                      1.17           1.51 r        -0.34  (VIOLATED)
   R_105/D                      1.17           1.51 r        -0.34  (VIOLATED)
   R_109/D                      1.17           1.51 r        -0.34  (VIOLATED)
   R_113/D                      1.17           1.51 r        -0.34  (VIOLATED)
   R_1119/D                     1.17           1.51 r        -0.34  (VIOLATED)
   R_25/D                       1.17           1.51 r        -0.34  (VIOLATED)
   R_41/D                       1.17           1.51 r        -0.34  (VIOLATED)
   R_49/D                       1.17           1.51 r        -0.34  (VIOLATED)
   R_53/D                       1.17           1.51 r        -0.34  (VIOLATED)
   R_69/D                       1.17           1.51 r        -0.34  (VIOLATED)
   R_85/D                       1.17           1.51 r        -0.34  (VIOLATED)
   R_89/D                       1.17           1.51 r        -0.34  (VIOLATED)
   R_117/D                      1.17           1.51 r        -0.34  (VIOLATED)
   ex_stage_inst/mult_pp_inst/tree_i/layer_4_r_reg[0][27]/D
                                1.16           1.50 f        -0.34  (VIOLATED)
   R_131/D                      1.16           1.49 f        -0.34  (VIOLATED)
   R_143/D                      1.16           1.49 f        -0.34  (VIOLATED)
   R_163/D                      1.16           1.49 f        -0.34  (VIOLATED)
   R_171/D                      1.16           1.49 f        -0.34  (VIOLATED)
   R_192/D                      1.16           1.49 f        -0.34  (VIOLATED)
   R_229/D                      1.16           1.49 f        -0.34  (VIOLATED)
   R_147/D                      1.16           1.49 f        -0.34  (VIOLATED)
   R_175/D                      1.16           1.49 f        -0.34  (VIOLATED)
   R_179/D                      1.16           1.49 f        -0.34  (VIOLATED)
   if_stage_inst/btb_inst/btb_reg[2][COUNTER][0]/D
                                1.17           1.50 r        -0.34  (VIOLATED)
   if_stage_inst/btb_inst/btb_reg[4][COUNTER][0]/D
                                1.17           1.50 r        -0.34  (VIOLATED)
   if_stage_inst/btb_inst/btb_reg[3][COUNTER][0]/D
                                1.17           1.50 r        -0.34  (VIOLATED)
   if_stage_inst/btb_inst/btb_reg[12][COUNTER][0]/D
                                1.17           1.50 r        -0.34  (VIOLATED)
   if_stage_inst/btb_inst/btb_reg[14][COUNTER][0]/D
                                1.17           1.50 r        -0.34  (VIOLATED)
   if_stage_inst/btb_inst/btb_reg[13][COUNTER][0]/D
                                1.17           1.50 r        -0.34  (VIOLATED)
   ex_stage_inst/mult_pp_inst/tree_i/layer_4_r_reg[0][31]/D
                                1.16           1.50 r        -0.34  (VIOLATED)
   R_1006/D                     1.17           1.50 r        -0.33  (VIOLATED)
   R_353/D                      1.17           1.50 r        -0.33  (VIOLATED)
   R_349/D                      1.17           1.50 r        -0.33  (VIOLATED)
   R_1136/D                     1.17           1.50 r        -0.33  (VIOLATED)
   R_254/D                      1.16           1.49 r        -0.33  (VIOLATED)
   ex_stage_inst/mult_pp_inst/tree_i/layer_4_r_reg[0][19]/D
                                1.16           1.49 r        -0.33  (VIOLATED)
   if_stage_inst/btb_inst/btb_reg[11][COUNTER][0]/D
                                1.16           1.49 f        -0.33  (VIOLATED)
   if_stage_inst/btb_inst/btb_reg[10][COUNTER][0]/D
                                1.16           1.49 f        -0.33  (VIOLATED)
   if_stage_inst/btb_inst/btb_reg[1][COUNTER][0]/D
                                1.16           1.49 f        -0.33  (VIOLATED)
   if_stage_inst/btb_inst/btb_reg[15][COUNTER][0]/D
                                1.16           1.49 f        -0.33  (VIOLATED)
   if_stage_inst/btb_inst/btb_reg[6][COUNTER][0]/D
                                1.16           1.49 f        -0.33  (VIOLATED)
   if_stage_inst/btb_inst/btb_reg[9][COUNTER][0]/D
                                1.16           1.49 f        -0.33  (VIOLATED)
   if_stage_inst/btb_inst/btb_reg[0][COUNTER][0]/D
                                1.16           1.49 f        -0.33  (VIOLATED)
   if_stage_inst/btb_inst/btb_reg[8][COUNTER][0]/D
                                1.16           1.49 f        -0.33  (VIOLATED)
   if_stage_inst/btb_inst/btb_reg[7][COUNTER][0]/D
                                1.16           1.49 f        -0.33  (VIOLATED)
   if_stage_inst/btb_inst/btb_reg[5][COUNTER][0]/D
                                1.16           1.49 f        -0.33  (VIOLATED)
   R_973/D                      1.16           1.49 f        -0.33  (VIOLATED)
   if_stage_inst/btb_inst/btb_reg[2][COUNTER][1]/D
                                1.16           1.49 f        -0.32  (VIOLATED)
   if_stage_inst/btb_inst/btb_reg[5][COUNTER][1]/D
                                1.16           1.49 f        -0.32  (VIOLATED)
   if_stage_inst/btb_inst/btb_reg[11][COUNTER][1]/D
                                1.16           1.49 f        -0.32  (VIOLATED)
   if_stage_inst/btb_inst/btb_reg[0][COUNTER][1]/D
                                1.16           1.49 f        -0.32  (VIOLATED)
   if_stage_inst/btb_inst/btb_reg[1][COUNTER][1]/D
                                1.16           1.49 f        -0.32  (VIOLATED)
   if_stage_inst/btb_inst/btb_reg[3][COUNTER][1]/D
                                1.16           1.49 f        -0.32  (VIOLATED)
   if_stage_inst/btb_inst/btb_reg[6][COUNTER][1]/D
                                1.16           1.49 f        -0.32  (VIOLATED)
   if_stage_inst/btb_inst/btb_reg[8][COUNTER][1]/D
                                1.16           1.49 f        -0.32  (VIOLATED)
   if_stage_inst/btb_inst/btb_reg[9][COUNTER][1]/D
                                1.16           1.49 f        -0.32  (VIOLATED)
   if_stage_inst/btb_inst/btb_reg[10][COUNTER][1]/D
                                1.16           1.49 f        -0.32  (VIOLATED)
   if_stage_inst/btb_inst/btb_reg[12][COUNTER][1]/D
                                1.16           1.49 f        -0.32  (VIOLATED)
   if_stage_inst/btb_inst/btb_reg[13][COUNTER][1]/D
                                1.16           1.49 f        -0.32  (VIOLATED)
   if_stage_inst/btb_inst/btb_reg[14][COUNTER][1]/D
                                1.16           1.49 f        -0.32  (VIOLATED)
   if_stage_inst/btb_inst/btb_reg[15][COUNTER][1]/D
                                1.16           1.49 f        -0.32  (VIOLATED)
   if_stage_inst/btb_inst/btb_reg[7][COUNTER][1]/D
                                1.16           1.49 f        -0.32  (VIOLATED)
   R_955/D                      1.17           1.49 r        -0.32  (VIOLATED)
   ex_stage_inst/mult_pp_inst/tree_i/layer_4_r_reg[1][31]/D
                                1.16           1.48 f        -0.32  (VIOLATED)
   R_1094/D                     1.16           1.48 r        -0.32  (VIOLATED)
   R_1080/D                     1.16           1.48 r        -0.32  (VIOLATED)
   ex_stage_inst/mult_pp_inst/tree_i/layer_4_r_reg[2][31]/D
                                1.15           1.47 f        -0.32  (VIOLATED)
   ex_stage_inst/mult_pp_inst/tree_i/layer_4_r_reg[2][20]/D
                                1.16           1.48 f        -0.32  (VIOLATED)
   ex_stage_inst/mult_pp_inst/tree_i/layer_4_r_reg[0][17]/D
                                1.15           1.47 f        -0.32  (VIOLATED)
   R_140/D                      1.16           1.47 f        -0.31  (VIOLATED)
   R_144/D                      1.16           1.47 f        -0.31  (VIOLATED)
   R_152/D                      1.16           1.47 f        -0.31  (VIOLATED)
   R_156/D                      1.16           1.47 f        -0.31  (VIOLATED)
   R_160/D                      1.16           1.47 f        -0.31  (VIOLATED)
   R_176/D                      1.16           1.47 f        -0.31  (VIOLATED)
   R_189/D                      1.16           1.47 f        -0.31  (VIOLATED)
   R_193/D                      1.16           1.47 f        -0.31  (VIOLATED)
   R_201/D                      1.16           1.47 f        -0.31  (VIOLATED)
   R_213/D                      1.16           1.47 f        -0.31  (VIOLATED)
   R_230/D                      1.16           1.47 f        -0.31  (VIOLATED)
   R_250/D                      1.16           1.47 f        -0.31  (VIOLATED)
   R_384/D                      1.17           1.48 r        -0.31  (VIOLATED)
   R_386/D                      1.17           1.48 r        -0.31  (VIOLATED)
   ex_stage_inst/mult_pp_inst/tree_i/layer_4_r_reg[0][29]/D
                                1.16           1.47 f        -0.31  (VIOLATED)
   R_453/D                      1.17           1.48 r        -0.31  (VIOLATED)
   R_457/D                      1.17           1.48 r        -0.31  (VIOLATED)
   R_463/D                      1.17           1.48 r        -0.31  (VIOLATED)
   ex_stage_inst/mult_pp_inst/tree_i/layer_4_r_reg[2][28]/D
                                1.17           1.48 r        -0.31  (VIOLATED)
   R_660/D                      1.16           1.47 f        -0.31  (VIOLATED)
   R_1057/D                     1.17           1.48 r        -0.31  (VIOLATED)
   R_1055/D                     1.16           1.46 f        -0.31  (VIOLATED)
   R_128/D                      1.16           1.46 f        -0.30  (VIOLATED)
   R_136/D                      1.16           1.46 f        -0.30  (VIOLATED)
   R_148/D                      1.16           1.46 f        -0.30  (VIOLATED)
   R_168/D                      1.16           1.46 f        -0.30  (VIOLATED)
   R_180/D                      1.16           1.46 f        -0.30  (VIOLATED)
   R_209/D                      1.16           1.46 f        -0.30  (VIOLATED)
   R_217/D                      1.16           1.46 f        -0.30  (VIOLATED)
   R_234/D                      1.16           1.46 f        -0.30  (VIOLATED)
   R_238/D                      1.16           1.46 f        -0.30  (VIOLATED)
   R_242/D                      1.16           1.46 f        -0.30  (VIOLATED)
   R_5/D                        1.16           1.46 f        -0.30  (VIOLATED)
   R_45/D                       1.16           1.46 f        -0.30  (VIOLATED)
   R_61/D                       1.16           1.46 f        -0.30  (VIOLATED)
   R_77/D                       1.16           1.46 f        -0.30  (VIOLATED)
   R_81/D                       1.16           1.46 f        -0.30  (VIOLATED)
   R_97/D                       1.16           1.46 f        -0.30  (VIOLATED)
   if_stage_inst/btb_inst/btb_reg[4][COUNTER][1]/D
                                1.15           1.46 f        -0.30  (VIOLATED)
   R_829/D                      1.16           1.46 r        -0.30  (VIOLATED)
   R_84/D                       1.17           1.47 r        -0.30  (VIOLATED)
   ex_stage_inst/mult_pp_inst/tree_i/layer_4_r_reg[1][24]/D
                                1.15           1.45 f        -0.30  (VIOLATED)
   R_151/D                      1.16           1.46 r        -0.30  (VIOLATED)
   ex_stage_inst/mult_pp_inst/tree_i/layer_4_r_reg[0][26]/D
                                1.17           1.46 r        -0.30  (VIOLATED)
   R_233/D                      1.16           1.46 r        -0.30  (VIOLATED)
   R_139/D                      1.16           1.46 r        -0.30  (VIOLATED)
   R_1033/D                     1.17           1.47 r        -0.30  (VIOLATED)
   R_135/D                      1.17           1.46 r        -0.30  (VIOLATED)
   if_stage_inst/btb_inst/btb_reg[5][TARGET][5]/D
                                1.16           1.46 f        -0.30  (VIOLATED)
   if_stage_inst/btb_inst/btb_reg[5][TARGET][6]/D
                                1.16           1.46 f        -0.30  (VIOLATED)
   if_stage_inst/btb_inst/btb_reg[5][TARGET][9]/D
                                1.16           1.46 f        -0.30  (VIOLATED)
   if_stage_inst/btb_inst/btb_reg[5][TARGET][12]/D
                                1.16           1.46 f        -0.30  (VIOLATED)
   if_stage_inst/btb_inst/btb_reg[5][TARGET][15]/D
                                1.16           1.46 f        -0.30  (VIOLATED)
   if_stage_inst/btb_inst/btb_reg[5][TARGET][19]/D
                                1.16           1.46 f        -0.30  (VIOLATED)
   if_stage_inst/btb_inst/btb_reg[5][TARGET][22]/D
                                1.16           1.46 f        -0.30  (VIOLATED)
   if_stage_inst/btb_inst/btb_reg[5][TARGET][23]/D
                                1.16           1.46 f        -0.30  (VIOLATED)
   if_stage_inst/btb_inst/btb_reg[5][TARGET][25]/D
                                1.16           1.46 f        -0.30  (VIOLATED)
   if_stage_inst/btb_inst/btb_reg[5][TARGET][27]/D
                                1.16           1.46 f        -0.30  (VIOLATED)
   if_stage_inst/btb_inst/btb_reg[5][TARGET][29]/D
                                1.16           1.46 f        -0.30  (VIOLATED)
   R_0/D                        1.17           1.46 r        -0.30  (VIOLATED)
   R_4/D                        1.17           1.46 r        -0.30  (VIOLATED)
   R_12/D                       1.17           1.46 r        -0.30  (VIOLATED)
   R_28/D                       1.17           1.46 r        -0.30  (VIOLATED)
   R_32/D                       1.17           1.46 r        -0.30  (VIOLATED)
   R_56/D                       1.17           1.46 r        -0.30  (VIOLATED)
   R_76/D                       1.17           1.46 r        -0.30  (VIOLATED)
   R_80/D                       1.17           1.46 r        -0.30  (VIOLATED)
   R_88/D                       1.17           1.46 r        -0.30  (VIOLATED)
   R_92/D                       1.17           1.46 r        -0.30  (VIOLATED)
   R_96/D                       1.17           1.46 r        -0.30  (VIOLATED)
   R_100/D                      1.17           1.46 r        -0.30  (VIOLATED)
   R_104/D                      1.17           1.46 r        -0.30  (VIOLATED)
   R_108/D                      1.17           1.46 r        -0.30  (VIOLATED)
   R_116/D                      1.17           1.46 r        -0.30  (VIOLATED)
   ex_stage_inst/mult_pp_inst/tree_i/layer_4_r_reg[1][27]/D
                                1.16           1.45 f        -0.29  (VIOLATED)
   R_124/D                      1.16           1.45 f        -0.29  (VIOLATED)
   R_164/D                      1.16           1.45 f        -0.29  (VIOLATED)
   R_172/D                      1.16           1.45 f        -0.29  (VIOLATED)
   R_197/D                      1.16           1.45 f        -0.29  (VIOLATED)
   R_205/D                      1.16           1.45 f        -0.29  (VIOLATED)
   R_221/D                      1.16           1.45 f        -0.29  (VIOLATED)
   R_246/D                      1.16           1.45 f        -0.29  (VIOLATED)
   ex_stage_inst/mult_pp_inst/tree_i/layer_4_r_reg[1][19]/D
                                1.16           1.46 r        -0.29  (VIOLATED)
   R_132/D                      1.16           1.45 f        -0.29  (VIOLATED)
   ex_stage_inst/mult_pp_inst/tree_i/layer_4_r_reg[1][30]/D
                                1.15           1.44 f        -0.29  (VIOLATED)
   ex_stage_inst/mult_pp_inst/tree_i/layer_4_r_reg[1][26]/D
                                1.17           1.46 r        -0.29  (VIOLATED)
   R_8/D                        1.17           1.46 r        -0.29  (VIOLATED)
   R_16/D                       1.17           1.46 r        -0.29  (VIOLATED)
   R_20/D                       1.17           1.46 r        -0.29  (VIOLATED)
   R_24/D                       1.17           1.46 r        -0.29  (VIOLATED)
   R_36/D                       1.17           1.46 r        -0.29  (VIOLATED)
   R_40/D                       1.17           1.46 r        -0.29  (VIOLATED)
   R_44/D                       1.17           1.46 r        -0.29  (VIOLATED)
   R_48/D                       1.17           1.46 r        -0.29  (VIOLATED)
   R_52/D                       1.17           1.46 r        -0.29  (VIOLATED)
   R_60/D                       1.17           1.46 r        -0.29  (VIOLATED)
   R_64/D                       1.17           1.46 r        -0.29  (VIOLATED)
   R_68/D                       1.17           1.46 r        -0.29  (VIOLATED)
   R_72/D                       1.17           1.46 r        -0.29  (VIOLATED)
   R_112/D                      1.17           1.46 r        -0.29  (VIOLATED)
   if_stage_inst/btb_inst/btb_reg[5][TAG][16]/D
                                1.17           1.46 r        -0.29  (VIOLATED)
   if_stage_inst/btb_inst/btb_reg[5][TAG][19]/D
                                1.17           1.46 r        -0.29  (VIOLATED)
   if_stage_inst/btb_inst/btb_reg[5][TAG][2]/D
                                1.17           1.46 r        -0.29  (VIOLATED)
   if_stage_inst/btb_inst/btb_reg[5][TAG][5]/D
                                1.17           1.46 r        -0.29  (VIOLATED)
   if_stage_inst/btb_inst/btb_reg[5][TAG][4]/D
                                1.17           1.46 r        -0.29  (VIOLATED)
   if_stage_inst/btb_inst/btb_reg[5][TAG][0]/D
                                1.17           1.46 r        -0.29  (VIOLATED)
   if_stage_inst/btb_inst/btb_reg[5][TAG][1]/D
                                1.17           1.46 r        -0.29  (VIOLATED)
   if_stage_inst/btb_inst/btb_reg[5][TARGET][4]/D
                                1.17           1.46 r        -0.29  (VIOLATED)
   if_stage_inst/btb_inst/btb_reg[5][TARGET][2]/D
                                1.17           1.46 r        -0.29  (VIOLATED)
   if_stage_inst/btb_inst/btb_reg[5][TAG][3]/D
                                1.17           1.46 r        -0.29  (VIOLATED)
   R_1095/D                     1.16           1.45 f        -0.29  (VIOLATED)
   if_stage_inst/btb_inst/btb_reg[5][TARGET][3]/D
                                1.17           1.46 r        -0.29  (VIOLATED)
   ex_stage_inst/mult_pp_inst/tree_i/layer_4_r_reg[1][29]/D
                                1.17           1.45 r        -0.29  (VIOLATED)
   if_stage_inst/btb_inst/btb_reg[7][TARGET][4]/D
                                1.16           1.45 f        -0.29  (VIOLATED)
   if_stage_inst/btb_inst/btb_reg[7][TARGET][2]/D
                                1.16           1.45 f        -0.29  (VIOLATED)
   if_stage_inst/btb_inst/btb_reg[7][TAG][16]/D
                                1.16           1.45 f        -0.29  (VIOLATED)
   if_stage_inst/btb_inst/btb_reg[7][TAG][0]/D
                                1.16           1.45 f        -0.29  (VIOLATED)
   if_stage_inst/btb_inst/btb_reg[7][TAG][1]/D
                                1.16           1.45 f        -0.29  (VIOLATED)
   if_stage_inst/btb_inst/btb_reg[7][TAG][2]/D
                                1.16           1.45 f        -0.29  (VIOLATED)
   if_stage_inst/btb_inst/btb_reg[7][TAG][3]/D
                                1.16           1.45 f        -0.29  (VIOLATED)
   if_stage_inst/btb_inst/btb_reg[7][TAG][4]/D
                                1.16           1.45 f        -0.29  (VIOLATED)
   if_stage_inst/btb_inst/btb_reg[7][TAG][5]/D
                                1.16           1.45 f        -0.29  (VIOLATED)
   if_stage_inst/btb_inst/btb_reg[7][TAG][21]/D
                                1.16           1.45 f        -0.29  (VIOLATED)
   if_stage_inst/btb_inst/btb_reg[7][TAG][22]/D
                                1.16           1.45 f        -0.29  (VIOLATED)
   if_stage_inst/btb_inst/btb_reg[7][TAG][24]/D
                                1.16           1.45 f        -0.29  (VIOLATED)
   if_stage_inst/btb_inst/btb_reg[7][TAG][25]/D
                                1.16           1.45 f        -0.29  (VIOLATED)
   if_stage_inst/btb_inst/btb_reg[7][TARGET][1]/D
                                1.16           1.45 f        -0.29  (VIOLATED)
   if_stage_inst/btb_inst/btb_reg[7][TARGET][3]/D
                                1.16           1.45 f        -0.29  (VIOLATED)
   if_stage_inst/btb_inst/btb_reg[7][TAG][12]/D
                                1.16           1.44 f        -0.28  (VIOLATED)
   if_stage_inst/btb_inst/btb_reg[7][TAG][18]/D
                                1.16           1.44 f        -0.28  (VIOLATED)
   R_831/D                      1.17           1.45 r        -0.28  (VIOLATED)
   if_stage_inst/btb_inst/btb_reg[7][TAG][17]/D
                                1.16           1.44 f        -0.28  (VIOLATED)
   if_stage_inst/btb_inst/btb_reg[7][TAG][13]/D
                                1.16           1.44 f        -0.28  (VIOLATED)
   if_stage_inst/btb_inst/btb_reg[7][TAG][15]/D
                                1.16           1.44 f        -0.28  (VIOLATED)
   if_stage_inst/btb_inst/btb_reg[7][TAG][6]/D
                                1.16           1.44 f        -0.28  (VIOLATED)
   if_stage_inst/btb_inst/btb_reg[7][TAG][7]/D
                                1.16           1.44 f        -0.28  (VIOLATED)
   if_stage_inst/btb_inst/btb_reg[7][TAG][8]/D
                                1.16           1.44 f        -0.28  (VIOLATED)
   if_stage_inst/btb_inst/btb_reg[7][TAG][9]/D
                                1.16           1.44 f        -0.28  (VIOLATED)
   if_stage_inst/btb_inst/btb_reg[7][TAG][10]/D
                                1.16           1.44 f        -0.28  (VIOLATED)
   if_stage_inst/btb_inst/btb_reg[7][TAG][11]/D
                                1.16           1.44 f        -0.28  (VIOLATED)
   if_stage_inst/btb_inst/btb_reg[7][TAG][14]/D
                                1.16           1.44 f        -0.28  (VIOLATED)
   if_stage_inst/btb_inst/btb_reg[7][TAG][19]/D
                                1.16           1.44 f        -0.28  (VIOLATED)
   if_stage_inst/btb_inst/btb_reg[7][TAG][20]/D
                                1.16           1.44 f        -0.28  (VIOLATED)
   if_stage_inst/btb_inst/btb_reg[7][TAG][23]/D
                                1.16           1.44 f        -0.28  (VIOLATED)
   ex_stage_inst/mult_pp_inst/tree_i/layer_4_r_reg[0][25]/D
                                1.17           1.45 r        -0.28  (VIOLATED)
   R_354/D                      1.17           1.45 r        -0.28  (VIOLATED)
   R_979/D                      1.16           1.44 f        -0.28  (VIOLATED)
   if_stage_inst/btb_inst/btb_reg[11][TARGET][7]/D
                                1.16           1.44 f        -0.28  (VIOLATED)
   if_stage_inst/btb_inst/btb_reg[11][TARGET][8]/D
                                1.16           1.44 f        -0.28  (VIOLATED)
   if_stage_inst/btb_inst/btb_reg[11][TARGET][9]/D
                                1.16           1.44 f        -0.28  (VIOLATED)
   if_stage_inst/btb_inst/btb_reg[11][TARGET][10]/D
                                1.16           1.44 f        -0.28  (VIOLATED)
   if_stage_inst/btb_inst/btb_reg[11][TARGET][11]/D
                                1.16           1.44 f        -0.28  (VIOLATED)
   if_stage_inst/btb_inst/btb_reg[11][TARGET][12]/D
                                1.16           1.44 f        -0.28  (VIOLATED)
   if_stage_inst/btb_inst/btb_reg[11][TARGET][13]/D
                                1.16           1.44 f        -0.28  (VIOLATED)
   if_stage_inst/btb_inst/btb_reg[11][TARGET][14]/D
                                1.16           1.44 f        -0.28  (VIOLATED)
   if_stage_inst/btb_inst/btb_reg[11][TARGET][15]/D
                                1.16           1.44 f        -0.28  (VIOLATED)
   if_stage_inst/btb_inst/btb_reg[11][TARGET][16]/D
                                1.16           1.44 f        -0.28  (VIOLATED)
   if_stage_inst/btb_inst/btb_reg[11][TARGET][17]/D
                                1.16           1.44 f        -0.28  (VIOLATED)
   if_stage_inst/btb_inst/btb_reg[11][TARGET][18]/D
                                1.16           1.44 f        -0.28  (VIOLATED)
   if_stage_inst/btb_inst/btb_reg[11][TARGET][19]/D
                                1.16           1.44 f        -0.28  (VIOLATED)
   if_stage_inst/btb_inst/btb_reg[7][TARGET][6]/D
                                1.16           1.44 f        -0.28  (VIOLATED)
   if_stage_inst/btb_inst/btb_reg[7][TARGET][7]/D
                                1.16           1.44 f        -0.28  (VIOLATED)
   ex_stage_inst/mult_pp_inst/tree_i/layer_4_r_reg[0][22]/D
                                1.15           1.43 f        -0.28  (VIOLATED)
   if_stage_inst/btb_inst/btb_reg[15][TARGET][0]/D
                                1.16           1.43 f        -0.28  (VIOLATED)
   if_stage_inst/btb_inst/btb_reg[15][TARGET][6]/D
                                1.16           1.43 f        -0.28  (VIOLATED)
   if_stage_inst/btb_inst/btb_reg[15][TARGET][8]/D
                                1.16           1.43 f        -0.28  (VIOLATED)
   if_stage_inst/btb_inst/btb_reg[15][TARGET][9]/D
                                1.16           1.43 f        -0.28  (VIOLATED)
   if_stage_inst/btb_inst/btb_reg[15][TARGET][10]/D
                                1.16           1.43 f        -0.28  (VIOLATED)
   if_stage_inst/btb_inst/btb_reg[15][TARGET][11]/D
                                1.16           1.43 f        -0.28  (VIOLATED)
   if_stage_inst/btb_inst/btb_reg[15][TARGET][12]/D
                                1.16           1.43 f        -0.28  (VIOLATED)
   if_stage_inst/btb_inst/btb_reg[15][TARGET][13]/D
                                1.16           1.43 f        -0.28  (VIOLATED)
   if_stage_inst/btb_inst/btb_reg[15][TARGET][14]/D
                                1.16           1.43 f        -0.28  (VIOLATED)
   if_stage_inst/btb_inst/btb_reg[15][TARGET][15]/D
                                1.16           1.43 f        -0.28  (VIOLATED)
   if_stage_inst/btb_inst/btb_reg[15][TARGET][16]/D
                                1.16           1.43 f        -0.28  (VIOLATED)
   if_stage_inst/btb_inst/btb_reg[15][TARGET][17]/D
                                1.16           1.43 f        -0.28  (VIOLATED)
   if_stage_inst/btb_inst/btb_reg[15][TARGET][18]/D
                                1.16           1.43 f        -0.28  (VIOLATED)
   if_stage_inst/btb_inst/btb_reg[15][TARGET][19]/D
                                1.16           1.43 f        -0.28  (VIOLATED)
   if_stage_inst/btb_inst/btb_reg[1][TARGET][0]/D
                                1.16           1.43 f        -0.28  (VIOLATED)
   if_stage_inst/btb_inst/btb_reg[1][TARGET][6]/D
                                1.16           1.43 f        -0.28  (VIOLATED)
   if_stage_inst/btb_inst/btb_reg[1][TARGET][8]/D
                                1.16           1.43 f        -0.28  (VIOLATED)
   if_stage_inst/btb_inst/btb_reg[1][TARGET][9]/D
                                1.16           1.43 f        -0.28  (VIOLATED)
   if_stage_inst/btb_inst/btb_reg[1][TARGET][10]/D
                                1.16           1.43 f        -0.28  (VIOLATED)
   if_stage_inst/btb_inst/btb_reg[1][TARGET][11]/D
                                1.16           1.43 f        -0.28  (VIOLATED)
   if_stage_inst/btb_inst/btb_reg[1][TARGET][12]/D
                                1.16           1.43 f        -0.28  (VIOLATED)
   if_stage_inst/btb_inst/btb_reg[1][TARGET][13]/D
                                1.16           1.43 f        -0.28  (VIOLATED)
   if_stage_inst/btb_inst/btb_reg[1][TARGET][14]/D
                                1.16           1.43 f        -0.28  (VIOLATED)
   if_stage_inst/btb_inst/btb_reg[1][TARGET][15]/D
                                1.16           1.43 f        -0.28  (VIOLATED)
   if_stage_inst/btb_inst/btb_reg[1][TARGET][16]/D
                                1.16           1.43 f        -0.28  (VIOLATED)
   if_stage_inst/btb_inst/btb_reg[1][TARGET][17]/D
                                1.16           1.43 f        -0.28  (VIOLATED)
   if_stage_inst/btb_inst/btb_reg[1][TARGET][18]/D
                                1.16           1.43 f        -0.28  (VIOLATED)
   if_stage_inst/btb_inst/btb_reg[1][TARGET][19]/D
                                1.16           1.43 f        -0.28  (VIOLATED)
   ex_stage_inst/mult_pp_inst/tree_i/layer_4_r_reg[1][18]/D
                                1.16           1.43 f        -0.27  (VIOLATED)
   ex_stage_inst/mult_pp_inst/tree_i/layer_4_r_reg[0][24]/D
                                1.17           1.44 r        -0.27  (VIOLATED)
   R_1005/D                     1.16           1.44 r        -0.27  (VIOLATED)
   if_stage_inst/btb_inst/btb_reg[12][TARGET][0]/D
                                1.16           1.43 f        -0.27  (VIOLATED)
   if_stage_inst/btb_inst/btb_reg[12][TARGET][11]/D
                                1.16           1.43 f        -0.27  (VIOLATED)
   if_stage_inst/btb_inst/btb_reg[12][TARGET][12]/D
                                1.16           1.43 f        -0.27  (VIOLATED)
   if_stage_inst/btb_inst/btb_reg[12][TARGET][15]/D
                                1.16           1.43 f        -0.27  (VIOLATED)
   if_stage_inst/btb_inst/btb_reg[12][TARGET][17]/D
                                1.16           1.43 f        -0.27  (VIOLATED)
   if_stage_inst/btb_inst/btb_reg[12][TARGET][18]/D
                                1.16           1.43 f        -0.27  (VIOLATED)
   if_stage_inst/btb_inst/btb_reg[7][TARGET][0]/D
                                1.16           1.43 f        -0.27  (VIOLATED)
   if_stage_inst/btb_inst/btb_reg[7][TARGET][5]/D
                                1.16           1.43 f        -0.27  (VIOLATED)
   if_stage_inst/btb_inst/btb_reg[11][TAG][22]/D
                                1.17           1.44 r        -0.27  (VIOLATED)
   if_stage_inst/btb_inst/btb_reg[11][TAG][19]/D
                                1.17           1.44 r        -0.27  (VIOLATED)
   if_stage_inst/btb_inst/btb_reg[11][TAG][5]/D
                                1.17           1.44 r        -0.27  (VIOLATED)
   if_stage_inst/btb_inst/btb_reg[11][TAG][1]/D
                                1.17           1.44 r        -0.27  (VIOLATED)
   R_971/D                      1.16           1.43 f        -0.27  (VIOLATED)
   if_stage_inst/btb_inst/btb_reg[11][TARGET][1]/D
                                1.17           1.44 r        -0.27  (VIOLATED)
   if_stage_inst/btb_inst/btb_reg[11][TAG][23]/D
                                1.17           1.44 r        -0.27  (VIOLATED)
   if_stage_inst/btb_inst/btb_reg[11][TARGET][3]/D
                                1.17           1.44 r        -0.27  (VIOLATED)
   if_stage_inst/btb_inst/btb_reg[9][TARGET][6]/D
                                1.16           1.43 f        -0.27  (VIOLATED)
   if_stage_inst/btb_inst/btb_reg[9][TARGET][7]/D
                                1.16           1.43 f        -0.27  (VIOLATED)
   if_stage_inst/btb_inst/btb_reg[9][TARGET][23]/D
                                1.16           1.43 f        -0.27  (VIOLATED)
   if_stage_inst/btb_inst/btb_reg[9][TARGET][27]/D
                                1.16           1.43 f        -0.27  (VIOLATED)
   if_stage_inst/btb_inst/btb_reg[9][TARGET][28]/D
                                1.16           1.43 f        -0.27  (VIOLATED)
   if_stage_inst/btb_inst/btb_reg[9][TARGET][31]/D
                                1.16           1.43 f        -0.27  (VIOLATED)
   if_stage_inst/btb_inst/btb_reg[0][TARGET][9]/D
                                1.16           1.43 f        -0.27  (VIOLATED)
   if_stage_inst/btb_inst/btb_reg[0][TARGET][10]/D
                                1.16           1.43 f        -0.27  (VIOLATED)
   if_stage_inst/btb_inst/btb_reg[0][TARGET][11]/D
                                1.16           1.43 f        -0.27  (VIOLATED)
   if_stage_inst/btb_inst/btb_reg[0][TARGET][12]/D
                                1.16           1.43 f        -0.27  (VIOLATED)
   if_stage_inst/btb_inst/btb_reg[0][TARGET][13]/D
                                1.16           1.43 f        -0.27  (VIOLATED)
   if_stage_inst/btb_inst/btb_reg[0][TARGET][14]/D
                                1.16           1.43 f        -0.27  (VIOLATED)
   if_stage_inst/btb_inst/btb_reg[0][TARGET][15]/D
                                1.16           1.43 f        -0.27  (VIOLATED)
   if_stage_inst/btb_inst/btb_reg[0][TARGET][16]/D
                                1.16           1.43 f        -0.27  (VIOLATED)
   if_stage_inst/btb_inst/btb_reg[0][TARGET][17]/D
                                1.16           1.43 f        -0.27  (VIOLATED)
   if_stage_inst/btb_inst/btb_reg[0][TARGET][18]/D
                                1.16           1.43 f        -0.27  (VIOLATED)
   if_stage_inst/btb_inst/btb_reg[0][TARGET][19]/D
                                1.16           1.43 f        -0.27  (VIOLATED)
   if_stage_inst/btb_inst/btb_reg[0][TARGET][20]/D
                                1.16           1.43 f        -0.27  (VIOLATED)
   if_stage_inst/btb_inst/btb_reg[0][TARGET][21]/D
                                1.16           1.43 f        -0.27  (VIOLATED)
   if_stage_inst/btb_inst/btb_reg[0][TARGET][22]/D
                                1.16           1.43 f        -0.27  (VIOLATED)
   if_stage_inst/btb_inst/btb_reg[0][TARGET][23]/D
                                1.16           1.43 f        -0.27  (VIOLATED)
   if_stage_inst/btb_inst/btb_reg[0][TARGET][24]/D
                                1.16           1.43 f        -0.27  (VIOLATED)
   if_stage_inst/btb_inst/btb_reg[0][TARGET][25]/D
                                1.16           1.43 f        -0.27  (VIOLATED)
   if_stage_inst/btb_inst/btb_reg[0][TARGET][26]/D
                                1.16           1.43 f        -0.27  (VIOLATED)
   if_stage_inst/btb_inst/btb_reg[0][TARGET][27]/D
                                1.16           1.43 f        -0.27  (VIOLATED)
   if_stage_inst/btb_inst/btb_reg[0][TARGET][28]/D
                                1.16           1.43 f        -0.27  (VIOLATED)
   if_stage_inst/btb_inst/btb_reg[0][TARGET][29]/D
                                1.16           1.43 f        -0.27  (VIOLATED)
   if_stage_inst/btb_inst/btb_reg[0][TARGET][30]/D
                                1.16           1.43 f        -0.27  (VIOLATED)
   if_stage_inst/btb_inst/btb_reg[0][TARGET][31]/D
                                1.16           1.43 f        -0.27  (VIOLATED)
   if_stage_inst/btb_inst/btb_reg[14][TARGET][8]/D
                                1.16           1.43 f        -0.27  (VIOLATED)
   if_stage_inst/btb_inst/btb_reg[14][TARGET][9]/D
                                1.16           1.43 f        -0.27  (VIOLATED)
   if_stage_inst/btb_inst/btb_reg[14][TARGET][10]/D
                                1.16           1.43 f        -0.27  (VIOLATED)
   if_stage_inst/btb_inst/btb_reg[14][TARGET][11]/D
                                1.16           1.43 f        -0.27  (VIOLATED)
   if_stage_inst/btb_inst/btb_reg[14][TARGET][12]/D
                                1.16           1.43 f        -0.27  (VIOLATED)
   if_stage_inst/btb_inst/btb_reg[14][TARGET][13]/D
                                1.16           1.43 f        -0.27  (VIOLATED)
   if_stage_inst/btb_inst/btb_reg[14][TARGET][14]/D
                                1.16           1.43 f        -0.27  (VIOLATED)
   if_stage_inst/btb_inst/btb_reg[14][TARGET][15]/D
                                1.16           1.43 f        -0.27  (VIOLATED)
   if_stage_inst/btb_inst/btb_reg[14][TARGET][16]/D
                                1.16           1.43 f        -0.27  (VIOLATED)
   if_stage_inst/btb_inst/btb_reg[14][TARGET][17]/D
                                1.16           1.43 f        -0.27  (VIOLATED)
   if_stage_inst/btb_inst/btb_reg[14][TARGET][18]/D
                                1.16           1.43 f        -0.27  (VIOLATED)
   if_stage_inst/btb_inst/btb_reg[14][TARGET][19]/D
                                1.16           1.43 f        -0.27  (VIOLATED)
   if_stage_inst/btb_inst/btb_reg[14][TARGET][20]/D
                                1.16           1.43 f        -0.27  (VIOLATED)
   if_stage_inst/btb_inst/btb_reg[14][TARGET][21]/D
                                1.16           1.43 f        -0.27  (VIOLATED)
   if_stage_inst/btb_inst/btb_reg[14][TARGET][22]/D
                                1.16           1.43 f        -0.27  (VIOLATED)
   if_stage_inst/btb_inst/btb_reg[14][TARGET][23]/D
                                1.16           1.43 f        -0.27  (VIOLATED)
   if_stage_inst/btb_inst/btb_reg[14][TARGET][24]/D
                                1.16           1.43 f        -0.27  (VIOLATED)
   if_stage_inst/btb_inst/btb_reg[14][TARGET][25]/D
                                1.16           1.43 f        -0.27  (VIOLATED)
   if_stage_inst/btb_inst/btb_reg[14][TARGET][26]/D
                                1.16           1.43 f        -0.27  (VIOLATED)
   if_stage_inst/btb_inst/btb_reg[14][TARGET][27]/D
                                1.16           1.43 f        -0.27  (VIOLATED)
   if_stage_inst/btb_inst/btb_reg[14][TARGET][28]/D
                                1.16           1.43 f        -0.27  (VIOLATED)
   if_stage_inst/btb_inst/btb_reg[14][TARGET][29]/D
                                1.16           1.43 f        -0.27  (VIOLATED)
   if_stage_inst/btb_inst/btb_reg[14][TARGET][30]/D
                                1.16           1.43 f        -0.27  (VIOLATED)
   if_stage_inst/btb_inst/btb_reg[14][TARGET][31]/D
                                1.16           1.43 f        -0.27  (VIOLATED)
   if_stage_inst/btb_inst/btb_reg[8][TARGET][8]/D
                                1.16           1.43 f        -0.27  (VIOLATED)
   if_stage_inst/btb_inst/btb_reg[8][TARGET][9]/D
                                1.16           1.43 f        -0.27  (VIOLATED)
   if_stage_inst/btb_inst/btb_reg[8][TARGET][10]/D
                                1.16           1.43 f        -0.27  (VIOLATED)
   if_stage_inst/btb_inst/btb_reg[8][TARGET][11]/D
                                1.16           1.43 f        -0.27  (VIOLATED)
   if_stage_inst/btb_inst/btb_reg[8][TARGET][12]/D
                                1.16           1.43 f        -0.27  (VIOLATED)
   if_stage_inst/btb_inst/btb_reg[8][TARGET][13]/D
                                1.16           1.43 f        -0.27  (VIOLATED)
   if_stage_inst/btb_inst/btb_reg[8][TARGET][14]/D
                                1.16           1.43 f        -0.27  (VIOLATED)
   if_stage_inst/btb_inst/btb_reg[8][TARGET][15]/D
                                1.16           1.43 f        -0.27  (VIOLATED)
   if_stage_inst/btb_inst/btb_reg[8][TARGET][16]/D
                                1.16           1.43 f        -0.27  (VIOLATED)
   if_stage_inst/btb_inst/btb_reg[8][TARGET][17]/D
                                1.16           1.43 f        -0.27  (VIOLATED)
   if_stage_inst/btb_inst/btb_reg[8][TARGET][18]/D
                                1.16           1.43 f        -0.27  (VIOLATED)
   if_stage_inst/btb_inst/btb_reg[8][TARGET][19]/D
                                1.16           1.43 f        -0.27  (VIOLATED)
   if_stage_inst/btb_inst/btb_reg[8][TARGET][20]/D
                                1.16           1.43 f        -0.27  (VIOLATED)
   if_stage_inst/btb_inst/btb_reg[8][TARGET][21]/D
                                1.16           1.43 f        -0.27  (VIOLATED)
   if_stage_inst/btb_inst/btb_reg[8][TARGET][22]/D
                                1.16           1.43 f        -0.27  (VIOLATED)
   if_stage_inst/btb_inst/btb_reg[8][TARGET][23]/D
                                1.16           1.43 f        -0.27  (VIOLATED)
   if_stage_inst/btb_inst/btb_reg[8][TARGET][24]/D
                                1.16           1.43 f        -0.27  (VIOLATED)
   if_stage_inst/btb_inst/btb_reg[8][TARGET][25]/D
                                1.16           1.43 f        -0.27  (VIOLATED)
   if_stage_inst/btb_inst/btb_reg[8][TARGET][26]/D
                                1.16           1.43 f        -0.27  (VIOLATED)
   if_stage_inst/btb_inst/btb_reg[8][TARGET][27]/D
                                1.16           1.43 f        -0.27  (VIOLATED)
   if_stage_inst/btb_inst/btb_reg[8][TARGET][28]/D
                                1.16           1.43 f        -0.27  (VIOLATED)
   if_stage_inst/btb_inst/btb_reg[8][TARGET][29]/D
                                1.16           1.43 f        -0.27  (VIOLATED)
   if_stage_inst/btb_inst/btb_reg[8][TARGET][30]/D
                                1.16           1.43 f        -0.27  (VIOLATED)
   if_stage_inst/btb_inst/btb_reg[8][TARGET][31]/D
                                1.16           1.43 f        -0.27  (VIOLATED)
   if_stage_inst/btb_inst/btb_reg[6][TARGET][12]/D
                                1.16           1.43 f        -0.27  (VIOLATED)
   if_stage_inst/btb_inst/btb_reg[6][TARGET][14]/D
                                1.16           1.43 f        -0.27  (VIOLATED)
   if_stage_inst/btb_inst/btb_reg[6][TARGET][16]/D
                                1.16           1.43 f        -0.27  (VIOLATED)
   if_stage_inst/btb_inst/btb_reg[6][TARGET][17]/D
                                1.16           1.43 f        -0.27  (VIOLATED)
   if_stage_inst/btb_inst/btb_reg[6][TARGET][20]/D
                                1.16           1.43 f        -0.27  (VIOLATED)
   if_stage_inst/btb_inst/btb_reg[6][TARGET][22]/D
                                1.16           1.43 f        -0.27  (VIOLATED)
   if_stage_inst/btb_inst/btb_reg[6][TARGET][24]/D
                                1.16           1.43 f        -0.27  (VIOLATED)
   if_stage_inst/btb_inst/btb_reg[6][TARGET][25]/D
                                1.16           1.43 f        -0.27  (VIOLATED)
   if_stage_inst/btb_inst/btb_reg[6][TARGET][28]/D
                                1.16           1.43 f        -0.27  (VIOLATED)
   if_stage_inst/btb_inst/btb_reg[6][TARGET][29]/D
                                1.16           1.43 f        -0.27  (VIOLATED)
   if_stage_inst/btb_inst/btb_reg[6][TARGET][0]/D
                                1.16           1.43 f        -0.27  (VIOLATED)
   if_stage_inst/btb_inst/btb_reg[6][TARGET][5]/D
                                1.16           1.43 f        -0.27  (VIOLATED)
   if_stage_inst/btb_inst/btb_reg[6][TARGET][6]/D
                                1.16           1.43 f        -0.27  (VIOLATED)
   if_stage_inst/btb_inst/btb_reg[6][TARGET][7]/D
                                1.16           1.43 f        -0.27  (VIOLATED)
   if_stage_inst/btb_inst/btb_reg[6][TARGET][8]/D
                                1.16           1.43 f        -0.27  (VIOLATED)
   if_stage_inst/btb_inst/btb_reg[6][TARGET][11]/D
                                1.16           1.43 f        -0.27  (VIOLATED)
   if_stage_inst/btb_inst/btb_reg[6][TARGET][15]/D
                                1.16           1.43 f        -0.27  (VIOLATED)
   if_stage_inst/btb_inst/btb_reg[6][TARGET][18]/D
                                1.16           1.43 f        -0.27  (VIOLATED)
   if_stage_inst/btb_inst/btb_reg[6][TARGET][19]/D
                                1.16           1.43 f        -0.27  (VIOLATED)
   if_stage_inst/btb_inst/btb_reg[6][TARGET][26]/D
                                1.16           1.43 f        -0.27  (VIOLATED)
   if_stage_inst/btb_inst/btb_reg[6][TARGET][30]/D
                                1.16           1.43 f        -0.27  (VIOLATED)
   R_1054/D                     1.17           1.44 r        -0.27  (VIOLATED)
   if_stage_inst/btb_inst/btb_reg[3][TARGET][0]/D
                                1.16           1.43 f        -0.27  (VIOLATED)
   if_stage_inst/btb_inst/btb_reg[3][TARGET][20]/D
                                1.16           1.43 f        -0.27  (VIOLATED)
   if_stage_inst/btb_inst/btb_reg[3][TARGET][24]/D
                                1.16           1.43 f        -0.27  (VIOLATED)
   if_stage_inst/btb_inst/btb_reg[3][TARGET][25]/D
                                1.16           1.43 f        -0.27  (VIOLATED)
   if_stage_inst/btb_inst/btb_reg[3][TARGET][28]/D
                                1.16           1.43 f        -0.27  (VIOLATED)
   if_stage_inst/btb_inst/btb_reg[3][TARGET][31]/D
                                1.16           1.43 f        -0.27  (VIOLATED)
   if_stage_inst/btb_inst/btb_reg[10][TARGET][0]/D
                                1.16           1.43 f        -0.27  (VIOLATED)
   if_stage_inst/btb_inst/btb_reg[10][TARGET][6]/D
                                1.16           1.43 f        -0.27  (VIOLATED)
   if_stage_inst/btb_inst/btb_reg[10][TARGET][8]/D
                                1.16           1.43 f        -0.27  (VIOLATED)
   if_stage_inst/btb_inst/btb_reg[10][TARGET][9]/D
                                1.16           1.43 f        -0.27  (VIOLATED)
   if_stage_inst/btb_inst/btb_reg[10][TARGET][10]/D
                                1.16           1.43 f        -0.27  (VIOLATED)
   if_stage_inst/btb_inst/btb_reg[10][TARGET][11]/D
                                1.16           1.43 f        -0.27  (VIOLATED)
   if_stage_inst/btb_inst/btb_reg[10][TARGET][12]/D
                                1.16           1.43 f        -0.27  (VIOLATED)
   if_stage_inst/btb_inst/btb_reg[10][TARGET][13]/D
                                1.16           1.43 f        -0.27  (VIOLATED)
   if_stage_inst/btb_inst/btb_reg[10][TARGET][14]/D
                                1.16           1.43 f        -0.27  (VIOLATED)
   if_stage_inst/btb_inst/btb_reg[10][TARGET][15]/D
                                1.16           1.43 f        -0.27  (VIOLATED)
   if_stage_inst/btb_inst/btb_reg[10][TARGET][16]/D
                                1.16           1.43 f        -0.27  (VIOLATED)
   if_stage_inst/btb_inst/btb_reg[10][TARGET][17]/D
                                1.16           1.43 f        -0.27  (VIOLATED)
   if_stage_inst/btb_inst/btb_reg[10][TARGET][18]/D
                                1.16           1.43 f        -0.27  (VIOLATED)
   if_stage_inst/btb_inst/btb_reg[10][TARGET][19]/D
                                1.16           1.43 f        -0.27  (VIOLATED)
   if_stage_inst/btb_inst/btb_reg[0][TARGET][8]/D
                                1.16           1.43 f        -0.27  (VIOLATED)
   if_stage_inst/btb_inst/btb_reg[13][TARGET][8]/D
                                1.16           1.43 f        -0.27  (VIOLATED)
   if_stage_inst/btb_inst/btb_reg[13][TARGET][9]/D
                                1.16           1.43 f        -0.27  (VIOLATED)
   if_stage_inst/btb_inst/btb_reg[13][TARGET][10]/D
                                1.16           1.43 f        -0.27  (VIOLATED)
   if_stage_inst/btb_inst/btb_reg[13][TARGET][11]/D
                                1.16           1.43 f        -0.27  (VIOLATED)
   if_stage_inst/btb_inst/btb_reg[13][TARGET][12]/D
                                1.16           1.43 f        -0.27  (VIOLATED)
   if_stage_inst/btb_inst/btb_reg[13][TARGET][13]/D
                                1.16           1.43 f        -0.27  (VIOLATED)
   if_stage_inst/btb_inst/btb_reg[13][TARGET][14]/D
                                1.16           1.43 f        -0.27  (VIOLATED)
   if_stage_inst/btb_inst/btb_reg[13][TARGET][15]/D
                                1.16           1.43 f        -0.27  (VIOLATED)
   if_stage_inst/btb_inst/btb_reg[13][TARGET][16]/D
                                1.16           1.43 f        -0.27  (VIOLATED)
   if_stage_inst/btb_inst/btb_reg[13][TARGET][17]/D
                                1.16           1.43 f        -0.27  (VIOLATED)
   if_stage_inst/btb_inst/btb_reg[13][TARGET][18]/D
                                1.16           1.43 f        -0.27  (VIOLATED)
   if_stage_inst/btb_inst/btb_reg[13][TARGET][19]/D
                                1.16           1.43 f        -0.27  (VIOLATED)
   if_stage_inst/btb_inst/btb_reg[13][TARGET][20]/D
                                1.16           1.43 f        -0.27  (VIOLATED)
   if_stage_inst/btb_inst/btb_reg[13][TARGET][21]/D
                                1.16           1.43 f        -0.27  (VIOLATED)
   if_stage_inst/btb_inst/btb_reg[13][TARGET][22]/D
                                1.16           1.43 f        -0.27  (VIOLATED)
   if_stage_inst/btb_inst/btb_reg[13][TARGET][23]/D
                                1.16           1.43 f        -0.27  (VIOLATED)
   if_stage_inst/btb_inst/btb_reg[13][TARGET][24]/D
                                1.16           1.43 f        -0.27  (VIOLATED)
   if_stage_inst/btb_inst/btb_reg[13][TARGET][25]/D
                                1.16           1.43 f        -0.27  (VIOLATED)
   if_stage_inst/btb_inst/btb_reg[13][TARGET][26]/D
                                1.16           1.43 f        -0.27  (VIOLATED)
   if_stage_inst/btb_inst/btb_reg[13][TARGET][27]/D
                                1.16           1.43 f        -0.27  (VIOLATED)
   if_stage_inst/btb_inst/btb_reg[13][TARGET][28]/D
                                1.16           1.43 f        -0.27  (VIOLATED)
   if_stage_inst/btb_inst/btb_reg[13][TARGET][29]/D
                                1.16           1.43 f        -0.27  (VIOLATED)
   if_stage_inst/btb_inst/btb_reg[13][TARGET][30]/D
                                1.16           1.43 f        -0.27  (VIOLATED)
   if_stage_inst/btb_inst/btb_reg[13][TARGET][31]/D
                                1.16           1.43 f        -0.27  (VIOLATED)
   if_stage_inst/btb_inst/btb_reg[12][TARGET][5]/D
                                1.16           1.43 f        -0.27  (VIOLATED)
   if_stage_inst/btb_inst/btb_reg[12][TARGET][7]/D
                                1.16           1.43 f        -0.27  (VIOLATED)
   if_stage_inst/btb_inst/btb_reg[12][TARGET][8]/D
                                1.16           1.43 f        -0.27  (VIOLATED)
   if_stage_inst/btb_inst/btb_reg[12][TARGET][10]/D
                                1.16           1.43 f        -0.27  (VIOLATED)
   if_stage_inst/btb_inst/btb_reg[12][TARGET][16]/D
                                1.16           1.43 f        -0.27  (VIOLATED)
   if_stage_inst/btb_inst/btb_reg[12][TARGET][20]/D
                                1.16           1.43 f        -0.27  (VIOLATED)
   if_stage_inst/btb_inst/btb_reg[12][TARGET][21]/D
                                1.16           1.43 f        -0.27  (VIOLATED)
   if_stage_inst/btb_inst/btb_reg[12][TARGET][22]/D
                                1.16           1.43 f        -0.27  (VIOLATED)
   if_stage_inst/btb_inst/btb_reg[12][TARGET][23]/D
                                1.16           1.43 f        -0.27  (VIOLATED)
   if_stage_inst/btb_inst/btb_reg[12][TARGET][24]/D
                                1.16           1.43 f        -0.27  (VIOLATED)
   if_stage_inst/btb_inst/btb_reg[12][TARGET][25]/D
                                1.16           1.43 f        -0.27  (VIOLATED)
   if_stage_inst/btb_inst/btb_reg[12][TARGET][26]/D
                                1.16           1.43 f        -0.27  (VIOLATED)
   if_stage_inst/btb_inst/btb_reg[12][TARGET][27]/D
                                1.16           1.43 f        -0.27  (VIOLATED)
   if_stage_inst/btb_inst/btb_reg[12][TARGET][28]/D
                                1.16           1.43 f        -0.27  (VIOLATED)
   if_stage_inst/btb_inst/btb_reg[12][TARGET][29]/D
                                1.16           1.43 f        -0.27  (VIOLATED)
   if_stage_inst/btb_inst/btb_reg[12][TARGET][30]/D
                                1.16           1.43 f        -0.27  (VIOLATED)
   if_stage_inst/btb_inst/btb_reg[12][TARGET][31]/D
                                1.16           1.43 f        -0.27  (VIOLATED)
   if_stage_inst/btb_inst/btb_reg[6][TARGET][10]/D
                                1.16           1.43 f        -0.27  (VIOLATED)
   if_stage_inst/btb_inst/btb_reg[6][TARGET][9]/D
                                1.16           1.43 f        -0.27  (VIOLATED)
   ex_stage_inst/mult_pp_inst/tree_i/layer_4_r_reg[2][24]/D
                                1.15           1.42 f        -0.27  (VIOLATED)
   if_stage_inst/btb_inst/btb_reg[6][TARGET][13]/D
                                1.16           1.43 f        -0.27  (VIOLATED)
   if_stage_inst/btb_inst/btb_reg[6][TARGET][21]/D
                                1.16           1.43 f        -0.27  (VIOLATED)
   if_stage_inst/btb_inst/btb_reg[6][TARGET][23]/D
                                1.16           1.43 f        -0.27  (VIOLATED)
   if_stage_inst/btb_inst/btb_reg[6][TARGET][27]/D
                                1.16           1.43 f        -0.27  (VIOLATED)
   if_stage_inst/btb_inst/btb_reg[6][TARGET][31]/D
                                1.16           1.43 f        -0.27  (VIOLATED)
   if_stage_inst/btb_inst/btb_reg[12][TARGET][19]/D
                                1.16           1.43 f        -0.27  (VIOLATED)
   if_stage_inst/btb_inst/btb_reg[12][TARGET][9]/D
                                1.16           1.43 f        -0.27  (VIOLATED)
   if_stage_inst/btb_inst/btb_reg[12][TARGET][6]/D
                                1.16           1.43 f        -0.27  (VIOLATED)
   if_stage_inst/btb_inst/btb_reg[12][TARGET][13]/D
                                1.16           1.43 f        -0.27  (VIOLATED)
   if_stage_inst/btb_inst/btb_reg[12][TARGET][14]/D
                                1.16           1.43 f        -0.27  (VIOLATED)
   R_659/D                      1.16           1.43 f        -0.27  (VIOLATED)
   if_stage_inst/btb_inst/btb_reg[9][TARGET][5]/D
                                1.16           1.43 f        -0.27  (VIOLATED)
   if_stage_inst/btb_inst/btb_reg[9][TARGET][9]/D
                                1.16           1.43 f        -0.27  (VIOLATED)
   if_stage_inst/btb_inst/btb_reg[9][TARGET][10]/D
                                1.16           1.43 f        -0.27  (VIOLATED)
   if_stage_inst/btb_inst/btb_reg[9][TARGET][11]/D
                                1.16           1.43 f        -0.27  (VIOLATED)
   if_stage_inst/btb_inst/btb_reg[9][TARGET][12]/D
                                1.16           1.43 f        -0.27  (VIOLATED)
   if_stage_inst/btb_inst/btb_reg[9][TARGET][13]/D
                                1.16           1.43 f        -0.27  (VIOLATED)
   if_stage_inst/btb_inst/btb_reg[9][TARGET][14]/D
                                1.16           1.43 f        -0.27  (VIOLATED)
   if_stage_inst/btb_inst/btb_reg[9][TARGET][15]/D
                                1.16           1.43 f        -0.27  (VIOLATED)
   if_stage_inst/btb_inst/btb_reg[9][TARGET][16]/D
                                1.16           1.43 f        -0.27  (VIOLATED)
   if_stage_inst/btb_inst/btb_reg[9][TARGET][17]/D
                                1.16           1.43 f        -0.27  (VIOLATED)
   if_stage_inst/btb_inst/btb_reg[9][TARGET][18]/D
                                1.16           1.43 f        -0.27  (VIOLATED)
   if_stage_inst/btb_inst/btb_reg[9][TARGET][19]/D
                                1.16           1.43 f        -0.27  (VIOLATED)
   if_stage_inst/btb_inst/btb_reg[9][TARGET][21]/D
                                1.16           1.43 f        -0.27  (VIOLATED)
   if_stage_inst/btb_inst/btb_reg[9][TARGET][22]/D
                                1.16           1.43 f        -0.27  (VIOLATED)
   if_stage_inst/btb_inst/btb_reg[9][TARGET][26]/D
                                1.16           1.43 f        -0.27  (VIOLATED)
   if_stage_inst/btb_inst/btb_reg[9][TARGET][30]/D
                                1.16           1.43 f        -0.27  (VIOLATED)
   if_stage_inst/btb_inst/btb_reg[3][TARGET][8]/D
                                1.16           1.43 f        -0.27  (VIOLATED)
   if_stage_inst/btb_inst/btb_reg[3][TARGET][9]/D
                                1.16           1.43 f        -0.27  (VIOLATED)
   if_stage_inst/btb_inst/btb_reg[3][TARGET][10]/D
                                1.16           1.43 f        -0.27  (VIOLATED)
   if_stage_inst/btb_inst/btb_reg[3][TARGET][11]/D
                                1.16           1.43 f        -0.27  (VIOLATED)
   if_stage_inst/btb_inst/btb_reg[3][TARGET][12]/D
                                1.16           1.43 f        -0.27  (VIOLATED)
   if_stage_inst/btb_inst/btb_reg[3][TARGET][13]/D
                                1.16           1.43 f        -0.27  (VIOLATED)
   if_stage_inst/btb_inst/btb_reg[3][TARGET][14]/D
                                1.16           1.43 f        -0.27  (VIOLATED)
   if_stage_inst/btb_inst/btb_reg[3][TARGET][15]/D
                                1.16           1.43 f        -0.27  (VIOLATED)
   if_stage_inst/btb_inst/btb_reg[3][TARGET][16]/D
                                1.16           1.43 f        -0.27  (VIOLATED)
   if_stage_inst/btb_inst/btb_reg[3][TARGET][17]/D
                                1.16           1.43 f        -0.27  (VIOLATED)
   if_stage_inst/btb_inst/btb_reg[3][TARGET][18]/D
                                1.16           1.43 f        -0.27  (VIOLATED)
   if_stage_inst/btb_inst/btb_reg[3][TARGET][19]/D
                                1.16           1.43 f        -0.27  (VIOLATED)
   if_stage_inst/btb_inst/btb_reg[3][TARGET][21]/D
                                1.16           1.43 f        -0.27  (VIOLATED)
   if_stage_inst/btb_inst/btb_reg[3][TARGET][22]/D
                                1.16           1.43 f        -0.27  (VIOLATED)
   if_stage_inst/btb_inst/btb_reg[3][TARGET][27]/D
                                1.16           1.43 f        -0.27  (VIOLATED)
   if_stage_inst/btb_inst/btb_reg[3][TARGET][30]/D
                                1.16           1.43 f        -0.27  (VIOLATED)
   if_stage_inst/btb_inst/btb_reg[9][TARGET][0]/D
                                1.16           1.43 f        -0.27  (VIOLATED)
   if_stage_inst/btb_inst/btb_reg[9][TARGET][8]/D
                                1.16           1.43 f        -0.27  (VIOLATED)
   if_stage_inst/btb_inst/btb_reg[9][TARGET][20]/D
                                1.16           1.43 f        -0.27  (VIOLATED)
   if_stage_inst/btb_inst/btb_reg[9][TARGET][24]/D
                                1.16           1.43 f        -0.27  (VIOLATED)
   if_stage_inst/btb_inst/btb_reg[9][TARGET][25]/D
                                1.16           1.43 f        -0.27  (VIOLATED)
   if_stage_inst/btb_inst/btb_reg[9][TARGET][29]/D
                                1.16           1.43 f        -0.27  (VIOLATED)
   if_stage_inst/btb_inst/btb_reg[15][TAG][22]/D
                                1.17           1.43 r        -0.27  (VIOLATED)
   if_stage_inst/btb_inst/btb_reg[1][TAG][22]/D
                                1.17           1.43 r        -0.27  (VIOLATED)
   if_stage_inst/btb_inst/btb_reg[15][TARGET][5]/D
                                1.16           1.43 f        -0.27  (VIOLATED)
   if_stage_inst/btb_inst/btb_reg[15][TARGET][7]/D
                                1.16           1.43 f        -0.27  (VIOLATED)
   if_stage_inst/btb_inst/btb_reg[15][TARGET][20]/D
                                1.16           1.43 f        -0.27  (VIOLATED)
   if_stage_inst/btb_inst/btb_reg[15][TARGET][21]/D
                                1.16           1.43 f        -0.27  (VIOLATED)
   if_stage_inst/btb_inst/btb_reg[15][TARGET][22]/D
                                1.16           1.43 f        -0.27  (VIOLATED)
   if_stage_inst/btb_inst/btb_reg[15][TARGET][23]/D
                                1.16           1.43 f        -0.27  (VIOLATED)
   if_stage_inst/btb_inst/btb_reg[15][TARGET][24]/D
                                1.16           1.43 f        -0.27  (VIOLATED)
   if_stage_inst/btb_inst/btb_reg[15][TARGET][25]/D
                                1.16           1.43 f        -0.27  (VIOLATED)
   if_stage_inst/btb_inst/btb_reg[15][TARGET][26]/D
                                1.16           1.43 f        -0.27  (VIOLATED)
   if_stage_inst/btb_inst/btb_reg[15][TARGET][27]/D
                                1.16           1.43 f        -0.27  (VIOLATED)
   if_stage_inst/btb_inst/btb_reg[15][TARGET][28]/D
                                1.16           1.43 f        -0.27  (VIOLATED)
   if_stage_inst/btb_inst/btb_reg[15][TARGET][29]/D
                                1.16           1.43 f        -0.27  (VIOLATED)
   if_stage_inst/btb_inst/btb_reg[15][TARGET][30]/D
                                1.16           1.43 f        -0.27  (VIOLATED)
   if_stage_inst/btb_inst/btb_reg[15][TARGET][31]/D
                                1.16           1.43 f        -0.27  (VIOLATED)
   if_stage_inst/btb_inst/btb_reg[3][TARGET][5]/D
                                1.16           1.43 f        -0.27  (VIOLATED)
   if_stage_inst/btb_inst/btb_reg[3][TARGET][6]/D
                                1.16           1.43 f        -0.27  (VIOLATED)
   if_stage_inst/btb_inst/btb_reg[3][TARGET][7]/D
                                1.16           1.43 f        -0.27  (VIOLATED)
   if_stage_inst/btb_inst/btb_reg[3][TARGET][23]/D
                                1.16           1.43 f        -0.27  (VIOLATED)
   if_stage_inst/btb_inst/btb_reg[3][TARGET][26]/D
                                1.16           1.43 f        -0.27  (VIOLATED)
   if_stage_inst/btb_inst/btb_reg[3][TARGET][29]/D
                                1.16           1.43 f        -0.27  (VIOLATED)
   if_stage_inst/btb_inst/btb_reg[1][TARGET][5]/D
                                1.16           1.43 f        -0.27  (VIOLATED)
   if_stage_inst/btb_inst/btb_reg[1][TARGET][7]/D
                                1.16           1.43 f        -0.27  (VIOLATED)
   if_stage_inst/btb_inst/btb_reg[1][TARGET][20]/D
                                1.16           1.43 f        -0.27  (VIOLATED)
   if_stage_inst/btb_inst/btb_reg[1][TARGET][21]/D
                                1.16           1.43 f        -0.27  (VIOLATED)
   if_stage_inst/btb_inst/btb_reg[1][TARGET][22]/D
                                1.16           1.43 f        -0.27  (VIOLATED)
   if_stage_inst/btb_inst/btb_reg[1][TARGET][23]/D
                                1.16           1.43 f        -0.27  (VIOLATED)
   if_stage_inst/btb_inst/btb_reg[1][TARGET][24]/D
                                1.16           1.43 f        -0.27  (VIOLATED)
   if_stage_inst/btb_inst/btb_reg[1][TARGET][25]/D
                                1.16           1.43 f        -0.27  (VIOLATED)
   if_stage_inst/btb_inst/btb_reg[1][TARGET][26]/D
                                1.16           1.43 f        -0.27  (VIOLATED)
   if_stage_inst/btb_inst/btb_reg[1][TARGET][27]/D
                                1.16           1.43 f        -0.27  (VIOLATED)
   if_stage_inst/btb_inst/btb_reg[1][TARGET][28]/D
                                1.16           1.43 f        -0.27  (VIOLATED)
   if_stage_inst/btb_inst/btb_reg[1][TARGET][29]/D
                                1.16           1.43 f        -0.27  (VIOLATED)
   if_stage_inst/btb_inst/btb_reg[1][TARGET][30]/D
                                1.16           1.43 f        -0.27  (VIOLATED)
   if_stage_inst/btb_inst/btb_reg[1][TARGET][31]/D
                                1.16           1.43 f        -0.27  (VIOLATED)
   if_stage_inst/btb_inst/btb_reg[15][TAG][24]/D
                                1.17           1.43 r        -0.27  (VIOLATED)
   if_stage_inst/btb_inst/btb_reg[1][TAG][24]/D
                                1.17           1.43 r        -0.27  (VIOLATED)
   if_stage_inst/btb_inst/btb_reg[15][TAG][4]/D
                                1.17           1.43 r        -0.27  (VIOLATED)
   if_stage_inst/btb_inst/btb_reg[1][TAG][5]/D
                                1.17           1.43 r        -0.27  (VIOLATED)
   ex_stage_inst/mult_pp_inst/tree_i/layer_4_r_reg[3][29]/D
                                1.16           1.43 f        -0.27  (VIOLATED)
   if_stage_inst/btb_inst/btb_reg[12][TAG][18]/D
                                1.17           1.43 r        -0.27  (VIOLATED)
   if_stage_inst/btb_inst/btb_reg[12][TAG][12]/D
                                1.17           1.43 r        -0.27  (VIOLATED)
   if_stage_inst/btb_inst/btb_reg[12][TAG][17]/D
                                1.17           1.43 r        -0.26  (VIOLATED)
   if_stage_inst/btb_inst/btb_reg[12][TAG][13]/D
                                1.17           1.43 r        -0.26  (VIOLATED)
   if_stage_inst/btb_inst/btb_reg[12][TAG][15]/D
                                1.17           1.43 r        -0.26  (VIOLATED)
   if_stage_inst/btb_inst/btb_reg[0][TARGET][0]/D
                                1.16           1.42 f        -0.26  (VIOLATED)
   if_stage_inst/btb_inst/btb_reg[0][TARGET][5]/D
                                1.16           1.42 f        -0.26  (VIOLATED)
   if_stage_inst/btb_inst/btb_reg[0][TARGET][6]/D
                                1.16           1.42 f        -0.26  (VIOLATED)
   if_stage_inst/btb_inst/btb_reg[0][TARGET][7]/D
                                1.16           1.42 f        -0.26  (VIOLATED)
   if_stage_inst/btb_inst/btb_reg[14][TARGET][0]/D
                                1.16           1.42 f        -0.26  (VIOLATED)
   if_stage_inst/btb_inst/btb_reg[14][TARGET][5]/D
                                1.16           1.42 f        -0.26  (VIOLATED)
   if_stage_inst/btb_inst/btb_reg[14][TARGET][6]/D
                                1.16           1.42 f        -0.26  (VIOLATED)
   if_stage_inst/btb_inst/btb_reg[14][TARGET][7]/D
                                1.16           1.42 f        -0.26  (VIOLATED)
   if_stage_inst/btb_inst/btb_reg[8][TARGET][0]/D
                                1.16           1.42 f        -0.26  (VIOLATED)
   if_stage_inst/btb_inst/btb_reg[8][TARGET][5]/D
                                1.16           1.42 f        -0.26  (VIOLATED)
   if_stage_inst/btb_inst/btb_reg[8][TARGET][6]/D
                                1.16           1.42 f        -0.26  (VIOLATED)
   if_stage_inst/btb_inst/btb_reg[8][TARGET][7]/D
                                1.16           1.42 f        -0.26  (VIOLATED)
   if_stage_inst/btb_inst/btb_reg[12][TAG][22]/D
                                1.17           1.43 r        -0.26  (VIOLATED)
   if_stage_inst/btb_inst/btb_reg[15][TAG][23]/D
                                1.17           1.43 r        -0.26  (VIOLATED)
   if_stage_inst/btb_inst/btb_reg[15][TARGET][3]/D
                                1.17           1.43 r        -0.26  (VIOLATED)
   if_stage_inst/btb_inst/btb_reg[1][TAG][23]/D
                                1.17           1.43 r        -0.26  (VIOLATED)
   if_stage_inst/btb_inst/btb_reg[1][TARGET][3]/D
                                1.17           1.43 r        -0.26  (VIOLATED)
   if_stage_inst/btb_inst/btb_reg[12][TAG][14]/D
                                1.17           1.43 r        -0.26  (VIOLATED)
   if_stage_inst/btb_inst/btb_reg[12][TAG][20]/D
                                1.17           1.43 r        -0.26  (VIOLATED)
   if_stage_inst/btb_inst/btb_reg[12][TAG][6]/D
                                1.17           1.43 r        -0.26  (VIOLATED)
   if_stage_inst/btb_inst/btb_reg[12][TAG][7]/D
                                1.17           1.43 r        -0.26  (VIOLATED)
   if_stage_inst/btb_inst/btb_reg[5][TARGET][10]/D
                                1.16           1.42 f        -0.26  (VIOLATED)
   if_stage_inst/btb_inst/btb_reg[5][TARGET][11]/D
                                1.16           1.42 f        -0.26  (VIOLATED)
   if_stage_inst/btb_inst/btb_reg[5][TARGET][17]/D
                                1.16           1.42 f        -0.26  (VIOLATED)
   if_stage_inst/btb_inst/btb_reg[5][TARGET][18]/D
                                1.16           1.42 f        -0.26  (VIOLATED)
   if_stage_inst/btb_inst/btb_reg[5][TARGET][26]/D
                                1.16           1.42 f        -0.26  (VIOLATED)
   if_stage_inst/btb_inst/btb_reg[5][TARGET][13]/D
                                1.16           1.42 f        -0.26  (VIOLATED)
   if_stage_inst/btb_inst/btb_reg[13][TARGET][0]/D
                                1.16           1.42 f        -0.26  (VIOLATED)
   if_stage_inst/btb_inst/btb_reg[13][TARGET][5]/D
                                1.16           1.42 f        -0.26  (VIOLATED)
   if_stage_inst/btb_inst/btb_reg[13][TARGET][6]/D
                                1.16           1.42 f        -0.26  (VIOLATED)
   if_stage_inst/btb_inst/btb_reg[13][TARGET][7]/D
                                1.16           1.42 f        -0.26  (VIOLATED)
   if_stage_inst/btb_inst/btb_reg[5][TARGET][8]/D
                                1.16           1.42 f        -0.26  (VIOLATED)
   if_stage_inst/btb_inst/btb_reg[5][TARGET][21]/D
                                1.16           1.42 f        -0.26  (VIOLATED)
   if_stage_inst/btb_inst/btb_reg[5][TARGET][24]/D
                                1.16           1.42 f        -0.26  (VIOLATED)
   if_stage_inst/btb_inst/btb_reg[5][TARGET][28]/D
                                1.16           1.42 f        -0.26  (VIOLATED)
   if_stage_inst/btb_inst/btb_reg[5][TARGET][31]/D
                                1.16           1.42 f        -0.26  (VIOLATED)
   if_stage_inst/btb_inst/btb_reg[5][TARGET][14]/D
                                1.16           1.42 f        -0.26  (VIOLATED)
   if_stage_inst/btb_inst/btb_reg[5][TARGET][16]/D
                                1.16           1.42 f        -0.26  (VIOLATED)
   if_stage_inst/btb_inst/btb_reg[5][TARGET][20]/D
                                1.16           1.42 f        -0.26  (VIOLATED)
   if_stage_inst/btb_inst/btb_reg[5][TARGET][7]/D
                                1.16           1.42 f        -0.26  (VIOLATED)
   if_stage_inst/btb_inst/btb_reg[5][TARGET][0]/D
                                1.16           1.42 f        -0.26  (VIOLATED)
   if_stage_inst/btb_inst/btb_reg[5][TARGET][30]/D
                                1.16           1.42 f        -0.26  (VIOLATED)
   if_stage_inst/btb_inst/btb_reg[9][TAG][18]/D
                                1.17           1.43 r        -0.26  (VIOLATED)
   if_stage_inst/btb_inst/btb_reg[9][TAG][12]/D
                                1.17           1.43 r        -0.26  (VIOLATED)
   if_stage_inst/btb_inst/btb_reg[12][TAG][8]/D
                                1.17           1.43 r        -0.26  (VIOLATED)
   if_stage_inst/btb_inst/btb_reg[12][TAG][9]/D
                                1.17           1.43 r        -0.26  (VIOLATED)
   if_stage_inst/btb_inst/btb_reg[12][TAG][10]/D
                                1.17           1.43 r        -0.26  (VIOLATED)
   if_stage_inst/btb_inst/btb_reg[12][TAG][11]/D
                                1.17           1.43 r        -0.26  (VIOLATED)
   if_stage_inst/btb_inst/btb_reg[0][TAG][18]/D
                                1.17           1.43 r        -0.26  (VIOLATED)
   if_stage_inst/btb_inst/btb_reg[9][TAG][16]/D
                                1.17           1.43 r        -0.26  (VIOLATED)
   if_stage_inst/btb_inst/btb_reg[0][TAG][12]/D
                                1.17           1.43 r        -0.26  (VIOLATED)
   if_stage_inst/btb_inst/btb_reg[14][TAG][18]/D
                                1.17           1.43 r        -0.26  (VIOLATED)
   if_stage_inst/btb_inst/btb_reg[14][TAG][12]/D
                                1.17           1.43 r        -0.26  (VIOLATED)
   if_stage_inst/btb_inst/btb_reg[9][TAG][17]/D
                                1.17           1.43 r        -0.26  (VIOLATED)
   if_stage_inst/btb_inst/btb_reg[8][TAG][18]/D
                                1.17           1.43 r        -0.26  (VIOLATED)
   if_stage_inst/btb_inst/btb_reg[9][TAG][13]/D
                                1.17           1.43 r        -0.26  (VIOLATED)
   if_stage_inst/btb_inst/btb_reg[9][TAG][15]/D
                                1.17           1.43 r        -0.26  (VIOLATED)
   if_stage_inst/btb_inst/btb_reg[8][TAG][12]/D
                                1.17           1.43 r        -0.26  (VIOLATED)
   if_stage_inst/btb_inst/btb_reg[0][TAG][16]/D
                                1.17           1.43 r        -0.26  (VIOLATED)
   if_stage_inst/btb_inst/btb_reg[14][TAG][16]/D
                                1.17           1.43 r        -0.26  (VIOLATED)
   if_stage_inst/btb_inst/btb_reg[14][TAG][17]/D
                                1.17           1.43 r        -0.26  (VIOLATED)
   if_stage_inst/btb_inst/btb_reg[8][TAG][16]/D
                                1.17           1.43 r        -0.26  (VIOLATED)
   if_stage_inst/btb_inst/btb_reg[0][TAG][13]/D
                                1.17           1.43 r        -0.26  (VIOLATED)
   if_stage_inst/btb_inst/btb_reg[0][TAG][15]/D
                                1.17           1.43 r        -0.26  (VIOLATED)
   if_stage_inst/btb_inst/btb_reg[14][TAG][13]/D
                                1.17           1.43 r        -0.26  (VIOLATED)
   if_stage_inst/btb_inst/btb_reg[14][TAG][15]/D
                                1.17           1.43 r        -0.26  (VIOLATED)
   if_stage_inst/btb_inst/btb_reg[8][TAG][13]/D
                                1.17           1.43 r        -0.26  (VIOLATED)
   if_stage_inst/btb_inst/btb_reg[8][TAG][15]/D
                                1.17           1.43 r        -0.26  (VIOLATED)
   if_stage_inst/btb_inst/btb_reg[6][TAG][16]/D
                                1.17           1.43 r        -0.26  (VIOLATED)
   if_stage_inst/btb_inst/btb_reg[9][TAG][24]/D
                                1.17           1.43 r        -0.26  (VIOLATED)
   if_stage_inst/btb_inst/btb_reg[9][TAG][14]/D
                                1.17           1.43 r        -0.26  (VIOLATED)
   if_stage_inst/btb_inst/btb_reg[3][TAG][18]/D
                                1.17           1.43 r        -0.26  (VIOLATED)
   if_stage_inst/btb_inst/btb_reg[3][TAG][12]/D
                                1.17           1.43 r        -0.26  (VIOLATED)
   if_stage_inst/btb_inst/btb_reg[10][TAG][16]/D
                                1.17           1.43 r        -0.26  (VIOLATED)
   if_stage_inst/btb_inst/btb_reg[15][TAG][18]/D
                                1.17           1.43 r        -0.26  (VIOLATED)
   if_stage_inst/btb_inst/btb_reg[15][TAG][12]/D
                                1.17           1.43 r        -0.26  (VIOLATED)
   if_stage_inst/btb_inst/btb_reg[1][TAG][18]/D
                                1.17           1.43 r        -0.26  (VIOLATED)
   if_stage_inst/btb_inst/btb_reg[1][TAG][12]/D
                                1.17           1.43 r        -0.26  (VIOLATED)
   if_stage_inst/btb_inst/btb_reg[6][TAG][22]/D
                                1.17           1.43 r        -0.26  (VIOLATED)
   if_stage_inst/btb_inst/btb_reg[9][TAG][6]/D
                                1.17           1.43 r        -0.26  (VIOLATED)
   if_stage_inst/btb_inst/btb_reg[14][TAG][14]/D
                                1.17           1.43 r        -0.26  (VIOLATED)
   if_stage_inst/btb_inst/btb_reg[14][TAG][20]/D
                                1.17           1.43 r        -0.26  (VIOLATED)
   if_stage_inst/btb_inst/btb_reg[9][TAG][7]/D
                                1.17           1.43 r        -0.26  (VIOLATED)
   if_stage_inst/btb_inst/btb_reg[3][TAG][17]/D
                                1.17           1.43 r        -0.26  (VIOLATED)
   if_stage_inst/btb_inst/btb_reg[8][TAG][14]/D
                                1.17           1.43 r        -0.26  (VIOLATED)
   if_stage_inst/btb_inst/btb_reg[3][TAG][13]/D
                                1.17           1.43 r        -0.26  (VIOLATED)
   if_stage_inst/btb_inst/btb_reg[3][TAG][15]/D
                                1.17           1.43 r        -0.26  (VIOLATED)
   if_stage_inst/btb_inst/btb_reg[10][TAG][22]/D
                                1.17           1.43 r        -0.26  (VIOLATED)
   if_stage_inst/btb_inst/btb_reg[3][TAG][22]/D
                                1.17           1.43 r        -0.26  (VIOLATED)
   if_stage_inst/btb_inst/btb_reg[15][TAG][16]/D
                                1.17           1.43 r        -0.26  (VIOLATED)
   if_stage_inst/btb_inst/btb_reg[15][TAG][17]/D
                                1.17           1.43 r        -0.26  (VIOLATED)
   if_stage_inst/btb_inst/btb_reg[6][TAG][24]/D
                                1.17           1.43 r        -0.26  (VIOLATED)
   if_stage_inst/btb_inst/btb_reg[6][TAG][19]/D
                                1.17           1.43 r        -0.26  (VIOLATED)
   if_stage_inst/btb_inst/btb_reg[6][TAG][21]/D
                                1.17           1.43 r        -0.26  (VIOLATED)
   if_stage_inst/btb_inst/btb_reg[15][TAG][13]/D
                                1.17           1.43 r        -0.26  (VIOLATED)
   if_stage_inst/btb_inst/btb_reg[15][TAG][15]/D
                                1.17           1.43 r        -0.26  (VIOLATED)
   if_stage_inst/btb_inst/btb_reg[10][TARGET][5]/D
                                1.16           1.42 f        -0.26  (VIOLATED)
   if_stage_inst/btb_inst/btb_reg[10][TARGET][7]/D
                                1.16           1.42 f        -0.26  (VIOLATED)
   if_stage_inst/btb_inst/btb_reg[10][TARGET][20]/D
                                1.16           1.42 f        -0.26  (VIOLATED)
   if_stage_inst/btb_inst/btb_reg[10][TARGET][21]/D
                                1.16           1.42 f        -0.26  (VIOLATED)
   if_stage_inst/btb_inst/btb_reg[10][TARGET][22]/D
                                1.16           1.42 f        -0.26  (VIOLATED)
   if_stage_inst/btb_inst/btb_reg[10][TARGET][23]/D
                                1.16           1.42 f        -0.26  (VIOLATED)
   if_stage_inst/btb_inst/btb_reg[10][TARGET][24]/D
                                1.16           1.42 f        -0.26  (VIOLATED)
   if_stage_inst/btb_inst/btb_reg[10][TARGET][25]/D
                                1.16           1.42 f        -0.26  (VIOLATED)
   if_stage_inst/btb_inst/btb_reg[10][TARGET][26]/D
                                1.16           1.42 f        -0.26  (VIOLATED)
   if_stage_inst/btb_inst/btb_reg[10][TARGET][27]/D
                                1.16           1.42 f        -0.26  (VIOLATED)
   if_stage_inst/btb_inst/btb_reg[10][TARGET][28]/D
                                1.16           1.42 f        -0.26  (VIOLATED)
   if_stage_inst/btb_inst/btb_reg[10][TARGET][29]/D
                                1.16           1.42 f        -0.26  (VIOLATED)
   if_stage_inst/btb_inst/btb_reg[10][TARGET][30]/D
                                1.16           1.42 f        -0.26  (VIOLATED)
   if_stage_inst/btb_inst/btb_reg[10][TARGET][31]/D
                                1.16           1.42 f        -0.26  (VIOLATED)
   if_stage_inst/btb_inst/btb_reg[1][TAG][16]/D
                                1.17           1.43 r        -0.26  (VIOLATED)
   if_stage_inst/btb_inst/btb_reg[0][TAG][2]/D
                                1.17           1.43 r        -0.26  (VIOLATED)
   if_stage_inst/btb_inst/btb_reg[1][TAG][17]/D
                                1.17           1.43 r        -0.26  (VIOLATED)
   if_stage_inst/btb_inst/btb_reg[14][TAG][2]/D
                                1.17           1.43 r        -0.26  (VIOLATED)
   if_stage_inst/btb_inst/btb_reg[0][TAG][6]/D
                                1.17           1.43 r        -0.26  (VIOLATED)
   if_stage_inst/btb_inst/btb_reg[0][TAG][4]/D
                                1.17           1.43 r        -0.26  (VIOLATED)
   if_stage_inst/btb_inst/btb_reg[14][TAG][5]/D
                                1.17           1.43 r        -0.26  (VIOLATED)
   if_stage_inst/btb_inst/btb_reg[14][TAG][4]/D
                                1.17           1.43 r        -0.26  (VIOLATED)
   if_stage_inst/btb_inst/btb_reg[1][TAG][13]/D
                                1.17           1.43 r        -0.26  (VIOLATED)
   if_stage_inst/btb_inst/btb_reg[1][TAG][15]/D
                                1.17           1.43 r        -0.26  (VIOLATED)
   if_stage_inst/btb_inst/btb_reg[8][TAG][2]/D
                                1.17           1.43 r        -0.26  (VIOLATED)
   if_stage_inst/btb_inst/btb_reg[0][TAG][1]/D
                                1.17           1.43 r        -0.26  (VIOLATED)
   if_stage_inst/btb_inst/btb_reg[0][TAG][7]/D
                                1.17           1.43 r        -0.26  (VIOLATED)
   if_stage_inst/btb_inst/btb_reg[14][TAG][1]/D
                                1.17           1.43 r        -0.26  (VIOLATED)
   if_stage_inst/btb_inst/btb_reg[8][TAG][4]/D
                                1.17           1.43 r        -0.26  (VIOLATED)
   if_stage_inst/btb_inst/btb_reg[8][TAG][0]/D
                                1.17           1.43 r        -0.26  (VIOLATED)
   if_stage_inst/btb_inst/btb_reg[8][TAG][7]/D
                                1.17           1.43 r        -0.26  (VIOLATED)
   if_stage_inst/btb_inst/btb_reg[10][TAG][21]/D
                                1.17           1.43 r        -0.26  (VIOLATED)
   if_stage_inst/btb_inst/btb_reg[0][TARGET][4]/D
                                1.17           1.43 r        -0.26  (VIOLATED)
   if_stage_inst/btb_inst/btb_reg[14][TARGET][4]/D
                                1.17           1.43 r        -0.26  (VIOLATED)
   if_stage_inst/btb_inst/btb_reg[8][TARGET][4]/D
                                1.17           1.43 r        -0.26  (VIOLATED)
   if_stage_inst/btb_inst/btb_reg[6][TAG][2]/D
                                1.17           1.43 r        -0.26  (VIOLATED)
   if_stage_inst/btb_inst/btb_reg[6][TAG][5]/D
                                1.17           1.43 r        -0.26  (VIOLATED)
   if_stage_inst/btb_inst/btb_reg[6][TAG][4]/D
                                1.17           1.43 r        -0.26  (VIOLATED)
   if_stage_inst/btb_inst/btb_reg[13][TAG][18]/D
                                1.17           1.43 r        -0.26  (VIOLATED)
   if_stage_inst/btb_inst/btb_reg[6][TAG][0]/D
                                1.17           1.43 r        -0.26  (VIOLATED)
   if_stage_inst/btb_inst/btb_reg[6][TAG][1]/D
                                1.17           1.43 r        -0.26  (VIOLATED)
   if_stage_inst/btb_inst/btb_reg[0][TARGET][2]/D
                                1.17           1.43 r        -0.26  (VIOLATED)
   if_stage_inst/btb_inst/btb_reg[14][TARGET][2]/D
                                1.17           1.43 r        -0.26  (VIOLATED)
   if_stage_inst/btb_inst/btb_reg[8][TARGET][2]/D
                                1.17           1.43 r        -0.26  (VIOLATED)
   if_stage_inst/btb_inst/btb_reg[3][TAG][14]/D
                                1.17           1.43 r        -0.26  (VIOLATED)
   if_stage_inst/btb_inst/btb_reg[3][TAG][20]/D
                                1.17           1.43 r        -0.26  (VIOLATED)
   if_stage_inst/btb_inst/btb_reg[6][TARGET][4]/D
                                1.17           1.43 r        -0.26  (VIOLATED)
   if_stage_inst/btb_inst/btb_reg[0][TAG][3]/D
                                1.17           1.43 r        -0.26  (VIOLATED)
   if_stage_inst/btb_inst/btb_reg[8][TAG][3]/D
                                1.17           1.43 r        -0.26  (VIOLATED)
   if_stage_inst/btb_inst/btb_reg[6][TARGET][2]/D
                                1.17           1.43 r        -0.26  (VIOLATED)
   if_stage_inst/btb_inst/btb_reg[6][TAG][25]/D
                                1.17           1.43 r        -0.26  (VIOLATED)
   if_stage_inst/btb_inst/btb_reg[6][TAG][3]/D
                                1.17           1.43 r        -0.26  (VIOLATED)
   if_stage_inst/btb_inst/btb_reg[10][TAG][2]/D
                                1.17           1.43 r        -0.26  (VIOLATED)
   if_stage_inst/btb_inst/btb_reg[15][TAG][21]/D
                                1.17           1.43 r        -0.26  (VIOLATED)
   if_stage_inst/btb_inst/btb_reg[15][TAG][14]/D
                                1.17           1.43 r        -0.26  (VIOLATED)
   if_stage_inst/btb_inst/btb_reg[15][TAG][20]/D
                                1.17           1.43 r        -0.26  (VIOLATED)
   if_stage_inst/btb_inst/btb_reg[13][TAG][16]/D
                                1.17           1.43 r        -0.26  (VIOLATED)
   if_stage_inst/btb_inst/btb_reg[13][TAG][15]/D
                                1.17           1.43 r        -0.26  (VIOLATED)
   if_stage_inst/btb_inst/btb_reg[1][TAG][21]/D
                                1.17           1.43 r        -0.26  (VIOLATED)
   if_stage_inst/btb_inst/btb_reg[1][TAG][14]/D
                                1.17           1.43 r        -0.26  (VIOLATED)
   if_stage_inst/btb_inst/btb_reg[1][TAG][20]/D
                                1.17           1.43 r        -0.26  (VIOLATED)
   if_stage_inst/btb_inst/btb_reg[3][TAG][6]/D
                                1.17           1.43 r        -0.26  (VIOLATED)
   if_stage_inst/btb_inst/btb_reg[3][TAG][7]/D
                                1.17           1.43 r        -0.26  (VIOLATED)
   if_stage_inst/btb_inst/btb_reg[6][TARGET][1]/D
                                1.17           1.43 r        -0.26  (VIOLATED)
   if_stage_inst/btb_inst/btb_reg[15][TAG][2]/D
                                1.17           1.43 r        -0.26  (VIOLATED)
   if_stage_inst/btb_inst/btb_reg[15][TAG][5]/D
                                1.17           1.43 r        -0.26  (VIOLATED)
   if_stage_inst/btb_inst/btb_reg[15][TAG][6]/D
                                1.17           1.43 r        -0.26  (VIOLATED)
   if_stage_inst/btb_inst/btb_reg[15][TAG][0]/D
                                1.17           1.43 r        -0.26  (VIOLATED)
   if_stage_inst/btb_inst/btb_reg[15][TAG][1]/D
                                1.17           1.43 r        -0.26  (VIOLATED)
   if_stage_inst/btb_inst/btb_reg[15][TAG][7]/D
                                1.17           1.43 r        -0.26  (VIOLATED)
   if_stage_inst/btb_inst/btb_reg[1][TAG][2]/D
                                1.17           1.43 r        -0.26  (VIOLATED)
   if_stage_inst/btb_inst/btb_reg[15][TAG][25]/D
                                1.17           1.43 r        -0.26  (VIOLATED)
   if_stage_inst/btb_inst/btb_reg[1][TAG][6]/D
                                1.17           1.43 r        -0.26  (VIOLATED)
   if_stage_inst/btb_inst/btb_reg[1][TAG][4]/D
                                1.17           1.43 r        -0.26  (VIOLATED)
   if_stage_inst/btb_inst/btb_reg[1][TAG][0]/D
                                1.17           1.43 r        -0.26  (VIOLATED)
   if_stage_inst/btb_inst/btb_reg[1][TAG][1]/D
                                1.17           1.43 r        -0.26  (VIOLATED)
   if_stage_inst/btb_inst/btb_reg[1][TAG][7]/D
                                1.17           1.43 r        -0.26  (VIOLATED)
   if_stage_inst/btb_inst/btb_reg[1][TAG][25]/D
                                1.17           1.43 r        -0.26  (VIOLATED)
   if_stage_inst/btb_inst/btb_reg[9][TAG][8]/D
                                1.17           1.43 r        -0.26  (VIOLATED)
   if_stage_inst/btb_inst/btb_reg[9][TAG][9]/D
                                1.17           1.43 r        -0.26  (VIOLATED)
   if_stage_inst/btb_inst/btb_reg[9][TAG][10]/D
                                1.17           1.43 r        -0.26  (VIOLATED)
   if_stage_inst/btb_inst/btb_reg[9][TAG][11]/D
                                1.17           1.43 r        -0.26  (VIOLATED)
   if_stage_inst/btb_inst/btb_reg[15][TARGET][2]/D
                                1.17           1.43 r        -0.26  (VIOLATED)
   if_stage_inst/btb_inst/btb_reg[13][TAG][14]/D
                                1.17           1.43 r        -0.26  (VIOLATED)
   if_stage_inst/btb_inst/btb_reg[1][TARGET][2]/D
                                1.17           1.43 r        -0.26  (VIOLATED)
   if_stage_inst/btb_inst/btb_reg[0][TAG][8]/D
                                1.17           1.43 r        -0.26  (VIOLATED)
   if_stage_inst/btb_inst/btb_reg[0][TAG][9]/D
                                1.17           1.43 r        -0.26  (VIOLATED)
   if_stage_inst/btb_inst/btb_reg[0][TARGET][3]/D
                                1.17           1.43 r        -0.26  (VIOLATED)
   if_stage_inst/btb_inst/btb_reg[14][TAG][9]/D
                                1.17           1.43 r        -0.26  (VIOLATED)
   if_stage_inst/btb_inst/btb_reg[14][TARGET][3]/D
                                1.17           1.43 r        -0.26  (VIOLATED)
   if_stage_inst/btb_inst/btb_reg[8][TAG][8]/D
                                1.17           1.43 r        -0.26  (VIOLATED)
   if_stage_inst/btb_inst/btb_reg[8][TAG][9]/D
                                1.17           1.43 r        -0.26  (VIOLATED)
   if_stage_inst/btb_inst/btb_reg[8][TARGET][3]/D
                                1.17           1.43 r        -0.26  (VIOLATED)
   if_stage_inst/btb_inst/btb_reg[13][TAG][2]/D
                                1.17           1.43 r        -0.26  (VIOLATED)
   if_stage_inst/btb_inst/btb_reg[13][TAG][5]/D
                                1.17           1.43 r        -0.26  (VIOLATED)
   if_stage_inst/btb_inst/btb_reg[13][TAG][6]/D
                                1.17           1.43 r        -0.26  (VIOLATED)
   if_stage_inst/btb_inst/btb_reg[13][TAG][4]/D
                                1.17           1.43 r        -0.26  (VIOLATED)
   if_stage_inst/btb_inst/btb_reg[13][TAG][0]/D
                                1.17           1.43 r        -0.26  (VIOLATED)
   if_stage_inst/btb_inst/btb_reg[13][TAG][7]/D
                                1.17           1.43 r        -0.26  (VIOLATED)
   if_stage_inst/btb_inst/btb_reg[13][TARGET][4]/D
                                1.17           1.43 r        -0.26  (VIOLATED)
   ex_stage_inst/mult_pp_inst/tree_i/layer_4_r_reg[3][21]/D
                                1.16           1.42 f        -0.26  (VIOLATED)
   if_stage_inst/btb_inst/btb_reg[6][TARGET][3]/D
                                1.17           1.43 r        -0.26  (VIOLATED)
   if_stage_inst/btb_inst/btb_reg[13][TARGET][2]/D
                                1.17           1.43 r        -0.26  (VIOLATED)
   if_stage_inst/btb_inst/btb_reg[6][TAG][18]/D
                                1.17           1.43 r        -0.26  (VIOLATED)
   if_stage_inst/btb_inst/btb_reg[6][TAG][12]/D
                                1.17           1.43 r        -0.26  (VIOLATED)
   if_stage_inst/btb_inst/btb_reg[12][TAG][19]/D
                                1.17           1.43 r        -0.26  (VIOLATED)
   if_stage_inst/btb_inst/btb_reg[10][TAG][23]/D
                                1.17           1.43 r        -0.26  (VIOLATED)
   if_stage_inst/btb_inst/btb_reg[6][TAG][23]/D
                                1.17           1.43 r        -0.26  (VIOLATED)
   if_stage_inst/btb_inst/btb_reg[5][TAG][12]/D
                                1.16           1.42 f        -0.26  (VIOLATED)
   if_stage_inst/btb_inst/btb_reg[5][TAG][18]/D
                                1.16           1.42 f        -0.26  (VIOLATED)
   if_stage_inst/btb_inst/btb_reg[3][TAG][8]/D
                                1.17           1.43 r        -0.26  (VIOLATED)
   if_stage_inst/btb_inst/btb_reg[3][TAG][9]/D
                                1.17           1.43 r        -0.26  (VIOLATED)
   if_stage_inst/btb_inst/btb_reg[3][TAG][10]/D
                                1.17           1.43 r        -0.26  (VIOLATED)
   if_stage_inst/btb_inst/btb_reg[3][TAG][11]/D
                                1.17           1.43 r        -0.26  (VIOLATED)
   if_stage_inst/btb_inst/btb_reg[6][TAG][17]/D
                                1.17           1.43 r        -0.26  (VIOLATED)
   if_stage_inst/btb_inst/btb_reg[5][TAG][17]/D
                                1.16           1.42 f        -0.26  (VIOLATED)
   if_stage_inst/btb_inst/btb_reg[5][TAG][13]/D
                                1.16           1.42 f        -0.26  (VIOLATED)
   if_stage_inst/btb_inst/btb_reg[5][TAG][15]/D
                                1.16           1.42 f        -0.26  (VIOLATED)
   if_stage_inst/btb_inst/btb_reg[6][TAG][13]/D
                                1.17           1.43 r        -0.26  (VIOLATED)
   if_stage_inst/btb_inst/btb_reg[6][TAG][15]/D
                                1.17           1.43 r        -0.26  (VIOLATED)
   if_stage_inst/btb_inst/btb_reg[5][TAG][14]/D
                                1.16           1.42 f        -0.26  (VIOLATED)
   if_stage_inst/btb_inst/btb_reg[5][TAG][20]/D
                                1.16           1.42 f        -0.26  (VIOLATED)
   if_stage_inst/btb_inst/btb_reg[12][TARGET][1]/D
                                1.17           1.43 r        -0.26  (VIOLATED)
   if_stage_inst/btb_inst/btb_reg[5][TAG][6]/D
                                1.16           1.42 f        -0.26  (VIOLATED)
   if_stage_inst/btb_inst/btb_reg[5][TAG][7]/D
                                1.16           1.42 f        -0.26  (VIOLATED)
   if_stage_inst/btb_inst/btb_reg[5][TAG][8]/D
                                1.16           1.42 f        -0.26  (VIOLATED)
   if_stage_inst/btb_inst/btb_reg[5][TAG][9]/D
                                1.16           1.42 f        -0.26  (VIOLATED)
   if_stage_inst/btb_inst/btb_reg[5][TAG][10]/D
                                1.16           1.42 f        -0.26  (VIOLATED)
   if_stage_inst/btb_inst/btb_reg[5][TAG][11]/D
                                1.16           1.42 f        -0.26  (VIOLATED)
   if_stage_inst/btb_inst/btb_reg[5][TAG][21]/D
                                1.16           1.42 f        -0.26  (VIOLATED)
   if_stage_inst/btb_inst/btb_reg[5][TAG][22]/D
                                1.16           1.42 f        -0.26  (VIOLATED)
   if_stage_inst/btb_inst/btb_reg[5][TAG][23]/D
                                1.16           1.42 f        -0.26  (VIOLATED)
   if_stage_inst/btb_inst/btb_reg[5][TAG][24]/D
                                1.16           1.42 f        -0.26  (VIOLATED)
   if_stage_inst/btb_inst/btb_reg[5][TAG][25]/D
                                1.16           1.42 f        -0.26  (VIOLATED)
   if_stage_inst/btb_inst/btb_reg[5][TARGET][1]/D
                                1.16           1.42 f        -0.26  (VIOLATED)
   if_stage_inst/btb_inst/btb_reg[15][TAG][8]/D
                                1.17           1.43 r        -0.26  (VIOLATED)
   if_stage_inst/btb_inst/btb_reg[15][TAG][9]/D
                                1.17           1.43 r        -0.26  (VIOLATED)
   if_stage_inst/btb_inst/btb_reg[15][TAG][10]/D
                                1.17           1.43 r        -0.26  (VIOLATED)
   if_stage_inst/btb_inst/btb_reg[15][TAG][11]/D
                                1.17           1.43 r        -0.26  (VIOLATED)
   if_stage_inst/btb_inst/btb_reg[1][TAG][8]/D
                                1.17           1.43 r        -0.26  (VIOLATED)
   if_stage_inst/btb_inst/btb_reg[1][TAG][9]/D
                                1.17           1.43 r        -0.26  (VIOLATED)
   if_stage_inst/btb_inst/btb_reg[1][TAG][10]/D
                                1.17           1.43 r        -0.26  (VIOLATED)
   if_stage_inst/btb_inst/btb_reg[1][TAG][11]/D
                                1.17           1.43 r        -0.26  (VIOLATED)
   R_1053/D                     1.17           1.43 r        -0.26  (VIOLATED)
   if_stage_inst/btb_inst/btb_reg[6][TAG][14]/D
                                1.17           1.43 r        -0.26  (VIOLATED)
   if_stage_inst/btb_inst/btb_reg[6][TAG][20]/D
                                1.17           1.43 r        -0.26  (VIOLATED)
   if_stage_inst/btb_inst/btb_reg[12][TAG][16]/D
                                1.17           1.43 r        -0.26  (VIOLATED)
   if_stage_inst/btb_inst/btb_reg[13][TAG][8]/D
                                1.17           1.43 r        -0.26  (VIOLATED)
   if_stage_inst/btb_inst/btb_reg[13][TAG][9]/D
                                1.17           1.43 r        -0.26  (VIOLATED)
   if_stage_inst/btb_inst/btb_reg[13][TAG][11]/D
                                1.17           1.43 r        -0.26  (VIOLATED)
   if_stage_inst/btb_inst/btb_reg[13][TARGET][3]/D
                                1.17           1.43 r        -0.26  (VIOLATED)
   if_stage_inst/btb_inst/btb_reg[6][TAG][6]/D
                                1.17           1.43 r        -0.26  (VIOLATED)
   if_stage_inst/btb_inst/btb_reg[6][TAG][7]/D
                                1.17           1.43 r        -0.26  (VIOLATED)
   if_stage_inst/btb_inst/btb_reg[12][TAG][24]/D
                                1.17           1.43 r        -0.26  (VIOLATED)
   if_stage_inst/btb_inst/btb_reg[12][TAG][21]/D
                                1.17           1.43 r        -0.26  (VIOLATED)
   if_stage_inst/btb_inst/btb_reg[12][TAG][2]/D
                                1.17           1.43 r        -0.26  (VIOLATED)
   if_stage_inst/btb_inst/btb_reg[12][TAG][5]/D
                                1.17           1.43 r        -0.26  (VIOLATED)
   if_stage_inst/btb_inst/btb_reg[12][TAG][4]/D
                                1.17           1.43 r        -0.26  (VIOLATED)
   if_stage_inst/btb_inst/btb_reg[12][TAG][0]/D
                                1.17           1.43 r        -0.26  (VIOLATED)
   if_stage_inst/btb_inst/btb_reg[12][TAG][1]/D
                                1.17           1.43 r        -0.26  (VIOLATED)
   if_stage_inst/btb_inst/btb_reg[12][TAG][25]/D
                                1.17           1.43 r        -0.26  (VIOLATED)
   if_stage_inst/btb_inst/btb_reg[12][TARGET][4]/D
                                1.17           1.43 r        -0.26  (VIOLATED)
   if_stage_inst/btb_inst/btb_reg[12][TARGET][2]/D
                                1.17           1.43 r        -0.26  (VIOLATED)
   if_stage_inst/btb_inst/btb_reg[12][TAG][3]/D
                                1.17           1.43 r        -0.26  (VIOLATED)
   if_stage_inst/btb_inst/btb_reg[9][TAG][21]/D
                                1.17           1.43 r        -0.26  (VIOLATED)
   if_stage_inst/btb_inst/btb_reg[6][TAG][8]/D
                                1.17           1.43 r        -0.26  (VIOLATED)
   if_stage_inst/btb_inst/btb_reg[6][TAG][9]/D
                                1.17           1.43 r        -0.26  (VIOLATED)
   if_stage_inst/btb_inst/btb_reg[6][TAG][10]/D
                                1.17           1.43 r        -0.26  (VIOLATED)
   if_stage_inst/btb_inst/btb_reg[6][TAG][11]/D
                                1.17           1.43 r        -0.26  (VIOLATED)
   if_stage_inst/btb_inst/btb_reg[10][TAG][18]/D
                                1.17           1.43 r        -0.26  (VIOLATED)
   if_stage_inst/btb_inst/btb_reg[10][TAG][12]/D
                                1.17           1.43 r        -0.26  (VIOLATED)
   if_stage_inst/btb_inst/btb_reg[3][TAG][21]/D
                                1.17           1.43 r        -0.26  (VIOLATED)
   if_stage_inst/btb_inst/btb_reg[10][TAG][17]/D
                                1.17           1.43 r        -0.26  (VIOLATED)
   if_stage_inst/btb_inst/btb_reg[10][TAG][13]/D
                                1.17           1.43 r        -0.26  (VIOLATED)
   if_stage_inst/btb_inst/btb_reg[10][TAG][15]/D
                                1.17           1.43 r        -0.26  (VIOLATED)
   if_stage_inst/btb_inst/btb_reg[12][TAG][23]/D
                                1.17           1.43 r        -0.26  (VIOLATED)
   if_stage_inst/btb_inst/btb_reg[12][TARGET][3]/D
                                1.17           1.43 r        -0.26  (VIOLATED)
   if_stage_inst/btb_inst/btb_reg[9][TAG][22]/D
                                1.17           1.43 r        -0.26  (VIOLATED)
   if_stage_inst/btb_inst/btb_reg[10][TAG][19]/D
                                1.17           1.43 r        -0.26  (VIOLATED)
   if_stage_inst/btb_inst/btb_reg[10][TAG][14]/D
                                1.17           1.43 r        -0.26  (VIOLATED)
   if_stage_inst/btb_inst/btb_reg[10][TAG][20]/D
                                1.17           1.43 r        -0.26  (VIOLATED)
   if_stage_inst/btb_inst/btb_reg[9][TAG][19]/D
                                1.17           1.43 r        -0.26  (VIOLATED)
   if_stage_inst/btb_inst/btb_reg[9][TAG][20]/D
                                1.17           1.43 r        -0.26  (VIOLATED)
   if_stage_inst/btb_inst/btb_reg[3][TARGET][1]/D
                                1.17           1.43 r        -0.26  (VIOLATED)
   if_stage_inst/btb_inst/btb_reg[9][TAG][23]/D
                                1.17           1.43 r        -0.26  (VIOLATED)
   if_stage_inst/btb_inst/btb_reg[10][TAG][5]/D
                                1.17           1.43 r        -0.26  (VIOLATED)
   if_stage_inst/btb_inst/btb_reg[10][TAG][6]/D
                                1.17           1.43 r        -0.26  (VIOLATED)
   if_stage_inst/btb_inst/btb_reg[10][TAG][0]/D
                                1.17           1.43 r        -0.26  (VIOLATED)
   if_stage_inst/btb_inst/btb_reg[10][TAG][1]/D
                                1.17           1.43 r        -0.26  (VIOLATED)
   if_stage_inst/btb_inst/btb_reg[10][TAG][7]/D
                                1.17           1.43 r        -0.26  (VIOLATED)
   if_stage_inst/btb_inst/btb_reg[10][TAG][25]/D
                                1.17           1.43 r        -0.26  (VIOLATED)
   if_stage_inst/btb_inst/btb_reg[9][TAG][2]/D
                                1.17           1.43 r        -0.26  (VIOLATED)
   if_stage_inst/btb_inst/btb_reg[9][TAG][5]/D
                                1.17           1.43 r        -0.26  (VIOLATED)
   if_stage_inst/btb_inst/btb_reg[9][TAG][4]/D
                                1.17           1.43 r        -0.26  (VIOLATED)
   if_stage_inst/btb_inst/btb_reg[9][TAG][0]/D
                                1.17           1.43 r        -0.26  (VIOLATED)
   if_stage_inst/btb_inst/btb_reg[9][TAG][1]/D
                                1.17           1.43 r        -0.26  (VIOLATED)
   if_stage_inst/btb_inst/btb_reg[3][TAG][16]/D
                                1.17           1.43 r        -0.26  (VIOLATED)
   if_stage_inst/btb_inst/btb_reg[10][TARGET][2]/D
                                1.17           1.43 r        -0.26  (VIOLATED)
   if_stage_inst/btb_inst/btb_reg[9][TAG][25]/D
                                1.17           1.43 r        -0.26  (VIOLATED)
   if_stage_inst/btb_inst/btb_reg[10][TAG][3]/D
                                1.17           1.43 r        -0.26  (VIOLATED)
   if_stage_inst/btb_inst/btb_reg[9][TARGET][4]/D
                                1.17           1.43 r        -0.26  (VIOLATED)
   if_stage_inst/btb_inst/btb_reg[9][TARGET][2]/D
                                1.17           1.43 r        -0.26  (VIOLATED)
   if_stage_inst/btb_inst/btb_reg[9][TAG][3]/D
                                1.17           1.43 r        -0.26  (VIOLATED)
   ex_stage_inst/mult_pp_inst/tree_i/layer_4_r_reg[0][20]/D
                                1.16           1.42 f        -0.26  (VIOLATED)
   if_stage_inst/btb_inst/btb_reg[9][TARGET][1]/D
                                1.17           1.42 r        -0.26  (VIOLATED)
   if_stage_inst/btb_inst/btb_reg[15][TAG][19]/D
                                1.17           1.42 r        -0.26  (VIOLATED)
   if_stage_inst/btb_inst/btb_reg[3][TAG][24]/D
                                1.17           1.42 r        -0.26  (VIOLATED)
   if_stage_inst/btb_inst/btb_reg[1][TAG][19]/D
                                1.17           1.42 r        -0.26  (VIOLATED)
   if_stage_inst/btb_inst/btb_reg[3][TAG][19]/D
                                1.17           1.42 r        -0.26  (VIOLATED)
   R_972/D                      1.16           1.42 f        -0.26  (VIOLATED)
   if_stage_inst/btb_inst/btb_reg[3][TAG][2]/D
                                1.17           1.42 r        -0.26  (VIOLATED)
   if_stage_inst/btb_inst/btb_reg[3][TAG][5]/D
                                1.17           1.42 r        -0.26  (VIOLATED)
   if_stage_inst/btb_inst/btb_reg[3][TAG][4]/D
                                1.17           1.42 r        -0.26  (VIOLATED)
   if_stage_inst/btb_inst/btb_reg[3][TAG][0]/D
                                1.17           1.42 r        -0.26  (VIOLATED)
   if_stage_inst/btb_inst/btb_reg[3][TAG][1]/D
                                1.17           1.42 r        -0.26  (VIOLATED)
   if_stage_inst/btb_inst/btb_reg[3][TAG][25]/D
                                1.17           1.42 r        -0.26  (VIOLATED)
   if_stage_inst/btb_inst/btb_reg[15][TARGET][4]/D
                                1.17           1.42 r        -0.26  (VIOLATED)
   if_stage_inst/btb_inst/btb_reg[1][TARGET][4]/D
                                1.17           1.42 r        -0.26  (VIOLATED)
   if_stage_inst/btb_inst/btb_reg[3][TARGET][4]/D
                                1.17           1.42 r        -0.26  (VIOLATED)
   if_stage_inst/btb_inst/btb_reg[3][TARGET][2]/D
                                1.17           1.42 r        -0.26  (VIOLATED)
   if_stage_inst/btb_inst/btb_reg[15][TAG][3]/D
                                1.17           1.42 r        -0.26  (VIOLATED)
   if_stage_inst/btb_inst/btb_reg[1][TAG][3]/D
                                1.17           1.42 r        -0.26  (VIOLATED)
   if_stage_inst/btb_inst/btb_reg[3][TAG][3]/D
                                1.17           1.42 r        -0.26  (VIOLATED)
   if_stage_inst/btb_inst/btb_reg[15][TARGET][1]/D
                                1.17           1.42 r        -0.26  (VIOLATED)
   ex_stage_inst/mult_pp_inst/tree_i/layer_4_r_reg[0][28]/D
                                1.15           1.41 f        -0.26  (VIOLATED)
   if_stage_inst/btb_inst/btb_reg[1][TARGET][1]/D
                                1.17           1.42 r        -0.26  (VIOLATED)
   if_stage_inst/btb_inst/btb_reg[10][TAG][8]/D
                                1.17           1.42 r        -0.26  (VIOLATED)
   if_stage_inst/btb_inst/btb_reg[10][TAG][9]/D
                                1.17           1.42 r        -0.26  (VIOLATED)
   if_stage_inst/btb_inst/btb_reg[10][TAG][10]/D
                                1.17           1.42 r        -0.26  (VIOLATED)
   if_stage_inst/btb_inst/btb_reg[10][TAG][11]/D
                                1.17           1.42 r        -0.26  (VIOLATED)
   if_stage_inst/btb_inst/btb_reg[10][TARGET][3]/D
                                1.17           1.42 r        -0.26  (VIOLATED)
   if_stage_inst/btb_inst/btb_reg[9][TARGET][3]/D
                                1.17           1.42 r        -0.26  (VIOLATED)
   if_stage_inst/btb_inst/btb_reg[0][TAG][17]/D
                                1.17           1.42 r        -0.26  (VIOLATED)
   if_stage_inst/btb_inst/btb_reg[8][TAG][17]/D
                                1.17           1.42 r        -0.26  (VIOLATED)
   if_stage_inst/btb_inst/btb_reg[0][TAG][22]/D
                                1.17           1.42 r        -0.26  (VIOLATED)
   if_stage_inst/btb_inst/btb_reg[14][TAG][22]/D
                                1.17           1.42 r        -0.26  (VIOLATED)
   if_stage_inst/btb_inst/btb_reg[8][TAG][22]/D
                                1.17           1.42 r        -0.26  (VIOLATED)
   R_1040/D                     1.17           1.42 r        -0.26  (VIOLATED)
   if_stage_inst/btb_inst/btb_reg[0][TAG][24]/D
                                1.17           1.42 r        -0.26  (VIOLATED)
   if_stage_inst/btb_inst/btb_reg[0][TAG][19]/D
                                1.17           1.42 r        -0.26  (VIOLATED)
   if_stage_inst/btb_inst/btb_reg[14][TAG][24]/D
                                1.17           1.42 r        -0.26  (VIOLATED)
   if_stage_inst/btb_inst/btb_reg[0][TAG][21]/D
                                1.17           1.42 r        -0.26  (VIOLATED)
   if_stage_inst/btb_inst/btb_reg[14][TAG][19]/D
                                1.17           1.42 r        -0.26  (VIOLATED)
   if_stage_inst/btb_inst/btb_reg[14][TAG][21]/D
                                1.17           1.42 r        -0.26  (VIOLATED)
   if_stage_inst/btb_inst/btb_reg[0][TAG][14]/D
                                1.17           1.42 r        -0.26  (VIOLATED)
   if_stage_inst/btb_inst/btb_reg[0][TAG][20]/D
                                1.17           1.42 r        -0.26  (VIOLATED)
   if_stage_inst/btb_inst/btb_reg[8][TAG][24]/D
                                1.17           1.42 r        -0.26  (VIOLATED)
   if_stage_inst/btb_inst/btb_reg[8][TAG][19]/D
                                1.17           1.42 r        -0.26  (VIOLATED)
   if_stage_inst/btb_inst/btb_reg[8][TAG][21]/D
                                1.17           1.42 r        -0.26  (VIOLATED)
   if_stage_inst/btb_inst/btb_reg[8][TAG][20]/D
                                1.17           1.42 r        -0.26  (VIOLATED)
   if_stage_inst/btb_inst/btb_reg[0][TAG][5]/D
                                1.17           1.42 r        -0.25  (VIOLATED)
   if_stage_inst/btb_inst/btb_reg[14][TAG][6]/D
                                1.17           1.42 r        -0.25  (VIOLATED)
   if_stage_inst/btb_inst/btb_reg[3][TAG][23]/D
                                1.17           1.42 r        -0.25  (VIOLATED)
   if_stage_inst/btb_inst/btb_reg[3][TARGET][3]/D
                                1.17           1.42 r        -0.25  (VIOLATED)
   if_stage_inst/btb_inst/btb_reg[0][TAG][0]/D
                                1.17           1.42 r        -0.25  (VIOLATED)
   if_stage_inst/btb_inst/btb_reg[14][TAG][0]/D
                                1.17           1.42 r        -0.25  (VIOLATED)
   if_stage_inst/btb_inst/btb_reg[14][TAG][7]/D
                                1.17           1.42 r        -0.25  (VIOLATED)
   if_stage_inst/btb_inst/btb_reg[8][TAG][5]/D
                                1.17           1.42 r        -0.25  (VIOLATED)
   if_stage_inst/btb_inst/btb_reg[8][TAG][6]/D
                                1.17           1.42 r        -0.25  (VIOLATED)
   if_stage_inst/btb_inst/btb_reg[0][TAG][25]/D
                                1.17           1.42 r        -0.25  (VIOLATED)
   if_stage_inst/btb_inst/btb_reg[14][TAG][25]/D
                                1.17           1.42 r        -0.25  (VIOLATED)
   if_stage_inst/btb_inst/btb_reg[8][TAG][1]/D
                                1.17           1.42 r        -0.25  (VIOLATED)
   if_stage_inst/btb_inst/btb_reg[8][TAG][25]/D
                                1.17           1.42 r        -0.25  (VIOLATED)
   if_stage_inst/btb_inst/btb_reg[13][TAG][12]/D
                                1.17           1.42 r        -0.25  (VIOLATED)
   if_stage_inst/btb_inst/btb_reg[14][TAG][3]/D
                                1.17           1.42 r        -0.25  (VIOLATED)
   ex_stage_inst/mult_pp_inst/tree_i/layer_4_r_reg[1][22]/D
                                1.16           1.42 f        -0.25  (VIOLATED)
   if_stage_inst/btb_inst/btb_reg[0][TARGET][1]/D
                                1.17           1.42 r        -0.25  (VIOLATED)
   if_stage_inst/btb_inst/btb_reg[14][TARGET][1]/D
                                1.17           1.42 r        -0.25  (VIOLATED)
   if_stage_inst/btb_inst/btb_reg[8][TARGET][1]/D
                                1.17           1.42 r        -0.25  (VIOLATED)
   if_stage_inst/btb_inst/btb_reg[13][TAG][17]/D
                                1.17           1.42 r        -0.25  (VIOLATED)
   if_stage_inst/btb_inst/btb_reg[13][TAG][13]/D
                                1.17           1.42 r        -0.25  (VIOLATED)
   if_stage_inst/btb_inst/btb_reg[13][TAG][22]/D
                                1.17           1.42 r        -0.25  (VIOLATED)
   if_stage_inst/btb_inst/btb_reg[13][TAG][24]/D
                                1.17           1.42 r        -0.25  (VIOLATED)
   if_stage_inst/btb_inst/btb_reg[13][TAG][19]/D
                                1.17           1.42 r        -0.25  (VIOLATED)
   if_stage_inst/btb_inst/btb_reg[13][TAG][21]/D
                                1.17           1.42 r        -0.25  (VIOLATED)
   if_stage_inst/btb_inst/btb_reg[13][TAG][20]/D
                                1.17           1.42 r        -0.25  (VIOLATED)
   if_stage_inst/btb_inst/btb_reg[13][TAG][1]/D
                                1.17           1.42 r        -0.25  (VIOLATED)
   if_stage_inst/btb_inst/btb_reg[13][TAG][25]/D
                                1.17           1.42 r        -0.25  (VIOLATED)
   if_stage_inst/btb_inst/btb_reg[0][TAG][10]/D
                                1.17           1.42 r        -0.25  (VIOLATED)
   if_stage_inst/btb_inst/btb_reg[0][TAG][11]/D
                                1.17           1.42 r        -0.25  (VIOLATED)
   if_stage_inst/btb_inst/btb_reg[0][TAG][23]/D
                                1.17           1.42 r        -0.25  (VIOLATED)
   if_stage_inst/btb_inst/btb_reg[14][TAG][8]/D
                                1.17           1.42 r        -0.25  (VIOLATED)
   if_stage_inst/btb_inst/btb_reg[14][TAG][10]/D
                                1.17           1.42 r        -0.25  (VIOLATED)
   if_stage_inst/btb_inst/btb_reg[14][TAG][11]/D
                                1.17           1.42 r        -0.25  (VIOLATED)
   if_stage_inst/btb_inst/btb_reg[14][TAG][23]/D
                                1.17           1.42 r        -0.25  (VIOLATED)
   if_stage_inst/btb_inst/btb_reg[13][TAG][3]/D
                                1.17           1.42 r        -0.25  (VIOLATED)
   if_stage_inst/btb_inst/btb_reg[8][TAG][10]/D
                                1.17           1.42 r        -0.25  (VIOLATED)
   if_stage_inst/btb_inst/btb_reg[8][TAG][11]/D
                                1.17           1.42 r        -0.25  (VIOLATED)
   if_stage_inst/btb_inst/btb_reg[8][TAG][23]/D
                                1.17           1.42 r        -0.25  (VIOLATED)
   if_stage_inst/btb_inst/btb_reg[13][TARGET][1]/D
                                1.17           1.42 r        -0.25  (VIOLATED)
   if_stage_inst/btb_inst/btb_reg[7][TARGET][10]/D
                                1.16           1.41 f        -0.25  (VIOLATED)
   if_stage_inst/btb_inst/btb_reg[7][TARGET][11]/D
                                1.16           1.41 f        -0.25  (VIOLATED)
   if_stage_inst/btb_inst/btb_reg[7][TARGET][17]/D
                                1.16           1.41 f        -0.25  (VIOLATED)
   if_stage_inst/btb_inst/btb_reg[7][TARGET][19]/D
                                1.16           1.41 f        -0.25  (VIOLATED)
   if_stage_inst/btb_inst/btb_reg[7][TARGET][9]/D
                                1.16           1.41 f        -0.25  (VIOLATED)
   if_stage_inst/btb_inst/btb_reg[7][TARGET][18]/D
                                1.16           1.41 f        -0.25  (VIOLATED)
   if_stage_inst/btb_inst/btb_reg[7][TARGET][26]/D
                                1.16           1.41 f        -0.25  (VIOLATED)
   if_stage_inst/btb_inst/btb_reg[7][TARGET][27]/D
                                1.16           1.41 f        -0.25  (VIOLATED)
   if_stage_inst/btb_inst/btb_reg[7][TARGET][13]/D
                                1.16           1.41 f        -0.25  (VIOLATED)
   if_stage_inst/btb_inst/btb_reg[7][TARGET][25]/D
                                1.16           1.41 f        -0.25  (VIOLATED)
   if_stage_inst/btb_inst/btb_reg[7][TARGET][8]/D
                                1.16           1.41 f        -0.25  (VIOLATED)
   if_stage_inst/btb_inst/btb_reg[7][TARGET][15]/D
                                1.16           1.41 f        -0.25  (VIOLATED)
   if_stage_inst/btb_inst/btb_reg[7][TARGET][21]/D
                                1.16           1.41 f        -0.25  (VIOLATED)
   if_stage_inst/btb_inst/btb_reg[7][TARGET][23]/D
                                1.16           1.41 f        -0.25  (VIOLATED)
   if_stage_inst/btb_inst/btb_reg[7][TARGET][24]/D
                                1.16           1.41 f        -0.25  (VIOLATED)
   if_stage_inst/btb_inst/btb_reg[7][TARGET][28]/D
                                1.16           1.41 f        -0.25  (VIOLATED)
   if_stage_inst/btb_inst/btb_reg[7][TARGET][29]/D
                                1.16           1.41 f        -0.25  (VIOLATED)
   if_stage_inst/btb_inst/btb_reg[7][TARGET][31]/D
                                1.16           1.41 f        -0.25  (VIOLATED)
   if_stage_inst/btb_inst/btb_reg[7][TARGET][14]/D
                                1.16           1.41 f        -0.25  (VIOLATED)
   if_stage_inst/btb_inst/btb_reg[7][TARGET][16]/D
                                1.16           1.41 f        -0.25  (VIOLATED)
   if_stage_inst/btb_inst/btb_reg[7][TARGET][20]/D
                                1.16           1.41 f        -0.25  (VIOLATED)
   if_stage_inst/btb_inst/btb_reg[7][TARGET][12]/D
                                1.16           1.41 f        -0.25  (VIOLATED)
   if_stage_inst/btb_inst/btb_reg[7][TARGET][22]/D
                                1.16           1.41 f        -0.25  (VIOLATED)
   if_stage_inst/btb_inst/btb_reg[7][TARGET][30]/D
                                1.16           1.41 f        -0.25  (VIOLATED)
   if_stage_inst/btb_inst/btb_reg[10][TAG][24]/D
                                1.17           1.42 r        -0.25  (VIOLATED)
   if_stage_inst/btb_inst/btb_reg[13][TAG][10]/D
                                1.17           1.42 r        -0.25  (VIOLATED)
   if_stage_inst/btb_inst/btb_reg[13][TAG][23]/D
                                1.17           1.42 r        -0.25  (VIOLATED)
   if_stage_inst/btb_inst/btb_reg[10][TAG][4]/D
                                1.17           1.42 r        -0.25  (VIOLATED)
   if_stage_inst/btb_inst/btb_reg[10][TARGET][4]/D
                                1.17           1.42 r        -0.25  (VIOLATED)
   R_121/D                      1.16           1.41 r        -0.25  (VIOLATED)
   if_stage_inst/btb_inst/btb_reg[10][TARGET][1]/D
                                1.17           1.42 r        -0.25  (VIOLATED)
   R_1081/D                     1.16           1.40 f        -0.24  (VIOLATED)
   R_894/D                      1.17           1.41 r        -0.24  (VIOLATED)
   R_976/D                      1.16           1.40 f        -0.24  (VIOLATED)
   R_1018/D                     1.16           1.40 f        -0.24  (VIOLATED)
   ex_stage_inst/mult_pp_inst/tree_i/layer_4_r_reg[1][23]/D
                                1.16           1.41 r        -0.24  (VIOLATED)
   if_stage_inst/btb_inst/btb_reg[4][TARGET][10]/D
                                1.16           1.40 f        -0.24  (VIOLATED)
   if_stage_inst/btb_inst/btb_reg[4][TARGET][11]/D
                                1.16           1.40 f        -0.24  (VIOLATED)
   if_stage_inst/btb_inst/btb_reg[4][TARGET][17]/D
                                1.16           1.40 f        -0.24  (VIOLATED)
   if_stage_inst/btb_inst/btb_reg[4][TARGET][19]/D
                                1.16           1.40 f        -0.24  (VIOLATED)
   if_stage_inst/btb_inst/btb_reg[4][TARGET][9]/D
                                1.16           1.40 f        -0.24  (VIOLATED)
   if_stage_inst/btb_inst/btb_reg[4][TARGET][18]/D
                                1.16           1.40 f        -0.24  (VIOLATED)
   if_stage_inst/btb_inst/btb_reg[4][TARGET][26]/D
                                1.16           1.40 f        -0.24  (VIOLATED)
   if_stage_inst/btb_inst/btb_reg[4][TARGET][27]/D
                                1.16           1.40 f        -0.24  (VIOLATED)
   if_stage_inst/btb_inst/btb_reg[4][TARGET][5]/D
                                1.16           1.40 f        -0.24  (VIOLATED)
   if_stage_inst/btb_inst/btb_reg[4][TARGET][13]/D
                                1.16           1.40 f        -0.24  (VIOLATED)
   if_stage_inst/btb_inst/btb_reg[4][TARGET][25]/D
                                1.16           1.40 f        -0.24  (VIOLATED)
   if_stage_inst/btb_inst/btb_reg[4][TARGET][0]/D
                                1.16           1.40 f        -0.24  (VIOLATED)
   if_stage_inst/btb_inst/btb_reg[4][TARGET][6]/D
                                1.16           1.40 f        -0.24  (VIOLATED)
   if_stage_inst/btb_inst/btb_reg[4][TARGET][7]/D
                                1.16           1.40 f        -0.24  (VIOLATED)
   if_stage_inst/btb_inst/btb_reg[4][TARGET][8]/D
                                1.16           1.40 f        -0.24  (VIOLATED)
   if_stage_inst/btb_inst/btb_reg[4][TARGET][12]/D
                                1.16           1.40 f        -0.24  (VIOLATED)
   if_stage_inst/btb_inst/btb_reg[4][TARGET][14]/D
                                1.16           1.40 f        -0.24  (VIOLATED)
   if_stage_inst/btb_inst/btb_reg[4][TARGET][15]/D
                                1.16           1.40 f        -0.24  (VIOLATED)
   if_stage_inst/btb_inst/btb_reg[4][TARGET][16]/D
                                1.16           1.40 f        -0.24  (VIOLATED)
   if_stage_inst/btb_inst/btb_reg[4][TARGET][20]/D
                                1.16           1.40 f        -0.24  (VIOLATED)
   if_stage_inst/btb_inst/btb_reg[4][TARGET][21]/D
                                1.16           1.40 f        -0.24  (VIOLATED)
   if_stage_inst/btb_inst/btb_reg[4][TARGET][22]/D
                                1.16           1.40 f        -0.24  (VIOLATED)
   if_stage_inst/btb_inst/btb_reg[4][TARGET][23]/D
                                1.16           1.40 f        -0.24  (VIOLATED)
   if_stage_inst/btb_inst/btb_reg[4][TARGET][24]/D
                                1.16           1.40 f        -0.24  (VIOLATED)
   if_stage_inst/btb_inst/btb_reg[4][TARGET][28]/D
                                1.16           1.40 f        -0.24  (VIOLATED)
   if_stage_inst/btb_inst/btb_reg[4][TARGET][29]/D
                                1.16           1.40 f        -0.24  (VIOLATED)
   if_stage_inst/btb_inst/btb_reg[4][TARGET][30]/D
                                1.16           1.40 f        -0.24  (VIOLATED)
   if_stage_inst/btb_inst/btb_reg[4][TARGET][31]/D
                                1.16           1.40 f        -0.24  (VIOLATED)
   R_1009/D                     1.16           1.40 f        -0.24  (VIOLATED)
   R_901/D                      1.17           1.41 r        -0.24  (VIOLATED)
   ex_stage_inst/mult_pp_inst/tree_i/layer_4_r_reg[2][30]/D
                                1.16           1.40 f        -0.24  (VIOLATED)
   if_stage_inst/btb_inst/btb_reg[11][TARGET][26]/D
                                1.16           1.39 f        -0.24  (VIOLATED)
   if_stage_inst/btb_inst/btb_reg[11][TARGET][27]/D
                                1.16           1.39 f        -0.24  (VIOLATED)
   if_stage_inst/btb_inst/btb_reg[11][TARGET][5]/D
                                1.16           1.39 f        -0.24  (VIOLATED)
   if_stage_inst/btb_inst/btb_reg[11][TARGET][25]/D
                                1.16           1.39 f        -0.24  (VIOLATED)
   if_stage_inst/btb_inst/btb_reg[11][TARGET][6]/D
                                1.16           1.39 f        -0.24  (VIOLATED)
   if_stage_inst/btb_inst/btb_reg[11][TARGET][21]/D
                                1.16           1.39 f        -0.24  (VIOLATED)
   if_stage_inst/btb_inst/btb_reg[11][TARGET][23]/D
                                1.16           1.39 f        -0.24  (VIOLATED)
   if_stage_inst/btb_inst/btb_reg[11][TARGET][24]/D
                                1.16           1.39 f        -0.24  (VIOLATED)
   if_stage_inst/btb_inst/btb_reg[11][TARGET][28]/D
                                1.16           1.39 f        -0.24  (VIOLATED)
   if_stage_inst/btb_inst/btb_reg[11][TARGET][29]/D
                                1.16           1.39 f        -0.24  (VIOLATED)
   if_stage_inst/btb_inst/btb_reg[11][TARGET][31]/D
                                1.16           1.39 f        -0.24  (VIOLATED)
   if_stage_inst/btb_inst/btb_reg[11][TARGET][20]/D
                                1.16           1.39 f        -0.24  (VIOLATED)
   if_stage_inst/btb_inst/btb_reg[11][TARGET][0]/D
                                1.16           1.39 f        -0.24  (VIOLATED)
   if_stage_inst/btb_inst/btb_reg[11][TARGET][22]/D
                                1.16           1.39 f        -0.24  (VIOLATED)
   if_stage_inst/btb_inst/btb_reg[11][TARGET][30]/D
                                1.16           1.39 f        -0.24  (VIOLATED)
   if_stage_inst/btb_inst/btb_reg[11][TAG][18]/D
                                1.17           1.40 r        -0.24  (VIOLATED)
   if_stage_inst/btb_inst/btb_reg[11][TAG][12]/D
                                1.17           1.40 r        -0.24  (VIOLATED)
   if_stage_inst/btb_inst/btb_reg[11][TAG][16]/D
                                1.17           1.40 r        -0.23  (VIOLATED)
   if_stage_inst/btb_inst/btb_reg[11][TAG][17]/D
                                1.17           1.40 r        -0.23  (VIOLATED)
   if_stage_inst/btb_inst/btb_reg[11][TAG][13]/D
                                1.17           1.40 r        -0.23  (VIOLATED)
   if_stage_inst/btb_inst/btb_reg[11][TAG][15]/D
                                1.17           1.40 r        -0.23  (VIOLATED)
   if_stage_inst/btb_inst/btb_reg[11][TAG][14]/D
                                1.17           1.40 r        -0.23  (VIOLATED)
   if_stage_inst/btb_inst/btb_reg[11][TAG][20]/D
                                1.17           1.40 r        -0.23  (VIOLATED)
   R_1000/D                     1.16           1.40 r        -0.23  (VIOLATED)
   if_stage_inst/btb_inst/btb_reg[11][TAG][6]/D
                                1.17           1.40 r        -0.23  (VIOLATED)
   if_stage_inst/btb_inst/btb_reg[11][TAG][4]/D
                                1.17           1.40 r        -0.23  (VIOLATED)
   if_stage_inst/btb_inst/btb_reg[11][TAG][0]/D
                                1.17           1.40 r        -0.23  (VIOLATED)
   if_stage_inst/btb_inst/btb_reg[11][TAG][7]/D
                                1.17           1.40 r        -0.23  (VIOLATED)
   if_stage_inst/btb_inst/btb_reg[11][TAG][3]/D
                                1.17           1.40 r        -0.23  (VIOLATED)
   R_1072/D                     1.16           1.39 f        -0.23  (VIOLATED)
   R_977/D                      1.16           1.39 f        -0.23  (VIOLATED)
   if_stage_inst/btb_inst/btb_reg[2][TARGET][10]/D
                                1.16           1.39 f        -0.23  (VIOLATED)
   if_stage_inst/btb_inst/btb_reg[2][TARGET][11]/D
                                1.16           1.39 f        -0.23  (VIOLATED)
   if_stage_inst/btb_inst/btb_reg[2][TARGET][17]/D
                                1.16           1.39 f        -0.23  (VIOLATED)
   if_stage_inst/btb_inst/btb_reg[2][TARGET][19]/D
                                1.16           1.39 f        -0.23  (VIOLATED)
   if_stage_inst/btb_inst/btb_reg[2][TARGET][9]/D
                                1.16           1.39 f        -0.23  (VIOLATED)
   if_stage_inst/btb_inst/btb_reg[2][TARGET][0]/D
                                1.16           1.39 f        -0.23  (VIOLATED)
   if_stage_inst/btb_inst/btb_reg[2][TARGET][8]/D
                                1.16           1.39 f        -0.23  (VIOLATED)
   if_stage_inst/btb_inst/btb_reg[2][TARGET][12]/D
                                1.16           1.39 f        -0.23  (VIOLATED)
   if_stage_inst/btb_inst/btb_reg[2][TARGET][13]/D
                                1.16           1.39 f        -0.23  (VIOLATED)
   if_stage_inst/btb_inst/btb_reg[2][TARGET][14]/D
                                1.16           1.39 f        -0.23  (VIOLATED)
   if_stage_inst/btb_inst/btb_reg[2][TARGET][15]/D
                                1.16           1.39 f        -0.23  (VIOLATED)
   if_stage_inst/btb_inst/btb_reg[2][TARGET][16]/D
                                1.16           1.39 f        -0.23  (VIOLATED)
   if_stage_inst/btb_inst/btb_reg[2][TARGET][18]/D
                                1.16           1.39 f        -0.23  (VIOLATED)
   if_stage_inst/btb_inst/btb_reg[11][TAG][8]/D
                                1.17           1.40 r        -0.23  (VIOLATED)
   if_stage_inst/btb_inst/btb_reg[11][TAG][9]/D
                                1.17           1.40 r        -0.23  (VIOLATED)
   if_stage_inst/btb_inst/btb_reg[11][TAG][10]/D
                                1.17           1.40 r        -0.23  (VIOLATED)
   if_stage_inst/btb_inst/btb_reg[11][TAG][11]/D
                                1.17           1.40 r        -0.23  (VIOLATED)
   if_stage_inst/btb_inst/btb_reg[4][TAG][18]/D
                                1.17           1.40 r        -0.23  (VIOLATED)
   if_stage_inst/btb_inst/btb_reg[4][TAG][12]/D
                                1.17           1.40 r        -0.23  (VIOLATED)
   if_stage_inst/btb_inst/btb_reg[4][TAG][16]/D
                                1.17           1.40 r        -0.23  (VIOLATED)
   if_stage_inst/btb_inst/btb_reg[4][TAG][17]/D
                                1.17           1.40 r        -0.23  (VIOLATED)
   if_stage_inst/btb_inst/btb_reg[4][TAG][13]/D
                                1.17           1.40 r        -0.23  (VIOLATED)
   if_stage_inst/btb_inst/btb_reg[4][TAG][15]/D
                                1.17           1.40 r        -0.23  (VIOLATED)
   if_stage_inst/btb_inst/btb_reg[4][TAG][22]/D
                                1.17           1.40 r        -0.23  (VIOLATED)
   if_stage_inst/btb_inst/btb_reg[4][TAG][24]/D
                                1.17           1.40 r        -0.23  (VIOLATED)
   if_stage_inst/btb_inst/btb_reg[4][TAG][19]/D
                                1.17           1.40 r        -0.23  (VIOLATED)
   if_stage_inst/btb_inst/btb_reg[4][TAG][21]/D
                                1.17           1.40 r        -0.23  (VIOLATED)
   if_stage_inst/btb_inst/btb_reg[4][TAG][14]/D
                                1.17           1.40 r        -0.23  (VIOLATED)
   if_stage_inst/btb_inst/btb_reg[4][TAG][20]/D
                                1.17           1.40 r        -0.23  (VIOLATED)
   R_893/D                      1.16           1.39 f        -0.23  (VIOLATED)
   if_stage_inst/btb_inst/btb_reg[4][TAG][2]/D
                                1.17           1.40 r        -0.23  (VIOLATED)
   if_stage_inst/btb_inst/btb_reg[4][TAG][5]/D
                                1.17           1.40 r        -0.23  (VIOLATED)
   if_stage_inst/btb_inst/btb_reg[4][TAG][6]/D
                                1.17           1.40 r        -0.23  (VIOLATED)
   if_stage_inst/btb_inst/btb_reg[4][TAG][4]/D
                                1.17           1.40 r        -0.23  (VIOLATED)
   if_stage_inst/btb_inst/btb_reg[4][TAG][0]/D
                                1.17           1.40 r        -0.23  (VIOLATED)
   if_stage_inst/btb_inst/btb_reg[4][TAG][1]/D
                                1.17           1.40 r        -0.23  (VIOLATED)
   if_stage_inst/btb_inst/btb_reg[4][TAG][7]/D
                                1.17           1.40 r        -0.23  (VIOLATED)
   if_stage_inst/btb_inst/btb_reg[4][TAG][25]/D
                                1.17           1.40 r        -0.23  (VIOLATED)
   if_stage_inst/btb_inst/btb_reg[4][TARGET][4]/D
                                1.17           1.40 r        -0.23  (VIOLATED)
   if_stage_inst/btb_inst/btb_reg[4][TARGET][2]/D
                                1.17           1.40 r        -0.23  (VIOLATED)
   if_stage_inst/btb_inst/btb_reg[4][TAG][3]/D
                                1.17           1.40 r        -0.23  (VIOLATED)
   if_stage_inst/btb_inst/btb_reg[4][TARGET][1]/D
                                1.17           1.40 r        -0.23  (VIOLATED)
   if_stage_inst/btb_inst/btb_reg[4][TAG][8]/D
                                1.17           1.40 r        -0.23  (VIOLATED)
   if_stage_inst/btb_inst/btb_reg[4][TAG][9]/D
                                1.17           1.40 r        -0.23  (VIOLATED)
   if_stage_inst/btb_inst/btb_reg[4][TAG][10]/D
                                1.17           1.40 r        -0.23  (VIOLATED)
   if_stage_inst/btb_inst/btb_reg[4][TAG][11]/D
                                1.17           1.40 r        -0.23  (VIOLATED)
   if_stage_inst/btb_inst/btb_reg[4][TAG][23]/D
                                1.17           1.40 r        -0.23  (VIOLATED)
   if_stage_inst/btb_inst/btb_reg[4][TARGET][3]/D
                                1.17           1.40 r        -0.23  (VIOLATED)
   R_1046/D                     1.16           1.39 f        -0.23  (VIOLATED)
   if_stage_inst/btb_inst/btb_reg[2][TARGET][6]/D
                                1.16           1.39 f        -0.23  (VIOLATED)
   if_stage_inst/btb_inst/btb_reg[2][TARGET][7]/D
                                1.16           1.39 f        -0.23  (VIOLATED)
   if_stage_inst/btb_inst/btb_reg[11][TAG][24]/D
                                1.17           1.40 r        -0.23  (VIOLATED)
   if_stage_inst/btb_inst/btb_reg[11][TAG][21]/D
                                1.17           1.40 r        -0.23  (VIOLATED)
   if_stage_inst/btb_inst/btb_reg[11][TAG][2]/D
                                1.17           1.40 r        -0.23  (VIOLATED)
   if_stage_inst/btb_inst/btb_reg[11][TAG][25]/D
                                1.17           1.40 r        -0.23  (VIOLATED)
   if_stage_inst/btb_inst/btb_reg[11][TARGET][4]/D
                                1.17           1.40 r        -0.23  (VIOLATED)
   if_stage_inst/btb_inst/btb_reg[11][TARGET][2]/D
                                1.17           1.40 r        -0.23  (VIOLATED)
   if_stage_inst/btb_inst/btb_reg[2][TARGET][5]/D
                                1.16           1.38 f        -0.22  (VIOLATED)
   if_stage_inst/btb_inst/btb_reg[2][TARGET][20]/D
                                1.16           1.38 f        -0.22  (VIOLATED)
   if_stage_inst/btb_inst/btb_reg[2][TARGET][21]/D
                                1.16           1.38 f        -0.22  (VIOLATED)
   if_stage_inst/btb_inst/btb_reg[2][TARGET][22]/D
                                1.16           1.38 f        -0.22  (VIOLATED)
   if_stage_inst/btb_inst/btb_reg[2][TARGET][23]/D
                                1.16           1.38 f        -0.22  (VIOLATED)
   if_stage_inst/btb_inst/btb_reg[2][TARGET][24]/D
                                1.16           1.38 f        -0.22  (VIOLATED)
   if_stage_inst/btb_inst/btb_reg[2][TARGET][25]/D
                                1.16           1.38 f        -0.22  (VIOLATED)
   if_stage_inst/btb_inst/btb_reg[2][TARGET][26]/D
                                1.16           1.38 f        -0.22  (VIOLATED)
   if_stage_inst/btb_inst/btb_reg[2][TARGET][27]/D
                                1.16           1.38 f        -0.22  (VIOLATED)
   if_stage_inst/btb_inst/btb_reg[2][TARGET][28]/D
                                1.16           1.38 f        -0.22  (VIOLATED)
   if_stage_inst/btb_inst/btb_reg[2][TARGET][29]/D
                                1.16           1.38 f        -0.22  (VIOLATED)
   if_stage_inst/btb_inst/btb_reg[2][TARGET][30]/D
                                1.16           1.38 f        -0.22  (VIOLATED)
   if_stage_inst/btb_inst/btb_reg[2][TARGET][31]/D
                                1.16           1.38 f        -0.22  (VIOLATED)
   ex_stage_inst/mult_pp_inst/tree_i/layer_4_r_reg[3][28]/D
                                1.16           1.38 f        -0.22  (VIOLATED)
   if_stage_inst/btb_inst/btb_reg[2][TAG][17]/D
                                1.17           1.39 r        -0.22  (VIOLATED)
   if_stage_inst/btb_inst/btb_reg[2][TAG][13]/D
                                1.17           1.39 r        -0.22  (VIOLATED)
   if_stage_inst/btb_inst/btb_reg[2][TAG][24]/D
                                1.17           1.39 r        -0.22  (VIOLATED)
   if_stage_inst/btb_inst/btb_reg[2][TAG][6]/D
                                1.17           1.39 r        -0.22  (VIOLATED)
   if_stage_inst/btb_inst/btb_reg[2][TAG][9]/D
                                1.17           1.39 r        -0.22  (VIOLATED)
   if_stage_inst/btb_inst/btb_reg[2][TAG][10]/D
                                1.17           1.39 r        -0.22  (VIOLATED)
   R_1052/D                     1.17           1.39 r        -0.22  (VIOLATED)
   R_1113/D                     1.17           1.39 r        -0.22  (VIOLATED)
   R_1079/D                     1.16           1.38 f        -0.22  (VIOLATED)
   if_stage_inst/btb_inst/btb_reg[2][TAG][18]/D
                                1.17           1.39 r        -0.22  (VIOLATED)
   if_stage_inst/btb_inst/btb_reg[2][TAG][12]/D
                                1.17           1.39 r        -0.22  (VIOLATED)
   if_stage_inst/btb_inst/btb_reg[2][TAG][16]/D
                                1.17           1.39 r        -0.22  (VIOLATED)
   if_stage_inst/btb_inst/btb_reg[2][TAG][15]/D
                                1.17           1.39 r        -0.22  (VIOLATED)
   if_stage_inst/btb_inst/btb_reg[2][TAG][22]/D
                                1.17           1.39 r        -0.22  (VIOLATED)
   R_1001/D                     1.15           1.37 f        -0.22  (VIOLATED)
   if_stage_inst/btb_inst/btb_reg[2][TAG][19]/D
                                1.17           1.39 r        -0.22  (VIOLATED)
   if_stage_inst/btb_inst/btb_reg[2][TAG][14]/D
                                1.17           1.39 r        -0.22  (VIOLATED)
   if_stage_inst/btb_inst/btb_reg[2][TAG][2]/D
                                1.17           1.39 r        -0.22  (VIOLATED)
   if_stage_inst/btb_inst/btb_reg[2][TAG][5]/D
                                1.17           1.39 r        -0.22  (VIOLATED)
   if_stage_inst/btb_inst/btb_reg[2][TAG][4]/D
                                1.17           1.39 r        -0.22  (VIOLATED)
   if_stage_inst/btb_inst/btb_reg[2][TAG][0]/D
                                1.17           1.39 r        -0.22  (VIOLATED)
   if_stage_inst/btb_inst/btb_reg[2][TAG][1]/D
                                1.17           1.39 r        -0.22  (VIOLATED)
   if_stage_inst/btb_inst/btb_reg[2][TAG][25]/D
                                1.17           1.39 r        -0.22  (VIOLATED)
   if_stage_inst/btb_inst/btb_reg[2][TARGET][4]/D
                                1.17           1.39 r        -0.22  (VIOLATED)
   if_stage_inst/btb_inst/btb_reg[2][TARGET][2]/D
                                1.17           1.39 r        -0.22  (VIOLATED)
   if_stage_inst/btb_inst/btb_reg[2][TAG][3]/D
                                1.17           1.39 r        -0.22  (VIOLATED)
   if_stage_inst/btb_inst/btb_reg[2][TARGET][1]/D
                                1.17           1.39 r        -0.22  (VIOLATED)
   if_stage_inst/btb_inst/btb_reg[2][TARGET][3]/D
                                1.17           1.39 r        -0.22  (VIOLATED)
   ex_stage_inst/mult_pp_inst/tree_i/layer_4_r_reg[3][31]/D
                                1.16           1.38 r        -0.22  (VIOLATED)
   R_869/D                      1.16           1.37 f        -0.22  (VIOLATED)
   if_stage_inst/btb_inst/btb_reg[2][TAG][21]/D
                                1.17           1.38 r        -0.22  (VIOLATED)
   if_stage_inst/btb_inst/btb_reg[2][TAG][20]/D
                                1.17           1.38 r        -0.22  (VIOLATED)
   if_stage_inst/btb_inst/btb_reg[2][TAG][7]/D
                                1.17           1.38 r        -0.22  (VIOLATED)
   R_870/D                      1.16           1.37 f        -0.21  (VIOLATED)
   if_stage_inst/btb_inst/btb_reg[2][TAG][8]/D
                                1.17           1.38 r        -0.21  (VIOLATED)
   if_stage_inst/btb_inst/btb_reg[2][TAG][11]/D
                                1.17           1.38 r        -0.21  (VIOLATED)
   if_stage_inst/btb_inst/btb_reg[2][TAG][23]/D
                                1.17           1.38 r        -0.21  (VIOLATED)
   R_1038/D                     1.17           1.38 r        -0.21  (VIOLATED)
   R_1116/D                     1.17           1.38 r        -0.21  (VIOLATED)
   R_978/D                      1.16           1.37 f        -0.21  (VIOLATED)
   if_stage_inst/btb_inst/btb_reg[5][VALID]/D
                                1.16           1.37 f        -0.21  (VIOLATED)
   ex_stage_inst/mult_pp_inst/tree_i/layer_4_r_reg[3][30]/D
                                1.16           1.37 f        -0.21  (VIOLATED)
   R_1017/D                     1.17           1.38 r        -0.21  (VIOLATED)
   if_stage_inst/if_id_valid_reg/reg_data_reg[0]/D
                                1.17           1.38 r        -0.21  (VIOLATED)
   R_1101/D                     1.16           1.37 f        -0.21  (VIOLATED)
   if_stage_inst/btb_inst/btb_reg[11][VALID]/D
                                1.16           1.37 f        -0.21  (VIOLATED)
   ex_stage_inst/mult_pp_inst/tree_i/layer_4_r_reg[1][25]/D
                                1.16           1.37 r        -0.21  (VIOLATED)
   R_1044/D                     1.16           1.37 f        -0.21  (VIOLATED)
   ex_stage_inst/mult_pp_inst/tree_i/layer_4_r_reg[3][25]/D
                                1.16           1.37 f        -0.21  (VIOLATED)
   if_stage_inst/btb_inst/btb_reg[10][VALID]/D
                                1.16           1.36 f        -0.20  (VIOLATED)
   R_926/D                      1.16           1.36 r        -0.20  (VIOLATED)
   if_stage_inst/btb_inst/btb_reg[0][VALID]/D
                                1.16           1.36 f        -0.20  (VIOLATED)
   if_stage_inst/btb_inst/btb_reg[1][VALID]/D
                                1.16           1.36 f        -0.20  (VIOLATED)
   if_stage_inst/btb_inst/btb_reg[3][VALID]/D
                                1.16           1.36 f        -0.20  (VIOLATED)
   if_stage_inst/btb_inst/btb_reg[6][VALID]/D
                                1.16           1.36 f        -0.20  (VIOLATED)
   if_stage_inst/btb_inst/btb_reg[8][VALID]/D
                                1.16           1.36 f        -0.20  (VIOLATED)
   if_stage_inst/btb_inst/btb_reg[9][VALID]/D
                                1.16           1.36 f        -0.20  (VIOLATED)
   if_stage_inst/btb_inst/btb_reg[12][VALID]/D
                                1.16           1.36 f        -0.20  (VIOLATED)
   if_stage_inst/btb_inst/btb_reg[13][VALID]/D
                                1.16           1.36 f        -0.20  (VIOLATED)
   if_stage_inst/btb_inst/btb_reg[14][VALID]/D
                                1.16           1.36 f        -0.20  (VIOLATED)
   if_stage_inst/btb_inst/btb_reg[15][VALID]/D
                                1.16           1.36 f        -0.20  (VIOLATED)
   R_876/D                      1.17           1.37 r        -0.20  (VIOLATED)
   R_1111/D                     1.16           1.36 f        -0.20  (VIOLATED)
   R_1105/D                     1.16           1.36 f        -0.20  (VIOLATED)
   R_1056/D                     1.16           1.36 f        -0.20  (VIOLATED)
   R_719/D                      1.16           1.35 f        -0.20  (VIOLATED)
   R_938/D                      1.16           1.35 f        -0.19  (VIOLATED)
   R_1117/D                     1.16           1.35 r        -0.19  (VIOLATED)
   R_728/D                      1.16           1.35 r        -0.19  (VIOLATED)
   if_stage_inst/btb_inst/btb_reg[4][VALID]/D
                                1.16           1.35 f        -0.19  (VIOLATED)
   R_852/D                      1.17           1.36 r        -0.19  (VIOLATED)
   if_stage_inst/btb_inst/btb_reg[2][VALID]/D
                                1.16           1.35 f        -0.19  (VIOLATED)
   R_656/D                      1.17           1.35 r        -0.19  (VIOLATED)
   R_648/D                      1.17           1.35 r        -0.19  (VIOLATED)
   R_842/D                      1.17           1.35 r        -0.18  (VIOLATED)
   R_1034/D                     1.16           1.34 f        -0.18  (VIOLATED)
   R_967/D                      1.16           1.34 f        -0.18  (VIOLATED)
   ex_stage_inst/mult_pp_inst/tree_i/layer_4_r_reg[2][29]/D
                                1.16           1.33 f        -0.18  (VIOLATED)
   R_902/D                      1.17           1.34 r        -0.17  (VIOLATED)
   R_733/D                      1.16           1.34 r        -0.17  (VIOLATED)
   R_1036/D                     1.16           1.33 r        -0.17  (VIOLATED)
   R_1059/D                     1.16           1.33 r        -0.17  (VIOLATED)
   R_1102/D                     1.16           1.33 r        -0.17  (VIOLATED)
   R_1114/D                     1.16           1.33 r        -0.17  (VIOLATED)
   ex_stage_inst/mult_pp_inst/tree_i/layer_4_r_reg[2][27]/D
                                1.17           1.34 r        -0.17  (VIOLATED)
   R_635/D                      1.17           1.34 r        -0.17  (VIOLATED)
   R_742/D                      1.16           1.33 f        -0.17  (VIOLATED)
   ex_stage_inst/mult_pp_inst/tree_i/layer_4_r_reg[2][26]/D
                                1.17           1.33 r        -0.17  (VIOLATED)
   hazard_unit_inst/status_table_reg[1][0]/D
                                1.15           1.31 f        -0.16  (VIOLATED)
   hazard_unit_inst/status_table_reg[2][0]/D
                                1.15           1.31 f        -0.16  (VIOLATED)
   hazard_unit_inst/status_table_reg[3][0]/D
                                1.15           1.31 f        -0.16  (VIOLATED)
   hazard_unit_inst/status_table_reg[4][0]/D
                                1.15           1.31 f        -0.16  (VIOLATED)
   hazard_unit_inst/status_table_reg[5][0]/D
                                1.15           1.31 f        -0.16  (VIOLATED)
   hazard_unit_inst/status_table_reg[6][0]/D
                                1.15           1.31 f        -0.16  (VIOLATED)
   hazard_unit_inst/status_table_reg[8][0]/D
                                1.15           1.31 f        -0.16  (VIOLATED)
   hazard_unit_inst/status_table_reg[9][0]/D
                                1.15           1.31 f        -0.16  (VIOLATED)
   hazard_unit_inst/status_table_reg[10][0]/D
                                1.15           1.31 f        -0.16  (VIOLATED)
   hazard_unit_inst/status_table_reg[11][0]/D
                                1.15           1.31 f        -0.16  (VIOLATED)
   hazard_unit_inst/status_table_reg[12][0]/D
                                1.15           1.31 f        -0.16  (VIOLATED)
   hazard_unit_inst/status_table_reg[13][0]/D
                                1.15           1.31 f        -0.16  (VIOLATED)
   hazard_unit_inst/status_table_reg[14][0]/D
                                1.15           1.31 f        -0.16  (VIOLATED)
   hazard_unit_inst/status_table_reg[15][0]/D
                                1.15           1.31 f        -0.16  (VIOLATED)
   hazard_unit_inst/status_table_reg[16][0]/D
                                1.15           1.31 f        -0.16  (VIOLATED)
   hazard_unit_inst/status_table_reg[17][0]/D
                                1.15           1.31 f        -0.16  (VIOLATED)
   hazard_unit_inst/status_table_reg[18][0]/D
                                1.15           1.31 f        -0.16  (VIOLATED)
   hazard_unit_inst/status_table_reg[19][0]/D
                                1.15           1.31 f        -0.16  (VIOLATED)
   hazard_unit_inst/status_table_reg[20][0]/D
                                1.15           1.31 f        -0.16  (VIOLATED)
   hazard_unit_inst/status_table_reg[21][0]/D
                                1.15           1.31 f        -0.16  (VIOLATED)
   hazard_unit_inst/status_table_reg[22][0]/D
                                1.15           1.31 f        -0.16  (VIOLATED)
   hazard_unit_inst/status_table_reg[23][0]/D
                                1.15           1.31 f        -0.16  (VIOLATED)
   hazard_unit_inst/status_table_reg[25][0]/D
                                1.15           1.31 f        -0.16  (VIOLATED)
   hazard_unit_inst/status_table_reg[26][0]/D
                                1.15           1.31 f        -0.16  (VIOLATED)
   hazard_unit_inst/status_table_reg[27][0]/D
                                1.15           1.31 f        -0.16  (VIOLATED)
   hazard_unit_inst/status_table_reg[28][0]/D
                                1.15           1.31 f        -0.16  (VIOLATED)
   hazard_unit_inst/status_table_reg[29][0]/D
                                1.15           1.31 f        -0.16  (VIOLATED)
   hazard_unit_inst/status_table_reg[30][0]/D
                                1.15           1.31 f        -0.16  (VIOLATED)
   hazard_unit_inst/status_table_reg[31][0]/D
                                1.15           1.31 f        -0.16  (VIOLATED)
   R_1099/D                     1.16           1.32 r        -0.16  (VIOLATED)
   R_661/D                      1.16           1.32 f        -0.16  (VIOLATED)
   R_1077/D                     1.16           1.31 f        -0.16  (VIOLATED)
   R_898/D                      1.17           1.32 r        -0.15  (VIOLATED)
   ex_stage_inst/mult_pp_inst/tree_i/layer_4_r_reg[1][17]/D
                                1.16           1.31 f        -0.15  (VIOLATED)
   R_657/D                      1.16           1.31 r        -0.15  (VIOLATED)
   R_714/D                      1.16           1.30 f        -0.15  (VIOLATED)
   R_1043/D                     1.17           1.31 r        -0.14  (VIOLATED)
   R_732/D                      1.16           1.30 r        -0.14  (VIOLATED)
   R_1110/D                     1.16           1.30 f        -0.14  (VIOLATED)
   R_910/D                      1.16           1.30 r        -0.14  (VIOLATED)
   R_865/D                      1.17           1.31 r        -0.14  (VIOLATED)
   R_995/D                      1.17           1.30 r        -0.13  (VIOLATED)
   R_1097/D                     1.16           1.29 f        -0.13  (VIOLATED)
   R_996/D                      1.16           1.29 f        -0.13  (VIOLATED)
   R_1050/D                     1.17           1.30 r        -0.13  (VIOLATED)
   R_1089/D                     1.17           1.30 r        -0.13  (VIOLATED)
   if_stage_inst/btb_inst/btb_reg[7][VALID]/D
                                1.16           1.29 f        -0.13  (VIOLATED)
   hazard_unit_inst/status_table_reg[2][1]/D
                                1.17           1.29 r        -0.13  (VIOLATED)
   hazard_unit_inst/status_table_reg[7][0]/D
                                1.15           1.28 f        -0.13  (VIOLATED)
   hazard_unit_inst/status_table_reg[24][0]/D
                                1.15           1.28 f        -0.13  (VIOLATED)
   R_1051/D                     1.17           1.29 r        -0.13  (VIOLATED)
   R_1112/D                     1.17           1.29 r        -0.12  (VIOLATED)
   id_stage_inst/reg_file_inst/R_1075/D
                                1.17           1.29 r        -0.12  (VIOLATED)
   id_stage_inst/reg_file_inst/R_1012/D
                                1.17           1.29 r        -0.12  (VIOLATED)
   ex_stage_inst/mult_pp_inst/tree_i/layer_4_r_reg[3][27]/D
                                1.16           1.28 f        -0.12  (VIOLATED)
   R_989/D                      1.16           1.29 r        -0.12  (VIOLATED)
   R_1007/D                     1.16           1.28 f        -0.12  (VIOLATED)
   R_921/D                      1.16           1.28 r        -0.12  (VIOLATED)
   R_874/D                      1.16           1.28 r        -0.12  (VIOLATED)
   R_640/D                      1.17           1.28 r        -0.12  (VIOLATED)
   R_639/D                      1.16           1.27 f        -0.11  (VIOLATED)
   id_stage_inst/reg_file_inst/R_958/D
                                1.17           1.28 r        -0.11  (VIOLATED)
   R_574/D                      1.16           1.27 f        -0.11  (VIOLATED)
   R_1032/D                     1.16           1.27 f        -0.11  (VIOLATED)
   R_1108/D                     1.17           1.28 r        -0.11  (VIOLATED)
   R_1085/D                     1.16           1.27 f        -0.11  (VIOLATED)
   R_999/D                      1.16           1.27 f        -0.11  (VIOLATED)
   R_1031/D                     1.16           1.27 f        -0.11  (VIOLATED)
   R_848/D                      1.16           1.26 f        -0.11  (VIOLATED)
   R_1015/D                     1.16           1.27 r        -0.10  (VIOLATED)
   R_1098/D                     1.16           1.27 r        -0.10  (VIOLATED)
   R_710/D                      1.16           1.26 r        -0.10  (VIOLATED)
   R_706/D                      1.16           1.26 f        -0.10  (VIOLATED)
   R_833/D                      1.16           1.26 r        -0.09  (VIOLATED)
   R_726/D                      1.16           1.25 f        -0.09  (VIOLATED)
   R_897/D                      1.16           1.25 f        -0.09  (VIOLATED)
   R_1100/D                     1.16           1.25 r        -0.09  (VIOLATED)
   id_stage_inst/reg_file_inst/R_930/D
                                1.17           1.25 r        -0.09  (VIOLATED)
   id_stage_inst/reg_file_inst/R_1092/D
                                1.17           1.25 r        -0.09  (VIOLATED)
   R_907/D                      1.16           1.25 r        -0.08  (VIOLATED)
   R_1071/D                     1.16           1.24 r        -0.08  (VIOLATED)
   R_1022/D                     1.16           1.24 f        -0.08  (VIOLATED)
   hazard_unit_inst/status_table_reg[15][1]/D
                                1.17           1.25 r        -0.08  (VIOLATED)
   hazard_unit_inst/status_table_reg[23][1]/D
                                1.17           1.25 r        -0.08  (VIOLATED)
   hazard_unit_inst/status_table_reg[31][1]/D
                                1.17           1.25 r        -0.08  (VIOLATED)
   if_stage_inst/pc_plus4_reg/reg_data_reg[5]/D
                                1.16           1.24 f        -0.08  (VIOLATED)
   if_stage_inst/pc_plus4_reg/reg_data_reg[3]/D
                                1.16           1.24 f        -0.08  (VIOLATED)
   if_stage_inst/pc_plus4_reg/reg_data_reg[4]/D
                                1.16           1.24 f        -0.08  (VIOLATED)
   if_stage_inst/pc_plus4_reg/reg_data_reg[6]/D
                                1.16           1.24 f        -0.08  (VIOLATED)
   if_stage_inst/pc_plus4_reg/reg_data_reg[7]/D
                                1.16           1.24 f        -0.08  (VIOLATED)
   if_stage_inst/pc_plus4_reg/reg_data_reg[8]/D
                                1.16           1.24 f        -0.08  (VIOLATED)
   if_stage_inst/pc_plus4_reg/reg_data_reg[9]/D
                                1.16           1.24 f        -0.08  (VIOLATED)
   if_stage_inst/pc_plus4_reg/reg_data_reg[10]/D
                                1.16           1.24 f        -0.08  (VIOLATED)
   if_stage_inst/pc_plus4_reg/reg_data_reg[11]/D
                                1.16           1.24 f        -0.08  (VIOLATED)
   if_stage_inst/pc_plus4_reg/reg_data_reg[12]/D
                                1.16           1.24 f        -0.08  (VIOLATED)
   if_stage_inst/pc_plus4_reg/reg_data_reg[13]/D
                                1.16           1.24 f        -0.08  (VIOLATED)
   if_stage_inst/pc_plus4_reg/reg_data_reg[14]/D
                                1.16           1.24 f        -0.08  (VIOLATED)
   if_stage_inst/pc_plus4_reg/reg_data_reg[15]/D
                                1.16           1.24 f        -0.08  (VIOLATED)
   if_stage_inst/pc_plus4_reg/reg_data_reg[16]/D
                                1.16           1.24 f        -0.08  (VIOLATED)
   if_stage_inst/pc_plus4_reg/reg_data_reg[17]/D
                                1.16           1.24 f        -0.08  (VIOLATED)
   if_stage_inst/pc_plus4_reg/reg_data_reg[18]/D
                                1.16           1.24 f        -0.08  (VIOLATED)
   if_stage_inst/pc_plus4_reg/reg_data_reg[19]/D
                                1.16           1.24 f        -0.08  (VIOLATED)
   if_stage_inst/pc_plus4_reg/reg_data_reg[20]/D
                                1.16           1.24 f        -0.08  (VIOLATED)
   if_stage_inst/pc_plus4_reg/reg_data_reg[21]/D
                                1.16           1.24 f        -0.08  (VIOLATED)
   if_stage_inst/pc_plus4_reg/reg_data_reg[22]/D
                                1.16           1.24 f        -0.08  (VIOLATED)
   if_stage_inst/pc_plus4_reg/reg_data_reg[25]/D
                                1.16           1.24 f        -0.08  (VIOLATED)
   if_stage_inst/pc_plus4_reg/reg_data_reg[26]/D
                                1.16           1.24 f        -0.08  (VIOLATED)
   if_stage_inst/pc_plus4_reg/reg_data_reg[27]/D
                                1.16           1.24 f        -0.08  (VIOLATED)
   if_stage_inst/pc_plus4_reg/reg_data_reg[28]/D
                                1.16           1.24 f        -0.08  (VIOLATED)
   hazard_unit_inst/status_table_reg[19][1]/D
                                1.17           1.25 r        -0.08  (VIOLATED)
   hazard_unit_inst/status_table_reg[21][1]/D
                                1.17           1.25 r        -0.08  (VIOLATED)
   hazard_unit_inst/status_table_reg[11][1]/D
                                1.17           1.25 r        -0.08  (VIOLATED)
   hazard_unit_inst/status_table_reg[13][1]/D
                                1.17           1.25 r        -0.08  (VIOLATED)
   hazard_unit_inst/status_table_reg[14][1]/D
                                1.17           1.25 r        -0.08  (VIOLATED)
   hazard_unit_inst/status_table_reg[22][1]/D
                                1.17           1.25 r        -0.08  (VIOLATED)
   hazard_unit_inst/status_table_reg[10][1]/D
                                1.17           1.25 r        -0.08  (VIOLATED)
   hazard_unit_inst/status_table_reg[18][1]/D
                                1.17           1.25 r        -0.08  (VIOLATED)
   hazard_unit_inst/status_table_reg[12][1]/D
                                1.17           1.25 r        -0.08  (VIOLATED)
   hazard_unit_inst/status_table_reg[20][1]/D
                                1.17           1.25 r        -0.08  (VIOLATED)
   hazard_unit_inst/status_table_reg[9][1]/D
                                1.17           1.25 r        -0.08  (VIOLATED)
   hazard_unit_inst/status_table_reg[17][1]/D
                                1.17           1.25 r        -0.08  (VIOLATED)
   hazard_unit_inst/status_table_reg[16][1]/D
                                1.17           1.25 r        -0.08  (VIOLATED)
   hazard_unit_inst/status_table_reg[8][1]/D
                                1.17           1.25 r        -0.08  (VIOLATED)
   R_612/D                      1.16           1.24 f        -0.08  (VIOLATED)
   R_1086/D                     1.17           1.24 r        -0.07  (VIOLATED)
   hazard_unit_inst/status_table_reg[6][1]/D
                                1.17           1.24 r        -0.07  (VIOLATED)
   hazard_unit_inst/status_table_reg[1][1]/D
                                1.17           1.24 r        -0.07  (VIOLATED)
   R_891/D                      1.16           1.23 f        -0.07  (VIOLATED)
   R_909/D                      1.16           1.23 f        -0.07  (VIOLATED)
   hazard_unit_inst/status_table_reg[3][1]/D
                                1.16           1.23 r        -0.07  (VIOLATED)
   hazard_unit_inst/status_table_reg[5][1]/D
                                1.16           1.23 r        -0.07  (VIOLATED)
   hazard_unit_inst/status_table_reg[4][1]/D
                                1.16           1.23 r        -0.07  (VIOLATED)
   R_859/D                      1.16           1.23 r        -0.07  (VIOLATED)
   R_1010/D                     1.16           1.23 r        -0.06  (VIOLATED)
   id_stage_inst/reg_file_inst/R_1013/D
                                1.16           1.23 r        -0.06  (VIOLATED)
   R_1104/D                     1.16           1.22 f        -0.06  (VIOLATED)
   if_stage_inst/pc_plus4_reg/reg_data_reg[23]/D
                                1.16           1.22 f        -0.06  (VIOLATED)
   if_stage_inst/pc_plus4_reg/reg_data_reg[24]/D
                                1.16           1.22 f        -0.06  (VIOLATED)
   if_stage_inst/pc_plus4_reg/reg_data_reg[29]/D
                                1.16           1.22 f        -0.06  (VIOLATED)
   if_stage_inst/pc_plus4_reg/reg_data_reg[30]/D
                                1.16           1.22 f        -0.06  (VIOLATED)
   if_stage_inst/pc_plus4_reg/reg_data_reg[31]/D
                                1.16           1.22 f        -0.06  (VIOLATED)
   R_941/D                      1.16           1.22 f        -0.06  (VIOLATED)
   R_1037/D                     1.16           1.23 r        -0.06  (VIOLATED)
   R_708/D                      1.17           1.23 r        -0.06  (VIOLATED)
   R_1002/D                     1.17           1.23 r        -0.06  (VIOLATED)
   R_1118/D                     1.17           1.23 r        -0.06  (VIOLATED)
   R_956/D                      1.17           1.22 r        -0.06  (VIOLATED)
   id_stage_inst/reg_file_inst/R_959/D
                                1.17           1.22 r        -0.06  (VIOLATED)
   R_1073/D                     1.17           1.22 r        -0.06  (VIOLATED)
   id_stage_inst/reg_file_inst/R_1076/D
                                1.17           1.22 r        -0.06  (VIOLATED)
   ex_stage_inst/mult_pp_inst/tree_i/layer_4_r_reg[2][25]/D
                                1.16           1.22 f        -0.06  (VIOLATED)
   R_925/D                      1.16           1.21 f        -0.05  (VIOLATED)
   R_906/D                      1.16           1.21 f        -0.05  (VIOLATED)
   R_572/D                      1.17           1.22 r        -0.05  (VIOLATED)
   R_1021/D                     1.17           1.22 r        -0.05  (VIOLATED)
   R_629/D                      1.17           1.22 r        -0.05  (VIOLATED)
   R_1078/D                     1.16           1.21 f        -0.05  (VIOLATED)
   hazard_unit_inst/status_table_reg[7][1]/D
                                1.16           1.21 r        -0.05  (VIOLATED)
   R_935/D                      1.16           1.21 f        -0.05  (VIOLATED)
   R_895/D                      1.17           1.21 r        -0.05  (VIOLATED)
   hazard_unit_inst/status_table_reg[24][1]/D
                                1.17           1.21 r        -0.05  (VIOLATED)
   ex_stage_inst/mult_pp_inst/tree_i/layer_4_r_reg[2][23]/D
                                1.15           1.20 f        -0.05  (VIOLATED)
   hazard_unit_inst/status_table_reg[25][1]/D
                                1.17           1.21 r        -0.05  (VIOLATED)
   hazard_unit_inst/status_table_reg[27][1]/D
                                1.17           1.21 r        -0.05  (VIOLATED)
   hazard_unit_inst/status_table_reg[29][1]/D
                                1.17           1.21 r        -0.05  (VIOLATED)
   hazard_unit_inst/status_table_reg[30][1]/D
                                1.17           1.21 r        -0.05  (VIOLATED)
   if_stage_inst/instruction_reg/reg_data_reg[1]/D
                                1.17           1.21 r        -0.04  (VIOLATED)
   if_stage_inst/instruction_reg/reg_data_reg[2]/D
                                1.17           1.21 r        -0.04  (VIOLATED)
   if_stage_inst/instruction_reg/reg_data_reg[3]/D
                                1.17           1.21 r        -0.04  (VIOLATED)
   if_stage_inst/instruction_reg/reg_data_reg[4]/D
                                1.17           1.21 r        -0.04  (VIOLATED)
   if_stage_inst/instruction_reg/reg_data_reg[5]/D
                                1.17           1.21 r        -0.04  (VIOLATED)
   if_stage_inst/instruction_reg/reg_data_reg[6]/D
                                1.17           1.21 r        -0.04  (VIOLATED)
   if_stage_inst/instruction_reg/reg_data_reg[7]/D
                                1.17           1.21 r        -0.04  (VIOLATED)
   if_stage_inst/instruction_reg/reg_data_reg[10]/D
                                1.17           1.21 r        -0.04  (VIOLATED)
   if_stage_inst/instruction_reg/reg_data_reg[11]/D
                                1.17           1.21 r        -0.04  (VIOLATED)
   if_stage_inst/instruction_reg/reg_data_reg[12]/D
                                1.17           1.21 r        -0.04  (VIOLATED)
   if_stage_inst/instruction_reg/reg_data_reg[13]/D
                                1.17           1.21 r        -0.04  (VIOLATED)
   if_stage_inst/instruction_reg/reg_data_reg[14]/D
                                1.17           1.21 r        -0.04  (VIOLATED)
   if_stage_inst/instruction_reg/reg_data_reg[16]/D
                                1.17           1.21 r        -0.04  (VIOLATED)
   if_stage_inst/instruction_reg/reg_data_reg[17]/D
                                1.17           1.21 r        -0.04  (VIOLATED)
   if_stage_inst/instruction_reg/reg_data_reg[18]/D
                                1.17           1.21 r        -0.04  (VIOLATED)
   if_stage_inst/instruction_reg/reg_data_reg[19]/D
                                1.17           1.21 r        -0.04  (VIOLATED)
   if_stage_inst/instruction_reg/reg_data_reg[20]/D
                                1.17           1.21 r        -0.04  (VIOLATED)
   R_991/D                      1.17           1.21 r        -0.04  (VIOLATED)
   R_896/D                      1.16           1.20 f        -0.04  (VIOLATED)
   if_stage_inst/pc_plus4_reg/reg_data_reg[2]/D
                                1.17           1.21 r        -0.04  (VIOLATED)
   ex_stage_inst/mult_pp_inst/tree_i/layer_4_r_reg[2][22]/D
                                1.15           1.19 f        -0.04  (VIOLATED)
   R_1088/D                     1.16           1.19 f        -0.04  (VIOLATED)
   if_stage_inst/current_pc_reg/reg_data_reg[20]/D
                                1.16           1.20 f        -0.04  (VIOLATED)
   if_stage_inst/current_pc_reg/reg_data_reg[0]/D
                                1.16           1.20 f        -0.04  (VIOLATED)
   if_stage_inst/instruction_reg/reg_data_reg[0]/D
                                1.16           1.20 f        -0.03  (VIOLATED)
   if_stage_inst/instruction_reg/reg_data_reg[8]/D
                                1.16           1.20 f        -0.03  (VIOLATED)
   R_940/D                      1.17           1.20 r        -0.03  (VIOLATED)
   if_stage_inst/current_pc_reg/reg_data_reg[1]/D
                                1.17           1.20 r        -0.03  (VIOLATED)
   if_stage_inst/pc_plus4_reg/reg_data_reg[0]/D
                                1.17           1.20 r        -0.03  (VIOLATED)
   R_1084/D                     1.17           1.20 r        -0.03  (VIOLATED)
   R_928/D                      1.17           1.19 r        -0.03  (VIOLATED)
   R_1090/D                     1.17           1.19 r        -0.03  (VIOLATED)
   id_stage_inst/reg_file_inst/R_931/D
                                1.17           1.19 r        -0.03  (VIOLATED)
   id_stage_inst/reg_file_inst/R_1093/D
                                1.17           1.19 r        -0.03  (VIOLATED)
   R_1083/D                     1.17           1.19 r        -0.03  (VIOLATED)
   R_849/D                      1.16           1.19 r        -0.03  (VIOLATED)
   if_stage_inst/pc_plus4_reg/reg_data_reg[1]/D
                                1.17           1.19 r        -0.02  (VIOLATED)
   R_630/D                      1.17           1.19 r        -0.02  (VIOLATED)
   R_924/D                      1.17           1.19 r        -0.02  (VIOLATED)
   R_923/D                      1.17           1.19 r        -0.02  (VIOLATED)
   R_1020/D                     1.17           1.19 r        -0.02  (VIOLATED)
   R_324/D                      1.16           1.18 f        -0.02  (VIOLATED)
   R_330/D                      1.16           1.18 f        -0.02  (VIOLATED)
   R_332/D                      1.16           1.18 f        -0.02  (VIOLATED)
   R_334/D                      1.16           1.18 f        -0.02  (VIOLATED)
   R_336/D                      1.16           1.18 f        -0.02  (VIOLATED)
   R_340/D                      1.16           1.18 f        -0.02  (VIOLATED)
   R_342/D                      1.16           1.18 f        -0.02  (VIOLATED)
   hazard_unit_inst/status_table_reg[26][1]/D
                                1.17           1.18 r        -0.01  (VIOLATED)
   hazard_unit_inst/status_table_reg[28][1]/D
                                1.17           1.18 r        -0.01  (VIOLATED)
   if_stage_inst/current_pc_reg/reg_data_reg[25]/D
                                1.17           1.18 r        -0.01  (VIOLATED)
   if_stage_inst/current_pc_reg/reg_data_reg[26]/D
                                1.17           1.18 r        -0.01  (VIOLATED)
   if_stage_inst/current_pc_reg/reg_data_reg[27]/D
                                1.17           1.18 r        -0.01  (VIOLATED)
   if_stage_inst/current_pc_reg/reg_data_reg[28]/D
                                1.17           1.18 r        -0.01  (VIOLATED)
   if_stage_inst/current_pc_reg/reg_data_reg[30]/D
                                1.17           1.18 r        -0.01  (VIOLATED)
   if_stage_inst/current_pc_reg/reg_data_reg[31]/D
                                1.17           1.18 r        -0.01  (VIOLATED)
   if_stage_inst/instruction_reg/reg_data_reg[9]/D
                                1.17           1.18 r        -0.01  (VIOLATED)
   if_stage_inst/instruction_reg/reg_data_reg[15]/D
                                1.17           1.18 r        -0.01  (VIOLATED)
   if_stage_inst/current_pc_reg/reg_data_reg[29]/D
                                1.17           1.18 r        -0.01  (VIOLATED)
   R_961/D                      1.16           1.17 f        -0.01  (VIOLATED)
   ex_stage_inst/mult_pp_inst/tree_i/layer_4_r_reg[3][23]/D
                                1.17           1.18 r        -0.01  (VIOLATED)
   R_1103/D                     1.16           1.17 f        -0.01  (VIOLATED)
   R_331/D                      1.17           1.17 r         0.00  (VIOLATED: increase significant digits)
   R_335/D                      1.17           1.17 r         0.00  (VIOLATED: increase significant digits)
   R_337/D                      1.17           1.17 r         0.00  (VIOLATED: increase significant digits)


   max_capacitance

                             Required        Actual
   Net                      Capacitance    Capacitance       Slack
   -----------------------------------------------------------------
   dram_readnotwrite           59.36          82.16         -22.80  (VIOLATED)
   id_stage_inst/reg_file_inst/n4706
                               60.73          69.74          -9.01  (VIOLATED)
   id_stage_inst/reg_file_inst/n1796
                               60.73          69.47          -8.74  (VIOLATED)
   id_stage_inst/reg_file_inst/n1822
                               60.73          69.47          -8.74  (VIOLATED)

   -----------------------------------------------------------------
   Total                      4                 -49.30  

   max_leakage_power

                             Required        Actual
   Design                   Leakage Power  Leakage Power     Slack
   -----------------------------------------------------------------
   dlx                          0.00       700741.12      -700741.12
                                                                    (VIOLATED)


1
