 
****************************************
Report : constraint
        -all_violators
Design : dlx
Version: W-2024.09-SP2
Date   : Wed Sep 16 04:15:40 2026
****************************************


   max_delay/setup ('clk' group)

                             Required        Actual
   Endpoint                 Path Delay     Path Delay        Slack
   -----------------------------------------------------------------
   R_1540/D                     0.96           1.32 f        -0.36  (VIOLATED)
   if_stage_inst/btb_inst/btb_reg[3][TARGET][0]/D
                                0.96           1.32 f        -0.36  (VIOLATED)
   if_stage_inst/btb_inst/btb_reg[12][TARGET][0]/D
                                0.96           1.32 f        -0.36  (VIOLATED)
   R_1483/D                     0.97           1.33 r        -0.36  (VIOLATED)
   ex_stage_inst/mult_pp_inst/tree_i/layer_4_r_reg[1][18]/D
                                0.96           1.32 f        -0.36  (VIOLATED)
   R_1550/D                     0.96           1.32 f        -0.36  (VIOLATED)
   R_1566/D                     0.97           1.33 r        -0.36  (VIOLATED)
   ex_stage_inst/mult_pp_inst/tree_i/layer_4_r_reg[0][12]/D
                                0.96           1.32 f        -0.36  (VIOLATED)
   R_1521/D                     0.97           1.33 r        -0.36  (VIOLATED)
   R_1538/D                     0.96           1.32 f        -0.36  (VIOLATED)
   R_1672/D                     0.97           1.33 r        -0.36  (VIOLATED)
   R_1491/D                     0.97           1.33 r        -0.36  (VIOLATED)
   ex_stage_inst/mult_pp_inst/tree_i/layer_4_r_reg[1][21]/D
                                0.97           1.32 r        -0.36  (VIOLATED)
   R_1480/D                     0.96           1.32 r        -0.36  (VIOLATED)
   ex_stage_inst/mult_pp_inst/tree_i/layer_4_r_reg[0][16]/D
                                0.95           1.31 f        -0.36  (VIOLATED)
   R_1537/D                     0.97           1.32 r        -0.36  (VIOLATED)
   ex_stage_inst/mult_pp_inst/tree_i/layer_4_r_reg[0][28]/D
                                0.95           1.31 f        -0.35  (VIOLATED)
   R_1553/D                     0.97           1.32 r        -0.35  (VIOLATED)
   ex_stage_inst/mult_pp_inst/tree_i/layer_4_r_reg[1][30]/D
                                0.97           1.32 r        -0.35  (VIOLATED)
   ex_stage_inst/mult_pp_inst/tree_i/layer_4_r_reg[1][25]/D
                                0.97           1.32 r        -0.35  (VIOLATED)
   R_1661/D                     0.96           1.31 f        -0.35  (VIOLATED)
   ex_stage_inst/mult_pp_inst/tree_i/layer_4_r_reg[1][14]/D
                                0.96           1.31 f        -0.35  (VIOLATED)
   R_1657/D                     0.97           1.32 r        -0.35  (VIOLATED)
   R_1643/D                     0.97           1.32 r        -0.35  (VIOLATED)
   R_1571/D                     0.96           1.31 f        -0.35  (VIOLATED)
   if_stage_inst/btb_inst/R_1489/D
                                0.95           1.30 f        -0.35  (VIOLATED)
   ex_stage_inst/mult_pp_inst/tree_i/layer_4_r_reg[0][14]/D
                                0.95           1.30 f        -0.35  (VIOLATED)
   if_stage_inst/btb_inst/R_1519/D
                                0.95           1.30 f        -0.35  (VIOLATED)
   R_1547/D                     0.96           1.31 r        -0.35  (VIOLATED)
   if_stage_inst/btb_inst/R_1498/D
                                0.95           1.30 f        -0.35  (VIOLATED)
   if_stage_inst/btb_inst/btb_reg[9][TARGET][5]/D
                                0.96           1.31 r        -0.35  (VIOLATED)
   R_1703/D                     0.97           1.32 r        -0.35  (VIOLATED)
   if_stage_inst/btb_inst/R_1510/D
                                0.95           1.30 f        -0.35  (VIOLATED)
   if_stage_inst/btb_inst/btb_reg[13][TARGET][5]/D
                                0.96           1.31 r        -0.35  (VIOLATED)
   ex_stage_inst/mult_pp_inst/tree_i/layer_4_r_reg[0][13]/D
                                0.96           1.31 r        -0.35  (VIOLATED)
   ex_stage_inst/mult_pp_inst/tree_i/layer_4_r_reg[1][23]/D
                                0.97           1.31 r        -0.35  (VIOLATED)
   if_stage_inst/btb_inst/btb_reg[1][TARGET][5]/D
                                0.97           1.31 r        -0.35  (VIOLATED)
   if_stage_inst/btb_inst/R_1527/D
                                0.96           1.30 f        -0.35  (VIOLATED)
   if_stage_inst/btb_inst/R_1530/D
                                0.96           1.30 f        -0.35  (VIOLATED)
   if_stage_inst/btb_inst/R_1516/D
                                0.96           1.30 f        -0.35  (VIOLATED)
   if_stage_inst/btb_inst/R_1533/D
                                0.96           1.30 f        -0.35  (VIOLATED)
   if_stage_inst/btb_inst/R_1501/D
                                0.96           1.30 f        -0.35  (VIOLATED)
   if_stage_inst/btb_inst/btb_reg[10][TARGET][5]/D
                                0.97           1.31 r        -0.35  (VIOLATED)
   if_stage_inst/btb_inst/R_1495/D
                                0.96           1.30 f        -0.35  (VIOLATED)
   if_stage_inst/btb_inst/R_1504/D
                                0.96           1.30 f        -0.35  (VIOLATED)
   ex_stage_inst/mult_pp_inst/tree_i/layer_4_r_reg[1][29]/D
                                0.95           1.30 f        -0.35  (VIOLATED)
   if_stage_inst/btb_inst/btb_reg[6][TARGET][5]/D
                                0.96           1.31 r        -0.35  (VIOLATED)
   ex_stage_inst/mult_pp_inst/tree_i/layer_4_r_reg[0][20]/D
                                0.95           1.30 f        -0.35  (VIOLATED)
   ex_stage_inst/mult_pp_inst/tree_i/layer_4_r_reg[1][19]/D
                                0.96           1.31 f        -0.35  (VIOLATED)
   if_stage_inst/btb_inst/btb_reg[8][TARGET][5]/D
                                0.97           1.31 r        -0.35  (VIOLATED)
   if_stage_inst/btb_inst/R_1507/D
                                0.96           1.30 f        -0.35  (VIOLATED)
   if_stage_inst/btb_inst/R_1513/D
                                0.96           1.30 f        -0.35  (VIOLATED)
   if_stage_inst/btb_inst/btb_reg[11][TARGET][5]/D
                                0.97           1.31 r        -0.35  (VIOLATED)
   if_stage_inst/btb_inst/btb_reg[0][TARGET][5]/D
                                0.97           1.31 r        -0.34  (VIOLATED)
   if_stage_inst/btb_inst/btb_reg[4][TARGET][5]/D
                                0.97           1.31 r        -0.34  (VIOLATED)
   if_stage_inst/btb_inst/btb_reg[13][TARGET][30]/D
                                0.95           1.30 f        -0.34  (VIOLATED)
   if_stage_inst/btb_inst/btb_reg[5][TARGET][5]/D
                                0.97           1.31 r        -0.34  (VIOLATED)
   R_1673/D                     0.96           1.30 f        -0.34  (VIOLATED)
   if_stage_inst/btb_inst/btb_reg[2][TARGET][5]/D
                                0.97           1.31 r        -0.34  (VIOLATED)
   if_stage_inst/btb_inst/btb_reg[11][TARGET][30]/D
                                0.95           1.30 f        -0.34  (VIOLATED)
   if_stage_inst/btb_inst/btb_reg[14][TARGET][5]/D
                                0.97           1.31 r        -0.34  (VIOLATED)
   ex_stage_inst/mult_pp_inst/tree_i/layer_4_r_reg[1][16]/D
                                0.96           1.30 f        -0.34  (VIOLATED)
   if_stage_inst/btb_inst/btb_reg[9][TARGET][30]/D
                                0.95           1.30 f        -0.34  (VIOLATED)
   if_stage_inst/pc_plus4_reg/reg_data_reg[29]/D
                                0.97           1.31 r        -0.34  (VIOLATED)
   if_stage_inst/btb_inst/btb_reg[7][TARGET][5]/D
                                0.97           1.31 r        -0.34  (VIOLATED)
   if_stage_inst/btb_inst/btb_reg[7][TARGET][30]/D
                                0.95           1.30 f        -0.34  (VIOLATED)
   if_stage_inst/btb_inst/btb_reg[8][TARGET][30]/D
                                0.95           1.30 f        -0.34  (VIOLATED)
   if_stage_inst/btb_inst/btb_reg[1][TARGET][30]/D
                                0.96           1.30 f        -0.34  (VIOLATED)
   if_stage_inst/btb_inst/btb_reg[14][TARGET][30]/D
                                0.96           1.30 f        -0.34  (VIOLATED)
   if_stage_inst/btb_inst/btb_reg[6][TARGET][30]/D
                                0.96           1.30 f        -0.34  (VIOLATED)
   R_1557/D                     0.96           1.30 f        -0.34  (VIOLATED)
   if_stage_inst/btb_inst/btb_reg[5][TARGET][30]/D
                                0.96           1.30 f        -0.34  (VIOLATED)
   if_stage_inst/btb_inst/btb_reg[15][TARGET][30]/D
                                0.96           1.30 f        -0.34  (VIOLATED)
   if_stage_inst/btb_inst/btb_reg[4][TARGET][30]/D
                                0.96           1.30 f        -0.34  (VIOLATED)
   if_stage_inst/btb_inst/btb_reg[10][TARGET][30]/D
                                0.96           1.30 f        -0.34  (VIOLATED)
   if_stage_inst/btb_inst/btb_reg[3][TARGET][30]/D
                                0.96           1.30 f        -0.34  (VIOLATED)
   if_stage_inst/btb_inst/btb_reg[12][TARGET][30]/D
                                0.96           1.30 f        -0.34  (VIOLATED)
   if_stage_inst/btb_inst/btb_reg[0][TARGET][30]/D
                                0.96           1.30 f        -0.34  (VIOLATED)
   if_stage_inst/btb_inst/btb_reg[2][TARGET][30]/D
                                0.96           1.30 f        -0.34  (VIOLATED)
   ex_stage_inst/mult_pp_inst/tree_i/layer_4_r_reg[1][10]/D
                                0.97           1.31 r        -0.34  (VIOLATED)
   R_1462/D                     0.97           1.31 r        -0.34  (VIOLATED)
   R_1473/D                     0.97           1.30 r        -0.34  (VIOLATED)
   ex_stage_inst/mult_pp_inst/tree_i/layer_4_r_reg[1][15]/D
                                0.96           1.30 f        -0.34  (VIOLATED)
   R_1562/D                     0.96           1.30 f        -0.34  (VIOLATED)
   ex_stage_inst/mult_pp_inst/tree_i/layer_4_r_reg[1][17]/D
                                0.97           1.31 r        -0.34  (VIOLATED)
   if_stage_inst/btb_inst/btb_reg[13][TARGET][27]/D
                                0.96           1.30 r        -0.34  (VIOLATED)
   if_stage_inst/btb_inst/btb_reg[1][TARGET][27]/D
                                0.97           1.30 r        -0.33  (VIOLATED)
   if_stage_inst/btb_inst/btb_reg[9][TARGET][29]/D
                                0.95           1.29 f        -0.33  (VIOLATED)
   if_stage_inst/pc_plus4_reg/reg_data_reg[30]/D
                                0.96           1.29 f        -0.33  (VIOLATED)
   if_stage_inst/btb_inst/btb_reg[6][TARGET][27]/D
                                0.96           1.30 r        -0.33  (VIOLATED)
   if_stage_inst/btb_inst/btb_reg[9][TARGET][27]/D
                                0.96           1.30 r        -0.33  (VIOLATED)
   if_stage_inst/btb_inst/btb_reg[13][TARGET][29]/D
                                0.95           1.29 f        -0.33  (VIOLATED)
   if_stage_inst/btb_inst/btb_reg[2][TARGET][27]/D
                                0.97           1.30 r        -0.33  (VIOLATED)
   if_stage_inst/btb_inst/btb_reg[8][TARGET][27]/D
                                0.96           1.30 r        -0.33  (VIOLATED)
   if_stage_inst/btb_inst/btb_reg[7][TARGET][27]/D
                                0.96           1.30 r        -0.33  (VIOLATED)
   R_1567/D                     0.96           1.29 f        -0.33  (VIOLATED)
   if_stage_inst/btb_inst/btb_reg[7][TARGET][29]/D
                                0.95           1.29 f        -0.33  (VIOLATED)
   if_stage_inst/btb_inst/btb_reg[10][TARGET][27]/D
                                0.96           1.30 r        -0.33  (VIOLATED)
   if_stage_inst/btb_inst/btb_reg[11][TARGET][27]/D
                                0.97           1.30 r        -0.33  (VIOLATED)
   if_stage_inst/btb_inst/btb_reg[6][TARGET][29]/D
                                0.95           1.29 f        -0.33  (VIOLATED)
   if_stage_inst/btb_inst/btb_reg[1][TARGET][29]/D
                                0.96           1.29 f        -0.33  (VIOLATED)
   if_stage_inst/btb_inst/btb_reg[8][TARGET][29]/D
                                0.95           1.29 f        -0.33  (VIOLATED)
   ex_stage_inst/mult_pp_inst/tree_i/layer_4_r_reg[0][9]/D
                                0.95           1.28 f        -0.33  (VIOLATED)
   if_stage_inst/btb_inst/btb_reg[0][TARGET][27]/D
                                0.97           1.30 r        -0.33  (VIOLATED)
   if_stage_inst/btb_inst/btb_reg[14][TARGET][27]/D
                                0.97           1.30 r        -0.33  (VIOLATED)
   if_stage_inst/btb_inst/btb_reg[14][TARGET][29]/D
                                0.96           1.29 f        -0.33  (VIOLATED)
   if_stage_inst/btb_inst/btb_reg[4][TARGET][27]/D
                                0.97           1.30 r        -0.33  (VIOLATED)
   if_stage_inst/btb_inst/btb_reg[5][TARGET][27]/D
                                0.97           1.30 r        -0.33  (VIOLATED)
   if_stage_inst/btb_inst/btb_reg[11][TARGET][29]/D
                                0.96           1.29 f        -0.33  (VIOLATED)
   if_stage_inst/btb_inst/btb_reg[10][TARGET][29]/D
                                0.96           1.29 f        -0.33  (VIOLATED)
   if_stage_inst/btb_inst/btb_reg[5][TARGET][29]/D
                                0.96           1.29 f        -0.33  (VIOLATED)
   if_stage_inst/btb_inst/btb_reg[4][TARGET][29]/D
                                0.96           1.29 f        -0.33  (VIOLATED)
   if_stage_inst/btb_inst/btb_reg[0][TARGET][29]/D
                                0.96           1.29 f        -0.33  (VIOLATED)
   if_stage_inst/btb_inst/btb_reg[2][TARGET][29]/D
                                0.96           1.29 f        -0.33  (VIOLATED)
   ex_stage_inst/mult_pp_inst/tree_i/layer_4_r_reg[2][30]/D
                                0.97           1.30 r        -0.33  (VIOLATED)
   if_stage_inst/btb_inst/btb_reg[13][TARGET][31]/D
                                0.96           1.29 r        -0.33  (VIOLATED)
   if_stage_inst/btb_inst/btb_reg[9][TARGET][31]/D
                                0.96           1.29 r        -0.33  (VIOLATED)
   ex_stage_inst/mult_pp_inst/tree_i/layer_4_r_reg[1][12]/D
                                0.96           1.29 f        -0.33  (VIOLATED)
   R_1468/D                     0.97           1.29 r        -0.33  (VIOLATED)
   if_stage_inst/btb_inst/R_1428/D
                                0.97           1.30 r        -0.33  (VIOLATED)
   if_stage_inst/btb_inst/btb_reg[15][TARGET][5]/D
                                0.97           1.30 r        -0.33  (VIOLATED)
   if_stage_inst/btb_inst/btb_reg[3][TARGET][5]/D
                                0.97           1.30 r        -0.33  (VIOLATED)
   if_stage_inst/btb_inst/btb_reg[1][TARGET][31]/D
                                0.97           1.29 r        -0.33  (VIOLATED)
   if_stage_inst/btb_inst/btb_reg[2][TARGET][31]/D
                                0.97           1.29 r        -0.33  (VIOLATED)
   if_stage_inst/btb_inst/btb_reg[12][TARGET][5]/D
                                0.97           1.30 r        -0.33  (VIOLATED)
   if_stage_inst/btb_inst/btb_reg[8][TARGET][31]/D
                                0.97           1.29 r        -0.33  (VIOLATED)
   ex_stage_inst/mult_pp_inst/tree_i/layer_4_r_reg[2][29]/D
                                0.96           1.29 f        -0.33  (VIOLATED)
   if_stage_inst/btb_inst/btb_reg[15][TARGET][29]/D
                                0.96           1.29 f        -0.33  (VIOLATED)
   if_stage_inst/btb_inst/btb_reg[12][TARGET][29]/D
                                0.96           1.29 f        -0.33  (VIOLATED)
   if_stage_inst/btb_inst/btb_reg[3][TARGET][29]/D
                                0.96           1.29 f        -0.33  (VIOLATED)
   if_stage_inst/btb_inst/btb_reg[11][TARGET][31]/D
                                0.96           1.29 r        -0.33  (VIOLATED)
   if_stage_inst/btb_inst/btb_reg[6][TARGET][31]/D
                                0.97           1.29 r        -0.33  (VIOLATED)
   if_stage_inst/btb_inst/btb_reg[7][TARGET][31]/D
                                0.97           1.29 r        -0.33  (VIOLATED)
   if_stage_inst/btb_inst/btb_reg[10][TARGET][31]/D
                                0.97           1.29 r        -0.33  (VIOLATED)
   if_stage_inst/btb_inst/btb_reg[0][TARGET][31]/D
                                0.97           1.29 r        -0.33  (VIOLATED)
   if_stage_inst/btb_inst/btb_reg[4][TARGET][31]/D
                                0.97           1.29 r        -0.33  (VIOLATED)
   if_stage_inst/btb_inst/btb_reg[5][TARGET][31]/D
                                0.97           1.29 r        -0.33  (VIOLATED)
   if_stage_inst/btb_inst/btb_reg[14][TARGET][31]/D
                                0.97           1.29 r        -0.32  (VIOLATED)
   ex_stage_inst/mult_pp_inst/tree_i/layer_4_r_reg[1][31]/D
                                0.96           1.28 f        -0.32  (VIOLATED)
   ex_stage_inst/mult_pp_inst/tree_i/layer_4_r_reg[0][8]/D
                                0.96           1.28 f        -0.32  (VIOLATED)
   R_1570/D                     0.96           1.28 f        -0.32  (VIOLATED)
   if_stage_inst/btb_inst/btb_reg[13][TARGET][28]/D
                                0.96           1.29 r        -0.32  (VIOLATED)
   if_stage_inst/btb_inst/btb_reg[9][TARGET][28]/D
                                0.96           1.29 r        -0.32  (VIOLATED)
   R_1574/D                     0.96           1.28 f        -0.32  (VIOLATED)
   ex_stage_inst/mult_pp_inst/tree_i/layer_4_r_reg[0][17]/D
                                0.97           1.29 r        -0.32  (VIOLATED)
   R_1541/D                     0.96           1.28 f        -0.32  (VIOLATED)
   if_stage_inst/btb_inst/btb_reg[1][TARGET][28]/D
                                0.97           1.29 r        -0.32  (VIOLATED)
   if_stage_inst/btb_inst/btb_reg[6][TARGET][28]/D
                                0.97           1.29 r        -0.32  (VIOLATED)
   ex_stage_inst/mult_pp_inst/tree_i/layer_4_r_reg[3][30]/D
                                0.96           1.28 f        -0.32  (VIOLATED)
   if_stage_inst/btb_inst/btb_reg[2][TARGET][28]/D
                                0.97           1.29 r        -0.32  (VIOLATED)
   if_stage_inst/btb_inst/btb_reg[8][TARGET][28]/D
                                0.96           1.29 r        -0.32  (VIOLATED)
   if_stage_inst/btb_inst/btb_reg[7][TARGET][28]/D
                                0.96           1.29 r        -0.32  (VIOLATED)
   R_1572/D                     0.96           1.28 f        -0.32  (VIOLATED)
   ex_stage_inst/mult_pp_inst/tree_i/layer_4_r_reg[2][28]/D
                                0.97           1.29 r        -0.32  (VIOLATED)
   if_stage_inst/btb_inst/btb_reg[13][TARGET][23]/D
                                0.95           1.27 f        -0.32  (VIOLATED)
   if_stage_inst/btb_inst/btb_reg[11][TARGET][28]/D
                                0.96           1.29 r        -0.32  (VIOLATED)
   if_stage_inst/btb_inst/btb_reg[9][TARGET][23]/D
                                0.95           1.27 f        -0.32  (VIOLATED)
   if_stage_inst/btb_inst/btb_reg[5][TARGET][28]/D
                                0.97           1.29 r        -0.32  (VIOLATED)
   R_493/D                      0.97           1.29 r        -0.32  (VIOLATED)
   if_stage_inst/btb_inst/btb_reg[0][TARGET][28]/D
                                0.97           1.29 r        -0.32  (VIOLATED)
   if_stage_inst/btb_inst/btb_reg[10][TARGET][28]/D
                                0.97           1.29 r        -0.32  (VIOLATED)
   if_stage_inst/btb_inst/btb_reg[14][TARGET][28]/D
                                0.97           1.28 r        -0.32  (VIOLATED)
   if_stage_inst/btb_inst/btb_reg[7][TARGET][23]/D
                                0.95           1.27 f        -0.32  (VIOLATED)
   if_stage_inst/btb_inst/btb_reg[4][TARGET][28]/D
                                0.97           1.28 r        -0.32  (VIOLATED)
   if_stage_inst/btb_inst/btb_reg[15][TARGET][31]/D
                                0.96           1.28 f        -0.32  (VIOLATED)
   ex_stage_inst/mult_pp_inst/tree_i/layer_4_r_reg[3][31]/D
                                0.97           1.29 r        -0.32  (VIOLATED)
   if_stage_inst/btb_inst/btb_reg[3][TARGET][31]/D
                                0.96           1.28 f        -0.32  (VIOLATED)
   if_stage_inst/btb_inst/btb_reg[12][TARGET][31]/D
                                0.96           1.28 f        -0.32  (VIOLATED)
   if_stage_inst/btb_inst/btb_reg[1][TARGET][23]/D
                                0.96           1.27 f        -0.32  (VIOLATED)
   if_stage_inst/btb_inst/btb_reg[8][TARGET][23]/D
                                0.95           1.27 f        -0.32  (VIOLATED)
   if_stage_inst/btb_inst/btb_reg[14][TARGET][23]/D
                                0.96           1.27 f        -0.32  (VIOLATED)
   R_473/D                      0.96           1.28 f        -0.32  (VIOLATED)
   if_stage_inst/btb_inst/btb_reg[13][TARGET][25]/D
                                0.96           1.28 r        -0.32  (VIOLATED)
   ex_stage_inst/mult_pp_inst/tree_i/layer_4_r_reg[3][25]/D
                                0.96           1.28 f        -0.32  (VIOLATED)
   if_stage_inst/btb_inst/btb_reg[11][TARGET][23]/D
                                0.96           1.27 f        -0.32  (VIOLATED)
   if_stage_inst/btb_inst/btb_reg[5][TARGET][23]/D
                                0.96           1.27 f        -0.32  (VIOLATED)
   if_stage_inst/btb_inst/btb_reg[9][TARGET][25]/D
                                0.96           1.28 r        -0.32  (VIOLATED)
   if_stage_inst/btb_inst/btb_reg[1][TARGET][25]/D
                                0.97           1.28 r        -0.32  (VIOLATED)
   if_stage_inst/btb_inst/btb_reg[4][TARGET][23]/D
                                0.96           1.27 f        -0.32  (VIOLATED)
   if_stage_inst/btb_inst/btb_reg[10][TARGET][23]/D
                                0.96           1.27 f        -0.32  (VIOLATED)
   if_stage_inst/btb_inst/btb_reg[0][TARGET][23]/D
                                0.96           1.27 f        -0.32  (VIOLATED)
   if_stage_inst/btb_inst/btb_reg[6][TARGET][23]/D
                                0.96           1.27 f        -0.32  (VIOLATED)
   ex_stage_inst/mult_pp_inst/tree_i/layer_4_r_reg[1][11]/D
                                0.97           1.29 r        -0.32  (VIOLATED)
   if_stage_inst/btb_inst/btb_reg[2][TARGET][23]/D
                                0.96           1.27 f        -0.32  (VIOLATED)
   if_stage_inst/btb_inst/btb_reg[6][TARGET][25]/D
                                0.97           1.28 r        -0.32  (VIOLATED)
   ex_stage_inst/mult_pp_inst/tree_i/layer_4_r_reg[3][28]/D
                                0.95           1.27 f        -0.32  (VIOLATED)
   if_stage_inst/btb_inst/btb_reg[2][TARGET][25]/D
                                0.97           1.28 r        -0.32  (VIOLATED)
   if_stage_inst/btb_inst/btb_reg[8][TARGET][25]/D
                                0.96           1.28 r        -0.32  (VIOLATED)
   if_stage_inst/btb_inst/btb_reg[11][TARGET][25]/D
                                0.96           1.28 r        -0.32  (VIOLATED)
   if_stage_inst/btb_inst/btb_reg[7][TARGET][25]/D
                                0.96           1.28 r        -0.32  (VIOLATED)
   if_stage_inst/btb_inst/btb_reg[10][TARGET][25]/D
                                0.96           1.28 r        -0.32  (VIOLATED)
   if_stage_inst/btb_inst/btb_reg[5][TARGET][25]/D
                                0.97           1.28 r        -0.32  (VIOLATED)
   if_stage_inst/btb_inst/btb_reg[0][TARGET][25]/D
                                0.97           1.28 r        -0.31  (VIOLATED)
   if_stage_inst/btb_inst/btb_reg[14][TARGET][25]/D
                                0.97           1.28 r        -0.31  (VIOLATED)
   ex_stage_inst/mult_pp_inst/tree_i/layer_4_r_reg[2][27]/D
                                0.96           1.27 f        -0.31  (VIOLATED)
   if_stage_inst/btb_inst/btb_reg[15][TARGET][27]/D
                                0.97           1.28 r        -0.31  (VIOLATED)
   if_stage_inst/btb_inst/btb_reg[3][TARGET][27]/D
                                0.97           1.28 r        -0.31  (VIOLATED)
   if_stage_inst/btb_inst/btb_reg[4][TARGET][25]/D
                                0.97           1.28 r        -0.31  (VIOLATED)
   if_stage_inst/btb_inst/btb_reg[15][TARGET][23]/D
                                0.96           1.27 f        -0.31  (VIOLATED)
   if_stage_inst/btb_inst/btb_reg[3][TARGET][23]/D
                                0.96           1.27 f        -0.31  (VIOLATED)
   if_stage_inst/btb_inst/btb_reg[12][TARGET][27]/D
                                0.97           1.28 r        -0.31  (VIOLATED)
   if_stage_inst/btb_inst/btb_reg[12][TARGET][23]/D
                                0.96           1.27 f        -0.31  (VIOLATED)
   ex_stage_inst/mult_pp_inst/tree_i/layer_4_r_reg[1][8]/D
                                0.96           1.27 f        -0.31  (VIOLATED)
   if_stage_inst/btb_inst/btb_reg[11][TARGET][24]/D
                                0.96           1.28 r        -0.31  (VIOLATED)
   if_stage_inst/btb_inst/btb_reg[13][TARGET][24]/D
                                0.96           1.28 r        -0.31  (VIOLATED)
   if_stage_inst/btb_inst/btb_reg[9][TARGET][24]/D
                                0.96           1.28 r        -0.31  (VIOLATED)
   if_stage_inst/btb_inst/btb_reg[10][TARGET][24]/D
                                0.96           1.28 r        -0.31  (VIOLATED)
   if_stage_inst/btb_inst/btb_reg[8][TARGET][24]/D
                                0.96           1.28 r        -0.31  (VIOLATED)
   if_stage_inst/btb_inst/btb_reg[7][TARGET][24]/D
                                0.96           1.28 r        -0.31  (VIOLATED)
   if_stage_inst/btb_inst/btb_reg[14][TARGET][24]/D
                                0.97           1.28 r        -0.31  (VIOLATED)
   if_stage_inst/btb_inst/btb_reg[1][TARGET][24]/D
                                0.97           1.28 r        -0.31  (VIOLATED)
   if_stage_inst/btb_inst/btb_reg[0][TARGET][24]/D
                                0.97           1.28 r        -0.31  (VIOLATED)
   if_stage_inst/btb_inst/btb_reg[4][TARGET][24]/D
                                0.97           1.28 r        -0.31  (VIOLATED)
   if_stage_inst/btb_inst/btb_reg[5][TARGET][24]/D
                                0.97           1.28 r        -0.31  (VIOLATED)
   if_stage_inst/btb_inst/btb_reg[2][TARGET][24]/D
                                0.97           1.28 r        -0.31  (VIOLATED)
   if_stage_inst/btb_inst/btb_reg[6][TARGET][24]/D
                                0.97           1.28 r        -0.31  (VIOLATED)
   ex_stage_inst/mult_pp_inst/tree_i/layer_4_r_reg[0][7]/D
                                0.97           1.28 r        -0.31  (VIOLATED)
   ex_stage_inst/mult_pp_inst/tree_i/layer_4_r_reg[1][9]/D
                                0.96           1.27 f        -0.31  (VIOLATED)
   ex_stage_inst/mult_pp_inst/tree_i/layer_4_r_reg[2][20]/D
                                0.95           1.26 f        -0.31  (VIOLATED)
   if_stage_inst/btb_inst/btb_reg[1][TARGET][12]/D
                                0.96           1.27 r        -0.30  (VIOLATED)
   if_stage_inst/btb_inst/btb_reg[13][TARGET][12]/D
                                0.96           1.27 r        -0.30  (VIOLATED)
   if_stage_inst/btb_inst/btb_reg[11][TARGET][12]/D
                                0.97           1.27 r        -0.30  (VIOLATED)
   if_stage_inst/btb_inst/btb_reg[9][TARGET][12]/D
                                0.96           1.27 r        -0.30  (VIOLATED)
   if_stage_inst/btb_inst/btb_reg[15][TARGET][28]/D
                                0.97           1.27 r        -0.30  (VIOLATED)
   R_1211/D                     0.96           1.26 f        -0.30  (VIOLATED)
   if_stage_inst/btb_inst/btb_reg[3][TARGET][28]/D
                                0.97           1.27 r        -0.30  (VIOLATED)
   if_stage_inst/btb_inst/btb_reg[12][TARGET][28]/D
                                0.97           1.27 r        -0.30  (VIOLATED)
   if_stage_inst/btb_inst/btb_reg[8][TARGET][12]/D
                                0.96           1.27 r        -0.30  (VIOLATED)
   if_stage_inst/btb_inst/btb_reg[14][TARGET][12]/D
                                0.97           1.27 r        -0.30  (VIOLATED)
   if_stage_inst/btb_inst/btb_reg[13][TARGET][16]/D
                                0.96           1.27 r        -0.30  (VIOLATED)
   if_stage_inst/btb_inst/btb_reg[6][TARGET][12]/D
                                0.97           1.27 r        -0.30  (VIOLATED)
   if_stage_inst/btb_inst/btb_reg[10][TARGET][12]/D
                                0.96           1.27 r        -0.30  (VIOLATED)
   if_stage_inst/btb_inst/btb_reg[1][TARGET][16]/D
                                0.96           1.27 r        -0.30  (VIOLATED)
   if_stage_inst/btb_inst/btb_reg[9][TARGET][16]/D
                                0.96           1.27 r        -0.30  (VIOLATED)
   if_stage_inst/btb_inst/btb_reg[5][TARGET][12]/D
                                0.97           1.27 r        -0.30  (VIOLATED)
   if_stage_inst/btb_inst/btb_reg[7][TARGET][12]/D
                                0.97           1.27 r        -0.30  (VIOLATED)
   if_stage_inst/btb_inst/btb_reg[0][TARGET][12]/D
                                0.97           1.27 r        -0.30  (VIOLATED)
   if_stage_inst/btb_inst/btb_reg[4][TARGET][12]/D
                                0.97           1.27 r        -0.30  (VIOLATED)
   ex_stage_inst/mult_pp_inst/tree_i/layer_4_r_reg[3][21]/D
                                0.97           1.27 r        -0.30  (VIOLATED)
   if_stage_inst/btb_inst/btb_reg[2][TARGET][12]/D
                                0.97           1.27 r        -0.30  (VIOLATED)
   if_stage_inst/btb_inst/btb_reg[9][TARGET][26]/D
                                0.95           1.25 f        -0.30  (VIOLATED)
   if_stage_inst/btb_inst/btb_reg[10][TARGET][16]/D
                                0.97           1.27 r        -0.30  (VIOLATED)
   if_stage_inst/btb_inst/btb_reg[8][TARGET][16]/D
                                0.97           1.26 r        -0.30  (VIOLATED)
   if_stage_inst/btb_inst/btb_reg[6][TARGET][16]/D
                                0.96           1.26 r        -0.30  (VIOLATED)
   if_stage_inst/btb_inst/btb_reg[13][TARGET][26]/D
                                0.95           1.25 f        -0.30  (VIOLATED)
   if_stage_inst/btb_inst/btb_reg[7][TARGET][16]/D
                                0.97           1.26 r        -0.30  (VIOLATED)
   if_stage_inst/btb_inst/btb_reg[11][TARGET][16]/D
                                0.97           1.26 r        -0.30  (VIOLATED)
   if_stage_inst/btb_inst/btb_reg[5][TARGET][16]/D
                                0.97           1.26 r        -0.30  (VIOLATED)
   if_stage_inst/btb_inst/btb_reg[10][TARGET][26]/D
                                0.95           1.25 f        -0.30  (VIOLATED)
   if_stage_inst/btb_inst/btb_reg[15][TARGET][25]/D
                                0.97           1.27 r        -0.30  (VIOLATED)
   if_stage_inst/btb_inst/btb_reg[14][TARGET][16]/D
                                0.97           1.26 r        -0.30  (VIOLATED)
   if_stage_inst/btb_inst/btb_reg[0][TARGET][16]/D
                                0.97           1.26 r        -0.30  (VIOLATED)
   if_stage_inst/btb_inst/btb_reg[3][TARGET][25]/D
                                0.97           1.27 r        -0.30  (VIOLATED)
   if_stage_inst/btb_inst/btb_reg[7][TARGET][26]/D
                                0.95           1.25 f        -0.30  (VIOLATED)
   if_stage_inst/btb_inst/btb_reg[4][TARGET][16]/D
                                0.97           1.26 r        -0.30  (VIOLATED)
   if_stage_inst/btb_inst/btb_reg[12][TARGET][25]/D
                                0.97           1.27 r        -0.30  (VIOLATED)
   if_stage_inst/btb_inst/btb_reg[2][TARGET][16]/D
                                0.97           1.26 r        -0.30  (VIOLATED)
   if_stage_inst/btb_inst/btb_reg[1][TARGET][26]/D
                                0.96           1.25 f        -0.30  (VIOLATED)
   if_stage_inst/btb_inst/btb_reg[6][TARGET][26]/D
                                0.95           1.25 f        -0.30  (VIOLATED)
   if_stage_inst/btb_inst/btb_reg[8][TARGET][26]/D
                                0.95           1.25 f        -0.30  (VIOLATED)
   if_stage_inst/btb_inst/btb_reg[14][TARGET][26]/D
                                0.96           1.25 f        -0.30  (VIOLATED)
   if_stage_inst/btb_inst/btb_reg[11][TARGET][26]/D
                                0.96           1.25 f        -0.30  (VIOLATED)
   if_stage_inst/btb_inst/btb_reg[5][TARGET][26]/D
                                0.96           1.25 f        -0.30  (VIOLATED)
   if_stage_inst/btb_inst/btb_reg[4][TARGET][26]/D
                                0.96           1.25 f        -0.30  (VIOLATED)
   if_stage_inst/btb_inst/btb_reg[0][TARGET][26]/D
                                0.96           1.25 f        -0.30  (VIOLATED)
   if_stage_inst/btb_inst/btb_reg[2][TARGET][26]/D
                                0.96           1.25 f        -0.30  (VIOLATED)
   if_stage_inst/btb_inst/R_987/D
                                0.97           1.26 r        -0.29  (VIOLATED)
   if_stage_inst/btb_inst/R_986/D
                                0.97           1.26 r        -0.29  (VIOLATED)
   R_1237/D                     0.97           1.26 r        -0.29  (VIOLATED)
   if_stage_inst/btb_inst/btb_reg[9][TARGET][4]/D
                                0.96           1.26 r        -0.29  (VIOLATED)
   if_stage_inst/btb_inst/btb_reg[15][TARGET][24]/D
                                0.97           1.26 r        -0.29  (VIOLATED)
   if_stage_inst/btb_inst/btb_reg[3][TARGET][24]/D
                                0.97           1.26 r        -0.29  (VIOLATED)
   if_stage_inst/btb_inst/btb_reg[12][TARGET][24]/D
                                0.97           1.26 r        -0.29  (VIOLATED)
   if_stage_inst/btb_inst/btb_reg[13][TARGET][15]/D
                                0.96           1.26 r        -0.29  (VIOLATED)
   if_stage_inst/btb_inst/btb_reg[15][TARGET][26]/D
                                0.96           1.25 f        -0.29  (VIOLATED)
   if_stage_inst/btb_inst/btb_reg[11][TARGET][4]/D
                                0.96           1.26 r        -0.29  (VIOLATED)
   if_stage_inst/btb_inst/btb_reg[12][TARGET][26]/D
                                0.96           1.25 f        -0.29  (VIOLATED)
   if_stage_inst/btb_inst/btb_reg[1][TARGET][15]/D
                                0.96           1.26 r        -0.29  (VIOLATED)
   if_stage_inst/btb_inst/btb_reg[1][TARGET][13]/D
                                0.95           1.24 f        -0.29  (VIOLATED)
   if_stage_inst/btb_inst/btb_reg[13][TARGET][4]/D
                                0.96           1.26 r        -0.29  (VIOLATED)
   if_stage_inst/btb_inst/btb_reg[9][TARGET][15]/D
                                0.96           1.26 r        -0.29  (VIOLATED)
   if_stage_inst/btb_inst/btb_reg[1][TARGET][4]/D
                                0.97           1.26 r        -0.29  (VIOLATED)
   if_stage_inst/btb_inst/btb_reg[13][TARGET][13]/D
                                0.95           1.24 f        -0.29  (VIOLATED)
   if_stage_inst/btb_inst/btb_reg[11][TARGET][13]/D
                                0.95           1.24 f        -0.29  (VIOLATED)
   if_stage_inst/btb_inst/btb_reg[9][TARGET][20]/D
                                0.95           1.24 f        -0.29  (VIOLATED)
   if_stage_inst/btb_inst/btb_reg[3][TARGET][26]/D
                                0.96           1.25 f        -0.29  (VIOLATED)
   if_stage_inst/btb_inst/btb_reg[10][TARGET][15]/D
                                0.97           1.26 r        -0.29  (VIOLATED)
   if_stage_inst/btb_inst/btb_reg[2][TARGET][15]/D
                                0.97           1.26 r        -0.29  (VIOLATED)
   if_stage_inst/btb_inst/btb_reg[9][TARGET][13]/D
                                0.95           1.24 f        -0.29  (VIOLATED)
   if_stage_inst/btb_inst/btb_reg[10][TARGET][4]/D
                                0.96           1.26 r        -0.29  (VIOLATED)
   if_stage_inst/btb_inst/btb_reg[8][TARGET][15]/D
                                0.96           1.26 r        -0.29  (VIOLATED)
   if_stage_inst/btb_inst/btb_reg[10][TARGET][13]/D
                                0.95           1.24 f        -0.29  (VIOLATED)
   if_stage_inst/btb_inst/btb_reg[14][TARGET][15]/D
                                0.97           1.26 r        -0.29  (VIOLATED)
   if_stage_inst/btb_inst/btb_reg[11][TARGET][15]/D
                                0.96           1.25 r        -0.29  (VIOLATED)
   if_stage_inst/btb_inst/btb_reg[7][TARGET][15]/D
                                0.97           1.26 r        -0.29  (VIOLATED)
   if_stage_inst/btb_inst/btb_reg[7][TARGET][13]/D
                                0.95           1.24 f        -0.29  (VIOLATED)
   R_1235/D                     0.96           1.25 f        -0.29  (VIOLATED)
   if_stage_inst/btb_inst/btb_reg[6][TARGET][15]/D
                                0.97           1.26 r        -0.29  (VIOLATED)
   if_stage_inst/btb_inst/btb_reg[8][TARGET][4]/D
                                0.97           1.25 r        -0.29  (VIOLATED)
   if_stage_inst/btb_inst/btb_reg[5][TARGET][15]/D
                                0.97           1.25 r        -0.29  (VIOLATED)
   if_stage_inst/btb_inst/btb_reg[7][TARGET][4]/D
                                0.97           1.26 r        -0.29  (VIOLATED)
   if_stage_inst/btb_inst/btb_reg[7][TARGET][20]/D
                                0.95           1.24 f        -0.29  (VIOLATED)
   if_stage_inst/btb_inst/btb_reg[6][TARGET][4]/D
                                0.97           1.25 r        -0.29  (VIOLATED)
   if_stage_inst/btb_inst/btb_reg[0][TARGET][15]/D
                                0.97           1.25 r        -0.29  (VIOLATED)
   if_stage_inst/btb_inst/btb_reg[8][TARGET][20]/D
                                0.95           1.24 f        -0.29  (VIOLATED)
   if_stage_inst/btb_inst/btb_reg[5][TARGET][13]/D
                                0.96           1.24 f        -0.29  (VIOLATED)
   if_stage_inst/btb_inst/btb_reg[4][TARGET][15]/D
                                0.97           1.25 r        -0.29  (VIOLATED)
   if_stage_inst/btb_inst/btb_reg[0][TARGET][13]/D
                                0.96           1.24 f        -0.29  (VIOLATED)
   if_stage_inst/btb_inst/btb_reg[4][TARGET][13]/D
                                0.96           1.24 f        -0.29  (VIOLATED)
   if_stage_inst/btb_inst/btb_reg[1][TARGET][20]/D
                                0.96           1.24 f        -0.29  (VIOLATED)
   if_stage_inst/btb_inst/btb_reg[14][TARGET][20]/D
                                0.96           1.24 f        -0.29  (VIOLATED)
   if_stage_inst/btb_inst/btb_reg[0][TARGET][4]/D
                                0.97           1.25 r        -0.29  (VIOLATED)
   if_stage_inst/btb_inst/btb_reg[6][TARGET][13]/D
                                0.96           1.24 f        -0.29  (VIOLATED)
   if_stage_inst/btb_inst/btb_reg[5][TARGET][4]/D
                                0.97           1.25 r        -0.29  (VIOLATED)
   if_stage_inst/btb_inst/btb_reg[4][TARGET][4]/D
                                0.97           1.25 r        -0.29  (VIOLATED)
   if_stage_inst/btb_inst/btb_reg[14][TARGET][4]/D
                                0.97           1.25 r        -0.29  (VIOLATED)
   if_stage_inst/btb_inst/btb_reg[2][TARGET][13]/D
                                0.96           1.24 f        -0.29  (VIOLATED)
   if_stage_inst/btb_inst/btb_reg[2][TARGET][4]/D
                                0.97           1.25 r        -0.29  (VIOLATED)
   if_stage_inst/btb_inst/btb_reg[11][TARGET][20]/D
                                0.96           1.24 f        -0.29  (VIOLATED)
   if_stage_inst/btb_inst/btb_reg[13][TARGET][21]/D
                                0.95           1.24 f        -0.29  (VIOLATED)
   if_stage_inst/btb_inst/btb_reg[5][TARGET][20]/D
                                0.96           1.24 f        -0.29  (VIOLATED)
   ex_stage_inst/result_reg/reg_data_reg[0]/D
                                0.97           1.26 r        -0.29  (VIOLATED)
   if_stage_inst/btb_inst/btb_reg[0][TARGET][20]/D
                                0.96           1.24 f        -0.29  (VIOLATED)
   if_stage_inst/btb_inst/btb_reg[6][TARGET][20]/D
                                0.97           1.25 r        -0.29  (VIOLATED)
   if_stage_inst/btb_inst/btb_reg[9][TARGET][21]/D
                                0.95           1.24 f        -0.29  (VIOLATED)
   if_stage_inst/btb_inst/btb_reg[13][TARGET][20]/D
                                0.95           1.24 f        -0.29  (VIOLATED)
   if_stage_inst/btb_inst/btb_reg[13][TARGET][22]/D
                                0.96           1.25 r        -0.29  (VIOLATED)
   if_stage_inst/btb_inst/btb_reg[9][TARGET][22]/D
                                0.96           1.25 r        -0.29  (VIOLATED)
   if_stage_inst/btb_inst/btb_reg[11][TAG][17]/D
                                0.96           1.25 r        -0.29  (VIOLATED)
   if_stage_inst/btb_inst/btb_reg[11][TAG][18]/D
                                0.96           1.25 r        -0.29  (VIOLATED)
   if_stage_inst/btb_inst/btb_reg[11][TARGET][8]/D
                                0.96           1.25 r        -0.29  (VIOLATED)
   if_stage_inst/btb_inst/btb_reg[1][TARGET][22]/D
                                0.97           1.25 r        -0.29  (VIOLATED)
   if_stage_inst/btb_inst/btb_reg[2][TARGET][20]/D
                                0.96           1.24 f        -0.29  (VIOLATED)
   if_stage_inst/btb_inst/btb_reg[9][TARGET][2]/D
                                0.96           1.25 r        -0.29  (VIOLATED)
   if_stage_inst/btb_inst/btb_reg[7][TARGET][21]/D
                                0.95           1.24 f        -0.29  (VIOLATED)
   if_stage_inst/btb_inst/btb_reg[8][TARGET][13]/D
                                0.95           1.24 f        -0.29  (VIOLATED)
   if_stage_inst/btb_inst/btb_reg[11][TARGET][11]/D
                                0.97           1.25 r        -0.29  (VIOLATED)
   if_stage_inst/btb_inst/btb_reg[11][TAG][5]/D
                                0.97           1.25 r        -0.29  (VIOLATED)
   if_stage_inst/btb_inst/btb_reg[11][TAG][13]/D
                                0.97           1.25 r        -0.29  (VIOLATED)
   if_stage_inst/btb_inst/btb_reg[11][TAG][20]/D
                                0.97           1.25 r        -0.29  (VIOLATED)
   if_stage_inst/btb_inst/btb_reg[11][TAG][22]/D
                                0.97           1.25 r        -0.29  (VIOLATED)
   if_stage_inst/btb_inst/btb_reg[11][TARGET][2]/D
                                0.97           1.25 r        -0.29  (VIOLATED)
   if_stage_inst/btb_inst/btb_reg[11][TARGET][6]/D
                                0.97           1.25 r        -0.29  (VIOLATED)
   if_stage_inst/btb_inst/btb_reg[11][TARGET][14]/D
                                0.97           1.25 r        -0.29  (VIOLATED)
   if_stage_inst/btb_inst/btb_reg[14][TARGET][13]/D
                                0.96           1.24 f        -0.29  (VIOLATED)
   if_stage_inst/btb_inst/btb_reg[1][TARGET][21]/D
                                0.96           1.24 f        -0.29  (VIOLATED)
   if_stage_inst/pc_plus4_reg/reg_data_reg[28]/D
                                0.97           1.25 r        -0.29  (VIOLATED)
   if_stage_inst/btb_inst/btb_reg[13][TARGET][2]/D
                                0.96           1.25 r        -0.29  (VIOLATED)
   if_stage_inst/btb_inst/btb_reg[6][TARGET][22]/D
                                0.97           1.25 r        -0.29  (VIOLATED)
   if_stage_inst/btb_inst/btb_reg[8][TARGET][21]/D
                                0.95           1.24 f        -0.29  (VIOLATED)
   R_1135/D                     0.96           1.24 f        -0.29  (VIOLATED)
   if_stage_inst/btb_inst/btb_reg[14][TARGET][21]/D
                                0.96           1.24 f        -0.29  (VIOLATED)
   if_stage_inst/btb_inst/btb_reg[4][TARGET][20]/D
                                0.97           1.25 r        -0.29  (VIOLATED)
   if_stage_inst/btb_inst/btb_reg[2][TARGET][22]/D
                                0.97           1.25 r        -0.29  (VIOLATED)
   if_stage_inst/btb_inst/btb_reg[10][TARGET][20]/D
                                0.97           1.25 r        -0.29  (VIOLATED)
   if_stage_inst/btb_inst/btb_reg[8][TARGET][22]/D
                                0.96           1.25 r        -0.29  (VIOLATED)
   if_stage_inst/btb_inst/btb_reg[11][TARGET][21]/D
                                0.96           1.24 f        -0.28  (VIOLATED)
   if_stage_inst/btb_inst/btb_reg[15][TARGET][13]/D
                                0.96           1.24 f        -0.28  (VIOLATED)
   if_stage_inst/btb_inst/btb_reg[5][TARGET][21]/D
                                0.96           1.24 f        -0.28  (VIOLATED)
   if_stage_inst/btb_inst/btb_reg[3][TARGET][13]/D
                                0.96           1.24 f        -0.28  (VIOLATED)
   if_stage_inst/btb_inst/btb_reg[15][TARGET][21]/D
                                0.96           1.24 f        -0.28  (VIOLATED)
   if_stage_inst/btb_inst/btb_reg[10][TARGET][21]/D
                                0.96           1.24 f        -0.28  (VIOLATED)
   if_stage_inst/btb_inst/btb_reg[12][TARGET][13]/D
                                0.96           1.24 f        -0.28  (VIOLATED)
   if_stage_inst/btb_inst/btb_reg[4][TARGET][21]/D
                                0.96           1.24 f        -0.28  (VIOLATED)
   if_stage_inst/btb_inst/btb_reg[11][TARGET][22]/D
                                0.96           1.25 r        -0.28  (VIOLATED)
   if_stage_inst/btb_inst/btb_reg[3][TARGET][21]/D
                                0.96           1.24 f        -0.28  (VIOLATED)
   if_stage_inst/btb_inst/btb_reg[6][TARGET][21]/D
                                0.96           1.24 f        -0.28  (VIOLATED)
   if_stage_inst/btb_inst/btb_reg[7][TARGET][22]/D
                                0.96           1.25 r        -0.28  (VIOLATED)
   if_stage_inst/btb_inst/btb_reg[12][TARGET][21]/D
                                0.96           1.24 f        -0.28  (VIOLATED)
   if_stage_inst/btb_inst/btb_reg[0][TARGET][21]/D
                                0.96           1.24 f        -0.28  (VIOLATED)
   if_stage_inst/btb_inst/btb_reg[15][TARGET][12]/D
                                0.97           1.25 r        -0.28  (VIOLATED)
   if_stage_inst/btb_inst/btb_reg[1][TAG][19]/D
                                0.96           1.25 r        -0.28  (VIOLATED)
   if_stage_inst/btb_inst/btb_reg[1][TARGET][7]/D
                                0.96           1.25 r        -0.28  (VIOLATED)
   if_stage_inst/btb_inst/btb_reg[1][TARGET][8]/D
                                0.96           1.25 r        -0.28  (VIOLATED)
   if_stage_inst/btb_inst/btb_reg[1][TARGET][9]/D
                                0.96           1.25 r        -0.28  (VIOLATED)
   if_stage_inst/btb_inst/btb_reg[12][TARGET][12]/D
                                0.97           1.25 r        -0.28  (VIOLATED)
   if_stage_inst/btb_inst/btb_reg[15][TARGET][20]/D
                                0.96           1.24 f        -0.28  (VIOLATED)
   if_stage_inst/btb_inst/btb_reg[2][TARGET][21]/D
                                0.96           1.24 f        -0.28  (VIOLATED)
   if_stage_inst/btb_inst/btb_reg[1][TAG][7]/D
                                0.96           1.25 r        -0.28  (VIOLATED)
   if_stage_inst/btb_inst/btb_reg[5][TARGET][22]/D
                                0.97           1.25 r        -0.28  (VIOLATED)
   if_stage_inst/btb_inst/btb_reg[3][TARGET][12]/D
                                0.97           1.25 r        -0.28  (VIOLATED)
   if_stage_inst/btb_inst/btb_reg[3][TARGET][20]/D
                                0.96           1.24 f        -0.28  (VIOLATED)
   if_stage_inst/btb_inst/btb_reg[12][TARGET][20]/D
                                0.96           1.24 f        -0.28  (VIOLATED)
   if_stage_inst/btb_inst/btb_reg[0][TARGET][22]/D
                                0.97           1.25 r        -0.28  (VIOLATED)
   R_1246/D                     0.95           1.24 r        -0.28  (VIOLATED)
   if_stage_inst/btb_inst/btb_reg[1][TAG][15]/D
                                0.97           1.25 r        -0.28  (VIOLATED)
   if_stage_inst/btb_inst/btb_reg[1][TARGET][2]/D
                                0.97           1.25 r        -0.28  (VIOLATED)
   if_stage_inst/btb_inst/btb_reg[10][TARGET][22]/D
                                0.97           1.25 r        -0.28  (VIOLATED)
   if_stage_inst/btb_inst/btb_reg[14][TARGET][22]/D
                                0.97           1.25 r        -0.28  (VIOLATED)
   if_stage_inst/btb_inst/btb_reg[8][TARGET][2]/D
                                0.97           1.25 r        -0.28  (VIOLATED)
   if_stage_inst/btb_inst/btb_reg[1][TAG][1]/D
                                0.97           1.25 r        -0.28  (VIOLATED)
   if_stage_inst/btb_inst/btb_reg[1][TAG][3]/D
                                0.97           1.25 r        -0.28  (VIOLATED)
   if_stage_inst/btb_inst/btb_reg[1][TAG][8]/D
                                0.97           1.25 r        -0.28  (VIOLATED)
   if_stage_inst/btb_inst/btb_reg[1][TAG][11]/D
                                0.97           1.25 r        -0.28  (VIOLATED)
   if_stage_inst/btb_inst/btb_reg[1][TAG][12]/D
                                0.97           1.25 r        -0.28  (VIOLATED)
   if_stage_inst/btb_inst/btb_reg[1][TAG][20]/D
                                0.97           1.25 r        -0.28  (VIOLATED)
   if_stage_inst/btb_inst/btb_reg[1][TAG][25]/D
                                0.97           1.25 r        -0.28  (VIOLATED)
   if_stage_inst/btb_inst/btb_reg[1][TARGET][3]/D
                                0.97           1.25 r        -0.28  (VIOLATED)
   if_stage_inst/btb_inst/btb_reg[1][TARGET][6]/D
                                0.97           1.25 r        -0.28  (VIOLATED)
   if_stage_inst/btb_inst/btb_reg[4][TARGET][22]/D
                                0.97           1.25 r        -0.28  (VIOLATED)
   if_stage_inst/btb_inst/btb_reg[10][TARGET][2]/D
                                0.97           1.25 r        -0.28  (VIOLATED)
   if_stage_inst/btb_inst/btb_reg[4][TARGET][2]/D
                                0.97           1.25 r        -0.28  (VIOLATED)
   if_stage_inst/btb_inst/btb_reg[15][TARGET][16]/D
                                0.97           1.25 r        -0.28  (VIOLATED)
   if_stage_inst/btb_inst/btb_reg[3][TARGET][16]/D
                                0.97           1.25 r        -0.28  (VIOLATED)
   if_stage_inst/btb_inst/btb_reg[12][TARGET][16]/D
                                0.97           1.25 r        -0.28  (VIOLATED)
   if_stage_inst/btb_inst/btb_reg[6][TARGET][2]/D
                                0.97           1.25 r        -0.28  (VIOLATED)
   if_stage_inst/btb_inst/btb_reg[7][TARGET][2]/D
                                0.97           1.25 r        -0.28  (VIOLATED)
   R_1453/D                     0.97           1.25 r        -0.28  (VIOLATED)
   if_stage_inst/btb_inst/btb_reg[2][TARGET][2]/D
                                0.96           1.24 r        -0.28  (VIOLATED)
   ex_stage_inst/mult_pp_inst/tree_i/layer_4_r_reg[1][13]/D
                                0.97           1.25 r        -0.28  (VIOLATED)
   if_stage_inst/btb_inst/btb_reg[14][TARGET][2]/D
                                0.96           1.24 r        -0.28  (VIOLATED)
   R_1209/D                     0.96           1.23 f        -0.28  (VIOLATED)
   if_stage_inst/btb_inst/btb_reg[9][TAG][6]/D
                                0.96           1.24 r        -0.28  (VIOLATED)
   if_stage_inst/btb_inst/btb_reg[9][TAG][10]/D
                                0.96           1.24 r        -0.28  (VIOLATED)
   if_stage_inst/btb_inst/btb_reg[9][TAG][13]/D
                                0.96           1.24 r        -0.28  (VIOLATED)
   if_stage_inst/btb_inst/btb_reg[9][TAG][15]/D
                                0.96           1.24 r        -0.28  (VIOLATED)
   if_stage_inst/btb_inst/btb_reg[9][TAG][18]/D
                                0.96           1.24 r        -0.28  (VIOLATED)
   if_stage_inst/btb_inst/btb_reg[9][TAG][24]/D
                                0.96           1.24 r        -0.28  (VIOLATED)
   R_1230/D                     0.95           1.22 f        -0.28  (VIOLATED)
   if_stage_inst/btb_inst/btb_reg[13][TARGET][8]/D
                                0.95           1.23 f        -0.28  (VIOLATED)
   if_stage_inst/btb_inst/btb_reg[9][TAG][3]/D
                                0.96           1.24 r        -0.28  (VIOLATED)
   if_stage_inst/btb_inst/btb_reg[9][TAG][5]/D
                                0.96           1.24 r        -0.28  (VIOLATED)
   if_stage_inst/btb_inst/btb_reg[9][TAG][11]/D
                                0.96           1.24 r        -0.28  (VIOLATED)
   if_stage_inst/btb_inst/btb_reg[9][TAG][12]/D
                                0.96           1.24 r        -0.28  (VIOLATED)
   if_stage_inst/btb_inst/btb_reg[9][TAG][23]/D
                                0.96           1.24 r        -0.28  (VIOLATED)
   if_stage_inst/btb_inst/btb_reg[9][TARGET][7]/D
                                0.96           1.24 r        -0.28  (VIOLATED)
   if_stage_inst/btb_inst/btb_reg[9][TAG][0]/D
                                0.96           1.24 r        -0.28  (VIOLATED)
   if_stage_inst/btb_inst/btb_reg[9][TAG][1]/D
                                0.96           1.24 r        -0.28  (VIOLATED)
   if_stage_inst/btb_inst/btb_reg[9][TAG][7]/D
                                0.96           1.24 r        -0.28  (VIOLATED)
   if_stage_inst/btb_inst/btb_reg[9][TAG][8]/D
                                0.96           1.24 r        -0.28  (VIOLATED)
   if_stage_inst/btb_inst/btb_reg[9][TAG][9]/D
                                0.96           1.24 r        -0.28  (VIOLATED)
   if_stage_inst/btb_inst/btb_reg[9][TAG][16]/D
                                0.96           1.24 r        -0.28  (VIOLATED)
   if_stage_inst/btb_inst/btb_reg[9][TAG][17]/D
                                0.96           1.24 r        -0.28  (VIOLATED)
   if_stage_inst/btb_inst/btb_reg[9][TAG][19]/D
                                0.96           1.24 r        -0.28  (VIOLATED)
   if_stage_inst/btb_inst/btb_reg[9][TAG][20]/D
                                0.96           1.24 r        -0.28  (VIOLATED)
   if_stage_inst/btb_inst/btb_reg[9][TAG][21]/D
                                0.96           1.24 r        -0.28  (VIOLATED)
   if_stage_inst/btb_inst/btb_reg[9][TAG][22]/D
                                0.96           1.24 r        -0.28  (VIOLATED)
   if_stage_inst/btb_inst/btb_reg[9][TAG][25]/D
                                0.96           1.24 r        -0.28  (VIOLATED)
   if_stage_inst/btb_inst/btb_reg[9][TARGET][1]/D
                                0.96           1.24 r        -0.28  (VIOLATED)
   if_stage_inst/btb_inst/btb_reg[9][TARGET][3]/D
                                0.96           1.24 r        -0.28  (VIOLATED)
   if_stage_inst/btb_inst/btb_reg[9][TARGET][6]/D
                                0.96           1.24 r        -0.28  (VIOLATED)
   if_stage_inst/btb_inst/btb_reg[9][TARGET][8]/D
                                0.95           1.23 f        -0.28  (VIOLATED)
   if_stage_inst/btb_inst/btb_reg[10][TARGET][8]/D
                                0.95           1.23 f        -0.28  (VIOLATED)
   if_stage_inst/btb_inst/btb_reg[13][TARGET][9]/D
                                0.96           1.24 r        -0.28  (VIOLATED)
   if_stage_inst/btb_inst/btb_reg[15][TARGET][2]/D
                                0.96           1.23 f        -0.28  (VIOLATED)
   if_stage_inst/btb_inst/btb_reg[8][TARGET][8]/D
                                0.95           1.23 f        -0.28  (VIOLATED)
   if_stage_inst/btb_inst/btb_reg[7][TARGET][8]/D
                                0.95           1.23 f        -0.28  (VIOLATED)
   if_stage_inst/btb_inst/btb_reg[9][TARGET][9]/D
                                0.96           1.24 r        -0.28  (VIOLATED)
   if_stage_inst/btb_inst/btb_reg[10][TARGET][9]/D
                                0.96           1.24 r        -0.27  (VIOLATED)
   if_stage_inst/btb_inst/btb_reg[14][TARGET][8]/D
                                0.96           1.23 f        -0.27  (VIOLATED)
   if_stage_inst/btb_inst/btb_reg[2][TARGET][9]/D
                                0.97           1.24 r        -0.27  (VIOLATED)
   if_stage_inst/btb_inst/btb_reg[4][TARGET][8]/D
                                0.96           1.23 f        -0.27  (VIOLATED)
   if_stage_inst/btb_inst/btb_reg[8][TARGET][9]/D
                                0.96           1.24 r        -0.27  (VIOLATED)
   if_stage_inst/btb_inst/btb_reg[0][TARGET][8]/D
                                0.96           1.23 f        -0.27  (VIOLATED)
   if_stage_inst/btb_inst/btb_reg[6][TARGET][8]/D
                                0.96           1.23 f        -0.27  (VIOLATED)
   if_stage_inst/btb_inst/btb_reg[5][TARGET][8]/D
                                0.96           1.23 f        -0.27  (VIOLATED)
   if_stage_inst/btb_inst/btb_reg[2][TARGET][8]/D
                                0.96           1.23 f        -0.27  (VIOLATED)
   if_stage_inst/btb_inst/btb_reg[7][TARGET][9]/D
                                0.97           1.24 r        -0.27  (VIOLATED)
   R_1264/D                     0.96           1.23 f        -0.27  (VIOLATED)
   if_stage_inst/btb_inst/btb_reg[6][TARGET][9]/D
                                0.97           1.24 r        -0.27  (VIOLATED)
   ex_stage_inst/mult_pp_inst/tree_i/layer_4_r_reg[2][26]/D
                                0.95           1.23 f        -0.27  (VIOLATED)
   if_stage_inst/btb_inst/btb_reg[11][TARGET][9]/D
                                0.97           1.24 r        -0.27  (VIOLATED)
   if_stage_inst/btb_inst/btb_reg[5][TARGET][9]/D
                                0.97           1.24 r        -0.27  (VIOLATED)
   if_stage_inst/btb_inst/btb_reg[15][TARGET][15]/D
                                0.97           1.24 r        -0.27  (VIOLATED)
   if_stage_inst/btb_inst/btb_reg[0][TARGET][9]/D
                                0.97           1.24 r        -0.27  (VIOLATED)
   if_stage_inst/btb_inst/btb_reg[4][TARGET][9]/D
                                0.97           1.24 r        -0.27  (VIOLATED)
   if_stage_inst/btb_inst/btb_reg[14][TARGET][9]/D
                                0.97           1.24 r        -0.27  (VIOLATED)
   if_stage_inst/btb_inst/btb_reg[12][TARGET][15]/D
                                0.97           1.24 r        -0.27  (VIOLATED)
   if_stage_inst/btb_inst/btb_reg[15][TARGET][4]/D
                                0.97           1.24 r        -0.27  (VIOLATED)
   if_stage_inst/btb_inst/btb_reg[3][TARGET][15]/D
                                0.97           1.24 r        -0.27  (VIOLATED)
   if_stage_inst/btb_inst/btb_reg[3][TARGET][4]/D
                                0.97           1.24 r        -0.27  (VIOLATED)
   if_stage_inst/btb_inst/btb_reg[12][TARGET][4]/D
                                0.97           1.24 r        -0.27  (VIOLATED)
   if_stage_inst/btb_inst/btb_reg[2][TAG][3]/D
                                0.96           1.24 r        -0.27  (VIOLATED)
   if_stage_inst/btb_inst/btb_reg[2][TAG][5]/D
                                0.96           1.24 r        -0.27  (VIOLATED)
   if_stage_inst/btb_inst/btb_reg[2][TAG][7]/D
                                0.96           1.24 r        -0.27  (VIOLATED)
   if_stage_inst/btb_inst/btb_reg[2][TAG][8]/D
                                0.96           1.24 r        -0.27  (VIOLATED)
   if_stage_inst/btb_inst/btb_reg[2][TAG][14]/D
                                0.97           1.24 r        -0.27  (VIOLATED)
   if_stage_inst/btb_inst/btb_reg[2][TAG][2]/D
                                0.97           1.24 r        -0.27  (VIOLATED)
   if_stage_inst/btb_inst/btb_reg[2][TAG][4]/D
                                0.97           1.24 r        -0.27  (VIOLATED)
   if_stage_inst/btb_inst/btb_reg[2][TAG][15]/D
                                0.97           1.24 r        -0.27  (VIOLATED)
   if_stage_inst/btb_inst/btb_reg[2][TARGET][3]/D
                                0.97           1.24 r        -0.27  (VIOLATED)
   if_stage_inst/btb_inst/btb_reg[2][TAG][9]/D
                                0.97           1.24 r        -0.27  (VIOLATED)
   if_stage_inst/btb_inst/btb_reg[2][TAG][19]/D
                                0.97           1.24 r        -0.27  (VIOLATED)
   if_stage_inst/btb_inst/btb_reg[15][TARGET][8]/D
                                0.96           1.23 f        -0.27  (VIOLATED)
   if_stage_inst/btb_inst/btb_reg[3][TARGET][8]/D
                                0.96           1.23 f        -0.27  (VIOLATED)
   if_stage_inst/btb_inst/btb_reg[12][TARGET][8]/D
                                0.96           1.23 f        -0.27  (VIOLATED)
   R_1417/D                     0.95           1.22 r        -0.27  (VIOLATED)
   R_1243/D                     0.96           1.22 f        -0.27  (VIOLATED)
   if_stage_inst/btb_inst/btb_reg[10][TAG][8]/D
                                0.96           1.23 r        -0.27  (VIOLATED)
   if_stage_inst/btb_inst/btb_reg[10][TAG][22]/D
                                0.96           1.23 r        -0.27  (VIOLATED)
   R_1287/D                     0.97           1.23 r        -0.27  (VIOLATED)
   if_stage_inst/btb_inst/btb_reg[13][TARGET][18]/D
                                0.96           1.23 r        -0.27  (VIOLATED)
   if_stage_inst/btb_inst/btb_reg[10][TAG][2]/D
                                0.97           1.23 r        -0.27  (VIOLATED)
   if_stage_inst/btb_inst/btb_reg[10][TAG][3]/D
                                0.97           1.23 r        -0.27  (VIOLATED)
   if_stage_inst/btb_inst/btb_reg[10][TAG][4]/D
                                0.97           1.23 r        -0.27  (VIOLATED)
   if_stage_inst/btb_inst/btb_reg[10][TAG][7]/D
                                0.97           1.23 r        -0.27  (VIOLATED)
   if_stage_inst/btb_inst/btb_reg[10][TAG][9]/D
                                0.97           1.23 r        -0.27  (VIOLATED)
   if_stage_inst/btb_inst/btb_reg[10][TAG][15]/D
                                0.97           1.23 r        -0.27  (VIOLATED)
   if_stage_inst/btb_inst/btb_reg[10][TAG][24]/D
                                0.97           1.23 r        -0.27  (VIOLATED)
   if_stage_inst/btb_inst/btb_reg[15][TARGET][22]/D
                                0.97           1.23 r        -0.27  (VIOLATED)
   if_stage_inst/btb_inst/btb_reg[1][TARGET][18]/D
                                0.96           1.23 r        -0.27  (VIOLATED)
   if_stage_inst/btb_inst/btb_reg[6][TARGET][18]/D
                                0.96           1.23 r        -0.27  (VIOLATED)
   if_stage_inst/btb_inst/btb_reg[9][TARGET][18]/D
                                0.96           1.23 r        -0.27  (VIOLATED)
   if_stage_inst/btb_inst/btb_reg[3][TARGET][22]/D
                                0.97           1.23 r        -0.27  (VIOLATED)
   if_stage_inst/btb_inst/btb_reg[12][TARGET][22]/D
                                0.97           1.23 r        -0.27  (VIOLATED)
   if_stage_inst/btb_inst/btb_reg[13][TARGET][19]/D
                                0.96           1.23 r        -0.27  (VIOLATED)
   if_stage_inst/btb_inst/btb_reg[13][TAG][0]/D
                                0.96           1.23 r        -0.27  (VIOLATED)
   if_stage_inst/btb_inst/btb_reg[13][TAG][3]/D
                                0.96           1.23 r        -0.27  (VIOLATED)
   if_stage_inst/btb_inst/btb_reg[13][TAG][14]/D
                                0.96           1.23 r        -0.27  (VIOLATED)
   if_stage_inst/btb_inst/btb_reg[13][TAG][15]/D
                                0.96           1.23 r        -0.27  (VIOLATED)
   if_stage_inst/btb_inst/btb_reg[13][TARGET][6]/D
                                0.96           1.23 r        -0.27  (VIOLATED)
   if_stage_inst/btb_inst/btb_reg[13][TARGET][7]/D
                                0.96           1.23 r        -0.27  (VIOLATED)
   if_stage_inst/btb_inst/btb_reg[13][TAG][24]/D
                                0.96           1.23 r        -0.27  (VIOLATED)
   if_stage_inst/btb_inst/btb_reg[13][TAG][5]/D
                                0.96           1.23 r        -0.27  (VIOLATED)
   if_stage_inst/btb_inst/btb_reg[13][TAG][7]/D
                                0.96           1.23 r        -0.27  (VIOLATED)
   if_stage_inst/btb_inst/btb_reg[13][TAG][9]/D
                                0.96           1.23 r        -0.27  (VIOLATED)
   if_stage_inst/btb_inst/btb_reg[13][TARGET][3]/D
                                0.96           1.23 r        -0.27  (VIOLATED)
   if_stage_inst/btb_inst/btb_reg[13][TAG][6]/D
                                0.96           1.23 r        -0.27  (VIOLATED)
   if_stage_inst/btb_inst/btb_reg[13][TAG][12]/D
                                0.96           1.23 r        -0.27  (VIOLATED)
   if_stage_inst/btb_inst/btb_reg[13][TAG][19]/D
                                0.96           1.23 r        -0.27  (VIOLATED)
   if_stage_inst/btb_inst/btb_reg[13][TARGET][1]/D
                                0.96           1.23 r        -0.27  (VIOLATED)
   if_stage_inst/btb_inst/btb_reg[13][TAG][2]/D
                                0.96           1.23 r        -0.27  (VIOLATED)
   if_stage_inst/btb_inst/btb_reg[13][TAG][10]/D
                                0.96           1.23 r        -0.27  (VIOLATED)
   if_stage_inst/btb_inst/btb_reg[13][TAG][13]/D
                                0.96           1.23 r        -0.27  (VIOLATED)
   if_stage_inst/btb_inst/btb_reg[13][TAG][20]/D
                                0.96           1.23 r        -0.27  (VIOLATED)
   ex_stage_inst/mult_pp_inst/tree_i/layer_4_r_reg[3][29]/D
                                0.97           1.23 r        -0.27  (VIOLATED)
   ex_stage_inst/mult_pp_inst/tree_i/layer_4_r_reg[2][31]/D
                                0.95           1.22 f        -0.27  (VIOLATED)
   if_stage_inst/btb_inst/btb_reg[8][TAG][11]/D
                                0.96           1.23 r        -0.26  (VIOLATED)
   if_stage_inst/btb_inst/btb_reg[8][TAG][12]/D
                                0.96           1.23 r        -0.26  (VIOLATED)
   if_stage_inst/btb_inst/btb_reg[8][TAG][23]/D
                                0.96           1.23 r        -0.26  (VIOLATED)
   if_stage_inst/btb_inst/btb_reg[8][TARGET][7]/D
                                0.96           1.23 r        -0.26  (VIOLATED)
   if_stage_inst/btb_inst/btb_reg[8][TARGET][18]/D
                                0.97           1.23 r        -0.26  (VIOLATED)
   if_stage_inst/btb_inst/btb_reg[8][TAG][1]/D
                                0.97           1.23 r        -0.26  (VIOLATED)
   if_stage_inst/btb_inst/btb_reg[8][TAG][5]/D
                                0.97           1.23 r        -0.26  (VIOLATED)
   if_stage_inst/btb_inst/btb_reg[8][TAG][17]/D
                                0.97           1.23 r        -0.26  (VIOLATED)
   if_stage_inst/btb_inst/btb_reg[8][TAG][20]/D
                                0.97           1.23 r        -0.26  (VIOLATED)
   if_stage_inst/btb_inst/btb_reg[8][TAG][21]/D
                                0.97           1.23 r        -0.26  (VIOLATED)
   if_stage_inst/btb_inst/btb_reg[8][TAG][25]/D
                                0.97           1.23 r        -0.26  (VIOLATED)
   if_stage_inst/btb_inst/btb_reg[8][TARGET][1]/D
                                0.97           1.23 r        -0.26  (VIOLATED)
   if_stage_inst/btb_inst/btb_reg[8][TARGET][3]/D
                                0.97           1.23 r        -0.26  (VIOLATED)
   if_stage_inst/btb_inst/btb_reg[8][TARGET][6]/D
                                0.97           1.23 r        -0.26  (VIOLATED)
   if_stage_inst/btb_inst/btb_reg[10][TARGET][18]/D
                                0.97           1.23 r        -0.26  (VIOLATED)
   if_stage_inst/btb_inst/btb_reg[7][TARGET][18]/D
                                0.97           1.23 r        -0.26  (VIOLATED)
   if_stage_inst/btb_inst/btb_reg[11][TARGET][18]/D
                                0.97           1.23 r        -0.26  (VIOLATED)
   if_stage_inst/btb_inst/btb_reg[5][TARGET][18]/D
                                0.97           1.23 r        -0.26  (VIOLATED)
   if_stage_inst/btb_inst/btb_reg[0][TARGET][18]/D
                                0.97           1.23 r        -0.26  (VIOLATED)
   if_stage_inst/btb_inst/btb_reg[1][TARGET][10]/D
                                0.95           1.22 f        -0.26  (VIOLATED)
   R_1009/D                     0.95           1.21 f        -0.26  (VIOLATED)
   if_stage_inst/btb_inst/btb_reg[14][TARGET][18]/D
                                0.97           1.23 r        -0.26  (VIOLATED)
   if_stage_inst/btb_inst/btb_reg[13][TARGET][10]/D
                                0.95           1.22 f        -0.26  (VIOLATED)
   if_stage_inst/btb_inst/btb_reg[11][TARGET][10]/D
                                0.95           1.22 f        -0.26  (VIOLATED)
   if_stage_inst/btb_inst/btb_reg[4][TARGET][18]/D
                                0.97           1.23 r        -0.26  (VIOLATED)
   if_stage_inst/btb_inst/btb_reg[2][TARGET][18]/D
                                0.97           1.23 r        -0.26  (VIOLATED)
   if_stage_inst/btb_inst/btb_reg[9][TARGET][10]/D
                                0.95           1.22 f        -0.26  (VIOLATED)
   if_stage_inst/btb_inst/btb_reg[1][TAG][2]/D
                                0.96           1.23 r        -0.26  (VIOLATED)
   if_stage_inst/btb_inst/btb_reg[1][TAG][10]/D
                                0.96           1.23 r        -0.26  (VIOLATED)
   if_stage_inst/btb_inst/btb_reg[1][TARGET][11]/D
                                0.96           1.23 r        -0.26  (VIOLATED)
   if_stage_inst/btb_inst/btb_reg[1][TARGET][14]/D
                                0.96           1.23 r        -0.26  (VIOLATED)
   if_stage_inst/btb_inst/btb_reg[1][TARGET][17]/D
                                0.96           1.23 r        -0.26  (VIOLATED)
   if_stage_inst/btb_inst/btb_reg[10][TARGET][10]/D
                                0.95           1.22 f        -0.26  (VIOLATED)
   if_stage_inst/btb_inst/btb_reg[1][TAG][4]/D
                                0.96           1.23 r        -0.26  (VIOLATED)
   if_stage_inst/btb_inst/btb_reg[1][TAG][18]/D
                                0.96           1.23 r        -0.26  (VIOLATED)
   if_stage_inst/btb_inst/btb_reg[13][TAG][18]/D
                                0.96           1.23 r        -0.26  (VIOLATED)
   if_stage_inst/btb_inst/btb_reg[13][TAG][8]/D
                                0.96           1.23 r        -0.26  (VIOLATED)
   if_stage_inst/btb_inst/btb_reg[13][TAG][11]/D
                                0.96           1.23 r        -0.26  (VIOLATED)
   if_stage_inst/btb_inst/btb_reg[13][TAG][21]/D
                                0.96           1.23 r        -0.26  (VIOLATED)
   if_stage_inst/btb_inst/btb_reg[13][TAG][22]/D
                                0.96           1.23 r        -0.26  (VIOLATED)
   if_stage_inst/btb_inst/btb_reg[13][TAG][23]/D
                                0.96           1.23 r        -0.26  (VIOLATED)
   if_stage_inst/btb_inst/btb_reg[13][TAG][25]/D
                                0.96           1.23 r        -0.26  (VIOLATED)
   if_stage_inst/btb_inst/btb_reg[13][TARGET][11]/D
                                0.96           1.23 r        -0.26  (VIOLATED)
   if_stage_inst/btb_inst/btb_reg[13][TARGET][14]/D
                                0.96           1.23 r        -0.26  (VIOLATED)
   if_stage_inst/btb_inst/btb_reg[13][TARGET][17]/D
                                0.96           1.23 r        -0.26  (VIOLATED)
   R_1300/D                     0.96           1.22 r        -0.26  (VIOLATED)
   if_stage_inst/btb_inst/btb_reg[13][TAG][1]/D
                                0.96           1.23 r        -0.26  (VIOLATED)
   if_stage_inst/btb_inst/btb_reg[13][TAG][4]/D
                                0.96           1.23 r        -0.26  (VIOLATED)
   if_stage_inst/btb_inst/btb_reg[13][TAG][16]/D
                                0.96           1.23 r        -0.26  (VIOLATED)
   if_stage_inst/btb_inst/btb_reg[13][TAG][17]/D
                                0.96           1.23 r        -0.26  (VIOLATED)
   if_stage_inst/btb_inst/btb_reg[1][TAG][9]/D
                                0.97           1.23 r        -0.26  (VIOLATED)
   if_stage_inst/btb_inst/btb_reg[1][TARGET][19]/D
                                0.97           1.23 r        -0.26  (VIOLATED)
   if_stage_inst/btb_inst/btb_reg[8][TARGET][10]/D
                                0.95           1.22 f        -0.26  (VIOLATED)
   if_stage_inst/btb_inst/btb_reg[1][TAG][5]/D
                                0.97           1.23 r        -0.26  (VIOLATED)
   if_stage_inst/btb_inst/btb_reg[1][TAG][13]/D
                                0.97           1.23 r        -0.26  (VIOLATED)
   if_stage_inst/btb_inst/btb_reg[1][TAG][22]/D
                                0.97           1.23 r        -0.26  (VIOLATED)
   if_stage_inst/btb_inst/btb_reg[1][TAG][23]/D
                                0.97           1.23 r        -0.26  (VIOLATED)
   if_stage_inst/btb_inst/btb_reg[1][TAG][24]/D
                                0.97           1.23 r        -0.26  (VIOLATED)
   if_stage_inst/btb_inst/btb_reg[1][TAG][0]/D
                                0.97           1.23 r        -0.26  (VIOLATED)
   if_stage_inst/btb_inst/btb_reg[1][TAG][6]/D
                                0.97           1.23 r        -0.26  (VIOLATED)
   if_stage_inst/btb_inst/btb_reg[1][TAG][14]/D
                                0.97           1.23 r        -0.26  (VIOLATED)
   if_stage_inst/btb_inst/btb_reg[1][TAG][16]/D
                                0.97           1.23 r        -0.26  (VIOLATED)
   if_stage_inst/btb_inst/btb_reg[1][TAG][17]/D
                                0.97           1.23 r        -0.26  (VIOLATED)
   if_stage_inst/btb_inst/btb_reg[1][TAG][21]/D
                                0.97           1.23 r        -0.26  (VIOLATED)
   if_stage_inst/btb_inst/btb_reg[1][TARGET][1]/D
                                0.97           1.23 r        -0.26  (VIOLATED)
   if_stage_inst/btb_inst/btb_reg[7][TARGET][10]/D
                                0.95           1.22 f        -0.26  (VIOLATED)
   if_stage_inst/btb_inst/btb_reg[14][TARGET][10]/D
                                0.96           1.22 f        -0.26  (VIOLATED)
   if_stage_inst/btb_inst/btb_reg[10][TARGET][3]/D
                                0.97           1.23 r        -0.26  (VIOLATED)
   if_stage_inst/btb_inst/btb_reg[10][TARGET][7]/D
                                0.95           1.21 f        -0.26  (VIOLATED)
   if_stage_inst/btb_inst/btb_reg[5][TARGET][10]/D
                                0.96           1.22 f        -0.26  (VIOLATED)
   if_stage_inst/btb_inst/btb_reg[4][TARGET][10]/D
                                0.96           1.22 f        -0.26  (VIOLATED)
   R_1628/D                     0.96           1.22 f        -0.26  (VIOLATED)
   if_stage_inst/btb_inst/btb_reg[0][TARGET][10]/D
                                0.96           1.22 f        -0.26  (VIOLATED)
   if_stage_inst/btb_inst/btb_reg[6][TARGET][10]/D
                                0.96           1.22 f        -0.26  (VIOLATED)
   if_stage_inst/btb_inst/btb_reg[2][TARGET][10]/D
                                0.96           1.22 f        -0.26  (VIOLATED)
   if_stage_inst/btb_inst/btb_reg[7][TARGET][7]/D
                                0.95           1.21 f        -0.26  (VIOLATED)
   if_stage_inst/btb_inst/btb_reg[6][TARGET][3]/D
                                0.97           1.22 r        -0.26  (VIOLATED)
   if_stage_inst/btb_inst/btb_reg[7][TARGET][3]/D
                                0.97           1.23 r        -0.26  (VIOLATED)
   if_stage_inst/btb_inst/btb_reg[14][TARGET][7]/D
                                0.96           1.21 f        -0.26  (VIOLATED)
   if_stage_inst/btb_inst/btb_reg[6][TARGET][7]/D
                                0.96           1.21 f        -0.26  (VIOLATED)
   if_stage_inst/btb_inst/btb_reg[11][TARGET][3]/D
                                0.97           1.22 r        -0.26  (VIOLATED)
   R_1215/D                     0.96           1.21 f        -0.26  (VIOLATED)
   if_stage_inst/btb_inst/btb_reg[11][TARGET][7]/D
                                0.96           1.21 f        -0.26  (VIOLATED)
   if_stage_inst/btb_inst/btb_reg[5][TARGET][7]/D
                                0.96           1.21 f        -0.26  (VIOLATED)
   R_1342/D                     0.95           1.21 r        -0.26  (VIOLATED)
   if_stage_inst/btb_inst/btb_reg[0][TARGET][3]/D
                                0.97           1.22 r        -0.26  (VIOLATED)
   if_stage_inst/btb_inst/btb_reg[4][TARGET][7]/D
                                0.96           1.21 f        -0.26  (VIOLATED)
   if_stage_inst/btb_inst/btb_reg[0][TARGET][7]/D
                                0.96           1.21 f        -0.26  (VIOLATED)
   if_stage_inst/btb_inst/btb_reg[5][TARGET][3]/D
                                0.97           1.22 r        -0.26  (VIOLATED)
   if_stage_inst/btb_inst/btb_reg[4][TARGET][3]/D
                                0.97           1.22 r        -0.26  (VIOLATED)
   if_stage_inst/btb_inst/btb_reg[14][TARGET][3]/D
                                0.97           1.22 r        -0.26  (VIOLATED)
   if_stage_inst/btb_inst/btb_reg[11][TAG][2]/D
                                0.95           1.21 f        -0.26  (VIOLATED)
   if_stage_inst/btb_inst/btb_reg[11][TAG][4]/D
                                0.95           1.21 f        -0.26  (VIOLATED)
   if_stage_inst/btb_inst/btb_reg[11][TAG][7]/D
                                0.95           1.21 f        -0.26  (VIOLATED)
   if_stage_inst/btb_inst/btb_reg[11][TAG][9]/D
                                0.95           1.21 f        -0.26  (VIOLATED)
   if_stage_inst/btb_inst/btb_reg[11][TAG][10]/D
                                0.95           1.21 f        -0.26  (VIOLATED)
   if_stage_inst/btb_inst/btb_reg[11][TAG][14]/D
                                0.95           1.21 f        -0.26  (VIOLATED)
   if_stage_inst/btb_inst/btb_reg[11][TAG][15]/D
                                0.95           1.21 f        -0.26  (VIOLATED)
   if_stage_inst/btb_inst/btb_reg[11][TAG][19]/D
                                0.95           1.21 f        -0.26  (VIOLATED)
   if_stage_inst/btb_inst/btb_reg[11][TAG][21]/D
                                0.95           1.21 f        -0.26  (VIOLATED)
   if_stage_inst/btb_inst/btb_reg[11][TAG][24]/D
                                0.95           1.21 f        -0.26  (VIOLATED)
   if_stage_inst/btb_inst/btb_reg[11][TARGET][1]/D
                                0.95           1.21 f        -0.26  (VIOLATED)
   if_stage_inst/btb_inst/btb_reg[11][TARGET][17]/D
                                0.95           1.21 f        -0.26  (VIOLATED)
   if_stage_inst/btb_inst/btb_reg[2][TARGET][7]/D
                                0.96           1.21 f        -0.26  (VIOLATED)
   if_stage_inst/btb_inst/btb_reg[7][TAG][20]/D
                                0.97           1.22 r        -0.26  (VIOLATED)
   if_stage_inst/btb_inst/btb_reg[10][TARGET][6]/D
                                0.96           1.22 r        -0.26  (VIOLATED)
   if_stage_inst/btb_inst/btb_reg[15][TARGET][10]/D
                                0.96           1.22 f        -0.26  (VIOLATED)
   if_stage_inst/btb_inst/btb_reg[3][TARGET][10]/D
                                0.96           1.22 f        -0.26  (VIOLATED)
   R_1219/D                     0.96           1.21 f        -0.26  (VIOLATED)
   if_stage_inst/btb_inst/btb_reg[7][TAG][17]/D
                                0.97           1.22 r        -0.26  (VIOLATED)
   if_stage_inst/btb_inst/btb_reg[12][TARGET][10]/D
                                0.96           1.22 f        -0.26  (VIOLATED)
   ex_stage_inst/mult_pp_inst/tree_i/layer_4_r_reg[3][27]/D
                                0.96           1.22 f        -0.26  (VIOLATED)
   if_stage_inst/btb_inst/btb_reg[15][TARGET][9]/D
                                0.96           1.21 f        -0.25  (VIOLATED)
   R_1641/D                     0.96           1.21 f        -0.25  (VIOLATED)
   if_stage_inst/btb_inst/btb_reg[3][TARGET][9]/D
                                0.96           1.21 f        -0.25  (VIOLATED)
   if_stage_inst/btb_inst/btb_reg[6][TARGET][6]/D
                                0.97           1.22 r        -0.25  (VIOLATED)
   if_stage_inst/btb_inst/btb_reg[12][TARGET][9]/D
                                0.96           1.21 f        -0.25  (VIOLATED)
   if_stage_inst/btb_inst/btb_reg[4][TAG][25]/D
                                0.96           1.21 f        -0.25  (VIOLATED)
   if_stage_inst/btb_inst/btb_reg[7][TARGET][6]/D
                                0.97           1.22 r        -0.25  (VIOLATED)
   if_stage_inst/btb_inst/btb_reg[15][TARGET][7]/D
                                0.96           1.21 f        -0.25  (VIOLATED)
   if_stage_inst/btb_inst/btb_reg[4][TAG][23]/D
                                0.96           1.21 f        -0.25  (VIOLATED)
   if_stage_inst/btb_inst/btb_reg[4][TAG][20]/D
                                0.96           1.21 f        -0.25  (VIOLATED)
   if_stage_inst/btb_inst/btb_reg[4][TAG][21]/D
                                0.96           1.21 f        -0.25  (VIOLATED)
   if_stage_inst/btb_inst/btb_reg[4][TAG][16]/D
                                0.96           1.21 f        -0.25  (VIOLATED)
   if_stage_inst/btb_inst/btb_reg[3][TARGET][7]/D
                                0.96           1.21 f        -0.25  (VIOLATED)
   if_stage_inst/btb_inst/btb_reg[4][TAG][1]/D
                                0.96           1.21 f        -0.25  (VIOLATED)
   if_stage_inst/btb_inst/btb_reg[12][TARGET][7]/D
                                0.96           1.21 f        -0.25  (VIOLATED)
   if_stage_inst/btb_inst/btb_reg[5][TAG][7]/D
                                0.97           1.22 r        -0.25  (VIOLATED)
   if_stage_inst/btb_inst/btb_reg[5][TAG][16]/D
                                0.97           1.22 r        -0.25  (VIOLATED)
   if_stage_inst/btb_inst/btb_reg[5][TAG][25]/D
                                0.97           1.22 r        -0.25  (VIOLATED)
   if_stage_inst/btb_inst/btb_reg[5][TAG][24]/D
                                0.97           1.22 r        -0.25  (VIOLATED)
   if_stage_inst/btb_inst/btb_reg[5][TAG][21]/D
                                0.97           1.22 r        -0.25  (VIOLATED)
   if_stage_inst/btb_inst/btb_reg[5][TAG][19]/D
                                0.97           1.22 r        -0.25  (VIOLATED)
   if_stage_inst/btb_inst/btb_reg[5][TAG][20]/D
                                0.97           1.22 r        -0.25  (VIOLATED)
   if_stage_inst/btb_inst/btb_reg[5][TAG][13]/D
                                0.97           1.22 r        -0.25  (VIOLATED)
   if_stage_inst/btb_inst/btb_reg[5][TAG][15]/D
                                0.97           1.22 r        -0.25  (VIOLATED)
   if_stage_inst/btb_inst/btb_reg[5][TAG][23]/D
                                0.97           1.22 r        -0.25  (VIOLATED)
   if_stage_inst/btb_inst/btb_reg[14][TARGET][6]/D
                                0.97           1.22 r        -0.25  (VIOLATED)
   if_stage_inst/btb_inst/btb_reg[5][TAG][8]/D
                                0.97           1.22 r        -0.25  (VIOLATED)
   if_stage_inst/btb_inst/btb_reg[4][TAG][14]/D
                                0.96           1.21 f        -0.25  (VIOLATED)
   if_stage_inst/btb_inst/btb_reg[5][TAG][17]/D
                                0.97           1.22 r        -0.25  (VIOLATED)
   if_stage_inst/btb_inst/btb_reg[0][TARGET][6]/D
                                0.97           1.22 r        -0.25  (VIOLATED)
   if_stage_inst/btb_inst/btb_reg[5][TARGET][6]/D
                                0.97           1.22 r        -0.25  (VIOLATED)
   if_stage_inst/btb_inst/btb_reg[4][TAG][4]/D
                                0.96           1.21 f        -0.25  (VIOLATED)
   if_stage_inst/btb_inst/btb_reg[4][TAG][2]/D
                                0.96           1.21 f        -0.25  (VIOLATED)
   if_stage_inst/btb_inst/btb_reg[5][TAG][2]/D
                                0.97           1.22 r        -0.25  (VIOLATED)
   if_stage_inst/btb_inst/btb_reg[5][TAG][18]/D
                                0.97           1.22 r        -0.25  (VIOLATED)
   if_stage_inst/btb_inst/btb_reg[5][TAG][12]/D
                                0.97           1.22 r        -0.25  (VIOLATED)
   if_stage_inst/btb_inst/btb_reg[5][TAG][5]/D
                                0.97           1.22 r        -0.25  (VIOLATED)
   if_stage_inst/btb_inst/btb_reg[5][TAG][6]/D
                                0.97           1.22 r        -0.25  (VIOLATED)
   if_stage_inst/btb_inst/btb_reg[5][TAG][10]/D
                                0.97           1.22 r        -0.25  (VIOLATED)
   if_stage_inst/btb_inst/btb_reg[5][TAG][1]/D
                                0.97           1.22 r        -0.25  (VIOLATED)
   if_stage_inst/btb_inst/btb_reg[5][TAG][22]/D
                                0.97           1.22 r        -0.25  (VIOLATED)
   if_stage_inst/btb_inst/btb_reg[4][TARGET][6]/D
                                0.97           1.22 r        -0.25  (VIOLATED)
   if_stage_inst/btb_inst/btb_reg[5][TAG][3]/D
                                0.97           1.22 r        -0.25  (VIOLATED)
   if_stage_inst/btb_inst/btb_reg[5][TAG][9]/D
                                0.97           1.22 r        -0.25  (VIOLATED)
   if_stage_inst/btb_inst/btb_reg[5][TAG][11]/D
                                0.97           1.22 r        -0.25  (VIOLATED)
   if_stage_inst/btb_inst/btb_reg[5][TARGET][1]/D
                                0.97           1.22 r        -0.25  (VIOLATED)
   if_stage_inst/btb_inst/btb_reg[5][TARGET][2]/D
                                0.97           1.22 r        -0.25  (VIOLATED)
   if_stage_inst/btb_inst/btb_reg[5][TAG][0]/D
                                0.97           1.22 r        -0.25  (VIOLATED)
   if_stage_inst/btb_inst/btb_reg[2][TARGET][6]/D
                                0.97           1.22 r        -0.25  (VIOLATED)
   R_1406/D                     0.95           1.21 r        -0.25  (VIOLATED)
   if_stage_inst/btb_inst/btb_reg[4][TAG][9]/D
                                0.96           1.21 f        -0.25  (VIOLATED)
   if_stage_inst/btb_inst/btb_reg[4][TAG][5]/D
                                0.96           1.21 f        -0.25  (VIOLATED)
   if_stage_inst/btb_inst/btb_reg[4][TARGET][14]/D
                                0.96           1.21 f        -0.25  (VIOLATED)
   if_stage_inst/pc_plus4_reg/reg_data_reg[27]/D
                                0.97           1.22 r        -0.25  (VIOLATED)
   if_stage_inst/btb_inst/btb_reg[6][TAG][14]/D
                                0.97           1.22 r        -0.25  (VIOLATED)
   if_stage_inst/btb_inst/btb_reg[4][TAG][8]/D
                                0.96           1.21 f        -0.25  (VIOLATED)
   if_stage_inst/btb_inst/btb_reg[4][TARGET][19]/D
                                0.96           1.21 f        -0.25  (VIOLATED)
   if_stage_inst/btb_inst/btb_reg[4][TAG][0]/D
                                0.96           1.21 f        -0.25  (VIOLATED)
   if_stage_inst/btb_inst/btb_reg[4][TAG][6]/D
                                0.96           1.21 f        -0.25  (VIOLATED)
   if_stage_inst/btb_inst/btb_reg[6][TAG][1]/D
                                0.97           1.22 r        -0.25  (VIOLATED)
   if_stage_inst/btb_inst/btb_reg[6][TAG][20]/D
                                0.97           1.22 r        -0.25  (VIOLATED)
   if_stage_inst/btb_inst/btb_reg[6][TARGET][17]/D
                                0.97           1.22 r        -0.25  (VIOLATED)
   if_stage_inst/btb_inst/btb_reg[4][TAG][22]/D
                                0.96           1.21 f        -0.25  (VIOLATED)
   if_stage_inst/btb_inst/btb_reg[4][TARGET][17]/D
                                0.96           1.21 f        -0.25  (VIOLATED)
   if_stage_inst/btb_inst/btb_reg[4][TAG][3]/D
                                0.96           1.21 f        -0.25  (VIOLATED)
   if_stage_inst/btb_inst/btb_reg[4][TAG][7]/D
                                0.96           1.21 f        -0.25  (VIOLATED)
   if_stage_inst/btb_inst/btb_reg[4][TAG][15]/D
                                0.96           1.21 f        -0.25  (VIOLATED)
   if_stage_inst/btb_inst/btb_reg[4][TAG][19]/D
                                0.96           1.21 f        -0.25  (VIOLATED)
   if_stage_inst/btb_inst/btb_reg[4][TAG][24]/D
                                0.96           1.21 f        -0.25  (VIOLATED)
   if_stage_inst/btb_inst/btb_reg[4][TAG][17]/D
                                0.96           1.21 f        -0.25  (VIOLATED)
   if_stage_inst/btb_inst/btb_reg[4][TAG][13]/D
                                0.96           1.21 f        -0.25  (VIOLATED)
   if_stage_inst/btb_inst/btb_reg[4][TAG][10]/D
                                0.96           1.21 f        -0.25  (VIOLATED)
   if_stage_inst/btb_inst/btb_reg[4][TAG][18]/D
                                0.96           1.21 f        -0.25  (VIOLATED)
   if_stage_inst/btb_inst/btb_reg[4][TAG][12]/D
                                0.96           1.21 f        -0.25  (VIOLATED)
   if_stage_inst/btb_inst/btb_reg[4][TAG][11]/D
                                0.96           1.21 f        -0.25  (VIOLATED)
   R_1410/D                     0.95           1.20 f        -0.25  (VIOLATED)
   id_stage_inst/rs1_reg/reg_data_reg[0]/D
                                0.96           1.21 f        -0.25  (VIOLATED)
   R_449/D                      0.96           1.21 r        -0.25  (VIOLATED)
   if_stage_inst/btb_inst/btb_reg[15][TAG][2]/D
                                0.96           1.21 f        -0.25  (VIOLATED)
   if_stage_inst/btb_inst/btb_reg[15][TAG][3]/D
                                0.96           1.21 f        -0.25  (VIOLATED)
   if_stage_inst/btb_inst/btb_reg[15][TAG][4]/D
                                0.96           1.21 f        -0.25  (VIOLATED)
   if_stage_inst/btb_inst/btb_reg[15][TAG][7]/D
                                0.96           1.21 f        -0.25  (VIOLATED)
   if_stage_inst/btb_inst/btb_reg[15][TAG][8]/D
                                0.96           1.21 f        -0.25  (VIOLATED)
   if_stage_inst/btb_inst/btb_reg[15][TAG][9]/D
                                0.96           1.21 f        -0.25  (VIOLATED)
   if_stage_inst/btb_inst/btb_reg[15][TAG][14]/D
                                0.96           1.21 f        -0.25  (VIOLATED)
   if_stage_inst/btb_inst/btb_reg[15][TAG][15]/D
                                0.96           1.21 f        -0.25  (VIOLATED)
   if_stage_inst/btb_inst/btb_reg[15][TAG][19]/D
                                0.96           1.21 f        -0.25  (VIOLATED)
   if_stage_inst/btb_inst/btb_reg[15][TAG][22]/D
                                0.96           1.21 f        -0.25  (VIOLATED)
   if_stage_inst/btb_inst/btb_reg[15][TAG][24]/D
                                0.96           1.21 f        -0.25  (VIOLATED)
   if_stage_inst/btb_inst/btb_reg[15][TARGET][17]/D
                                0.96           1.21 f        -0.25  (VIOLATED)
   if_stage_inst/btb_inst/btb_reg[15][TARGET][18]/D
                                0.96           1.21 f        -0.25  (VIOLATED)
   if_stage_inst/btb_inst/btb_reg[15][TARGET][6]/D
                                0.96           1.21 f        -0.25  (VIOLATED)
   if_stage_inst/btb_inst/btb_reg[15][TARGET][14]/D
                                0.96           1.21 f        -0.25  (VIOLATED)
   if_stage_inst/btb_inst/btb_reg[15][TARGET][1]/D
                                0.96           1.21 f        -0.25  (VIOLATED)
   if_stage_inst/btb_inst/btb_reg[15][TARGET][3]/D
                                0.96           1.21 f        -0.25  (VIOLATED)
   if_stage_inst/btb_inst/btb_reg[15][TARGET][11]/D
                                0.96           1.21 f        -0.25  (VIOLATED)
   if_stage_inst/btb_inst/btb_reg[7][TAG][11]/D
                                0.97           1.21 r        -0.25  (VIOLATED)
   if_stage_inst/btb_inst/btb_reg[14][TARGET][19]/D
                                0.97           1.21 r        -0.25  (VIOLATED)
   if_stage_inst/btb_inst/btb_reg[14][TAG][16]/D
                                0.97           1.21 r        -0.25  (VIOLATED)
   if_stage_inst/btb_inst/btb_reg[14][TAG][21]/D
                                0.97           1.21 r        -0.25  (VIOLATED)
   if_stage_inst/btb_inst/btb_reg[14][TARGET][11]/D
                                0.97           1.21 r        -0.25  (VIOLATED)
   if_stage_inst/btb_inst/btb_reg[14][TARGET][14]/D
                                0.97           1.21 r        -0.25  (VIOLATED)
   if_stage_inst/btb_inst/btb_reg[7][TAG][1]/D
                                0.97           1.21 r        -0.25  (VIOLATED)
   ex_stage_inst/result_reg/reg_data_reg[31]/D
                                0.96           1.21 f        -0.25  (VIOLATED)
   if_stage_inst/btb_inst/btb_reg[9][TAG][2]/D
                                0.96           1.21 r        -0.25  (VIOLATED)
   if_stage_inst/btb_inst/btb_reg[14][TAG][1]/D
                                0.97           1.21 r        -0.25  (VIOLATED)
   if_stage_inst/btb_inst/btb_reg[14][TAG][23]/D
                                0.97           1.21 r        -0.25  (VIOLATED)
   if_stage_inst/btb_inst/btb_reg[14][TAG][25]/D
                                0.97           1.21 r        -0.25  (VIOLATED)
   if_stage_inst/btb_inst/R_1425/D
                                0.96           1.21 f        -0.25  (VIOLATED)
   if_stage_inst/btb_inst/btb_reg[10][TARGET][1]/D
                                0.97           1.21 r        -0.25  (VIOLATED)
   if_stage_inst/btb_inst/btb_reg[14][TAG][17]/D
                                0.97           1.21 r        -0.25  (VIOLATED)
   if_stage_inst/btb_inst/btb_reg[9][TARGET][19]/D
                                0.96           1.21 r        -0.25  (VIOLATED)
   R_1322/D                     0.95           1.20 r        -0.25  (VIOLATED)
   if_stage_inst/btb_inst/btb_reg[9][TAG][4]/D
                                0.96           1.21 r        -0.25  (VIOLATED)
   if_stage_inst/btb_inst/btb_reg[9][TARGET][11]/D
                                0.96           1.21 r        -0.25  (VIOLATED)
   if_stage_inst/btb_inst/btb_reg[9][TAG][14]/D
                                0.96           1.21 r        -0.25  (VIOLATED)
   if_stage_inst/btb_inst/btb_reg[9][TARGET][14]/D
                                0.96           1.21 r        -0.25  (VIOLATED)
   if_stage_inst/btb_inst/btb_reg[9][TARGET][17]/D
                                0.96           1.21 r        -0.25  (VIOLATED)
   if_stage_inst/btb_inst/btb_reg[6][TARGET][1]/D
                                0.97           1.21 r        -0.25  (VIOLATED)
   R_1207/D                     0.96           1.20 f        -0.25  (VIOLATED)
   if_stage_inst/btb_inst/btb_reg[8][TARGET][19]/D
                                0.97           1.21 r        -0.25  (VIOLATED)
   if_stage_inst/btb_inst/btb_reg[7][TARGET][14]/D
                                0.97           1.21 r        -0.25  (VIOLATED)
   if_stage_inst/btb_inst/btb_reg[6][TAG][18]/D
                                0.96           1.21 r        -0.25  (VIOLATED)
   if_stage_inst/btb_inst/btb_reg[0][TARGET][1]/D
                                0.97           1.21 r        -0.25  (VIOLATED)
   if_stage_inst/btb_inst/btb_reg[7][TARGET][19]/D
                                0.96           1.21 r        -0.25  (VIOLATED)
   if_stage_inst/btb_inst/btb_reg[3][TARGET][18]/D
                                0.96           1.21 f        -0.25  (VIOLATED)
   if_stage_inst/btb_inst/btb_reg[12][TARGET][18]/D
                                0.96           1.21 f        -0.25  (VIOLATED)
   R_1203/D                     0.96           1.20 f        -0.25  (VIOLATED)
   if_stage_inst/btb_inst/btb_reg[7][TAG][2]/D
                                0.97           1.21 r        -0.25  (VIOLATED)
   if_stage_inst/btb_inst/btb_reg[7][TAG][4]/D
                                0.97           1.21 r        -0.25  (VIOLATED)
   if_stage_inst/btb_inst/btb_reg[7][TAG][9]/D
                                0.97           1.21 r        -0.25  (VIOLATED)
   if_stage_inst/btb_inst/btb_reg[7][TAG][14]/D
                                0.97           1.21 r        -0.25  (VIOLATED)
   if_stage_inst/btb_inst/btb_reg[14][TARGET][1]/D
                                0.97           1.21 r        -0.25  (VIOLATED)
   if_stage_inst/btb_inst/btb_reg[6][TAG][3]/D
                                0.97           1.21 r        -0.25  (VIOLATED)
   if_stage_inst/btb_inst/btb_reg[6][TAG][22]/D
                                0.97           1.21 r        -0.25  (VIOLATED)
   if_stage_inst/btb_inst/btb_reg[6][TARGET][19]/D
                                0.97           1.21 r        -0.25  (VIOLATED)
   if_stage_inst/btb_inst/btb_reg[4][TARGET][1]/D
                                0.97           1.21 r        -0.25  (VIOLATED)
   if_stage_inst/btb_inst/btb_reg[11][TARGET][19]/D
                                0.97           1.21 r        -0.25  (VIOLATED)
   if_stage_inst/btb_inst/btb_reg[2][TARGET][1]/D
                                0.97           1.21 r        -0.25  (VIOLATED)
   if_stage_inst/btb_inst/btb_reg[6][TAG][0]/D
                                0.97           1.21 r        -0.25  (VIOLATED)
   if_stage_inst/btb_inst/btb_reg[6][TAG][7]/D
                                0.97           1.21 r        -0.25  (VIOLATED)
   if_stage_inst/btb_inst/btb_reg[6][TAG][8]/D
                                0.97           1.21 r        -0.25  (VIOLATED)
   if_stage_inst/btb_inst/btb_reg[6][TAG][11]/D
                                0.97           1.21 r        -0.25  (VIOLATED)
   if_stage_inst/btb_inst/btb_reg[6][TAG][12]/D
                                0.97           1.21 r        -0.25  (VIOLATED)
   if_stage_inst/btb_inst/btb_reg[6][TAG][13]/D
                                0.97           1.21 r        -0.25  (VIOLATED)
   if_stage_inst/btb_inst/btb_reg[6][TAG][15]/D
                                0.97           1.21 r        -0.25  (VIOLATED)
   if_stage_inst/btb_inst/btb_reg[6][TAG][16]/D
                                0.97           1.21 r        -0.25  (VIOLATED)
   if_stage_inst/btb_inst/btb_reg[6][TAG][17]/D
                                0.97           1.21 r        -0.25  (VIOLATED)
   if_stage_inst/btb_inst/btb_reg[6][TAG][24]/D
                                0.97           1.21 r        -0.25  (VIOLATED)
   if_stage_inst/btb_inst/btb_reg[6][TAG][25]/D
                                0.97           1.21 r        -0.25  (VIOLATED)
   if_stage_inst/btb_inst/btb_reg[5][TARGET][19]/D
                                0.97           1.21 r        -0.25  (VIOLATED)
   if_stage_inst/btb_inst/btb_reg[10][TARGET][19]/D
                                0.97           1.21 r        -0.25  (VIOLATED)
   if_stage_inst/btb_inst/btb_reg[0][TARGET][19]/D
                                0.97           1.21 r        -0.25  (VIOLATED)
   if_stage_inst/btb_inst/btb_reg[7][TARGET][1]/D
                                0.97           1.21 r        -0.25  (VIOLATED)
   if_stage_inst/btb_inst/btb_reg[2][TARGET][19]/D
                                0.97           1.21 r        -0.25  (VIOLATED)
   R_1145/D                     0.97           1.21 r        -0.24  (VIOLATED)
   if_stage_inst/btb_inst/R_1426/D
                                0.96           1.21 f        -0.24  (VIOLATED)
   if_stage_inst/btb_inst/btb_reg[8][TARGET][14]/D
                                0.96           1.21 r        -0.24  (VIOLATED)
   if_stage_inst/btb_inst/btb_reg[8][TAG][24]/D
                                0.96           1.21 r        -0.24  (VIOLATED)
   if_stage_inst/btb_inst/btb_reg[8][TAG][3]/D
                                0.97           1.21 r        -0.24  (VIOLATED)
   if_stage_inst/btb_inst/btb_reg[8][TAG][7]/D
                                0.97           1.21 r        -0.24  (VIOLATED)
   if_stage_inst/btb_inst/btb_reg[8][TAG][8]/D
                                0.97           1.21 r        -0.24  (VIOLATED)
   if_stage_inst/btb_inst/btb_reg[8][TAG][10]/D
                                0.97           1.21 r        -0.24  (VIOLATED)
   if_stage_inst/btb_inst/btb_reg[8][TAG][13]/D
                                0.97           1.21 r        -0.24  (VIOLATED)
   if_stage_inst/btb_inst/btb_reg[8][TAG][15]/D
                                0.97           1.21 r        -0.24  (VIOLATED)
   if_stage_inst/btb_inst/btb_reg[8][TAG][19]/D
                                0.97           1.21 r        -0.24  (VIOLATED)
   if_stage_inst/btb_inst/btb_reg[8][TARGET][17]/D
                                0.97           1.21 r        -0.24  (VIOLATED)
   if_stage_inst/btb_inst/btb_reg[8][TAG][2]/D
                                0.96           1.21 r        -0.24  (VIOLATED)
   if_stage_inst/btb_inst/btb_reg[8][TAG][18]/D
                                0.96           1.21 r        -0.24  (VIOLATED)
   if_stage_inst/btb_inst/btb_reg[8][TARGET][11]/D
                                0.96           1.21 r        -0.24  (VIOLATED)
   if_stage_inst/btb_inst/btb_reg[8][TAG][0]/D
                                0.97           1.21 r        -0.24  (VIOLATED)
   if_stage_inst/btb_inst/btb_reg[8][TAG][4]/D
                                0.97           1.21 r        -0.24  (VIOLATED)
   if_stage_inst/btb_inst/btb_reg[8][TAG][6]/D
                                0.97           1.21 r        -0.24  (VIOLATED)
   if_stage_inst/btb_inst/btb_reg[8][TAG][9]/D
                                0.97           1.21 r        -0.24  (VIOLATED)
   if_stage_inst/btb_inst/btb_reg[8][TAG][14]/D
                                0.97           1.21 r        -0.24  (VIOLATED)
   if_stage_inst/btb_inst/btb_reg[8][TAG][16]/D
                                0.97           1.21 r        -0.24  (VIOLATED)
   if_stage_inst/btb_inst/btb_reg[8][TAG][22]/D
                                0.97           1.21 r        -0.24  (VIOLATED)
   if_stage_inst/btb_inst/btb_reg[6][TAG][2]/D
                                0.97           1.21 r        -0.24  (VIOLATED)
   if_stage_inst/btb_inst/btb_reg[6][TAG][4]/D
                                0.97           1.21 r        -0.24  (VIOLATED)
   if_stage_inst/btb_inst/btb_reg[6][TARGET][11]/D
                                0.97           1.21 r        -0.24  (VIOLATED)
   if_stage_inst/btb_inst/btb_reg[6][TARGET][14]/D
                                0.97           1.21 r        -0.24  (VIOLATED)
   if_stage_inst/btb_inst/btb_reg[6][TAG][23]/D
                                0.97           1.21 r        -0.24  (VIOLATED)
   if_stage_inst/btb_inst/btb_reg[6][TAG][5]/D
                                0.97           1.21 r        -0.24  (VIOLATED)
   if_stage_inst/btb_inst/btb_reg[6][TAG][6]/D
                                0.97           1.21 r        -0.24  (VIOLATED)
   if_stage_inst/btb_inst/btb_reg[6][TAG][9]/D
                                0.97           1.21 r        -0.24  (VIOLATED)
   if_stage_inst/btb_inst/btb_reg[6][TAG][10]/D
                                0.97           1.21 r        -0.24  (VIOLATED)
   if_stage_inst/btb_inst/btb_reg[6][TAG][19]/D
                                0.97           1.21 r        -0.24  (VIOLATED)
   if_stage_inst/btb_inst/btb_reg[6][TAG][21]/D
                                0.97           1.21 r        -0.24  (VIOLATED)
   R_1155/D                     0.96           1.20 f        -0.24  (VIOLATED)
   if_stage_inst/btb_inst/btb_reg[10][TAG][11]/D
                                0.97           1.21 r        -0.24  (VIOLATED)
   if_stage_inst/btb_inst/btb_reg[10][TAG][0]/D
                                0.97           1.21 r        -0.24  (VIOLATED)
   if_stage_inst/btb_inst/btb_reg[10][TAG][16]/D
                                0.97           1.21 r        -0.24  (VIOLATED)
   if_stage_inst/btb_inst/btb_reg[10][TAG][17]/D
                                0.97           1.21 r        -0.24  (VIOLATED)
   if_stage_inst/btb_inst/btb_reg[10][TARGET][17]/D
                                0.97           1.21 r        -0.24  (VIOLATED)
   if_stage_inst/btb_inst/btb_reg[14][TARGET][17]/D
                                0.97           1.21 r        -0.24  (VIOLATED)
   if_stage_inst/btb_inst/btb_reg[2][TAG][1]/D
                                0.95           1.20 f        -0.24  (VIOLATED)
   if_stage_inst/btb_inst/btb_reg[2][TAG][11]/D
                                0.95           1.20 f        -0.24  (VIOLATED)
   if_stage_inst/btb_inst/btb_reg[2][TAG][13]/D
                                0.95           1.20 f        -0.24  (VIOLATED)
   if_stage_inst/btb_inst/btb_reg[2][TAG][23]/D
                                0.95           1.20 f        -0.24  (VIOLATED)
   if_stage_inst/btb_inst/btb_reg[2][TAG][25]/D
                                0.95           1.20 f        -0.24  (VIOLATED)
   if_stage_inst/btb_inst/btb_reg[14][TAG][0]/D
                                0.97           1.21 r        -0.24  (VIOLATED)
   R_1272/D                     0.96           1.20 f        -0.24  (VIOLATED)
   if_stage_inst/btb_inst/btb_reg[3][TARGET][3]/D
                                0.97           1.21 r        -0.24  (VIOLATED)
   if_stage_inst/btb_inst/btb_reg[9][VALID]/D
                                0.97           1.21 r        -0.24  (VIOLATED)
   if_stage_inst/btb_inst/btb_reg[12][TARGET][3]/D
                                0.97           1.21 r        -0.24  (VIOLATED)
   if_stage_inst/btb_inst/btb_reg[15][TAG][5]/D
                                0.96           1.20 f        -0.24  (VIOLATED)
   if_stage_inst/btb_inst/btb_reg[15][TAG][0]/D
                                0.96           1.20 f        -0.24  (VIOLATED)
   if_stage_inst/btb_inst/btb_reg[15][TAG][1]/D
                                0.96           1.20 f        -0.24  (VIOLATED)
   if_stage_inst/btb_inst/btb_reg[15][TAG][6]/D
                                0.96           1.20 f        -0.24  (VIOLATED)
   if_stage_inst/btb_inst/btb_reg[15][TAG][10]/D
                                0.96           1.20 f        -0.24  (VIOLATED)
   if_stage_inst/btb_inst/btb_reg[15][TAG][11]/D
                                0.96           1.20 f        -0.24  (VIOLATED)
   if_stage_inst/btb_inst/btb_reg[15][TAG][12]/D
                                0.96           1.20 f        -0.24  (VIOLATED)
   if_stage_inst/btb_inst/btb_reg[15][TAG][13]/D
                                0.96           1.20 f        -0.24  (VIOLATED)
   if_stage_inst/btb_inst/btb_reg[15][TAG][16]/D
                                0.96           1.20 f        -0.24  (VIOLATED)
   if_stage_inst/btb_inst/btb_reg[15][TAG][17]/D
                                0.96           1.20 f        -0.24  (VIOLATED)
   if_stage_inst/btb_inst/btb_reg[15][TAG][18]/D
                                0.96           1.20 f        -0.24  (VIOLATED)
   if_stage_inst/btb_inst/btb_reg[15][TAG][20]/D
                                0.96           1.20 f        -0.24  (VIOLATED)
   if_stage_inst/btb_inst/btb_reg[15][TAG][21]/D
                                0.96           1.20 f        -0.24  (VIOLATED)
   if_stage_inst/btb_inst/btb_reg[15][TAG][23]/D
                                0.96           1.20 f        -0.24  (VIOLATED)
   if_stage_inst/btb_inst/btb_reg[15][TAG][25]/D
                                0.96           1.20 f        -0.24  (VIOLATED)
   if_stage_inst/btb_inst/btb_reg[15][TARGET][19]/D
                                0.96           1.20 f        -0.24  (VIOLATED)
   if_stage_inst/btb_inst/btb_reg[3][TARGET][6]/D
                                0.96           1.20 f        -0.24  (VIOLATED)
   if_stage_inst/btb_inst/btb_reg[12][TARGET][6]/D
                                0.96           1.20 f        -0.24  (VIOLATED)
   if_stage_inst/btb_inst/btb_reg[7][TARGET][17]/D
                                0.97           1.21 r        -0.24  (VIOLATED)
   if_stage_inst/btb_inst/btb_reg[7][TAG][3]/D
                                0.97           1.21 r        -0.24  (VIOLATED)
   if_stage_inst/btb_inst/btb_reg[7][TAG][8]/D
                                0.97           1.21 r        -0.24  (VIOLATED)
   if_stage_inst/btb_inst/btb_reg[7][TAG][22]/D
                                0.97           1.21 r        -0.24  (VIOLATED)
   if_stage_inst/btb_inst/btb_reg[7][TAG][7]/D
                                0.97           1.21 r        -0.24  (VIOLATED)
   if_stage_inst/btb_inst/btb_reg[7][TAG][10]/D
                                0.97           1.21 r        -0.24  (VIOLATED)
   if_stage_inst/btb_inst/btb_reg[7][TAG][15]/D
                                0.97           1.21 r        -0.24  (VIOLATED)
   if_stage_inst/btb_inst/btb_reg[7][TAG][18]/D
                                0.97           1.21 r        -0.24  (VIOLATED)
   if_stage_inst/btb_inst/btb_reg[7][TAG][19]/D
                                0.97           1.21 r        -0.24  (VIOLATED)
   if_stage_inst/btb_inst/btb_reg[7][TAG][24]/D
                                0.97           1.21 r        -0.24  (VIOLATED)
   R_1267/D                     0.95           1.19 r        -0.24  (VIOLATED)
   if_stage_inst/btb_inst/btb_reg[11][TAG][0]/D
                                0.97           1.20 r        -0.24  (VIOLATED)
   if_stage_inst/btb_inst/btb_reg[7][TAG][0]/D
                                0.97           1.21 r        -0.24  (VIOLATED)
   if_stage_inst/btb_inst/btb_reg[7][TAG][6]/D
                                0.97           1.21 r        -0.24  (VIOLATED)
   if_stage_inst/btb_inst/btb_reg[5][TAG][4]/D
                                0.97           1.20 r        -0.24  (VIOLATED)
   if_stage_inst/btb_inst/btb_reg[5][TAG][14]/D
                                0.97           1.20 r        -0.24  (VIOLATED)
   if_stage_inst/btb_inst/btb_reg[5][TARGET][11]/D
                                0.97           1.20 r        -0.24  (VIOLATED)
   if_stage_inst/btb_inst/btb_reg[5][TARGET][14]/D
                                0.97           1.20 r        -0.24  (VIOLATED)
   if_stage_inst/btb_inst/btb_reg[11][TAG][6]/D
                                0.97           1.20 r        -0.24  (VIOLATED)
   if_stage_inst/btb_inst/btb_reg[11][TAG][3]/D
                                0.97           1.20 r        -0.24  (VIOLATED)
   if_stage_inst/btb_inst/btb_reg[11][TAG][8]/D
                                0.97           1.20 r        -0.24  (VIOLATED)
   if_stage_inst/btb_inst/btb_reg[11][TAG][12]/D
                                0.97           1.20 r        -0.24  (VIOLATED)
   if_stage_inst/btb_inst/btb_reg[10][TAG][1]/D
                                0.95           1.19 f        -0.24  (VIOLATED)
   if_stage_inst/btb_inst/btb_reg[10][TAG][10]/D
                                0.95           1.19 f        -0.24  (VIOLATED)
   if_stage_inst/btb_inst/btb_reg[10][TAG][18]/D
                                0.95           1.19 f        -0.24  (VIOLATED)
   if_stage_inst/btb_inst/btb_reg[10][TAG][19]/D
                                0.95           1.19 f        -0.24  (VIOLATED)
   if_stage_inst/btb_inst/btb_reg[10][TAG][23]/D
                                0.95           1.19 f        -0.24  (VIOLATED)
   if_stage_inst/btb_inst/btb_reg[10][TARGET][11]/D
                                0.95           1.19 f        -0.24  (VIOLATED)
   if_stage_inst/btb_inst/btb_reg[10][TARGET][14]/D
                                0.95           1.19 f        -0.24  (VIOLATED)
   ex_stage_inst/mult_pp_inst/tree_i/layer_4_r_reg[2][25]/D
                                0.97           1.21 r        -0.24  (VIOLATED)
   if_stage_inst/btb_inst/btb_reg[14][TAG][7]/D
                                0.97           1.20 r        -0.24  (VIOLATED)
   if_stage_inst/btb_inst/btb_reg[11][TAG][16]/D
                                0.97           1.20 r        -0.24  (VIOLATED)
   if_stage_inst/btb_inst/btb_reg[11][TAG][1]/D
                                0.97           1.20 r        -0.24  (VIOLATED)
   if_stage_inst/btb_inst/btb_reg[11][TAG][11]/D
                                0.97           1.20 r        -0.24  (VIOLATED)
   if_stage_inst/btb_inst/btb_reg[11][TAG][23]/D
                                0.97           1.20 r        -0.24  (VIOLATED)
   if_stage_inst/btb_inst/btb_reg[11][TAG][25]/D
                                0.97           1.20 r        -0.24  (VIOLATED)
   if_stage_inst/btb_inst/btb_reg[14][TAG][24]/D
                                0.97           1.20 r        -0.24  (VIOLATED)
   if_stage_inst/btb_inst/btb_reg[14][TAG][19]/D
                                0.97           1.20 r        -0.24  (VIOLATED)
   if_stage_inst/btb_inst/btb_reg[14][TAG][15]/D
                                0.97           1.20 r        -0.24  (VIOLATED)
   if_stage_inst/btb_inst/btb_reg[14][TAG][2]/D
                                0.96           1.19 f        -0.24  (VIOLATED)
   if_stage_inst/btb_inst/btb_reg[14][TAG][4]/D
                                0.96           1.19 f        -0.24  (VIOLATED)
   if_stage_inst/btb_inst/btb_reg[14][TAG][6]/D
                                0.96           1.19 f        -0.24  (VIOLATED)
   if_stage_inst/btb_inst/btb_reg[14][TAG][9]/D
                                0.96           1.19 f        -0.24  (VIOLATED)
   if_stage_inst/btb_inst/btb_reg[14][TAG][10]/D
                                0.96           1.19 f        -0.24  (VIOLATED)
   if_stage_inst/btb_inst/btb_reg[14][TAG][14]/D
                                0.96           1.19 f        -0.24  (VIOLATED)
   if_stage_inst/btb_inst/btb_reg[14][TAG][18]/D
                                0.96           1.19 f        -0.24  (VIOLATED)
   ex_stage_inst/mult_pp_inst/tree_i/layer_4_r_reg[2][21]/D
                                0.97           1.20 r        -0.24  (VIOLATED)
   if_stage_inst/btb_inst/btb_reg[14][TAG][8]/D
                                0.97           1.20 r        -0.24  (VIOLATED)
   R_1077/D                     0.96           1.19 f        -0.24  (VIOLATED)
   if_stage_inst/btb_inst/btb_reg[0][TARGET][14]/D
                                0.97           1.20 r        -0.24  (VIOLATED)
   if_stage_inst/btb_inst/btb_reg[14][TAG][3]/D
                                0.97           1.20 r        -0.24  (VIOLATED)
   if_stage_inst/btb_inst/btb_reg[5][TARGET][17]/D
                                0.97           1.20 r        -0.24  (VIOLATED)
   if_stage_inst/btb_inst/btb_reg[2][TARGET][14]/D
                                0.97           1.20 r        -0.24  (VIOLATED)
   R_1191/D                     0.97           1.20 r        -0.24  (VIOLATED)
   R_1318/D                     0.95           1.19 r        -0.24  (VIOLATED)
   if_stage_inst/btb_inst/btb_reg[10][TAG][6]/D
                                0.97           1.20 r        -0.24  (VIOLATED)
   if_stage_inst/btb_inst/btb_reg[10][TAG][13]/D
                                0.97           1.20 r        -0.24  (VIOLATED)
   if_stage_inst/btb_inst/btb_reg[10][TAG][25]/D
                                0.97           1.20 r        -0.24  (VIOLATED)
   if_stage_inst/btb_inst/btb_reg[10][TAG][5]/D
                                0.97           1.20 r        -0.24  (VIOLATED)
   if_stage_inst/btb_inst/btb_reg[10][TAG][12]/D
                                0.97           1.20 r        -0.24  (VIOLATED)
   if_stage_inst/btb_inst/btb_reg[10][TAG][20]/D
                                0.97           1.20 r        -0.24  (VIOLATED)
   if_stage_inst/btb_inst/btb_reg[10][TAG][21]/D
                                0.97           1.20 r        -0.24  (VIOLATED)
   if_stage_inst/btb_inst/btb_reg[3][TAG][5]/D
                                0.96           1.19 f        -0.24  (VIOLATED)
   if_stage_inst/btb_inst/btb_reg[0][TARGET][17]/D
                                0.97           1.20 r        -0.24  (VIOLATED)
   if_stage_inst/btb_inst/btb_reg[3][TAG][1]/D
                                0.96           1.19 f        -0.23  (VIOLATED)
   if_stage_inst/btb_inst/btb_reg[3][TAG][6]/D
                                0.96           1.19 f        -0.23  (VIOLATED)
   if_stage_inst/btb_inst/btb_reg[3][TAG][10]/D
                                0.96           1.19 f        -0.23  (VIOLATED)
   if_stage_inst/btb_inst/btb_reg[3][TAG][11]/D
                                0.96           1.19 f        -0.23  (VIOLATED)
   if_stage_inst/btb_inst/btb_reg[3][TAG][12]/D
                                0.96           1.19 f        -0.23  (VIOLATED)
   if_stage_inst/btb_inst/btb_reg[3][TAG][13]/D
                                0.96           1.19 f        -0.23  (VIOLATED)
   if_stage_inst/btb_inst/btb_reg[3][TAG][16]/D
                                0.96           1.19 f        -0.23  (VIOLATED)
   if_stage_inst/btb_inst/btb_reg[3][TAG][17]/D
                                0.96           1.19 f        -0.23  (VIOLATED)
   if_stage_inst/btb_inst/btb_reg[3][TAG][20]/D
                                0.96           1.19 f        -0.23  (VIOLATED)
   if_stage_inst/btb_inst/btb_reg[3][TAG][21]/D
                                0.96           1.19 f        -0.23  (VIOLATED)
   if_stage_inst/btb_inst/btb_reg[3][TAG][23]/D
                                0.96           1.19 f        -0.23  (VIOLATED)
   if_stage_inst/btb_inst/btb_reg[3][TAG][25]/D
                                0.96           1.19 f        -0.23  (VIOLATED)
   R_1560/D                     0.96           1.19 f        -0.23  (VIOLATED)
   R_1647/D                     0.96           1.19 f        -0.23  (VIOLATED)
   if_stage_inst/btb_inst/btb_reg[2][TARGET][17]/D
                                0.97           1.20 r        -0.23  (VIOLATED)
   if_stage_inst/btb_inst/btb_reg[14][TAG][22]/D
                                0.97           1.20 r        -0.23  (VIOLATED)
   if_stage_inst/btb_inst/btb_reg[7][TAG][13]/D
                                0.97           1.20 r        -0.23  (VIOLATED)
   if_stage_inst/btb_inst/btb_reg[7][TAG][5]/D
                                0.96           1.20 r        -0.23  (VIOLATED)
   if_stage_inst/btb_inst/btb_reg[3][TARGET][17]/D
                                0.96           1.19 f        -0.23  (VIOLATED)
   if_stage_inst/btb_inst/btb_reg[10][VALID]/D
                                0.97           1.20 r        -0.23  (VIOLATED)
   if_stage_inst/btb_inst/btb_reg[7][TAG][21]/D
                                0.97           1.20 r        -0.23  (VIOLATED)
   if_stage_inst/btb_inst/btb_reg[12][TARGET][19]/D
                                0.96           1.19 f        -0.23  (VIOLATED)
   if_stage_inst/btb_inst/btb_reg[3][TARGET][19]/D
                                0.96           1.19 f        -0.23  (VIOLATED)
   if_stage_inst/btb_inst/btb_reg[0][TAG][2]/D
                                0.97           1.20 r        -0.23  (VIOLATED)
   if_stage_inst/btb_inst/btb_reg[0][TAG][4]/D
                                0.97           1.20 r        -0.23  (VIOLATED)
   if_stage_inst/btb_inst/btb_reg[0][TAG][7]/D
                                0.97           1.20 r        -0.23  (VIOLATED)
   if_stage_inst/btb_inst/btb_reg[0][TAG][0]/D
                                0.97           1.20 r        -0.23  (VIOLATED)
   if_stage_inst/btb_inst/btb_reg[0][TAG][13]/D
                                0.97           1.20 r        -0.23  (VIOLATED)
   if_stage_inst/btb_inst/btb_reg[0][TAG][5]/D
                                0.97           1.20 r        -0.23  (VIOLATED)
   R_1179/D                     0.96           1.19 f        -0.23  (VIOLATED)
   if_stage_inst/btb_inst/btb_reg[0][TAG][19]/D
                                0.97           1.20 r        -0.23  (VIOLATED)
   if_stage_inst/btb_inst/btb_reg[0][TAG][3]/D
                                0.97           1.20 r        -0.23  (VIOLATED)
   if_stage_inst/btb_inst/btb_reg[0][TAG][6]/D
                                0.97           1.20 r        -0.23  (VIOLATED)
   R_1654/D                     0.97           1.20 r        -0.23  (VIOLATED)
   R_1655/D                     0.96           1.19 f        -0.23  (VIOLATED)
   if_stage_inst/btb_inst/btb_reg[12][TARGET][14]/D
                                0.96           1.19 f        -0.23  (VIOLATED)
   if_stage_inst/btb_inst/btb_reg[12][TAG][25]/D
                                0.96           1.19 f        -0.23  (VIOLATED)
   if_stage_inst/btb_inst/btb_reg[12][TAG][17]/D
                                0.96           1.19 f        -0.23  (VIOLATED)
   if_stage_inst/btb_inst/btb_reg[12][TAG][23]/D
                                0.96           1.19 f        -0.23  (VIOLATED)
   if_stage_inst/btb_inst/btb_reg[12][TAG][20]/D
                                0.96           1.19 f        -0.23  (VIOLATED)
   if_stage_inst/btb_inst/btb_reg[12][TAG][21]/D
                                0.96           1.19 f        -0.23  (VIOLATED)
   if_stage_inst/btb_inst/btb_reg[12][TAG][16]/D
                                0.96           1.19 f        -0.23  (VIOLATED)
   if_stage_inst/btb_inst/btb_reg[12][TAG][0]/D
                                0.96           1.19 f        -0.23  (VIOLATED)
   if_stage_inst/btb_inst/btb_reg[12][TAG][1]/D
                                0.96           1.19 f        -0.23  (VIOLATED)
   if_stage_inst/btb_inst/btb_reg[12][TAG][22]/D
                                0.96           1.19 f        -0.23  (VIOLATED)
   if_stage_inst/btb_inst/btb_reg[12][TAG][12]/D
                                0.96           1.19 f        -0.23  (VIOLATED)
   if_stage_inst/btb_inst/btb_reg[12][TAG][11]/D
                                0.96           1.19 f        -0.23  (VIOLATED)
   if_stage_inst/btb_inst/btb_reg[12][TARGET][2]/D
                                0.96           1.19 f        -0.23  (VIOLATED)
   if_stage_inst/btb_inst/btb_reg[12][TARGET][11]/D
                                0.96           1.19 f        -0.23  (VIOLATED)
   if_stage_inst/btb_inst/btb_reg[12][TARGET][1]/D
                                0.97           1.20 r        -0.23  (VIOLATED)
   if_stage_inst/btb_inst/btb_reg[4][TARGET][11]/D
                                0.96           1.19 f        -0.23  (VIOLATED)
   if_stage_inst/btb_inst/btb_reg[3][TARGET][1]/D
                                0.97           1.20 r        -0.23  (VIOLATED)
   if_stage_inst/btb_inst/btb_reg[7][TAG][25]/D
                                0.95           1.18 f        -0.23  (VIOLATED)
   if_stage_inst/btb_inst/btb_reg[10][TAG][14]/D
                                0.97           1.19 r        -0.23  (VIOLATED)
   R_1408/D                     0.95           1.17 f        -0.23  (VIOLATED)
   if_stage_inst/btb_inst/btb_reg[0][TAG][24]/D
                                0.97           1.19 r        -0.23  (VIOLATED)
   if_stage_inst/btb_inst/btb_reg[0][TAG][15]/D
                                0.97           1.19 r        -0.23  (VIOLATED)
   if_stage_inst/btb_inst/btb_reg[0][TAG][10]/D
                                0.97           1.19 r        -0.23  (VIOLATED)
   if_stage_inst/btb_inst/btb_reg[0][TAG][22]/D
                                0.97           1.19 r        -0.23  (VIOLATED)
   if_stage_inst/btb_inst/btb_reg[0][TAG][25]/D
                                0.97           1.19 r        -0.23  (VIOLATED)
   if_stage_inst/btb_inst/btb_reg[0][TAG][21]/D
                                0.97           1.19 r        -0.23  (VIOLATED)
   if_stage_inst/btb_inst/btb_reg[0][TAG][23]/D
                                0.97           1.19 r        -0.23  (VIOLATED)
   if_stage_inst/btb_inst/btb_reg[0][TAG][16]/D
                                0.97           1.19 r        -0.23  (VIOLATED)
   if_stage_inst/btb_inst/btb_reg[0][TAG][17]/D
                                0.97           1.19 r        -0.23  (VIOLATED)
   if_stage_inst/btb_inst/btb_reg[0][TAG][14]/D
                                0.97           1.19 r        -0.23  (VIOLATED)
   if_stage_inst/btb_inst/btb_reg[0][TAG][8]/D
                                0.97           1.19 r        -0.23  (VIOLATED)
   if_stage_inst/btb_inst/btb_reg[0][TAG][20]/D
                                0.97           1.19 r        -0.23  (VIOLATED)
   if_stage_inst/btb_inst/btb_reg[0][TAG][9]/D
                                0.97           1.19 r        -0.23  (VIOLATED)
   if_stage_inst/btb_inst/btb_reg[0][TARGET][11]/D
                                0.97           1.19 r        -0.23  (VIOLATED)
   if_stage_inst/btb_inst/btb_reg[0][TAG][1]/D
                                0.97           1.19 r        -0.23  (VIOLATED)
   R_1247/D                     0.96           1.18 f        -0.23  (VIOLATED)
   if_stage_inst/btb_inst/btb_reg[0][TAG][12]/D
                                0.97           1.19 r        -0.23  (VIOLATED)
   if_stage_inst/btb_inst/btb_reg[0][TAG][18]/D
                                0.97           1.19 r        -0.23  (VIOLATED)
   if_stage_inst/btb_inst/btb_reg[0][TARGET][2]/D
                                0.97           1.19 r        -0.23  (VIOLATED)
   if_stage_inst/btb_inst/btb_reg[0][TAG][11]/D
                                0.97           1.19 r        -0.23  (VIOLATED)
   R_1218/D                     0.95           1.18 r        -0.23  (VIOLATED)
   R_1627/D                     0.97           1.19 r        -0.23  (VIOLATED)
   R_1328/D                     0.95           1.18 r        -0.23  (VIOLATED)
   if_stage_inst/btb_inst/btb_reg[2][TAG][17]/D
                                0.97           1.19 r        -0.22  (VIOLATED)
   if_stage_inst/btb_inst/btb_reg[12][TAG][7]/D
                                0.96           1.18 f        -0.22  (VIOLATED)
   if_stage_inst/btb_inst/btb_reg[12][TAG][2]/D
                                0.96           1.18 f        -0.22  (VIOLATED)
   if_stage_inst/btb_inst/btb_reg[12][TAG][3]/D
                                0.96           1.18 f        -0.22  (VIOLATED)
   if_stage_inst/btb_inst/btb_reg[12][TAG][4]/D
                                0.96           1.18 f        -0.22  (VIOLATED)
   if_stage_inst/btb_inst/btb_reg[12][TAG][6]/D
                                0.96           1.18 f        -0.22  (VIOLATED)
   if_stage_inst/btb_inst/btb_reg[12][TAG][8]/D
                                0.96           1.18 f        -0.22  (VIOLATED)
   if_stage_inst/btb_inst/btb_reg[12][TAG][9]/D
                                0.96           1.18 f        -0.22  (VIOLATED)
   if_stage_inst/btb_inst/btb_reg[12][TAG][14]/D
                                0.96           1.18 f        -0.22  (VIOLATED)
   if_stage_inst/btb_inst/btb_reg[12][TAG][15]/D
                                0.96           1.18 f        -0.22  (VIOLATED)
   if_stage_inst/btb_inst/btb_reg[12][TAG][19]/D
                                0.96           1.18 f        -0.22  (VIOLATED)
   if_stage_inst/btb_inst/btb_reg[12][TAG][24]/D
                                0.96           1.18 f        -0.22  (VIOLATED)
   if_stage_inst/btb_inst/btb_reg[12][TARGET][17]/D
                                0.96           1.18 f        -0.22  (VIOLATED)
   R_1224/D                     0.95           1.18 r        -0.22  (VIOLATED)
   if_stage_inst/btb_inst/btb_reg[2][TAG][20]/D
                                0.97           1.19 r        -0.22  (VIOLATED)
   if_stage_inst/btb_inst/btb_reg[2][TAG][21]/D
                                0.97           1.19 r        -0.22  (VIOLATED)
   if_stage_inst/btb_inst/btb_reg[2][TAG][24]/D
                                0.97           1.19 r        -0.22  (VIOLATED)
   if_stage_inst/btb_inst/btb_reg[2][TAG][12]/D
                                0.97           1.19 r        -0.22  (VIOLATED)
   if_stage_inst/btb_inst/btb_reg[2][TAG][18]/D
                                0.97           1.19 r        -0.22  (VIOLATED)
   if_stage_inst/btb_inst/btb_reg[2][TAG][22]/D
                                0.97           1.19 r        -0.22  (VIOLATED)
   if_stage_inst/btb_inst/btb_reg[2][TAG][6]/D
                                0.97           1.19 r        -0.22  (VIOLATED)
   if_stage_inst/btb_inst/btb_reg[2][TAG][10]/D
                                0.97           1.19 r        -0.22  (VIOLATED)
   if_stage_inst/btb_inst/btb_reg[2][TAG][0]/D
                                0.97           1.19 r        -0.22  (VIOLATED)
   if_stage_inst/btb_inst/btb_reg[2][TARGET][11]/D
                                0.97           1.19 r        -0.22  (VIOLATED)
   if_stage_inst/btb_inst/btb_reg[14][TAG][20]/D
                                0.96           1.19 r        -0.22  (VIOLATED)
   if_stage_inst/btb_inst/btb_reg[14][TAG][13]/D
                                0.96           1.19 r        -0.22  (VIOLATED)
   if_stage_inst/btb_inst/btb_reg[12][TAG][5]/D
                                0.96           1.18 f        -0.22  (VIOLATED)
   if_stage_inst/btb_inst/btb_reg[12][TAG][13]/D
                                0.96           1.18 f        -0.22  (VIOLATED)
   if_stage_inst/btb_inst/btb_reg[12][TAG][10]/D
                                0.96           1.18 f        -0.22  (VIOLATED)
   if_stage_inst/btb_inst/btb_reg[12][TAG][18]/D
                                0.96           1.18 f        -0.22  (VIOLATED)
   if_stage_inst/btb_inst/btb_reg[14][TAG][12]/D
                                0.97           1.19 r        -0.22  (VIOLATED)
   if_stage_inst/btb_inst/btb_reg[14][TAG][5]/D
                                0.97           1.19 r        -0.22  (VIOLATED)
   R_1234/D                     0.95           1.18 r        -0.22  (VIOLATED)
   if_stage_inst/btb_inst/btb_reg[7][TARGET][11]/D
                                0.95           1.18 f        -0.22  (VIOLATED)
   R_1227/D                     0.96           1.18 f        -0.22  (VIOLATED)
   if_stage_inst/btb_inst/btb_reg[7][TAG][23]/D
                                0.97           1.19 r        -0.22  (VIOLATED)
   R_1312/D                     0.95           1.17 f        -0.22  (VIOLATED)
   R_1412/D                     0.95           1.17 f        -0.22  (VIOLATED)
   if_stage_inst/btb_inst/btb_reg[7][TAG][12]/D
                                0.97           1.19 r        -0.22  (VIOLATED)
   if_stage_inst/btb_inst/btb_reg[14][TAG][11]/D
                                0.97           1.19 r        -0.22  (VIOLATED)
   if_stage_inst/btb_inst/btb_reg[3][TARGET][14]/D
                                0.97           1.19 r        -0.22  (VIOLATED)
   R_1639/D                     0.96           1.18 f        -0.22  (VIOLATED)
   if_stage_inst/btb_inst/btb_reg[7][TAG][16]/D
                                0.97           1.19 r        -0.22  (VIOLATED)
   if_stage_inst/btb_inst/btb_reg[5][VALID]/D
                                0.97           1.19 r        -0.22  (VIOLATED)
   if_stage_inst/btb_inst/btb_reg[2][TAG][16]/D
                                0.97           1.19 r        -0.22  (VIOLATED)
   if_stage_inst/btb_inst/btb_reg[3][TARGET][2]/D
                                0.96           1.18 f        -0.22  (VIOLATED)
   R_1167/D                     0.96           1.17 f        -0.22  (VIOLATED)
   if_stage_inst/btb_inst/btb_reg[6][VALID]/D
                                0.97           1.18 r        -0.21  (VIOLATED)
   if_stage_inst/btb_inst/btb_reg[3][TAG][7]/D
                                0.96           1.17 f        -0.21  (VIOLATED)
   if_stage_inst/btb_inst/btb_reg[3][TAG][15]/D
                                0.96           1.17 f        -0.21  (VIOLATED)
   if_stage_inst/btb_inst/btb_reg[3][TAG][19]/D
                                0.96           1.17 f        -0.21  (VIOLATED)
   if_stage_inst/btb_inst/btb_reg[3][TAG][24]/D
                                0.96           1.17 f        -0.21  (VIOLATED)
   if_stage_inst/btb_inst/btb_reg[3][TAG][8]/D
                                0.96           1.17 f        -0.21  (VIOLATED)
   if_stage_inst/btb_inst/btb_reg[3][TAG][0]/D
                                0.96           1.17 f        -0.21  (VIOLATED)
   if_stage_inst/btb_inst/btb_reg[3][TAG][4]/D
                                0.96           1.17 f        -0.21  (VIOLATED)
   if_stage_inst/btb_inst/btb_reg[3][TAG][22]/D
                                0.96           1.17 f        -0.21  (VIOLATED)
   if_stage_inst/btb_inst/btb_reg[3][TAG][2]/D
                                0.96           1.17 f        -0.21  (VIOLATED)
   if_stage_inst/btb_inst/btb_reg[3][TAG][18]/D
                                0.96           1.17 f        -0.21  (VIOLATED)
   if_stage_inst/btb_inst/btb_reg[3][TAG][3]/D
                                0.96           1.17 f        -0.21  (VIOLATED)
   if_stage_inst/btb_inst/btb_reg[3][TAG][9]/D
                                0.96           1.17 f        -0.21  (VIOLATED)
   if_stage_inst/btb_inst/btb_reg[3][TARGET][11]/D
                                0.96           1.17 f        -0.21  (VIOLATED)
   R_1241/D                     0.96           1.17 f        -0.21  (VIOLATED)
   hazard_unit_inst/status_table_reg[7][0]/D
                                0.97           1.18 r        -0.21  (VIOLATED)
   if_stage_inst/btb_inst/btb_reg[3][TAG][14]/D
                                0.96           1.17 f        -0.21  (VIOLATED)
   R_1225/D                     0.97           1.18 r        -0.21  (VIOLATED)
   R_1283/D                     0.96           1.17 r        -0.21  (VIOLATED)
   R_1253/D                     0.95           1.16 r        -0.21  (VIOLATED)
   if_stage_inst/btb_inst/R_1028/D
                                0.95           1.16 r        -0.21  (VIOLATED)
   R_1213/D                     0.97           1.17 r        -0.21  (VIOLATED)
   id_stage_inst/rs2_reg/reg_data_reg[9]/D
                                0.97           1.18 r        -0.21  (VIOLATED)
   id_stage_inst/rs2_reg/reg_data_reg[5]/D
                                0.97           1.18 r        -0.21  (VIOLATED)
   id_stage_inst/rs2_reg/reg_data_reg[6]/D
                                0.97           1.18 r        -0.21  (VIOLATED)
   id_stage_inst/rs2_reg/reg_data_reg[27]/D
                                0.97           1.18 r        -0.21  (VIOLATED)
   id_stage_inst/rs2_reg/reg_data_reg[25]/D
                                0.97           1.18 r        -0.21  (VIOLATED)
   id_stage_inst/rs2_reg/reg_data_reg[29]/D
                                0.97           1.18 r        -0.21  (VIOLATED)
   R_1629/D                     0.97           1.17 r        -0.21  (VIOLATED)
   if_stage_inst/btb_inst/btb_reg[15][VALID]/D
                                0.95           1.16 f        -0.21  (VIOLATED)
   id_stage_inst/rs2_reg/reg_data_reg[18]/D
                                0.97           1.17 r        -0.21  (VIOLATED)
   id_stage_inst/rs2_reg/reg_data_reg[17]/D
                                0.97           1.17 r        -0.21  (VIOLATED)
   R_1083/D                     0.96           1.16 f        -0.21  (VIOLATED)
   if_stage_inst/btb_inst/R_1052/D
                                0.95           1.16 r        -0.20  (VIOLATED)
   R_1231/D                     0.96           1.16 f        -0.20  (VIOLATED)
   R_1653/D                     0.96           1.16 f        -0.20  (VIOLATED)
   if_stage_inst/btb_inst/R_1505/D
                                0.96           1.16 r        -0.20  (VIOLATED)
   if_stage_inst/btb_inst/R_1707/D
                                0.95           1.16 r        -0.20  (VIOLATED)
   R_1356/D                     0.95           1.16 r        -0.20  (VIOLATED)
   if_stage_inst/btb_inst/R_1528/D
                                0.96           1.16 r        -0.20  (VIOLATED)
   if_stage_inst/btb_inst/R_1025/D
                                0.95           1.15 r        -0.20  (VIOLATED)
   R_1618/D                     0.96           1.16 f        -0.20  (VIOLATED)
   R_1404/D                     0.95           1.15 r        -0.20  (VIOLATED)
   R_1250/D                     0.96           1.15 f        -0.20  (VIOLATED)
   id_stage_inst/rs2_reg/reg_data_reg[11]/D
                                0.97           1.16 r        -0.20  (VIOLATED)
   if_stage_inst/pc_plus4_reg/reg_data_reg[26]/D
                                0.97           1.16 r        -0.20  (VIOLATED)
   ex_stage_inst/mult_pp_inst/tree_i/layer_4_r_reg[0][6]/D
                                0.96           1.15 f        -0.19  (VIOLATED)
   if_stage_inst/btb_inst/R_1499/D
                                0.96           1.15 r        -0.19  (VIOLATED)
   R_1320/D                     0.95           1.15 r        -0.19  (VIOLATED)
   R_1366/D                     0.95           1.14 f        -0.19  (VIOLATED)
   R_469/D                      0.96           1.15 r        -0.19  (VIOLATED)
   if_stage_inst/btb_inst/R_1037/D
                                0.96           1.15 r        -0.19  (VIOLATED)
   R_1350/D                     0.95           1.14 f        -0.19  (VIOLATED)
   hazard_unit_inst/status_table_reg[15][0]/D
                                0.96           1.15 r        -0.19  (VIOLATED)
   hazard_unit_inst/status_table_reg[23][0]/D
                                0.96           1.15 r        -0.19  (VIOLATED)
   hazard_unit_inst/status_table_reg[31][0]/D
                                0.96           1.15 r        -0.19  (VIOLATED)
   if_stage_inst/btb_inst/R_1034/D
                                0.95           1.14 f        -0.19  (VIOLATED)
   if_stage_inst/btb_inst/R_1040/D
                                0.96           1.15 r        -0.19  (VIOLATED)
   if_stage_inst/btb_inst/R_1525/D
                                0.96           1.15 r        -0.19  (VIOLATED)
   R_1638/D                     0.97           1.15 r        -0.19  (VIOLATED)
   id_stage_inst/rs1_reg/reg_data_reg[23]/D
                                0.96           1.15 f        -0.19  (VIOLATED)
   ex_stage_inst/mult_pp_inst/tree_i/layer_4_r_reg[2][22]/D
                                0.95           1.14 f        -0.19  (VIOLATED)
   id_stage_inst/rs1_reg/reg_data_reg[30]/D
                                0.96           1.15 f        -0.19  (VIOLATED)
   hazard_unit_inst/status_table_reg[8][0]/D
                                0.97           1.15 r        -0.19  (VIOLATED)
   hazard_unit_inst/status_table_reg[9][0]/D
                                0.97           1.15 r        -0.19  (VIOLATED)
   hazard_unit_inst/status_table_reg[10][0]/D
                                0.97           1.15 r        -0.19  (VIOLATED)
   hazard_unit_inst/status_table_reg[11][0]/D
                                0.97           1.15 r        -0.19  (VIOLATED)
   hazard_unit_inst/status_table_reg[12][0]/D
                                0.97           1.15 r        -0.19  (VIOLATED)
   hazard_unit_inst/status_table_reg[13][0]/D
                                0.97           1.15 r        -0.19  (VIOLATED)
   hazard_unit_inst/status_table_reg[14][0]/D
                                0.97           1.15 r        -0.19  (VIOLATED)
   hazard_unit_inst/status_table_reg[24][0]/D
                                0.97           1.15 r        -0.19  (VIOLATED)
   hazard_unit_inst/status_table_reg[25][0]/D
                                0.97           1.15 r        -0.19  (VIOLATED)
   hazard_unit_inst/status_table_reg[26][0]/D
                                0.97           1.15 r        -0.19  (VIOLATED)
   hazard_unit_inst/status_table_reg[27][0]/D
                                0.97           1.15 r        -0.19  (VIOLATED)
   hazard_unit_inst/status_table_reg[28][0]/D
                                0.97           1.15 r        -0.19  (VIOLATED)
   hazard_unit_inst/status_table_reg[29][0]/D
                                0.97           1.15 r        -0.19  (VIOLATED)
   hazard_unit_inst/status_table_reg[30][0]/D
                                0.97           1.15 r        -0.19  (VIOLATED)
   hazard_unit_inst/status_table_reg[16][0]/D
                                0.97           1.15 r        -0.19  (VIOLATED)
   hazard_unit_inst/status_table_reg[17][0]/D
                                0.97           1.15 r        -0.19  (VIOLATED)
   hazard_unit_inst/status_table_reg[18][0]/D
                                0.97           1.15 r        -0.19  (VIOLATED)
   hazard_unit_inst/status_table_reg[19][0]/D
                                0.97           1.15 r        -0.19  (VIOLATED)
   hazard_unit_inst/status_table_reg[20][0]/D
                                0.97           1.15 r        -0.19  (VIOLATED)
   hazard_unit_inst/status_table_reg[21][0]/D
                                0.97           1.15 r        -0.19  (VIOLATED)
   hazard_unit_inst/status_table_reg[22][0]/D
                                0.97           1.15 r        -0.19  (VIOLATED)
   hazard_unit_inst/status_table_reg[31][1]/D
                                0.97           1.15 r        -0.19  (VIOLATED)
   if_stage_inst/btb_inst/R_1043/D
                                0.96           1.14 r        -0.19  (VIOLATED)
   if_stage_inst/btb_inst/R_1705/D
                                0.95           1.14 r        -0.19  (VIOLATED)
   hazard_unit_inst/status_table_reg[15][1]/D
                                0.97           1.15 r        -0.18  (VIOLATED)
   hazard_unit_inst/status_table_reg[23][1]/D
                                0.97           1.15 r        -0.18  (VIOLATED)
   R_1558/D                     0.96           1.14 f        -0.18  (VIOLATED)
   R_1645/D                     0.96           1.14 f        -0.18  (VIOLATED)
   R_1419/D                     0.95           1.14 r        -0.18  (VIOLATED)
   R_1626/D                     0.96           1.14 f        -0.18  (VIOLATED)
   ex_stage_inst/mult_pp_inst/tree_i/layer_4_r_reg[2][23]/D
                                0.96           1.14 f        -0.18  (VIOLATED)
   if_stage_inst/btb_inst/R_1046/D
                                0.95           1.14 r        -0.18  (VIOLATED)
   id_stage_inst/rs2_reg/reg_data_reg[20]/D
                                0.97           1.15 r        -0.18  (VIOLATED)
   id_stage_inst/rs1_reg/reg_data_reg[31]/D
                                0.97           1.15 r        -0.18  (VIOLATED)
   R_1074/D                     0.96           1.14 f        -0.18  (VIOLATED)
   if_stage_inst/btb_inst/R_1517/D
                                0.96           1.13 r        -0.18  (VIOLATED)
   R_1637/D                     0.97           1.14 r        -0.18  (VIOLATED)
   if_stage_inst/btb_inst/R_1493/D
                                0.96           1.13 r        -0.18  (VIOLATED)
   R_1240/D                     0.95           1.13 r        -0.18  (VIOLATED)
   if_stage_inst/btb_inst/R_1055/D
                                0.96           1.13 r        -0.18  (VIOLATED)
   R_869/D                      0.96           1.14 r        -0.18  (VIOLATED)
   R_1617/D                     0.97           1.14 r        -0.17  (VIOLATED)
   if_stage_inst/btb_inst/R_795/D
                                0.97           1.14 r        -0.17  (VIOLATED)
   if_stage_inst/btb_inst/R_797/D
                                0.97           1.14 r        -0.17  (VIOLATED)
   if_stage_inst/btb_inst/R_802/D
                                0.97           1.14 r        -0.17  (VIOLATED)
   if_stage_inst/btb_inst/R_819/D
                                0.97           1.14 r        -0.17  (VIOLATED)
   if_stage_inst/btb_inst/R_821/D
                                0.97           1.14 r        -0.17  (VIOLATED)
   if_stage_inst/btb_inst/R_825/D
                                0.97           1.14 r        -0.17  (VIOLATED)
   if_stage_inst/btb_inst/R_827/D
                                0.97           1.14 r        -0.17  (VIOLATED)
   if_stage_inst/btb_inst/R_833/D
                                0.97           1.14 r        -0.17  (VIOLATED)
   if_stage_inst/btb_inst/R_835/D
                                0.97           1.14 r        -0.17  (VIOLATED)
   if_stage_inst/btb_inst/R_839/D
                                0.97           1.14 r        -0.17  (VIOLATED)
   if_stage_inst/btb_inst/R_841/D
                                0.97           1.14 r        -0.17  (VIOLATED)
   if_stage_inst/btb_inst/R_845/D
                                0.97           1.14 r        -0.17  (VIOLATED)
   if_stage_inst/btb_inst/R_853/D
                                0.97           1.14 r        -0.17  (VIOLATED)
   if_stage_inst/btb_inst/R_855/D
                                0.97           1.14 r        -0.17  (VIOLATED)
   if_stage_inst/btb_inst/R_863/D
                                0.97           1.14 r        -0.17  (VIOLATED)
   if_stage_inst/btb_inst/R_865/D
                                0.97           1.14 r        -0.17  (VIOLATED)
   if_stage_inst/btb_inst/R_867/D
                                0.97           1.14 r        -0.17  (VIOLATED)
   if_stage_inst/btb_inst/R_871/D
                                0.97           1.14 r        -0.17  (VIOLATED)
   if_stage_inst/btb_inst/R_873/D
                                0.97           1.14 r        -0.17  (VIOLATED)
   if_stage_inst/btb_inst/R_875/D
                                0.97           1.14 r        -0.17  (VIOLATED)
   if_stage_inst/btb_inst/R_885/D
                                0.97           1.14 r        -0.17  (VIOLATED)
   if_stage_inst/btb_inst/R_888/D
                                0.97           1.14 r        -0.17  (VIOLATED)
   if_stage_inst/btb_inst/R_890/D
                                0.97           1.14 r        -0.17  (VIOLATED)
   if_stage_inst/btb_inst/R_892/D
                                0.97           1.14 r        -0.17  (VIOLATED)
   if_stage_inst/btb_inst/R_930/D
                                0.97           1.14 r        -0.17  (VIOLATED)
   if_stage_inst/btb_inst/R_932/D
                                0.97           1.14 r        -0.17  (VIOLATED)
   if_stage_inst/btb_inst/R_934/D
                                0.97           1.14 r        -0.17  (VIOLATED)
   if_stage_inst/btb_inst/R_936/D
                                0.97           1.14 r        -0.17  (VIOLATED)
   if_stage_inst/btb_inst/R_938/D
                                0.97           1.14 r        -0.17  (VIOLATED)
   if_stage_inst/btb_inst/R_940/D
                                0.97           1.14 r        -0.17  (VIOLATED)
   if_stage_inst/btb_inst/R_944/D
                                0.97           1.14 r        -0.17  (VIOLATED)
   if_stage_inst/btb_inst/R_973/D
                                0.97           1.14 r        -0.17  (VIOLATED)
   R_1399/D                     0.95           1.13 r        -0.17  (VIOLATED)
   id_stage_inst/rs1_reg/reg_data_reg[12]/D
                                0.96           1.14 r        -0.17  (VIOLATED)
   hazard_unit_inst/status_table_reg[7][1]/D
                                0.96           1.14 r        -0.17  (VIOLATED)
   if_stage_inst/btb_inst/R_1064/D
                                0.96           1.13 r        -0.17  (VIOLATED)
   R_38/D                       0.96           1.13 f        -0.17  (VIOLATED)
   R_1668/D                     0.96           1.13 f        -0.17  (VIOLATED)
   R_893/D                      0.97           1.13 r        -0.17  (VIOLATED)
   if_stage_inst/btb_inst/R_1022/D
                                0.96           1.13 r        -0.17  (VIOLATED)
   if_stage_inst/btb_inst/R_1531/D
                                0.96           1.13 r        -0.17  (VIOLATED)
   R_917/D                      0.97           1.13 r        -0.17  (VIOLATED)
   R_915/D                      0.97           1.13 r        -0.17  (VIOLATED)
   R_913/D                      0.97           1.13 r        -0.17  (VIOLATED)
   R_921/D                      0.97           1.13 r        -0.17  (VIOLATED)
   R_923/D                      0.97           1.13 r        -0.17  (VIOLATED)
   R_925/D                      0.97           1.13 r        -0.17  (VIOLATED)
   R_919/D                      0.97           1.13 r        -0.17  (VIOLATED)
   R_897/D                      0.97           1.13 r        -0.17  (VIOLATED)
   R_899/D                      0.97           1.13 r        -0.17  (VIOLATED)
   id_stage_inst/rs1_reg/reg_data_reg[24]/D
                                0.96           1.13 f        -0.17  (VIOLATED)
   R_909/D                      0.97           1.13 r        -0.17  (VIOLATED)
   R_911/D                      0.97           1.13 r        -0.17  (VIOLATED)
   R_903/D                      0.97           1.13 r        -0.17  (VIOLATED)
   R_907/D                      0.97           1.13 r        -0.17  (VIOLATED)
   R_901/D                      0.97           1.13 r        -0.17  (VIOLATED)
   R_905/D                      0.97           1.13 r        -0.17  (VIOLATED)
   R_961/D                      0.96           1.13 f        -0.17  (VIOLATED)
   ex_stage_inst/result_reg/reg_data_reg[29]/D
                                0.96           1.13 f        -0.17  (VIOLATED)
   if_stage_inst/btb_inst/R_1508/D
                                0.96           1.12 r        -0.17  (VIOLATED)
   R_16/D                       0.96           1.13 f        -0.17  (VIOLATED)
   R_956/D                      0.96           1.13 f        -0.17  (VIOLATED)
   if_stage_inst/btb_inst/R_1706/D
                                0.95           1.12 r        -0.17  (VIOLATED)
   id_stage_inst/rs1_reg/reg_data_reg[10]/D
                                0.97           1.13 r        -0.16  (VIOLATED)
   id_stage_inst/rs1_reg/reg_data_reg[22]/D
                                0.97           1.13 r        -0.16  (VIOLATED)
   id_stage_inst/rs1_reg/reg_data_reg[3]/D
                                0.97           1.13 r        -0.16  (VIOLATED)
   id_stage_inst/rs1_reg/reg_data_reg[13]/D
                                0.97           1.13 r        -0.16  (VIOLATED)
   id_stage_inst/rs1_reg/reg_data_reg[18]/D
                                0.97           1.13 r        -0.16  (VIOLATED)
   hazard_unit_inst/status_table_reg[4][0]/D
                                0.97           1.13 r        -0.16  (VIOLATED)
   hazard_unit_inst/status_table_reg[5][0]/D
                                0.97           1.13 r        -0.16  (VIOLATED)
   hazard_unit_inst/status_table_reg[3][0]/D
                                0.97           1.13 r        -0.16  (VIOLATED)
   R_975/D                      0.97           1.13 r        -0.16  (VIOLATED)
   if_stage_inst/btb_inst/R_1502/D
                                0.96           1.12 r        -0.16  (VIOLATED)
   R_445/D                      0.96           1.12 r        -0.16  (VIOLATED)
   if_stage_inst/btb_inst/R_1511/D
                                0.96           1.12 r        -0.16  (VIOLATED)
   if_stage_inst/btb_inst/R_1094/D
                                0.95           1.11 r        -0.16  (VIOLATED)
   R_895/D                      0.97           1.12 r        -0.16  (VIOLATED)
   hazard_unit_inst/status_table_reg[1][0]/D
                                0.97           1.12 r        -0.16  (VIOLATED)
   hazard_unit_inst/status_table_reg[6][0]/D
                                0.97           1.12 r        -0.16  (VIOLATED)
   hazard_unit_inst/status_table_reg[2][0]/D
                                0.97           1.12 r        -0.16  (VIOLATED)
   id_stage_inst/rs1_reg/reg_data_reg[25]/D
                                0.97           1.12 r        -0.16  (VIOLATED)
   ex_stage_inst/mult_pp_inst/tree_i/layer_4_r_reg[1][7]/D
                                0.97           1.12 r        -0.16  (VIOLATED)
   id_stage_inst/immediate_reg/reg_data_reg[6]/D
                                0.97           1.12 r        -0.15  (VIOLATED)
   id_stage_inst/immediate_reg/reg_data_reg[12]/D
                                0.97           1.12 r        -0.15  (VIOLATED)
   id_stage_inst/rs1_reg/reg_data_reg[4]/D
                                0.97           1.12 r        -0.15  (VIOLATED)
   id_stage_inst/rs1_reg/reg_data_reg[6]/D
                                0.97           1.12 r        -0.15  (VIOLATED)
   id_stage_inst/rs1_reg/reg_data_reg[28]/D
                                0.97           1.12 r        -0.15  (VIOLATED)
   ex_stage_inst/result_reg/reg_data_reg[16]/D
                                0.95           1.10 f        -0.15  (VIOLATED)
   R_1256/D                     0.96           1.11 f        -0.15  (VIOLATED)
   ex_stage_inst/result_reg/reg_data_reg[17]/D
                                0.96           1.11 f        -0.15  (VIOLATED)
   if_stage_inst/pc_plus4_reg/reg_data_reg[0]/D
                                0.96           1.11 f        -0.15  (VIOLATED)
   if_stage_inst/pc_plus4_reg/reg_data_reg[1]/D
                                0.96           1.11 f        -0.15  (VIOLATED)
   ex_stage_inst/mult_pp_inst/tree_i/layer_4_r_reg[2][19]/D
                                0.96           1.11 f        -0.15  (VIOLATED)
   if_stage_inst/current_pc_reg/reg_data_reg[0]/D
                                0.96           1.11 f        -0.15  (VIOLATED)
   if_stage_inst/current_pc_reg/reg_data_reg[1]/D
                                0.96           1.11 f        -0.15  (VIOLATED)
   if_stage_inst/pc_plus4_reg/reg_data_reg[25]/D
                                0.97           1.12 r        -0.15  (VIOLATED)
   R_954/D                      0.96           1.11 f        -0.15  (VIOLATED)
   R_959/D                      0.96           1.11 f        -0.15  (VIOLATED)
   R_960/D                      0.96           1.11 f        -0.15  (VIOLATED)
   R_14/D                       0.96           1.11 f        -0.15  (VIOLATED)
   if_stage_inst/btb_inst/R_1121/D
                                0.95           1.10 r        -0.15  (VIOLATED)
   ex_stage_inst/result_reg/reg_data_reg[30]/D
                                0.96           1.10 f        -0.14  (VIOLATED)
   R_1386/D                     0.96           1.10 f        -0.14  (VIOLATED)
   if_stage_inst/current_pc_reg/reg_data_reg[15]/D
                                0.96           1.10 f        -0.14  (VIOLATED)
   if_stage_inst/current_pc_reg/reg_data_reg[17]/D
                                0.96           1.10 f        -0.14  (VIOLATED)
   ex_stage_inst/result_reg/reg_data_reg[28]/D
                                0.96           1.10 f        -0.14  (VIOLATED)
   ex_stage_inst/result_reg/reg_data_reg[14]/D
                                0.96           1.10 f        -0.14  (VIOLATED)
   if_stage_inst/current_pc_reg/reg_data_reg[14]/D
                                0.96           1.10 f        -0.14  (VIOLATED)
   if_stage_inst/current_pc_reg/reg_data_reg[18]/D
                                0.96           1.10 f        -0.14  (VIOLATED)
   if_stage_inst/current_pc_reg/reg_data_reg[20]/D
                                0.96           1.10 f        -0.14  (VIOLATED)
   if_stage_inst/current_pc_reg/reg_data_reg[23]/D
                                0.96           1.10 f        -0.14  (VIOLATED)
   if_stage_inst/current_pc_reg/reg_data_reg[25]/D
                                0.96           1.10 f        -0.14  (VIOLATED)
   if_stage_inst/current_pc_reg/reg_data_reg[26]/D
                                0.96           1.10 f        -0.14  (VIOLATED)
   if_stage_inst/current_pc_reg/reg_data_reg[27]/D
                                0.96           1.10 f        -0.14  (VIOLATED)
   if_stage_inst/current_pc_reg/reg_data_reg[29]/D
                                0.96           1.10 f        -0.14  (VIOLATED)
   if_stage_inst/current_pc_reg/reg_data_reg[7]/D
                                0.96           1.10 f        -0.14  (VIOLATED)
   if_stage_inst/current_pc_reg/reg_data_reg[8]/D
                                0.96           1.10 f        -0.14  (VIOLATED)
   if_stage_inst/current_pc_reg/reg_data_reg[9]/D
                                0.96           1.10 f        -0.14  (VIOLATED)
   if_stage_inst/current_pc_reg/reg_data_reg[11]/D
                                0.96           1.10 f        -0.14  (VIOLATED)
   if_stage_inst/current_pc_reg/reg_data_reg[19]/D
                                0.96           1.10 f        -0.14  (VIOLATED)
   if_stage_inst/current_pc_reg/reg_data_reg[22]/D
                                0.96           1.10 f        -0.14  (VIOLATED)
   if_stage_inst/current_pc_reg/reg_data_reg[24]/D
                                0.96           1.10 f        -0.14  (VIOLATED)
   if_stage_inst/current_pc_reg/reg_data_reg[28]/D
                                0.96           1.10 f        -0.14  (VIOLATED)
   if_stage_inst/instruction_reg/reg_data_reg[31]/D
                                0.96           1.10 f        -0.14  (VIOLATED)
   R_36/D                       0.96           1.10 f        -0.14  (VIOLATED)
   R_37/D                       0.96           1.10 f        -0.14  (VIOLATED)
   if_stage_inst/current_pc_reg/reg_data_reg[10]/D
                                0.96           1.10 f        -0.14  (VIOLATED)
   if_stage_inst/current_pc_reg/reg_data_reg[16]/D
                                0.96           1.10 f        -0.14  (VIOLATED)
   if_stage_inst/current_pc_reg/reg_data_reg[21]/D
                                0.96           1.10 f        -0.14  (VIOLATED)
   if_stage_inst/current_pc_reg/reg_data_reg[30]/D
                                0.96           1.10 f        -0.14  (VIOLATED)
   if_stage_inst/current_pc_reg/reg_data_reg[31]/D
                                0.96           1.10 f        -0.14  (VIOLATED)
   if_stage_inst/instruction_reg/reg_data_reg[9]/D
                                0.96           1.10 f        -0.14  (VIOLATED)
   if_stage_inst/pc_plus4_reg/reg_data_reg[13]/D
                                0.96           1.10 f        -0.14  (VIOLATED)
   if_stage_inst/pc_plus4_reg/reg_data_reg[19]/D
                                0.96           1.10 f        -0.14  (VIOLATED)
   if_stage_inst/pc_plus4_reg/reg_data_reg[21]/D
                                0.96           1.10 f        -0.14  (VIOLATED)
   hazard_unit_inst/status_table_reg[4][1]/D
                                0.96           1.10 f        -0.14  (VIOLATED)
   hazard_unit_inst/status_table_reg[5][1]/D
                                0.96           1.10 f        -0.14  (VIOLATED)
   id_stage_inst/rs1_reg/reg_data_reg[5]/D
                                0.97           1.11 r        -0.14  (VIOLATED)
   hazard_unit_inst/status_table_reg[3][1]/D
                                0.96           1.10 f        -0.14  (VIOLATED)
   hazard_unit_inst/status_table_reg[8][1]/D
                                0.97           1.10 r        -0.14  (VIOLATED)
   hazard_unit_inst/status_table_reg[9][1]/D
                                0.97           1.10 r        -0.14  (VIOLATED)
   hazard_unit_inst/status_table_reg[10][1]/D
                                0.97           1.10 r        -0.14  (VIOLATED)
   hazard_unit_inst/status_table_reg[11][1]/D
                                0.97           1.10 r        -0.14  (VIOLATED)
   hazard_unit_inst/status_table_reg[12][1]/D
                                0.97           1.10 r        -0.14  (VIOLATED)
   hazard_unit_inst/status_table_reg[13][1]/D
                                0.97           1.10 r        -0.14  (VIOLATED)
   if_stage_inst/btb_inst/R_1514/D
                                0.96           1.10 r        -0.14  (VIOLATED)
   hazard_unit_inst/status_table_reg[14][1]/D
                                0.97           1.10 r        -0.14  (VIOLATED)
   hazard_unit_inst/status_table_reg[16][1]/D
                                0.97           1.10 r        -0.14  (VIOLATED)
   hazard_unit_inst/status_table_reg[17][1]/D
                                0.97           1.10 r        -0.14  (VIOLATED)
   hazard_unit_inst/status_table_reg[18][1]/D
                                0.97           1.10 r        -0.14  (VIOLATED)
   hazard_unit_inst/status_table_reg[19][1]/D
                                0.97           1.10 r        -0.14  (VIOLATED)
   hazard_unit_inst/status_table_reg[20][1]/D
                                0.97           1.10 r        -0.14  (VIOLATED)
   hazard_unit_inst/status_table_reg[21][1]/D
                                0.97           1.10 r        -0.14  (VIOLATED)
   hazard_unit_inst/status_table_reg[22][1]/D
                                0.97           1.10 r        -0.14  (VIOLATED)
   hazard_unit_inst/status_table_reg[24][1]/D
                                0.97           1.10 r        -0.14  (VIOLATED)
   hazard_unit_inst/status_table_reg[25][1]/D
                                0.97           1.10 r        -0.14  (VIOLATED)
   hazard_unit_inst/status_table_reg[26][1]/D
                                0.97           1.10 r        -0.14  (VIOLATED)
   hazard_unit_inst/status_table_reg[27][1]/D
                                0.97           1.10 r        -0.14  (VIOLATED)
   hazard_unit_inst/status_table_reg[28][1]/D
                                0.97           1.10 r        -0.14  (VIOLATED)
   hazard_unit_inst/status_table_reg[29][1]/D
                                0.97           1.10 r        -0.14  (VIOLATED)
   hazard_unit_inst/status_table_reg[30][1]/D
                                0.97           1.10 r        -0.14  (VIOLATED)
   ex_stage_inst/result_reg/reg_data_reg[20]/D
                                0.96           1.10 f        -0.14  (VIOLATED)
   id_stage_inst/rs1_reg/reg_data_reg[29]/D
                                0.96           1.10 f        -0.14  (VIOLATED)
   id_stage_inst/rs1_reg/reg_data_reg[2]/D
                                0.96           1.09 f        -0.14  (VIOLATED)
   if_stage_inst/instruction_reg/reg_data_reg[0]/D
                                0.96           1.09 f        -0.13  (VIOLATED)
   if_stage_inst/instruction_reg/reg_data_reg[1]/D
                                0.96           1.09 f        -0.13  (VIOLATED)
   if_stage_inst/instruction_reg/reg_data_reg[2]/D
                                0.96           1.09 f        -0.13  (VIOLATED)
   if_stage_inst/instruction_reg/reg_data_reg[3]/D
                                0.96           1.09 f        -0.13  (VIOLATED)
   if_stage_inst/instruction_reg/reg_data_reg[4]/D
                                0.96           1.09 f        -0.13  (VIOLATED)
   if_stage_inst/instruction_reg/reg_data_reg[5]/D
                                0.96           1.09 f        -0.13  (VIOLATED)
   if_stage_inst/instruction_reg/reg_data_reg[7]/D
                                0.96           1.09 f        -0.13  (VIOLATED)
   if_stage_inst/instruction_reg/reg_data_reg[11]/D
                                0.96           1.09 f        -0.13  (VIOLATED)
   if_stage_inst/instruction_reg/reg_data_reg[12]/D
                                0.96           1.09 f        -0.13  (VIOLATED)
   if_stage_inst/instruction_reg/reg_data_reg[18]/D
                                0.96           1.09 f        -0.13  (VIOLATED)
   if_stage_inst/instruction_reg/reg_data_reg[19]/D
                                0.96           1.09 f        -0.13  (VIOLATED)
   if_stage_inst/instruction_reg/reg_data_reg[20]/D
                                0.96           1.09 f        -0.13  (VIOLATED)
   if_stage_inst/instruction_reg/reg_data_reg[21]/D
                                0.96           1.09 f        -0.13  (VIOLATED)
   if_stage_inst/instruction_reg/reg_data_reg[22]/D
                                0.96           1.09 f        -0.13  (VIOLATED)
   if_stage_inst/instruction_reg/reg_data_reg[23]/D
                                0.96           1.09 f        -0.13  (VIOLATED)
   if_stage_inst/instruction_reg/reg_data_reg[25]/D
                                0.96           1.09 f        -0.13  (VIOLATED)
   if_stage_inst/instruction_reg/reg_data_reg[29]/D
                                0.96           1.09 f        -0.13  (VIOLATED)
   if_stage_inst/instruction_reg/reg_data_reg[30]/D
                                0.96           1.09 f        -0.13  (VIOLATED)
   if_stage_inst/pc_plus4_reg/reg_data_reg[3]/D
                                0.96           1.09 f        -0.13  (VIOLATED)
   if_stage_inst/pc_plus4_reg/reg_data_reg[9]/D
                                0.96           1.09 f        -0.13  (VIOLATED)
   if_stage_inst/pc_plus4_reg/reg_data_reg[23]/D
                                0.96           1.09 f        -0.13  (VIOLATED)
   id_stage_inst/immediate_reg/reg_data_reg[22]/D
                                0.97           1.10 r        -0.13  (VIOLATED)
   id_stage_inst/pc_plus4_reg/reg_data_reg[2]/D
                                0.97           1.10 r        -0.13  (VIOLATED)
   id_stage_inst/pc_plus4_reg/reg_data_reg[3]/D
                                0.97           1.10 r        -0.13  (VIOLATED)
   id_stage_inst/pc_plus4_reg/reg_data_reg[4]/D
                                0.97           1.10 r        -0.13  (VIOLATED)
   id_stage_inst/pc_plus4_reg/reg_data_reg[8]/D
                                0.97           1.10 r        -0.13  (VIOLATED)
   id_stage_inst/pc_plus4_reg/reg_data_reg[9]/D
                                0.97           1.10 r        -0.13  (VIOLATED)
   id_stage_inst/pc_plus4_reg/reg_data_reg[25]/D
                                0.97           1.10 r        -0.13  (VIOLATED)
   id_stage_inst/pc_plus4_reg/reg_data_reg[31]/D
                                0.97           1.10 r        -0.13  (VIOLATED)
   ex_stage_inst/result_reg/reg_data_reg[21]/D
                                0.96           1.09 f        -0.13  (VIOLATED)
   id_stage_inst/pc_plus4_reg/reg_data_reg[27]/D
                                0.97           1.10 r        -0.13  (VIOLATED)
   R_15/D                       0.97           1.10 r        -0.13  (VIOLATED)
   R_955/D                      0.97           1.10 r        -0.13  (VIOLATED)
   id_stage_inst/rs1_reg/reg_data_reg[15]/D
                                0.97           1.10 r        -0.13  (VIOLATED)
   ex_stage_inst/result_reg/reg_data_reg[6]/D
                                0.96           1.09 f        -0.13  (VIOLATED)
   id_stage_inst/immediate_reg/reg_data_reg[15]/D
                                0.97           1.09 r        -0.13  (VIOLATED)
   id_stage_inst/immediate_reg/reg_data_reg[20]/D
                                0.97           1.09 r        -0.13  (VIOLATED)
   id_stage_inst/immediate_reg/reg_data_reg[26]/D
                                0.97           1.09 r        -0.13  (VIOLATED)
   id_stage_inst/immediate_reg/reg_data_reg[31]/D
                                0.97           1.09 r        -0.13  (VIOLATED)
   id_stage_inst/pc_plus4_reg/reg_data_reg[0]/D
                                0.97           1.09 r        -0.13  (VIOLATED)
   id_stage_inst/pc_plus4_reg/reg_data_reg[1]/D
                                0.97           1.09 r        -0.13  (VIOLATED)
   id_stage_inst/pc_plus4_reg/reg_data_reg[10]/D
                                0.97           1.09 r        -0.13  (VIOLATED)
   id_stage_inst/pc_plus4_reg/reg_data_reg[12]/D
                                0.97           1.09 r        -0.13  (VIOLATED)
   id_stage_inst/pc_plus4_reg/reg_data_reg[13]/D
                                0.97           1.09 r        -0.13  (VIOLATED)
   id_stage_inst/pc_plus4_reg/reg_data_reg[23]/D
                                0.97           1.09 r        -0.13  (VIOLATED)
   id_stage_inst/rd_addr_reg/reg_data_reg[1]/D
                                0.97           1.09 r        -0.13  (VIOLATED)
   id_stage_inst/rd_addr_reg/reg_data_reg[2]/D
                                0.97           1.09 r        -0.13  (VIOLATED)
   R_1665/D                     0.96           1.08 f        -0.13  (VIOLATED)
   id_stage_inst/rs1_reg/reg_data_reg[26]/D
                                0.96           1.09 f        -0.13  (VIOLATED)
   R_1459/D                     0.96           1.08 f        -0.13  (VIOLATED)
   ex_stage_inst/result_reg/reg_data_reg[15]/D
                                0.97           1.09 r        -0.13  (VIOLATED)
   ex_stage_inst/result_reg/reg_data_reg[19]/D
                                0.96           1.08 f        -0.12  (VIOLATED)
   ex_stage_inst/result_reg/reg_data_reg[18]/D
                                0.96           1.08 f        -0.12  (VIOLATED)
   if_stage_inst/pc_plus4_reg/reg_data_reg[2]/D
                                0.97           1.09 r        -0.12  (VIOLATED)
   if_stage_inst/current_pc_reg/reg_data_reg[6]/D
                                0.97           1.09 r        -0.12  (VIOLATED)
   if_stage_inst/pc_plus4_reg/reg_data_reg[4]/D
                                0.97           1.09 r        -0.12  (VIOLATED)
   if_stage_inst/pc_plus4_reg/reg_data_reg[6]/D
                                0.97           1.09 r        -0.12  (VIOLATED)
   if_stage_inst/pc_plus4_reg/reg_data_reg[10]/D
                                0.97           1.09 r        -0.12  (VIOLATED)
   if_stage_inst/pc_plus4_reg/reg_data_reg[16]/D
                                0.97           1.09 r        -0.12  (VIOLATED)
   if_stage_inst/pc_plus4_reg/reg_data_reg[24]/D
                                0.97           1.09 r        -0.12  (VIOLATED)
   if_stage_inst/pc_plus4_reg/reg_data_reg[11]/D
                                0.97           1.09 r        -0.12  (VIOLATED)
   if_stage_inst/pc_plus4_reg/reg_data_reg[22]/D
                                0.97           1.09 r        -0.12  (VIOLATED)
   ex_stage_inst/result_reg/reg_data_reg[9]/D
                                0.96           1.08 f        -0.12  (VIOLATED)
   id_stage_inst/rs1_reg/reg_data_reg[9]/D
                                0.97           1.09 r        -0.12  (VIOLATED)
   ex_stage_inst/result_reg/reg_data_reg[25]/D
                                0.97           1.09 r        -0.12  (VIOLATED)
   id_stage_inst/rs1_reg/reg_data_reg[19]/D
                                0.97           1.09 r        -0.12  (VIOLATED)
   ex_stage_inst/mult_pp_inst/tree_i/layer_4_r_reg[3][23]/D
                                0.97           1.08 r        -0.12  (VIOLATED)
   id_stage_inst/rs1_reg/reg_data_reg[7]/D
                                0.96           1.07 f        -0.11  (VIOLATED)
   R_1340/D                     0.96           1.08 r        -0.11  (VIOLATED)
   if_stage_inst/btb_inst/btb_reg[4][VALID]/D
                                0.96           1.07 f        -0.11  (VIOLATED)
   id_stage_inst/rs1_reg/reg_data_reg[16]/D
                                0.97           1.08 r        -0.11  (VIOLATED)
   id_stage_inst/rs1_reg/reg_data_reg[8]/D
                                0.97           1.08 r        -0.11  (VIOLATED)
   R_948/D                      0.97           1.08 r        -0.11  (VIOLATED)
   R_949/D                      0.97           1.08 r        -0.11  (VIOLATED)
   ex_stage_inst/result_reg/reg_data_reg[12]/D
                                0.96           1.07 f        -0.11  (VIOLATED)
   if_stage_inst/instruction_reg/reg_data_reg[6]/D
                                0.96           1.07 f        -0.11  (VIOLATED)
   if_stage_inst/instruction_reg/reg_data_reg[8]/D
                                0.96           1.07 f        -0.11  (VIOLATED)
   if_stage_inst/instruction_reg/reg_data_reg[10]/D
                                0.96           1.07 f        -0.11  (VIOLATED)
   if_stage_inst/pc_plus4_reg/reg_data_reg[7]/D
                                0.96           1.07 f        -0.11  (VIOLATED)
   if_stage_inst/pc_plus4_reg/reg_data_reg[8]/D
                                0.96           1.07 f        -0.11  (VIOLATED)
   if_stage_inst/pc_plus4_reg/reg_data_reg[12]/D
                                0.96           1.07 f        -0.11  (VIOLATED)
   if_stage_inst/pc_plus4_reg/reg_data_reg[14]/D
                                0.96           1.07 f        -0.11  (VIOLATED)
   if_stage_inst/pc_plus4_reg/reg_data_reg[15]/D
                                0.96           1.07 f        -0.11  (VIOLATED)
   if_stage_inst/pc_plus4_reg/reg_data_reg[17]/D
                                0.96           1.07 f        -0.11  (VIOLATED)
   if_stage_inst/pc_plus4_reg/reg_data_reg[20]/D
                                0.96           1.07 f        -0.11  (VIOLATED)
   id_stage_inst/rs1_reg/reg_data_reg[21]/D
                                0.96           1.07 f        -0.11  (VIOLATED)
   R_1610/D                     0.97           1.07 r        -0.11  (VIOLATED)
   id_stage_inst/rs2_reg/reg_data_reg[31]/D
                                0.97           1.07 r        -0.10  (VIOLATED)
   hazard_unit_inst/status_table_reg[6][1]/D
                                0.96           1.06 f        -0.10  (VIOLATED)
   hazard_unit_inst/status_table_reg[1][1]/D
                                0.96           1.06 f        -0.10  (VIOLATED)
   hazard_unit_inst/status_table_reg[2][1]/D
                                0.96           1.06 f        -0.10  (VIOLATED)
   if_stage_inst/instruction_reg/reg_data_reg[13]/D
                                0.97           1.07 r        -0.10  (VIOLATED)
   if_stage_inst/instruction_reg/reg_data_reg[14]/D
                                0.97           1.07 r        -0.10  (VIOLATED)
   if_stage_inst/instruction_reg/reg_data_reg[15]/D
                                0.97           1.07 r        -0.10  (VIOLATED)
   if_stage_inst/instruction_reg/reg_data_reg[16]/D
                                0.97           1.07 r        -0.10  (VIOLATED)
   if_stage_inst/instruction_reg/reg_data_reg[17]/D
                                0.97           1.07 r        -0.10  (VIOLATED)
   if_stage_inst/pc_plus4_reg/reg_data_reg[5]/D
                                0.97           1.07 r        -0.10  (VIOLATED)
   if_stage_inst/pc_plus4_reg/reg_data_reg[18]/D
                                0.97           1.07 r        -0.10  (VIOLATED)
   R_457/D                      0.96           1.06 r        -0.10  (VIOLATED)
   if_stage_inst/instruction_reg/reg_data_reg[24]/D
                                0.97           1.07 r        -0.10  (VIOLATED)
   if_stage_inst/btb_inst/R_1388/D
                                0.96           1.06 f        -0.10  (VIOLATED)
   R_35/D                       0.97           1.07 r        -0.10  (VIOLATED)
   R_1197/D                     0.95           1.05 f        -0.10  (VIOLATED)
   R_1596/D                     0.97           1.06 r        -0.09  (VIOLATED)
   R_1599/D                     0.97           1.06 r        -0.09  (VIOLATED)
   id_stage_inst/rs1_reg/reg_data_reg[27]/D
                                0.96           1.05 f        -0.09  (VIOLATED)
   ex_stage_inst/result_reg/reg_data_reg[7]/D
                                0.96           1.05 f        -0.09  (VIOLATED)
   R_1621/D                     0.97           1.06 r        -0.09  (VIOLATED)
   R_1630/D                     0.97           1.06 r        -0.09  (VIOLATED)
   R_94/D                       0.96           1.05 f        -0.09  (VIOLATED)
   R_104/D                      0.96           1.05 f        -0.09  (VIOLATED)
   R_112/D                      0.96           1.05 f        -0.09  (VIOLATED)
   R_513/D                      0.96           1.05 f        -0.09  (VIOLATED)
   R_515/D                      0.96           1.05 f        -0.09  (VIOLATED)
   R_517/D                      0.96           1.05 f        -0.09  (VIOLATED)
   R_519/D                      0.96           1.05 f        -0.09  (VIOLATED)
   R_521/D                      0.96           1.05 f        -0.09  (VIOLATED)
   R_523/D                      0.96           1.05 f        -0.09  (VIOLATED)
   R_525/D                      0.96           1.05 f        -0.09  (VIOLATED)
   R_527/D                      0.96           1.05 f        -0.09  (VIOLATED)
   R_529/D                      0.96           1.05 f        -0.09  (VIOLATED)
   R_531/D                      0.96           1.05 f        -0.09  (VIOLATED)
   R_533/D                      0.96           1.05 f        -0.09  (VIOLATED)
   R_546/D                      0.96           1.05 f        -0.09  (VIOLATED)
   R_548/D                      0.96           1.05 f        -0.09  (VIOLATED)
   R_550/D                      0.96           1.05 f        -0.09  (VIOLATED)
   R_558/D                      0.96           1.05 f        -0.09  (VIOLATED)
   R_563/D                      0.96           1.05 f        -0.09  (VIOLATED)
   R_565/D                      0.96           1.05 f        -0.09  (VIOLATED)
   R_567/D                      0.96           1.05 f        -0.09  (VIOLATED)
   R_590/D                      0.96           1.05 f        -0.09  (VIOLATED)
   R_622/D                      0.96           1.05 f        -0.09  (VIOLATED)
   R_656/D                      0.96           1.05 f        -0.09  (VIOLATED)
   R_658/D                      0.96           1.05 f        -0.09  (VIOLATED)
   R_660/D                      0.96           1.05 f        -0.09  (VIOLATED)
   R_663/D                      0.96           1.05 f        -0.09  (VIOLATED)
   if_stage_inst/btb_inst/btb_reg[7][VALID]/D
                                0.96           1.05 f        -0.09  (VIOLATED)
   ex_stage_inst/result_reg/reg_data_reg[26]/D
                                0.95           1.04 f        -0.09  (VIOLATED)
   ex_stage_inst/result_reg/reg_data_reg[4]/D
                                0.97           1.06 r        -0.09  (VIOLATED)
   ex_stage_inst/mult_pp_inst/tree_i/layer_4_r_reg[0][5]/D
                                0.97           1.06 r        -0.09  (VIOLATED)
   R_1195/D                     0.95           1.04 f        -0.08  (VIOLATED)
   R_1199/D                     0.95           1.04 f        -0.08  (VIOLATED)
   id_stage_inst/rs1_reg/reg_data_reg[14]/D
                                0.96           1.04 f        -0.08  (VIOLATED)
   id_stage_inst/rs1_reg/reg_data_reg[20]/D
                                0.96           1.04 f        -0.08  (VIOLATED)
   id_stage_inst/rs1_reg/reg_data_reg[11]/D
                                0.97           1.05 r        -0.08  (VIOLATED)
   if_stage_inst/btb_inst/R_1097/D
                                0.96           1.04 r        -0.08  (VIOLATED)
   ex_stage_inst/result_reg/reg_data_reg[27]/D
                                0.95           1.03 f        -0.08  (VIOLATED)
   if_stage_inst/btb_inst/btb_reg[14][VALID]/D
                                0.96           1.04 f        -0.08  (VIOLATED)
   ex_stage_inst/result_reg/reg_data_reg[8]/D
                                0.96           1.04 f        -0.08  (VIOLATED)
   id_stage_inst/immediate_reg/reg_data_reg[11]/D
                                0.97           1.05 r        -0.08  (VIOLATED)
   id_stage_inst/rs1_reg/reg_data_reg[1]/D
                                0.97           1.04 r        -0.08  (VIOLATED)
   id_stage_inst/immediate_reg/reg_data_reg[4]/D
                                0.97           1.04 r        -0.08  (VIOLATED)
   ex_stage_inst/result_reg/reg_data_reg[3]/D
                                0.97           1.04 r        -0.07  (VIOLATED)
   id_stage_inst/immediate_reg/reg_data_reg[0]/D
                                0.97           1.04 r        -0.07  (VIOLATED)
   id_stage_inst/immediate_reg/reg_data_reg[7]/D
                                0.97           1.04 r        -0.07  (VIOLATED)
   id_stage_inst/immediate_reg/reg_data_reg[9]/D
                                0.97           1.04 r        -0.07  (VIOLATED)
   id_stage_inst/immediate_reg/reg_data_reg[10]/D
                                0.97           1.04 r        -0.07  (VIOLATED)
   ex_stage_inst/result_reg/reg_data_reg[23]/D
                                0.95           1.02 f        -0.07  (VIOLATED)
   ex_stage_inst/result_reg/reg_data_reg[24]/D
                                0.96           1.03 f        -0.07  (VIOLATED)
   ex_stage_inst/result_reg/reg_data_reg[5]/D
                                0.97           1.04 r        -0.07  (VIOLATED)
   if_stage_inst/btb_inst/btb_reg[2][VALID]/D
                                0.96           1.03 f        -0.07  (VIOLATED)
   ex_stage_inst/mult_pp_inst/tree_i/layer_4_r_reg[1][6]/D
                                0.97           1.04 r        -0.07  (VIOLATED)
   if_stage_inst/btb_inst/btb_reg[0][VALID]/D
                                0.96           1.02 f        -0.07  (VIOLATED)
   R_1660/SI                    0.91           0.98 f        -0.07  (VIOLATED)
   id_stage_inst/rs1_reg/reg_data_reg[17]/D
                                0.96           1.03 f        -0.07  (VIOLATED)
   ex_stage_inst/result_reg/reg_data_reg[11]/D
                                0.95           1.02 f        -0.07  (VIOLATED)
   R_1624/D                     0.96           1.02 f        -0.07  (VIOLATED)
   R_1623/D                     0.96           1.02 f        -0.07  (VIOLATED)
   R_1201/D                     0.97           1.03 r        -0.06  (VIOLATED)
   ex_stage_inst/result_reg/reg_data_reg[13]/D
                                0.96           1.02 f        -0.06  (VIOLATED)
   id_stage_inst/immediate_reg/reg_data_reg[13]/D
                                0.97           1.03 r        -0.06  (VIOLATED)
   id_stage_inst/immediate_reg/reg_data_reg[14]/D
                                0.97           1.03 r        -0.06  (VIOLATED)
   R_1395/D                     0.96           1.02 f        -0.06  (VIOLATED)
   if_stage_inst/btb_inst/R_1106/D
                                0.96           1.02 f        -0.06  (VIOLATED)
   if_stage_inst/btb_inst/btb_reg[12][VALID]/D
                                0.96           1.02 f        -0.06  (VIOLATED)
   if_stage_inst/btb_inst/btb_reg[11][VALID]/D
                                0.97           1.03 r        -0.06  (VIOLATED)
   R_1438/D                     0.95           1.01 r        -0.06  (VIOLATED)
   id_stage_inst/immediate_reg/reg_data_reg[19]/D
                                0.97           1.03 r        -0.06  (VIOLATED)
   id_stage_inst/immediate_reg/reg_data_reg[21]/D
                                0.97           1.03 r        -0.06  (VIOLATED)
   id_stage_inst/immediate_reg/reg_data_reg[28]/D
                                0.97           1.03 r        -0.06  (VIOLATED)
   id_stage_inst/immediate_reg/reg_data_reg[29]/D
                                0.97           1.03 r        -0.06  (VIOLATED)
   id_stage_inst/pc_plus4_reg/reg_data_reg[28]/D
                                0.97           1.03 r        -0.06  (VIOLATED)
   id_stage_inst/immediate_reg/reg_data_reg[16]/D
                                0.97           1.03 r        -0.06  (VIOLATED)
   id_stage_inst/immediate_reg/reg_data_reg[24]/D
                                0.97           1.03 r        -0.06  (VIOLATED)
   id_stage_inst/pc_plus4_reg/reg_data_reg[5]/D
                                0.97           1.03 r        -0.06  (VIOLATED)
   id_stage_inst/pc_plus4_reg/reg_data_reg[30]/D
                                0.97           1.03 r        -0.06  (VIOLATED)
   id_stage_inst/pc_plus4_reg/reg_data_reg[11]/D
                                0.97           1.03 r        -0.06  (VIOLATED)
   id_stage_inst/pc_plus4_reg/reg_data_reg[16]/D
                                0.97           1.03 r        -0.06  (VIOLATED)
   id_stage_inst/pc_plus4_reg/reg_data_reg[29]/D
                                0.97           1.03 r        -0.06  (VIOLATED)
   id_stage_inst/pc_plus4_reg/reg_data_reg[20]/D
                                0.97           1.03 r        -0.06  (VIOLATED)
   id_stage_inst/pc_plus4_reg/reg_data_reg[21]/D
                                0.97           1.03 r        -0.06  (VIOLATED)
   id_stage_inst/pc_plus4_reg/reg_data_reg[24]/D
                                0.97           1.03 r        -0.06  (VIOLATED)
   R_1221/D                     0.96           1.02 f        -0.06  (VIOLATED)
   id_stage_inst/immediate_reg/reg_data_reg[3]/D
                                0.97           1.03 r        -0.06  (VIOLATED)
   id_stage_inst/immediate_reg/reg_data_reg[8]/D
                                0.97           1.03 r        -0.06  (VIOLATED)
   id_stage_inst/immediate_reg/reg_data_reg[18]/D
                                0.97           1.03 r        -0.06  (VIOLATED)
   id_stage_inst/pc_plus4_reg/reg_data_reg[6]/D
                                0.97           1.03 r        -0.06  (VIOLATED)
   id_stage_inst/pc_plus4_reg/reg_data_reg[7]/D
                                0.97           1.03 r        -0.06  (VIOLATED)
   id_stage_inst/pc_plus4_reg/reg_data_reg[15]/D
                                0.97           1.03 r        -0.06  (VIOLATED)
   id_stage_inst/pc_plus4_reg/reg_data_reg[19]/D
                                0.97           1.03 r        -0.06  (VIOLATED)
   id_stage_inst/pc_plus4_reg/reg_data_reg[22]/D
                                0.97           1.03 r        -0.06  (VIOLATED)
   id_stage_inst/pc_plus4_reg/reg_data_reg[26]/D
                                0.97           1.03 r        -0.06  (VIOLATED)
   if_stage_inst/btb_inst/R_1127/D
                                0.94           1.00 f        -0.06  (VIOLATED)
   R_1324/D                     0.96           1.01 r        -0.06  (VIOLATED)
   if_stage_inst/btb_inst/btb_reg[3][VALID]/D
                                0.96           1.02 f        -0.06  (VIOLATED)
   if_stage_inst/btb_inst/btb_reg[1][VALID]/D
                                0.96           1.01 f        -0.06  (VIOLATED)
   R_1393/D                     0.96           1.01 r        -0.06  (VIOLATED)
   R_465/D                      0.96           1.02 r        -0.05  (VIOLATED)
   id_stage_inst/immediate_reg/reg_data_reg[27]/D
                                0.97           1.02 r        -0.05  (VIOLATED)
   id_stage_inst/pc_plus4_reg/reg_data_reg[18]/D
                                0.97           1.02 r        -0.05  (VIOLATED)
   if_stage_inst/btb_inst/btb_reg[8][VALID]/D
                                0.96           1.01 f        -0.05  (VIOLATED)
   id_stage_inst/immediate_reg/reg_data_reg[23]/D
                                0.97           1.02 r        -0.05  (VIOLATED)
   id_stage_inst/pc_plus4_reg/reg_data_reg[17]/D
                                0.97           1.02 r        -0.05  (VIOLATED)
   id_stage_inst/rd_addr_reg/reg_data_reg[0]/D
                                0.97           1.02 r        -0.05  (VIOLATED)
   id_stage_inst/rd_addr_reg/reg_data_reg[3]/D
                                0.97           1.02 r        -0.05  (VIOLATED)
   id_stage_inst/rd_addr_reg/reg_data_reg[4]/D
                                0.97           1.02 r        -0.05  (VIOLATED)
   ex_stage_inst/result_reg/reg_data_reg[10]/D
                                0.95           1.00 f        -0.05  (VIOLATED)
   if_stage_inst/btb_inst/R_1100/D
                                0.94           0.99 f        -0.05  (VIOLATED)
   if_stage_inst/btb_inst/btb_reg[13][VALID]/D
                                0.96           1.00 f        -0.05  (VIOLATED)
   if_stage_inst/btb_inst/R_1091/D
                                0.94           0.99 f        -0.05  (VIOLATED)
   R_900/D                      0.97           1.01 r        -0.05  (VIOLATED)
   R_902/D                      0.97           1.01 r        -0.05  (VIOLATED)
   R_904/D                      0.97           1.01 r        -0.05  (VIOLATED)
   R_914/D                      0.97           1.01 r        -0.05  (VIOLATED)
   if_stage_inst/btb_inst/R_1118/D
                                0.95           0.99 f        -0.05  (VIOLATED)
   R_868/D                      0.97           1.01 r        -0.05  (VIOLATED)
   R_906/D                      0.97           1.01 r        -0.05  (VIOLATED)
   R_908/D                      0.97           1.01 r        -0.05  (VIOLATED)
   R_918/D                      0.97           1.01 r        -0.05  (VIOLATED)
   R_926/D                      0.97           1.01 r        -0.05  (VIOLATED)
   if_stage_inst/btb_inst/R_1072/D
                                0.95           0.99 f        -0.04  (VIOLATED)
   R_894/D                      0.97           1.01 r        -0.04  (VIOLATED)
   R_910/D                      0.97           1.01 r        -0.04  (VIOLATED)
   R_920/D                      0.97           1.01 r        -0.04  (VIOLATED)
   R_922/D                      0.97           1.01 r        -0.04  (VIOLATED)
   R_924/D                      0.97           1.01 r        -0.04  (VIOLATED)
   id_stage_inst/immediate_reg/reg_data_reg[1]/D
                                0.97           1.01 r        -0.04  (VIOLATED)
   id_stage_inst/immediate_reg/reg_data_reg[5]/D
                                0.97           1.01 r        -0.04  (VIOLATED)
   R_1608/D                     0.96           1.00 r        -0.04  (VIOLATED)
   id_stage_inst/immediate_reg/reg_data_reg[17]/D
                                0.97           1.01 r        -0.04  (VIOLATED)
   if_stage_inst/btb_inst/R_1103/D
                                0.95           0.99 f        -0.04  (VIOLATED)
   if_stage_inst/btb_inst/R_1115/D
                                0.95           0.99 f        -0.04  (VIOLATED)
   R_962/D                      0.96           1.00 r        -0.04  (VIOLATED)
   R_970/D                      0.96           1.00 r        -0.04  (VIOLATED)
   R_1400/D                     0.96           1.00 r        -0.04  (VIOLATED)
   ex_stage_inst/result_reg/reg_data_reg[22]/D
                                0.95           0.99 f        -0.04  (VIOLATED)
   if_stage_inst/btb_inst/R_1088/D
                                0.95           0.98 f        -0.04  (VIOLATED)
   R_896/D                      0.97           1.00 r        -0.03  (VIOLATED)
   R_916/D                      0.97           1.00 r        -0.03  (VIOLATED)
   R_976/D                      0.97           1.00 r        -0.03  (VIOLATED)
   if_stage_inst/btb_inst/R_1109/D
                                0.95           0.98 f        -0.03  (VIOLATED)
   R_1622/D                     0.96           0.99 r        -0.03  (VIOLATED)
   if_stage_inst/btb_inst/R_1058/D
                                0.96           0.99 r        -0.03  (VIOLATED)
   R_1394/D                     0.96           0.99 r        -0.03  (VIOLATED)
   if_stage_inst/btb_inst/R_1124/D
                                0.95           0.97 f        -0.03  (VIOLATED)
   ex_stage_inst/result_reg/reg_data_reg[2]/D
                                0.97           0.99 r        -0.03  (VIOLATED)
   if_stage_inst/btb_inst/R_1471/D
                                0.96           0.99 f        -0.03  (VIOLATED)
   ex_stage_inst/mult_pp_inst/tree_i/layer_4_r_reg[0][4]/D
                                0.97           0.99 r        -0.02  (VIOLATED)
   id_stage_inst/immediate_reg/reg_data_reg[2]/D
                                0.97           0.99 r        -0.02  (VIOLATED)
   if_stage_inst/btb_inst/R_1112/D
                                0.95           0.97 f        -0.02  (VIOLATED)
   id_stage_inst/immediate_reg/reg_data_reg[25]/D
                                0.97           0.99 r        -0.02  (VIOLATED)
   if_stage_inst/btb_inst/R_1031/D
                                0.96           0.98 r        -0.02  (VIOLATED)
   if_stage_inst/btb_inst/R_1067/D
                                0.96           0.98 r        -0.02  (VIOLATED)
   ex_stage_inst/result_reg/reg_data_reg[1]/D
                                0.97           0.99 r        -0.02  (VIOLATED)
   id_stage_inst/immediate_reg/reg_data_reg[30]/D
                                0.97           0.98 r        -0.01  (VIOLATED)
   id_stage_inst/pc_plus4_reg/reg_data_reg[14]/D
                                0.97           0.98 r        -0.01  (VIOLATED)
   R_455/D                      0.96           0.97 r        -0.01  (VIOLATED)
   R_1677/D                     0.96           0.97 r        -0.01  (VIOLATED)


   max_leakage_power

                             Required        Actual
   Design                   Leakage Power  Leakage Power     Slack
   -----------------------------------------------------------------
   dlx                          0.00       747515.50      -747515.50
                                                                    (VIOLATED)


1
