 
****************************************
Report : constraint
        -all_violators
Design : dlx
Version: W-2024.09-SP2
Date   : Wed Sep 16 05:04:07 2026
****************************************


   max_delay/setup ('clk' group)

                             Required        Actual
   Endpoint                 Path Delay     Path Delay        Slack
   -----------------------------------------------------------------
   if_stage_inst/pc_reg_inst/reg_data_reg[7]/D
                                1.36           1.77 f        -0.42  (VIOLATED)
   if_stage_inst/predicted_target_reg/reg_data_reg[7]/D
                                1.36           1.77 f        -0.42  (VIOLATED)
   if_stage_inst/pc_reg_inst/reg_data_reg[20]/D
                                1.36           1.77 f        -0.42  (VIOLATED)
   if_stage_inst/predicted_target_reg/reg_data_reg[20]/D
                                1.36           1.77 f        -0.42  (VIOLATED)
   if_stage_inst/pc_reg_inst/reg_data_reg[23]/D
                                1.36           1.77 f        -0.42  (VIOLATED)
   if_stage_inst/predicted_target_reg/reg_data_reg[23]/D
                                1.36           1.77 f        -0.42  (VIOLATED)
   if_stage_inst/pc_reg_inst/reg_data_reg[21]/D
                                1.36           1.77 f        -0.42  (VIOLATED)
   if_stage_inst/predicted_target_reg/reg_data_reg[21]/D
                                1.36           1.77 f        -0.42  (VIOLATED)
   if_stage_inst/pc_reg_inst/reg_data_reg[18]/D
                                1.36           1.77 f        -0.42  (VIOLATED)
   if_stage_inst/pc_reg_inst/reg_data_reg[22]/D
                                1.36           1.77 f        -0.42  (VIOLATED)
   if_stage_inst/predicted_target_reg/reg_data_reg[18]/D
                                1.36           1.77 f        -0.42  (VIOLATED)
   if_stage_inst/predicted_target_reg/reg_data_reg[22]/D
                                1.36           1.77 f        -0.42  (VIOLATED)
   if_stage_inst/pc_reg_inst/reg_data_reg[29]/D
                                1.36           1.77 f        -0.42  (VIOLATED)
   if_stage_inst/predicted_target_reg/reg_data_reg[29]/D
                                1.36           1.77 f        -0.42  (VIOLATED)
   if_stage_inst/pc_reg_inst/reg_data_reg[4]/D
                                1.36           1.77 f        -0.42  (VIOLATED)
   if_stage_inst/predicted_target_reg/reg_data_reg[4]/D
                                1.36           1.77 f        -0.42  (VIOLATED)
   if_stage_inst/pc_reg_inst/reg_data_reg[6]/D
                                1.36           1.77 f        -0.42  (VIOLATED)
   if_stage_inst/predicted_target_reg/reg_data_reg[6]/D
                                1.36           1.77 f        -0.42  (VIOLATED)
   if_stage_inst/pc_reg_inst/reg_data_reg[3]/D
                                1.36           1.77 f        -0.42  (VIOLATED)
   if_stage_inst/predicted_target_reg/reg_data_reg[3]/D
                                1.36           1.77 f        -0.42  (VIOLATED)
   if_stage_inst/pc_reg_inst/reg_data_reg[15]/D
                                1.36           1.77 f        -0.42  (VIOLATED)
   if_stage_inst/pc_reg_inst/reg_data_reg[17]/D
                                1.36           1.77 f        -0.42  (VIOLATED)
   if_stage_inst/predicted_target_reg/reg_data_reg[15]/D
                                1.36           1.77 f        -0.42  (VIOLATED)
   if_stage_inst/predicted_target_reg/reg_data_reg[17]/D
                                1.36           1.77 f        -0.42  (VIOLATED)
   if_stage_inst/pc_reg_inst/reg_data_reg[9]/D
                                1.36           1.77 f        -0.41  (VIOLATED)
   if_stage_inst/pc_reg_inst/reg_data_reg[10]/D
                                1.36           1.77 f        -0.41  (VIOLATED)
   if_stage_inst/pc_reg_inst/reg_data_reg[24]/D
                                1.36           1.77 f        -0.41  (VIOLATED)
   if_stage_inst/predicted_target_reg/reg_data_reg[9]/D
                                1.36           1.77 f        -0.41  (VIOLATED)
   if_stage_inst/predicted_target_reg/reg_data_reg[10]/D
                                1.36           1.77 f        -0.41  (VIOLATED)
   if_stage_inst/predicted_target_reg/reg_data_reg[24]/D
                                1.36           1.77 f        -0.41  (VIOLATED)
   if_stage_inst/pc_reg_inst/reg_data_reg[19]/D
                                1.36           1.77 f        -0.41  (VIOLATED)
   if_stage_inst/pc_reg_inst/reg_data_reg[26]/D
                                1.36           1.77 f        -0.41  (VIOLATED)
   if_stage_inst/predicted_target_reg/reg_data_reg[19]/D
                                1.36           1.77 f        -0.41  (VIOLATED)
   if_stage_inst/predicted_target_reg/reg_data_reg[26]/D
                                1.36           1.77 f        -0.41  (VIOLATED)
   if_stage_inst/pc_reg_inst/reg_data_reg[14]/D
                                1.36           1.77 f        -0.41  (VIOLATED)
   if_stage_inst/predicted_target_reg/reg_data_reg[14]/D
                                1.36           1.77 f        -0.41  (VIOLATED)
   if_stage_inst/pc_reg_inst/reg_data_reg[16]/D
                                1.36           1.77 f        -0.41  (VIOLATED)
   if_stage_inst/pc_reg_inst/reg_data_reg[28]/D
                                1.36           1.77 f        -0.41  (VIOLATED)
   if_stage_inst/predicted_target_reg/reg_data_reg[16]/D
                                1.36           1.77 f        -0.41  (VIOLATED)
   if_stage_inst/predicted_target_reg/reg_data_reg[28]/D
                                1.36           1.77 f        -0.41  (VIOLATED)
   if_stage_inst/pc_reg_inst/reg_data_reg[25]/D
                                1.36           1.77 f        -0.41  (VIOLATED)
   if_stage_inst/predicted_target_reg/reg_data_reg[25]/D
                                1.36           1.77 f        -0.41  (VIOLATED)
   if_stage_inst/pc_reg_inst/reg_data_reg[1]/D
                                1.36           1.77 f        -0.41  (VIOLATED)
   if_stage_inst/pc_reg_inst/reg_data_reg[8]/D
                                1.36           1.77 f        -0.41  (VIOLATED)
   if_stage_inst/pc_reg_inst/reg_data_reg[13]/D
                                1.36           1.77 f        -0.41  (VIOLATED)
   if_stage_inst/pc_reg_inst/reg_data_reg[30]/D
                                1.36           1.77 f        -0.41  (VIOLATED)
   if_stage_inst/predicted_target_reg/reg_data_reg[1]/D
                                1.36           1.77 f        -0.41  (VIOLATED)
   if_stage_inst/predicted_target_reg/reg_data_reg[8]/D
                                1.36           1.77 f        -0.41  (VIOLATED)
   if_stage_inst/predicted_target_reg/reg_data_reg[13]/D
                                1.36           1.77 f        -0.41  (VIOLATED)
   if_stage_inst/predicted_target_reg/reg_data_reg[30]/D
                                1.36           1.77 f        -0.41  (VIOLATED)
   if_stage_inst/pc_reg_inst/reg_data_reg[27]/D
                                1.36           1.77 f        -0.41  (VIOLATED)
   if_stage_inst/predicted_target_reg/reg_data_reg[27]/D
                                1.36           1.77 f        -0.41  (VIOLATED)
   if_stage_inst/pc_reg_inst/reg_data_reg[0]/D
                                1.36           1.77 f        -0.41  (VIOLATED)
   if_stage_inst/pc_reg_inst/reg_data_reg[2]/D
                                1.36           1.77 f        -0.41  (VIOLATED)
   if_stage_inst/pc_reg_inst/reg_data_reg[5]/D
                                1.36           1.77 f        -0.41  (VIOLATED)
   if_stage_inst/pc_reg_inst/reg_data_reg[11]/D
                                1.36           1.77 f        -0.41  (VIOLATED)
   if_stage_inst/pc_reg_inst/reg_data_reg[12]/D
                                1.36           1.77 f        -0.41  (VIOLATED)
   if_stage_inst/predicted_target_reg/reg_data_reg[0]/D
                                1.36           1.77 f        -0.41  (VIOLATED)
   if_stage_inst/predicted_target_reg/reg_data_reg[2]/D
                                1.36           1.77 f        -0.41  (VIOLATED)
   if_stage_inst/predicted_target_reg/reg_data_reg[5]/D
                                1.36           1.77 f        -0.41  (VIOLATED)
   if_stage_inst/predicted_target_reg/reg_data_reg[11]/D
                                1.36           1.77 f        -0.41  (VIOLATED)
   if_stage_inst/predicted_target_reg/reg_data_reg[12]/D
                                1.36           1.77 f        -0.41  (VIOLATED)
   if_stage_inst/pc_reg_inst/reg_data_reg[31]/D
                                1.36           1.77 f        -0.41  (VIOLATED)
   if_stage_inst/predicted_target_reg/reg_data_reg[31]/D
                                1.36           1.77 f        -0.41  (VIOLATED)
   ex_stage_inst/mult_pp_inst/tree_i/layer_4_r_reg[2][31]/D
                                1.36           1.77 f        -0.41  (VIOLATED)
   ex_stage_inst/mult_pp_inst/tree_i/layer_4_r_reg[2][26]/D
                                1.36           1.76 f        -0.40  (VIOLATED)
   ex_stage_inst/mult_pp_inst/tree_i/layer_4_r_reg[1][22]/D
                                1.36           1.76 r        -0.39  (VIOLATED)
   if_stage_inst/btb_inst/btb_reg[0][COUNTER][0]/D
                                1.36           1.75 f        -0.39  (VIOLATED)
   if_stage_inst/btb_inst/btb_reg[2][COUNTER][0]/D
                                1.36           1.75 f        -0.39  (VIOLATED)
   if_stage_inst/btb_inst/btb_reg[4][COUNTER][0]/D
                                1.36           1.75 f        -0.39  (VIOLATED)
   if_stage_inst/btb_inst/btb_reg[6][COUNTER][0]/D
                                1.36           1.75 f        -0.39  (VIOLATED)
   if_stage_inst/btb_inst/btb_reg[8][COUNTER][0]/D
                                1.36           1.75 f        -0.39  (VIOLATED)
   if_stage_inst/btb_inst/btb_reg[10][COUNTER][0]/D
                                1.36           1.75 f        -0.39  (VIOLATED)
   if_stage_inst/btb_inst/btb_reg[11][COUNTER][0]/D
                                1.36           1.75 f        -0.39  (VIOLATED)
   if_stage_inst/btb_inst/btb_reg[12][COUNTER][0]/D
                                1.36           1.75 f        -0.39  (VIOLATED)
   if_stage_inst/btb_inst/btb_reg[13][COUNTER][0]/D
                                1.36           1.75 f        -0.39  (VIOLATED)
   if_stage_inst/btb_inst/btb_reg[14][COUNTER][0]/D
                                1.36           1.75 f        -0.39  (VIOLATED)
   if_stage_inst/btb_inst/btb_reg[15][COUNTER][0]/D
                                1.36           1.75 f        -0.39  (VIOLATED)
   ex_stage_inst/mult_pp_inst/tree_i/layer_4_r_reg[0][31]/D
                                1.37           1.76 r        -0.39  (VIOLATED)
   if_stage_inst/btb_inst/btb_reg[1][COUNTER][0]/D
                                1.36           1.75 f        -0.39  (VIOLATED)
   if_stage_inst/btb_inst/btb_reg[3][COUNTER][0]/D
                                1.36           1.75 f        -0.39  (VIOLATED)
   if_stage_inst/btb_inst/btb_reg[5][COUNTER][0]/D
                                1.36           1.75 f        -0.39  (VIOLATED)
   if_stage_inst/btb_inst/btb_reg[7][COUNTER][0]/D
                                1.36           1.75 f        -0.39  (VIOLATED)
   if_stage_inst/btb_inst/btb_reg[9][COUNTER][0]/D
                                1.36           1.75 f        -0.39  (VIOLATED)
   ex_stage_inst/mult_pp_inst/tree_i/layer_4_r_reg[0][25]/D
                                1.36           1.75 f        -0.39  (VIOLATED)
   ex_stage_inst/mult_pp_inst/tree_i/layer_4_r_reg[0][21]/D
                                1.37           1.75 r        -0.38  (VIOLATED)
   ex_stage_inst/mult_pp_inst/tree_i/layer_4_r_reg[1][18]/D
                                1.37           1.75 r        -0.38  (VIOLATED)
   ex_stage_inst/mult_pp_inst/tree_i/layer_4_r_reg[0][24]/D
                                1.36           1.74 f        -0.37  (VIOLATED)
   ex_stage_inst/mult_pp_inst/tree_i/layer_4_r_reg[0][29]/D
                                1.37           1.74 r        -0.37  (VIOLATED)
   ex_stage_inst/mult_pp_inst/tree_i/layer_4_r_reg[0][30]/D
                                1.37           1.74 r        -0.37  (VIOLATED)
   ex_stage_inst/mult_pp_inst/tree_i/layer_4_r_reg[0][26]/D
                                1.36           1.73 r        -0.37  (VIOLATED)
   ex_stage_inst/mult_pp_inst/tree_i/layer_4_r_reg[1][17]/D
                                1.37           1.73 r        -0.37  (VIOLATED)
   ex_stage_inst/mult_pp_inst/tree_i/layer_4_r_reg[0][28]/D
                                1.37           1.74 r        -0.37  (VIOLATED)
   ex_stage_inst/mult_pp_inst/tree_i/layer_4_r_reg[0][20]/D
                                1.36           1.72 r        -0.36  (VIOLATED)
   ex_stage_inst/mult_pp_inst/tree_i/layer_4_r_reg[0][16]/D
                                1.37           1.73 r        -0.36  (VIOLATED)
   ex_stage_inst/mult_pp_inst/tree_i/layer_4_r_reg[0][27]/D
                                1.36           1.72 r        -0.36  (VIOLATED)
   ex_stage_inst/mult_pp_inst/tree_i/layer_4_r_reg[1][29]/D
                                1.36           1.72 r        -0.36  (VIOLATED)
   ex_stage_inst/mult_pp_inst/tree_i/layer_4_r_reg[1][19]/D
                                1.36           1.72 f        -0.36  (VIOLATED)
   ex_stage_inst/mult_pp_inst/tree_i/layer_4_r_reg[0][18]/D
                                1.37           1.72 r        -0.35  (VIOLATED)
   ex_stage_inst/mult_pp_inst/tree_i/layer_4_r_reg[1][28]/D
                                1.37           1.72 r        -0.35  (VIOLATED)
   if_stage_inst/btb_inst/btb_reg[0][COUNTER][1]/D
                                1.35           1.70 f        -0.35  (VIOLATED)
   if_stage_inst/btb_inst/btb_reg[1][COUNTER][1]/D
                                1.35           1.70 f        -0.35  (VIOLATED)
   if_stage_inst/btb_inst/btb_reg[2][COUNTER][1]/D
                                1.35           1.70 f        -0.35  (VIOLATED)
   if_stage_inst/btb_inst/btb_reg[3][COUNTER][1]/D
                                1.35           1.70 f        -0.35  (VIOLATED)
   if_stage_inst/btb_inst/btb_reg[4][COUNTER][1]/D
                                1.35           1.70 f        -0.35  (VIOLATED)
   if_stage_inst/btb_inst/btb_reg[5][COUNTER][1]/D
                                1.35           1.70 f        -0.35  (VIOLATED)
   if_stage_inst/btb_inst/btb_reg[6][COUNTER][1]/D
                                1.35           1.70 f        -0.35  (VIOLATED)
   if_stage_inst/btb_inst/btb_reg[7][COUNTER][1]/D
                                1.35           1.70 f        -0.35  (VIOLATED)
   if_stage_inst/btb_inst/btb_reg[8][COUNTER][1]/D
                                1.35           1.70 f        -0.35  (VIOLATED)
   if_stage_inst/btb_inst/btb_reg[9][COUNTER][1]/D
                                1.35           1.70 f        -0.35  (VIOLATED)
   if_stage_inst/btb_inst/btb_reg[10][COUNTER][1]/D
                                1.35           1.70 f        -0.35  (VIOLATED)
   if_stage_inst/btb_inst/btb_reg[11][COUNTER][1]/D
                                1.35           1.70 f        -0.35  (VIOLATED)
   if_stage_inst/btb_inst/btb_reg[12][COUNTER][1]/D
                                1.35           1.70 f        -0.35  (VIOLATED)
   if_stage_inst/btb_inst/btb_reg[13][COUNTER][1]/D
                                1.35           1.70 f        -0.35  (VIOLATED)
   if_stage_inst/btb_inst/btb_reg[14][COUNTER][1]/D
                                1.35           1.70 f        -0.35  (VIOLATED)
   if_stage_inst/btb_inst/btb_reg[15][COUNTER][1]/D
                                1.35           1.70 f        -0.35  (VIOLATED)
   ex_stage_inst/mult_pp_inst/tree_i/layer_4_r_reg[0][22]/D
                                1.37           1.71 r        -0.34  (VIOLATED)
   ex_stage_inst/mult_pp_inst/tree_i/layer_4_r_reg[1][30]/D
                                1.36           1.70 r        -0.34  (VIOLATED)
   ex_stage_inst/mult_pp_inst/tree_i/layer_4_r_reg[1][31]/D
                                1.35           1.69 f        -0.34  (VIOLATED)
   ex_stage_inst/mult_pp_inst/tree_i/layer_4_r_reg[0][17]/D
                                1.36           1.69 f        -0.34  (VIOLATED)
   if_stage_inst/if_id_valid_reg/reg_data_reg[0]/D
                                1.37           1.71 r        -0.34  (VIOLATED)
   ex_stage_inst/mult_pp_inst/tree_i/layer_4_r_reg[1][25]/D
                                1.37           1.70 r        -0.34  (VIOLATED)
   ex_stage_inst/mult_pp_inst/tree_i/layer_4_r_reg[3][27]/D
                                1.36           1.69 f        -0.34  (VIOLATED)
   ex_stage_inst/mult_pp_inst/tree_i/layer_4_r_reg[0][23]/D
                                1.36           1.69 f        -0.33  (VIOLATED)
   ex_stage_inst/mult_pp_inst/tree_i/layer_4_r_reg[0][19]/D
                                1.37           1.70 r        -0.33  (VIOLATED)
   ex_stage_inst/mult_pp_inst/tree_i/layer_4_r_reg[1][26]/D
                                1.36           1.69 r        -0.33  (VIOLATED)
   ex_stage_inst/mult_pp_inst/tree_i/layer_4_r_reg[1][15]/D
                                1.37           1.69 r        -0.32  (VIOLATED)
   if_stage_inst/pc_reg_inst/clk_gate_reg_data_reg/latch/D
                                1.35           1.67 f        -0.32  (VIOLATED)
   if_stage_inst/btb_inst/btb_reg[0][TARGET][0]/D
                                1.35           1.67 f        -0.32  (VIOLATED)
   if_stage_inst/btb_inst/btb_reg[1][TARGET][0]/D
                                1.35           1.67 f        -0.32  (VIOLATED)
   if_stage_inst/btb_inst/btb_reg[2][TARGET][0]/D
                                1.35           1.67 f        -0.32  (VIOLATED)
   if_stage_inst/btb_inst/btb_reg[3][TARGET][0]/D
                                1.35           1.67 f        -0.32  (VIOLATED)
   if_stage_inst/btb_inst/btb_reg[4][TARGET][0]/D
                                1.35           1.67 f        -0.32  (VIOLATED)
   if_stage_inst/btb_inst/btb_reg[5][TARGET][0]/D
                                1.35           1.67 f        -0.32  (VIOLATED)
   if_stage_inst/btb_inst/btb_reg[6][TARGET][0]/D
                                1.35           1.67 f        -0.32  (VIOLATED)
   if_stage_inst/btb_inst/btb_reg[7][TARGET][0]/D
                                1.35           1.67 f        -0.32  (VIOLATED)
   if_stage_inst/btb_inst/btb_reg[8][TARGET][0]/D
                                1.35           1.67 f        -0.32  (VIOLATED)
   if_stage_inst/btb_inst/btb_reg[9][TARGET][0]/D
                                1.35           1.67 f        -0.32  (VIOLATED)
   if_stage_inst/btb_inst/btb_reg[10][TARGET][0]/D
                                1.35           1.67 f        -0.32  (VIOLATED)
   if_stage_inst/btb_inst/btb_reg[11][TARGET][0]/D
                                1.35           1.67 f        -0.32  (VIOLATED)
   if_stage_inst/btb_inst/btb_reg[12][TARGET][0]/D
                                1.35           1.67 f        -0.32  (VIOLATED)
   if_stage_inst/btb_inst/btb_reg[13][TARGET][0]/D
                                1.35           1.67 f        -0.32  (VIOLATED)
   if_stage_inst/btb_inst/btb_reg[14][TARGET][0]/D
                                1.35           1.67 f        -0.32  (VIOLATED)
   if_stage_inst/btb_inst/btb_reg[15][TARGET][0]/D
                                1.35           1.67 f        -0.32  (VIOLATED)
   ex_stage_inst/mult_pp_inst/tree_i/layer_4_r_reg[1][21]/D
                                1.36           1.68 r        -0.32  (VIOLATED)
   ex_stage_inst/mult_pp_inst/tree_i/layer_4_r_reg[1][23]/D
                                1.36           1.67 f        -0.31  (VIOLATED)
   ex_stage_inst/mult_pp_inst/tree_i/layer_4_r_reg[1][20]/D
                                1.37           1.68 r        -0.31  (VIOLATED)
   ex_stage_inst/mult_pp_inst/tree_i/layer_4_r_reg[1][24]/D
                                1.36           1.66 f        -0.30  (VIOLATED)
   ex_stage_inst/mult_pp_inst/tree_i/layer_4_r_reg[2][30]/D
                                1.36           1.66 r        -0.30  (VIOLATED)
   ex_stage_inst/mult_pp_inst/tree_i/layer_4_r_reg[0][15]/D
                                1.37           1.66 r        -0.30  (VIOLATED)
   ex_stage_inst/mult_pp_inst/tree_i/layer_4_r_reg[0][13]/D
                                1.37           1.66 r        -0.29  (VIOLATED)
   ex_stage_inst/mult_pp_inst/tree_i/layer_4_r_reg[1][27]/D
                                1.36           1.65 r        -0.29  (VIOLATED)
   ex_stage_inst/mult_pp_inst/tree_i/layer_4_r_reg[0][11]/D
                                1.36           1.64 f        -0.28  (VIOLATED)
   ex_stage_inst/mult_pp_inst/tree_i/layer_4_r_reg[0][14]/D
                                1.36           1.64 f        -0.28  (VIOLATED)
   ex_stage_inst/mult_pp_inst/tree_i/layer_4_r_reg[2][28]/D
                                1.36           1.64 r        -0.28  (VIOLATED)
   ex_stage_inst/mult_pp_inst/tree_i/layer_4_r_reg[1][14]/D
                                1.36           1.64 r        -0.28  (VIOLATED)
   ex_stage_inst/mult_pp_inst/tree_i/layer_4_r_reg[3][31]/D
                                1.36           1.64 r        -0.28  (VIOLATED)
   ex_stage_inst/mult_pp_inst/tree_i/layer_4_r_reg[1][16]/D
                                1.36           1.63 f        -0.27  (VIOLATED)
   ex_stage_inst/mult_pp_inst/tree_i/layer_4_r_reg[3][29]/D
                                1.37           1.64 r        -0.27  (VIOLATED)
   ex_stage_inst/mult_pp_inst/tree_i/layer_4_r_reg[1][12]/D
                                1.37           1.63 r        -0.26  (VIOLATED)
   ex_stage_inst/mult_pp_inst/tree_i/layer_4_r_reg[0][12]/D
                                1.37           1.62 r        -0.25  (VIOLATED)
   ex_stage_inst/mult_pp_inst/tree_i/layer_4_r_reg[2][29]/D
                                1.36           1.61 r        -0.25  (VIOLATED)
   if_stage_inst/pc_plus4_reg/reg_data_reg[31]/D
                                1.37           1.59 r        -0.23  (VIOLATED)
   ex_stage_inst/mult_pp_inst/tree_i/layer_4_r_reg[3][30]/D
                                1.36           1.59 r        -0.23  (VIOLATED)
   ex_stage_inst/mult_pp_inst/tree_i/layer_4_r_reg[3][28]/D
                                1.36           1.57 r        -0.21  (VIOLATED)
   if_stage_inst/pc_plus4_reg/reg_data_reg[30]/D
                                1.36           1.57 f        -0.21  (VIOLATED)
   ex_stage_inst/mult_pp_inst/tree_i/layer_4_r_reg[1][13]/D
                                1.36           1.57 r        -0.21  (VIOLATED)
   if_stage_inst/btb_inst/btb_reg[0][TARGET][31]/D
                                1.35           1.56 f        -0.21  (VIOLATED)
   if_stage_inst/btb_inst/btb_reg[1][TARGET][31]/D
                                1.35           1.56 f        -0.21  (VIOLATED)
   if_stage_inst/btb_inst/btb_reg[2][TARGET][31]/D
                                1.35           1.56 f        -0.21  (VIOLATED)
   if_stage_inst/btb_inst/btb_reg[3][TARGET][31]/D
                                1.35           1.56 f        -0.21  (VIOLATED)
   if_stage_inst/btb_inst/btb_reg[4][TARGET][31]/D
                                1.35           1.56 f        -0.21  (VIOLATED)
   if_stage_inst/btb_inst/btb_reg[5][TARGET][31]/D
                                1.35           1.56 f        -0.21  (VIOLATED)
   if_stage_inst/btb_inst/btb_reg[6][TARGET][31]/D
                                1.35           1.56 f        -0.21  (VIOLATED)
   if_stage_inst/btb_inst/btb_reg[7][TARGET][31]/D
                                1.35           1.56 f        -0.21  (VIOLATED)
   if_stage_inst/btb_inst/btb_reg[8][TARGET][31]/D
                                1.35           1.56 f        -0.21  (VIOLATED)
   if_stage_inst/btb_inst/btb_reg[9][TARGET][31]/D
                                1.35           1.56 f        -0.21  (VIOLATED)
   if_stage_inst/btb_inst/btb_reg[10][TARGET][31]/D
                                1.35           1.56 f        -0.21  (VIOLATED)
   if_stage_inst/btb_inst/btb_reg[11][TARGET][31]/D
                                1.35           1.56 f        -0.21  (VIOLATED)
   if_stage_inst/btb_inst/btb_reg[12][TARGET][31]/D
                                1.35           1.56 f        -0.21  (VIOLATED)
   if_stage_inst/btb_inst/btb_reg[13][TARGET][31]/D
                                1.35           1.56 f        -0.21  (VIOLATED)
   if_stage_inst/btb_inst/btb_reg[14][TARGET][31]/D
                                1.35           1.56 f        -0.21  (VIOLATED)
   if_stage_inst/btb_inst/btb_reg[15][TARGET][31]/D
                                1.35           1.56 f        -0.21  (VIOLATED)
   if_stage_inst/pc_plus4_reg/reg_data_reg[27]/D
                                1.37           1.56 r        -0.19  (VIOLATED)
   ex_stage_inst/mult_pp_inst/tree_i/layer_4_r_reg[0][9]/D
                                1.37           1.55 r        -0.19  (VIOLATED)
   ex_stage_inst/mult_pp_inst/tree_i/layer_4_r_reg[2][27]/D
                                1.37           1.55 r        -0.19  (VIOLATED)
   ex_stage_inst/mult_pp_inst/tree_i/layer_4_r_reg[0][10]/D
                                1.36           1.54 f        -0.18  (VIOLATED)
   ex_stage_inst/mult_pp_inst/tree_i/layer_4_r_reg[2][25]/D
                                1.37           1.55 r        -0.18  (VIOLATED)
   if_stage_inst/pc_plus4_reg/reg_data_reg[28]/D
                                1.36           1.54 f        -0.18  (VIOLATED)
   ex_stage_inst/mult_pp_inst/tree_i/layer_4_r_reg[2][24]/D
                                1.36           1.54 f        -0.18  (VIOLATED)
   hazard_unit_inst/status_table_reg[1][0]/D
                                1.37           1.54 r        -0.17  (VIOLATED)
   hazard_unit_inst/status_table_reg[3][0]/D
                                1.37           1.54 r        -0.17  (VIOLATED)
   hazard_unit_inst/status_table_reg[4][0]/D
                                1.37           1.54 r        -0.17  (VIOLATED)
   hazard_unit_inst/status_table_reg[5][0]/D
                                1.37           1.54 r        -0.17  (VIOLATED)
   hazard_unit_inst/status_table_reg[7][0]/D
                                1.37           1.54 r        -0.17  (VIOLATED)
   hazard_unit_inst/status_table_reg[8][0]/D
                                1.37           1.54 r        -0.17  (VIOLATED)
   hazard_unit_inst/status_table_reg[9][0]/D
                                1.37           1.54 r        -0.17  (VIOLATED)
   hazard_unit_inst/status_table_reg[10][0]/D
                                1.37           1.54 r        -0.17  (VIOLATED)
   hazard_unit_inst/status_table_reg[11][0]/D
                                1.37           1.54 r        -0.17  (VIOLATED)
   hazard_unit_inst/status_table_reg[12][0]/D
                                1.37           1.54 r        -0.17  (VIOLATED)
   hazard_unit_inst/status_table_reg[13][0]/D
                                1.37           1.54 r        -0.17  (VIOLATED)
   hazard_unit_inst/status_table_reg[14][0]/D
                                1.37           1.54 r        -0.17  (VIOLATED)
   hazard_unit_inst/status_table_reg[15][0]/D
                                1.37           1.54 r        -0.17  (VIOLATED)
   hazard_unit_inst/status_table_reg[17][0]/D
                                1.37           1.54 r        -0.17  (VIOLATED)
   hazard_unit_inst/status_table_reg[19][0]/D
                                1.37           1.54 r        -0.17  (VIOLATED)
   hazard_unit_inst/status_table_reg[21][0]/D
                                1.37           1.54 r        -0.17  (VIOLATED)
   hazard_unit_inst/status_table_reg[23][0]/D
                                1.37           1.54 r        -0.17  (VIOLATED)
   hazard_unit_inst/status_table_reg[24][0]/D
                                1.37           1.54 r        -0.17  (VIOLATED)
   hazard_unit_inst/status_table_reg[25][0]/D
                                1.37           1.54 r        -0.17  (VIOLATED)
   hazard_unit_inst/status_table_reg[26][0]/D
                                1.37           1.54 r        -0.17  (VIOLATED)
   hazard_unit_inst/status_table_reg[27][0]/D
                                1.37           1.54 r        -0.17  (VIOLATED)
   hazard_unit_inst/status_table_reg[28][0]/D
                                1.37           1.54 r        -0.17  (VIOLATED)
   hazard_unit_inst/status_table_reg[29][0]/D
                                1.37           1.54 r        -0.17  (VIOLATED)
   hazard_unit_inst/status_table_reg[30][0]/D
                                1.37           1.54 r        -0.17  (VIOLATED)
   hazard_unit_inst/status_table_reg[31][0]/D
                                1.37           1.54 r        -0.17  (VIOLATED)
   hazard_unit_inst/status_table_reg[2][0]/D
                                1.37           1.54 r        -0.17  (VIOLATED)
   hazard_unit_inst/status_table_reg[6][0]/D
                                1.37           1.54 r        -0.17  (VIOLATED)
   hazard_unit_inst/status_table_reg[16][0]/D
                                1.37           1.54 r        -0.17  (VIOLATED)
   hazard_unit_inst/status_table_reg[18][0]/D
                                1.37           1.54 r        -0.17  (VIOLATED)
   hazard_unit_inst/status_table_reg[20][0]/D
                                1.37           1.54 r        -0.17  (VIOLATED)
   hazard_unit_inst/status_table_reg[22][0]/D
                                1.37           1.54 r        -0.17  (VIOLATED)
   ex_stage_inst/mult_pp_inst/tree_i/layer_4_r_reg[0][8]/D
                                1.37           1.53 r        -0.16  (VIOLATED)
   id_stage_inst/rs1_reg/reg_data_reg[0]/D
                                1.35           1.52 f        -0.16  (VIOLATED)
   if_stage_inst/btb_inst/btb_reg[1][VALID]/D
                                1.37           1.53 r        -0.16  (VIOLATED)
   if_stage_inst/btb_inst/btb_reg[2][VALID]/D
                                1.37           1.53 r        -0.16  (VIOLATED)
   if_stage_inst/btb_inst/btb_reg[3][VALID]/D
                                1.37           1.53 r        -0.16  (VIOLATED)
   if_stage_inst/btb_inst/btb_reg[4][VALID]/D
                                1.37           1.53 r        -0.16  (VIOLATED)
   if_stage_inst/btb_inst/btb_reg[5][VALID]/D
                                1.37           1.53 r        -0.16  (VIOLATED)
   if_stage_inst/btb_inst/btb_reg[6][VALID]/D
                                1.37           1.53 r        -0.16  (VIOLATED)
   if_stage_inst/btb_inst/btb_reg[7][VALID]/D
                                1.37           1.53 r        -0.16  (VIOLATED)
   if_stage_inst/btb_inst/btb_reg[8][VALID]/D
                                1.37           1.53 r        -0.16  (VIOLATED)
   if_stage_inst/btb_inst/btb_reg[9][VALID]/D
                                1.37           1.53 r        -0.16  (VIOLATED)
   if_stage_inst/btb_inst/btb_reg[10][VALID]/D
                                1.37           1.53 r        -0.16  (VIOLATED)
   if_stage_inst/btb_inst/btb_reg[11][VALID]/D
                                1.37           1.53 r        -0.16  (VIOLATED)
   if_stage_inst/btb_inst/btb_reg[12][VALID]/D
                                1.37           1.53 r        -0.16  (VIOLATED)
   if_stage_inst/btb_inst/btb_reg[13][VALID]/D
                                1.37           1.53 r        -0.16  (VIOLATED)
   if_stage_inst/btb_inst/btb_reg[14][VALID]/D
                                1.37           1.53 r        -0.16  (VIOLATED)
   if_stage_inst/btb_inst/btb_reg[15][VALID]/D
                                1.37           1.53 r        -0.16  (VIOLATED)
   if_stage_inst/btb_inst/btb_reg[0][TARGET][30]/D
                                1.36           1.51 r        -0.16  (VIOLATED)
   if_stage_inst/btb_inst/btb_reg[1][TARGET][30]/D
                                1.36           1.51 r        -0.16  (VIOLATED)
   if_stage_inst/btb_inst/btb_reg[2][TARGET][30]/D
                                1.36           1.51 r        -0.16  (VIOLATED)
   if_stage_inst/btb_inst/btb_reg[3][TARGET][30]/D
                                1.36           1.51 r        -0.16  (VIOLATED)
   if_stage_inst/btb_inst/btb_reg[4][TARGET][30]/D
                                1.36           1.51 r        -0.16  (VIOLATED)
   if_stage_inst/btb_inst/btb_reg[5][TARGET][30]/D
                                1.36           1.51 r        -0.16  (VIOLATED)
   if_stage_inst/btb_inst/btb_reg[6][TARGET][30]/D
                                1.36           1.51 r        -0.16  (VIOLATED)
   if_stage_inst/btb_inst/btb_reg[7][TARGET][30]/D
                                1.36           1.51 r        -0.16  (VIOLATED)
   if_stage_inst/btb_inst/btb_reg[8][TARGET][30]/D
                                1.36           1.51 r        -0.16  (VIOLATED)
   if_stage_inst/btb_inst/btb_reg[9][TARGET][30]/D
                                1.36           1.51 r        -0.16  (VIOLATED)
   if_stage_inst/btb_inst/btb_reg[10][TARGET][30]/D
                                1.36           1.51 r        -0.16  (VIOLATED)
   if_stage_inst/btb_inst/btb_reg[11][TARGET][30]/D
                                1.36           1.51 r        -0.16  (VIOLATED)
   if_stage_inst/btb_inst/btb_reg[12][TARGET][30]/D
                                1.36           1.51 r        -0.16  (VIOLATED)
   if_stage_inst/btb_inst/btb_reg[13][TARGET][30]/D
                                1.36           1.51 r        -0.16  (VIOLATED)
   if_stage_inst/btb_inst/btb_reg[14][TARGET][30]/D
                                1.36           1.51 r        -0.16  (VIOLATED)
   if_stage_inst/btb_inst/btb_reg[15][TARGET][30]/D
                                1.36           1.51 r        -0.16  (VIOLATED)
   if_stage_inst/pc_plus4_reg/reg_data_reg[29]/D
                                1.36           1.51 f        -0.15  (VIOLATED)
   if_stage_inst/btb_inst/btb_reg[0][TAG][0]/D
                                1.36           1.51 r        -0.15  (VIOLATED)
   if_stage_inst/btb_inst/btb_reg[0][TAG][1]/D
                                1.36           1.51 r        -0.15  (VIOLATED)
   if_stage_inst/btb_inst/btb_reg[0][TAG][3]/D
                                1.36           1.51 r        -0.15  (VIOLATED)
   if_stage_inst/btb_inst/btb_reg[0][TAG][4]/D
                                1.36           1.51 r        -0.15  (VIOLATED)
   if_stage_inst/btb_inst/btb_reg[0][TAG][5]/D
                                1.36           1.51 r        -0.15  (VIOLATED)
   if_stage_inst/btb_inst/btb_reg[0][TAG][6]/D
                                1.36           1.51 r        -0.15  (VIOLATED)
   if_stage_inst/btb_inst/btb_reg[0][TAG][7]/D
                                1.36           1.51 r        -0.15  (VIOLATED)
   if_stage_inst/btb_inst/btb_reg[0][TAG][9]/D
                                1.36           1.51 r        -0.15  (VIOLATED)
   if_stage_inst/btb_inst/btb_reg[0][TAG][10]/D
                                1.36           1.51 r        -0.15  (VIOLATED)
   if_stage_inst/btb_inst/btb_reg[0][TAG][12]/D
                                1.36           1.51 r        -0.15  (VIOLATED)
   if_stage_inst/btb_inst/btb_reg[0][TAG][14]/D
                                1.36           1.51 r        -0.15  (VIOLATED)
   if_stage_inst/btb_inst/btb_reg[0][TAG][15]/D
                                1.36           1.51 r        -0.15  (VIOLATED)
   if_stage_inst/btb_inst/btb_reg[0][TAG][16]/D
                                1.36           1.51 r        -0.15  (VIOLATED)
   if_stage_inst/btb_inst/btb_reg[0][TAG][17]/D
                                1.36           1.51 r        -0.15  (VIOLATED)
   if_stage_inst/btb_inst/btb_reg[0][TAG][18]/D
                                1.36           1.51 r        -0.15  (VIOLATED)
   if_stage_inst/btb_inst/btb_reg[0][TAG][19]/D
                                1.36           1.51 r        -0.15  (VIOLATED)
   if_stage_inst/btb_inst/btb_reg[0][TAG][20]/D
                                1.36           1.51 r        -0.15  (VIOLATED)
   if_stage_inst/btb_inst/btb_reg[0][TAG][21]/D
                                1.36           1.51 r        -0.15  (VIOLATED)
   if_stage_inst/btb_inst/btb_reg[0][TAG][22]/D
                                1.36           1.51 r        -0.15  (VIOLATED)
   if_stage_inst/btb_inst/btb_reg[0][TAG][24]/D
                                1.36           1.51 r        -0.15  (VIOLATED)
   if_stage_inst/btb_inst/btb_reg[1][TAG][0]/D
                                1.36           1.51 r        -0.15  (VIOLATED)
   if_stage_inst/btb_inst/btb_reg[1][TAG][1]/D
                                1.36           1.51 r        -0.15  (VIOLATED)
   if_stage_inst/btb_inst/btb_reg[1][TAG][3]/D
                                1.36           1.51 r        -0.15  (VIOLATED)
   if_stage_inst/btb_inst/btb_reg[1][TAG][4]/D
                                1.36           1.51 r        -0.15  (VIOLATED)
   if_stage_inst/btb_inst/btb_reg[1][TAG][5]/D
                                1.36           1.51 r        -0.15  (VIOLATED)
   if_stage_inst/btb_inst/btb_reg[1][TAG][6]/D
                                1.36           1.51 r        -0.15  (VIOLATED)
   if_stage_inst/btb_inst/btb_reg[1][TAG][7]/D
                                1.36           1.51 r        -0.15  (VIOLATED)
   if_stage_inst/btb_inst/btb_reg[1][TAG][9]/D
                                1.36           1.51 r        -0.15  (VIOLATED)
   if_stage_inst/btb_inst/btb_reg[1][TAG][10]/D
                                1.36           1.51 r        -0.15  (VIOLATED)
   if_stage_inst/btb_inst/btb_reg[1][TAG][12]/D
                                1.36           1.51 r        -0.15  (VIOLATED)
   if_stage_inst/btb_inst/btb_reg[1][TAG][14]/D
                                1.36           1.51 r        -0.15  (VIOLATED)
   if_stage_inst/btb_inst/btb_reg[1][TAG][15]/D
                                1.36           1.51 r        -0.15  (VIOLATED)
   if_stage_inst/btb_inst/btb_reg[1][TAG][16]/D
                                1.36           1.51 r        -0.15  (VIOLATED)
   if_stage_inst/btb_inst/btb_reg[1][TAG][17]/D
                                1.36           1.51 r        -0.15  (VIOLATED)
   if_stage_inst/btb_inst/btb_reg[1][TAG][18]/D
                                1.36           1.51 r        -0.15  (VIOLATED)
   if_stage_inst/btb_inst/btb_reg[1][TAG][19]/D
                                1.36           1.51 r        -0.15  (VIOLATED)
   if_stage_inst/btb_inst/btb_reg[1][TAG][20]/D
                                1.36           1.51 r        -0.15  (VIOLATED)
   if_stage_inst/btb_inst/btb_reg[1][TAG][21]/D
                                1.36           1.51 r        -0.15  (VIOLATED)
   if_stage_inst/btb_inst/btb_reg[1][TAG][22]/D
                                1.36           1.51 r        -0.15  (VIOLATED)
   if_stage_inst/btb_inst/btb_reg[1][TAG][24]/D
                                1.36           1.51 r        -0.15  (VIOLATED)
   if_stage_inst/btb_inst/btb_reg[2][TAG][0]/D
                                1.36           1.51 r        -0.15  (VIOLATED)
   if_stage_inst/btb_inst/btb_reg[2][TAG][1]/D
                                1.36           1.51 r        -0.15  (VIOLATED)
   if_stage_inst/btb_inst/btb_reg[2][TAG][3]/D
                                1.36           1.51 r        -0.15  (VIOLATED)
   if_stage_inst/btb_inst/btb_reg[2][TAG][4]/D
                                1.36           1.51 r        -0.15  (VIOLATED)
   if_stage_inst/btb_inst/btb_reg[2][TAG][5]/D
                                1.36           1.51 r        -0.15  (VIOLATED)
   if_stage_inst/btb_inst/btb_reg[2][TAG][6]/D
                                1.36           1.51 r        -0.15  (VIOLATED)
   if_stage_inst/btb_inst/btb_reg[2][TAG][7]/D
                                1.36           1.51 r        -0.15  (VIOLATED)
   if_stage_inst/btb_inst/btb_reg[2][TAG][9]/D
                                1.36           1.51 r        -0.15  (VIOLATED)
   if_stage_inst/btb_inst/btb_reg[2][TAG][10]/D
                                1.36           1.51 r        -0.15  (VIOLATED)
   if_stage_inst/btb_inst/btb_reg[2][TAG][12]/D
                                1.36           1.51 r        -0.15  (VIOLATED)
   if_stage_inst/btb_inst/btb_reg[2][TAG][14]/D
                                1.36           1.51 r        -0.15  (VIOLATED)
   if_stage_inst/btb_inst/btb_reg[2][TAG][15]/D
                                1.36           1.51 r        -0.15  (VIOLATED)
   if_stage_inst/btb_inst/btb_reg[2][TAG][16]/D
                                1.36           1.51 r        -0.15  (VIOLATED)
   if_stage_inst/btb_inst/btb_reg[2][TAG][17]/D
                                1.36           1.51 r        -0.15  (VIOLATED)
   if_stage_inst/btb_inst/btb_reg[2][TAG][18]/D
                                1.36           1.51 r        -0.15  (VIOLATED)
   if_stage_inst/btb_inst/btb_reg[2][TAG][19]/D
                                1.36           1.51 r        -0.15  (VIOLATED)
   if_stage_inst/btb_inst/btb_reg[2][TAG][20]/D
                                1.36           1.51 r        -0.15  (VIOLATED)
   if_stage_inst/btb_inst/btb_reg[2][TAG][21]/D
                                1.36           1.51 r        -0.15  (VIOLATED)
   if_stage_inst/btb_inst/btb_reg[2][TAG][22]/D
                                1.36           1.51 r        -0.15  (VIOLATED)
   if_stage_inst/btb_inst/btb_reg[2][TAG][24]/D
                                1.36           1.51 r        -0.15  (VIOLATED)
   if_stage_inst/btb_inst/btb_reg[3][TAG][0]/D
                                1.36           1.51 r        -0.15  (VIOLATED)
   if_stage_inst/btb_inst/btb_reg[3][TAG][1]/D
                                1.36           1.51 r        -0.15  (VIOLATED)
   if_stage_inst/btb_inst/btb_reg[3][TAG][3]/D
                                1.36           1.51 r        -0.15  (VIOLATED)
   if_stage_inst/btb_inst/btb_reg[3][TAG][4]/D
                                1.36           1.51 r        -0.15  (VIOLATED)
   if_stage_inst/btb_inst/btb_reg[3][TAG][5]/D
                                1.36           1.51 r        -0.15  (VIOLATED)
   if_stage_inst/btb_inst/btb_reg[3][TAG][6]/D
                                1.36           1.51 r        -0.15  (VIOLATED)
   if_stage_inst/btb_inst/btb_reg[3][TAG][7]/D
                                1.36           1.51 r        -0.15  (VIOLATED)
   if_stage_inst/btb_inst/btb_reg[3][TAG][9]/D
                                1.36           1.51 r        -0.15  (VIOLATED)
   if_stage_inst/btb_inst/btb_reg[3][TAG][10]/D
                                1.36           1.51 r        -0.15  (VIOLATED)
   if_stage_inst/btb_inst/btb_reg[3][TAG][12]/D
                                1.36           1.51 r        -0.15  (VIOLATED)
   if_stage_inst/btb_inst/btb_reg[3][TAG][14]/D
                                1.36           1.51 r        -0.15  (VIOLATED)
   if_stage_inst/btb_inst/btb_reg[3][TAG][15]/D
                                1.36           1.51 r        -0.15  (VIOLATED)
   if_stage_inst/btb_inst/btb_reg[3][TAG][16]/D
                                1.36           1.51 r        -0.15  (VIOLATED)
   if_stage_inst/btb_inst/btb_reg[3][TAG][17]/D
                                1.36           1.51 r        -0.15  (VIOLATED)
   if_stage_inst/btb_inst/btb_reg[3][TAG][18]/D
                                1.36           1.51 r        -0.15  (VIOLATED)
   if_stage_inst/btb_inst/btb_reg[3][TAG][19]/D
                                1.36           1.51 r        -0.15  (VIOLATED)
   if_stage_inst/btb_inst/btb_reg[3][TAG][20]/D
                                1.36           1.51 r        -0.15  (VIOLATED)
   if_stage_inst/btb_inst/btb_reg[3][TAG][21]/D
                                1.36           1.51 r        -0.15  (VIOLATED)
   if_stage_inst/btb_inst/btb_reg[3][TAG][22]/D
                                1.36           1.51 r        -0.15  (VIOLATED)
   if_stage_inst/btb_inst/btb_reg[3][TAG][24]/D
                                1.36           1.51 r        -0.15  (VIOLATED)
   if_stage_inst/btb_inst/btb_reg[4][TAG][0]/D
                                1.36           1.51 r        -0.15  (VIOLATED)
   if_stage_inst/btb_inst/btb_reg[4][TAG][1]/D
                                1.36           1.51 r        -0.15  (VIOLATED)
   if_stage_inst/btb_inst/btb_reg[4][TAG][3]/D
                                1.36           1.51 r        -0.15  (VIOLATED)
   if_stage_inst/btb_inst/btb_reg[4][TAG][4]/D
                                1.36           1.51 r        -0.15  (VIOLATED)
   if_stage_inst/btb_inst/btb_reg[4][TAG][5]/D
                                1.36           1.51 r        -0.15  (VIOLATED)
   if_stage_inst/btb_inst/btb_reg[4][TAG][6]/D
                                1.36           1.51 r        -0.15  (VIOLATED)
   if_stage_inst/btb_inst/btb_reg[4][TAG][7]/D
                                1.36           1.51 r        -0.15  (VIOLATED)
   if_stage_inst/btb_inst/btb_reg[4][TAG][9]/D
                                1.36           1.51 r        -0.15  (VIOLATED)
   if_stage_inst/btb_inst/btb_reg[4][TAG][10]/D
                                1.36           1.51 r        -0.15  (VIOLATED)
   if_stage_inst/btb_inst/btb_reg[4][TAG][12]/D
                                1.36           1.51 r        -0.15  (VIOLATED)
   if_stage_inst/btb_inst/btb_reg[4][TAG][14]/D
                                1.36           1.51 r        -0.15  (VIOLATED)
   if_stage_inst/btb_inst/btb_reg[4][TAG][15]/D
                                1.36           1.51 r        -0.15  (VIOLATED)
   if_stage_inst/btb_inst/btb_reg[4][TAG][16]/D
                                1.36           1.51 r        -0.15  (VIOLATED)
   if_stage_inst/btb_inst/btb_reg[4][TAG][17]/D
                                1.36           1.51 r        -0.15  (VIOLATED)
   if_stage_inst/btb_inst/btb_reg[4][TAG][18]/D
                                1.36           1.51 r        -0.15  (VIOLATED)
   if_stage_inst/btb_inst/btb_reg[4][TAG][19]/D
                                1.36           1.51 r        -0.15  (VIOLATED)
   if_stage_inst/btb_inst/btb_reg[4][TAG][20]/D
                                1.36           1.51 r        -0.15  (VIOLATED)
   if_stage_inst/btb_inst/btb_reg[4][TAG][21]/D
                                1.36           1.51 r        -0.15  (VIOLATED)
   if_stage_inst/btb_inst/btb_reg[4][TAG][22]/D
                                1.36           1.51 r        -0.15  (VIOLATED)
   if_stage_inst/btb_inst/btb_reg[4][TAG][24]/D
                                1.36           1.51 r        -0.15  (VIOLATED)
   if_stage_inst/btb_inst/btb_reg[5][TAG][0]/D
                                1.36           1.51 r        -0.15  (VIOLATED)
   if_stage_inst/btb_inst/btb_reg[5][TAG][1]/D
                                1.36           1.51 r        -0.15  (VIOLATED)
   if_stage_inst/btb_inst/btb_reg[5][TAG][3]/D
                                1.36           1.51 r        -0.15  (VIOLATED)
   if_stage_inst/btb_inst/btb_reg[5][TAG][4]/D
                                1.36           1.51 r        -0.15  (VIOLATED)
   if_stage_inst/btb_inst/btb_reg[5][TAG][5]/D
                                1.36           1.51 r        -0.15  (VIOLATED)
   if_stage_inst/btb_inst/btb_reg[5][TAG][6]/D
                                1.36           1.51 r        -0.15  (VIOLATED)
   if_stage_inst/btb_inst/btb_reg[5][TAG][7]/D
                                1.36           1.51 r        -0.15  (VIOLATED)
   if_stage_inst/btb_inst/btb_reg[5][TAG][9]/D
                                1.36           1.51 r        -0.15  (VIOLATED)
   if_stage_inst/btb_inst/btb_reg[5][TAG][10]/D
                                1.36           1.51 r        -0.15  (VIOLATED)
   if_stage_inst/btb_inst/btb_reg[5][TAG][12]/D
                                1.36           1.51 r        -0.15  (VIOLATED)
   if_stage_inst/btb_inst/btb_reg[5][TAG][14]/D
                                1.36           1.51 r        -0.15  (VIOLATED)
   if_stage_inst/btb_inst/btb_reg[5][TAG][15]/D
                                1.36           1.51 r        -0.15  (VIOLATED)
   if_stage_inst/btb_inst/btb_reg[5][TAG][16]/D
                                1.36           1.51 r        -0.15  (VIOLATED)
   if_stage_inst/btb_inst/btb_reg[5][TAG][17]/D
                                1.36           1.51 r        -0.15  (VIOLATED)
   if_stage_inst/btb_inst/btb_reg[5][TAG][18]/D
                                1.36           1.51 r        -0.15  (VIOLATED)
   if_stage_inst/btb_inst/btb_reg[5][TAG][19]/D
                                1.36           1.51 r        -0.15  (VIOLATED)
   if_stage_inst/btb_inst/btb_reg[5][TAG][20]/D
                                1.36           1.51 r        -0.15  (VIOLATED)
   if_stage_inst/btb_inst/btb_reg[5][TAG][21]/D
                                1.36           1.51 r        -0.15  (VIOLATED)
   if_stage_inst/btb_inst/btb_reg[5][TAG][22]/D
                                1.36           1.51 r        -0.15  (VIOLATED)
   if_stage_inst/btb_inst/btb_reg[5][TAG][24]/D
                                1.36           1.51 r        -0.15  (VIOLATED)
   if_stage_inst/btb_inst/btb_reg[6][TAG][0]/D
                                1.36           1.51 r        -0.15  (VIOLATED)
   if_stage_inst/btb_inst/btb_reg[6][TAG][1]/D
                                1.36           1.51 r        -0.15  (VIOLATED)
   if_stage_inst/btb_inst/btb_reg[6][TAG][3]/D
                                1.36           1.51 r        -0.15  (VIOLATED)
   if_stage_inst/btb_inst/btb_reg[6][TAG][4]/D
                                1.36           1.51 r        -0.15  (VIOLATED)
   if_stage_inst/btb_inst/btb_reg[6][TAG][5]/D
                                1.36           1.51 r        -0.15  (VIOLATED)
   if_stage_inst/btb_inst/btb_reg[6][TAG][6]/D
                                1.36           1.51 r        -0.15  (VIOLATED)
   if_stage_inst/btb_inst/btb_reg[6][TAG][7]/D
                                1.36           1.51 r        -0.15  (VIOLATED)
   if_stage_inst/btb_inst/btb_reg[6][TAG][9]/D
                                1.36           1.51 r        -0.15  (VIOLATED)
   if_stage_inst/btb_inst/btb_reg[6][TAG][10]/D
                                1.36           1.51 r        -0.15  (VIOLATED)
   if_stage_inst/btb_inst/btb_reg[6][TAG][12]/D
                                1.36           1.51 r        -0.15  (VIOLATED)
   if_stage_inst/btb_inst/btb_reg[6][TAG][14]/D
                                1.36           1.51 r        -0.15  (VIOLATED)
   if_stage_inst/btb_inst/btb_reg[6][TAG][15]/D
                                1.36           1.51 r        -0.15  (VIOLATED)
   if_stage_inst/btb_inst/btb_reg[6][TAG][16]/D
                                1.36           1.51 r        -0.15  (VIOLATED)
   if_stage_inst/btb_inst/btb_reg[6][TAG][17]/D
                                1.36           1.51 r        -0.15  (VIOLATED)
   if_stage_inst/btb_inst/btb_reg[6][TAG][18]/D
                                1.36           1.51 r        -0.15  (VIOLATED)
   if_stage_inst/btb_inst/btb_reg[6][TAG][19]/D
                                1.36           1.51 r        -0.15  (VIOLATED)
   if_stage_inst/btb_inst/btb_reg[6][TAG][20]/D
                                1.36           1.51 r        -0.15  (VIOLATED)
   if_stage_inst/btb_inst/btb_reg[6][TAG][21]/D
                                1.36           1.51 r        -0.15  (VIOLATED)
   if_stage_inst/btb_inst/btb_reg[6][TAG][22]/D
                                1.36           1.51 r        -0.15  (VIOLATED)
   if_stage_inst/btb_inst/btb_reg[6][TAG][24]/D
                                1.36           1.51 r        -0.15  (VIOLATED)
   if_stage_inst/btb_inst/btb_reg[7][TAG][0]/D
                                1.36           1.51 r        -0.15  (VIOLATED)
   if_stage_inst/btb_inst/btb_reg[7][TAG][1]/D
                                1.36           1.51 r        -0.15  (VIOLATED)
   if_stage_inst/btb_inst/btb_reg[7][TAG][3]/D
                                1.36           1.51 r        -0.15  (VIOLATED)
   if_stage_inst/btb_inst/btb_reg[7][TAG][4]/D
                                1.36           1.51 r        -0.15  (VIOLATED)
   if_stage_inst/btb_inst/btb_reg[7][TAG][5]/D
                                1.36           1.51 r        -0.15  (VIOLATED)
   if_stage_inst/btb_inst/btb_reg[7][TAG][6]/D
                                1.36           1.51 r        -0.15  (VIOLATED)
   if_stage_inst/btb_inst/btb_reg[7][TAG][7]/D
                                1.36           1.51 r        -0.15  (VIOLATED)
   if_stage_inst/btb_inst/btb_reg[7][TAG][9]/D
                                1.36           1.51 r        -0.15  (VIOLATED)
   if_stage_inst/btb_inst/btb_reg[7][TAG][10]/D
                                1.36           1.51 r        -0.15  (VIOLATED)
   if_stage_inst/btb_inst/btb_reg[7][TAG][12]/D
                                1.36           1.51 r        -0.15  (VIOLATED)
   if_stage_inst/btb_inst/btb_reg[7][TAG][14]/D
                                1.36           1.51 r        -0.15  (VIOLATED)
   if_stage_inst/btb_inst/btb_reg[7][TAG][15]/D
                                1.36           1.51 r        -0.15  (VIOLATED)
   if_stage_inst/btb_inst/btb_reg[7][TAG][16]/D
                                1.36           1.51 r        -0.15  (VIOLATED)
   if_stage_inst/btb_inst/btb_reg[7][TAG][17]/D
                                1.36           1.51 r        -0.15  (VIOLATED)
   if_stage_inst/btb_inst/btb_reg[7][TAG][18]/D
                                1.36           1.51 r        -0.15  (VIOLATED)
   if_stage_inst/btb_inst/btb_reg[7][TAG][19]/D
                                1.36           1.51 r        -0.15  (VIOLATED)
   if_stage_inst/btb_inst/btb_reg[7][TAG][20]/D
                                1.36           1.51 r        -0.15  (VIOLATED)
   if_stage_inst/btb_inst/btb_reg[7][TAG][21]/D
                                1.36           1.51 r        -0.15  (VIOLATED)
   if_stage_inst/btb_inst/btb_reg[7][TAG][22]/D
                                1.36           1.51 r        -0.15  (VIOLATED)
   if_stage_inst/btb_inst/btb_reg[7][TAG][24]/D
                                1.36           1.51 r        -0.15  (VIOLATED)
   if_stage_inst/btb_inst/btb_reg[8][TAG][0]/D
                                1.36           1.51 r        -0.15  (VIOLATED)
   if_stage_inst/btb_inst/btb_reg[8][TAG][1]/D
                                1.36           1.51 r        -0.15  (VIOLATED)
   if_stage_inst/btb_inst/btb_reg[8][TAG][3]/D
                                1.36           1.51 r        -0.15  (VIOLATED)
   if_stage_inst/btb_inst/btb_reg[8][TAG][4]/D
                                1.36           1.51 r        -0.15  (VIOLATED)
   if_stage_inst/btb_inst/btb_reg[8][TAG][5]/D
                                1.36           1.51 r        -0.15  (VIOLATED)
   if_stage_inst/btb_inst/btb_reg[8][TAG][6]/D
                                1.36           1.51 r        -0.15  (VIOLATED)
   if_stage_inst/btb_inst/btb_reg[8][TAG][7]/D
                                1.36           1.51 r        -0.15  (VIOLATED)
   if_stage_inst/btb_inst/btb_reg[8][TAG][9]/D
                                1.36           1.51 r        -0.15  (VIOLATED)
   if_stage_inst/btb_inst/btb_reg[8][TAG][10]/D
                                1.36           1.51 r        -0.15  (VIOLATED)
   if_stage_inst/btb_inst/btb_reg[8][TAG][12]/D
                                1.36           1.51 r        -0.15  (VIOLATED)
   if_stage_inst/btb_inst/btb_reg[8][TAG][14]/D
                                1.36           1.51 r        -0.15  (VIOLATED)
   if_stage_inst/btb_inst/btb_reg[8][TAG][15]/D
                                1.36           1.51 r        -0.15  (VIOLATED)
   if_stage_inst/btb_inst/btb_reg[8][TAG][16]/D
                                1.36           1.51 r        -0.15  (VIOLATED)
   if_stage_inst/btb_inst/btb_reg[8][TAG][17]/D
                                1.36           1.51 r        -0.15  (VIOLATED)
   if_stage_inst/btb_inst/btb_reg[8][TAG][18]/D
                                1.36           1.51 r        -0.15  (VIOLATED)
   if_stage_inst/btb_inst/btb_reg[8][TAG][19]/D
                                1.36           1.51 r        -0.15  (VIOLATED)
   if_stage_inst/btb_inst/btb_reg[8][TAG][20]/D
                                1.36           1.51 r        -0.15  (VIOLATED)
   if_stage_inst/btb_inst/btb_reg[8][TAG][21]/D
                                1.36           1.51 r        -0.15  (VIOLATED)
   if_stage_inst/btb_inst/btb_reg[8][TAG][22]/D
                                1.36           1.51 r        -0.15  (VIOLATED)
   if_stage_inst/btb_inst/btb_reg[8][TAG][24]/D
                                1.36           1.51 r        -0.15  (VIOLATED)
   if_stage_inst/btb_inst/btb_reg[9][TAG][0]/D
                                1.36           1.51 r        -0.15  (VIOLATED)
   if_stage_inst/btb_inst/btb_reg[9][TAG][1]/D
                                1.36           1.51 r        -0.15  (VIOLATED)
   if_stage_inst/btb_inst/btb_reg[9][TAG][3]/D
                                1.36           1.51 r        -0.15  (VIOLATED)
   if_stage_inst/btb_inst/btb_reg[9][TAG][4]/D
                                1.36           1.51 r        -0.15  (VIOLATED)
   if_stage_inst/btb_inst/btb_reg[9][TAG][5]/D
                                1.36           1.51 r        -0.15  (VIOLATED)
   if_stage_inst/btb_inst/btb_reg[9][TAG][6]/D
                                1.36           1.51 r        -0.15  (VIOLATED)
   if_stage_inst/btb_inst/btb_reg[9][TAG][7]/D
                                1.36           1.51 r        -0.15  (VIOLATED)
   if_stage_inst/btb_inst/btb_reg[9][TAG][9]/D
                                1.36           1.51 r        -0.15  (VIOLATED)
   if_stage_inst/btb_inst/btb_reg[9][TAG][10]/D
                                1.36           1.51 r        -0.15  (VIOLATED)
   if_stage_inst/btb_inst/btb_reg[9][TAG][12]/D
                                1.36           1.51 r        -0.15  (VIOLATED)
   if_stage_inst/btb_inst/btb_reg[9][TAG][14]/D
                                1.36           1.51 r        -0.15  (VIOLATED)
   if_stage_inst/btb_inst/btb_reg[9][TAG][15]/D
                                1.36           1.51 r        -0.15  (VIOLATED)
   if_stage_inst/btb_inst/btb_reg[9][TAG][16]/D
                                1.36           1.51 r        -0.15  (VIOLATED)
   if_stage_inst/btb_inst/btb_reg[9][TAG][17]/D
                                1.36           1.51 r        -0.15  (VIOLATED)
   if_stage_inst/btb_inst/btb_reg[9][TAG][18]/D
                                1.36           1.51 r        -0.15  (VIOLATED)
   if_stage_inst/btb_inst/btb_reg[9][TAG][19]/D
                                1.36           1.51 r        -0.15  (VIOLATED)
   if_stage_inst/btb_inst/btb_reg[9][TAG][20]/D
                                1.36           1.51 r        -0.15  (VIOLATED)
   if_stage_inst/btb_inst/btb_reg[9][TAG][21]/D
                                1.36           1.51 r        -0.15  (VIOLATED)
   if_stage_inst/btb_inst/btb_reg[9][TAG][22]/D
                                1.36           1.51 r        -0.15  (VIOLATED)
   if_stage_inst/btb_inst/btb_reg[9][TAG][24]/D
                                1.36           1.51 r        -0.15  (VIOLATED)
   if_stage_inst/btb_inst/btb_reg[10][TAG][0]/D
                                1.36           1.51 r        -0.15  (VIOLATED)
   if_stage_inst/btb_inst/btb_reg[10][TAG][1]/D
                                1.36           1.51 r        -0.15  (VIOLATED)
   if_stage_inst/btb_inst/btb_reg[10][TAG][3]/D
                                1.36           1.51 r        -0.15  (VIOLATED)
   if_stage_inst/btb_inst/btb_reg[10][TAG][4]/D
                                1.36           1.51 r        -0.15  (VIOLATED)
   if_stage_inst/btb_inst/btb_reg[10][TAG][5]/D
                                1.36           1.51 r        -0.15  (VIOLATED)
   if_stage_inst/btb_inst/btb_reg[10][TAG][6]/D
                                1.36           1.51 r        -0.15  (VIOLATED)
   if_stage_inst/btb_inst/btb_reg[10][TAG][7]/D
                                1.36           1.51 r        -0.15  (VIOLATED)
   if_stage_inst/btb_inst/btb_reg[10][TAG][9]/D
                                1.36           1.51 r        -0.15  (VIOLATED)
   if_stage_inst/btb_inst/btb_reg[10][TAG][10]/D
                                1.36           1.51 r        -0.15  (VIOLATED)
   if_stage_inst/btb_inst/btb_reg[10][TAG][12]/D
                                1.36           1.51 r        -0.15  (VIOLATED)
   if_stage_inst/btb_inst/btb_reg[10][TAG][14]/D
                                1.36           1.51 r        -0.15  (VIOLATED)
   if_stage_inst/btb_inst/btb_reg[10][TAG][15]/D
                                1.36           1.51 r        -0.15  (VIOLATED)
   if_stage_inst/btb_inst/btb_reg[10][TAG][16]/D
                                1.36           1.51 r        -0.15  (VIOLATED)
   if_stage_inst/btb_inst/btb_reg[10][TAG][17]/D
                                1.36           1.51 r        -0.15  (VIOLATED)
   if_stage_inst/btb_inst/btb_reg[10][TAG][18]/D
                                1.36           1.51 r        -0.15  (VIOLATED)
   if_stage_inst/btb_inst/btb_reg[10][TAG][19]/D
                                1.36           1.51 r        -0.15  (VIOLATED)
   if_stage_inst/btb_inst/btb_reg[10][TAG][20]/D
                                1.36           1.51 r        -0.15  (VIOLATED)
   if_stage_inst/btb_inst/btb_reg[10][TAG][21]/D
                                1.36           1.51 r        -0.15  (VIOLATED)
   if_stage_inst/btb_inst/btb_reg[10][TAG][22]/D
                                1.36           1.51 r        -0.15  (VIOLATED)
   if_stage_inst/btb_inst/btb_reg[10][TAG][24]/D
                                1.36           1.51 r        -0.15  (VIOLATED)
   if_stage_inst/btb_inst/btb_reg[11][TAG][0]/D
                                1.36           1.51 r        -0.15  (VIOLATED)
   if_stage_inst/btb_inst/btb_reg[11][TAG][1]/D
                                1.36           1.51 r        -0.15  (VIOLATED)
   if_stage_inst/btb_inst/btb_reg[11][TAG][3]/D
                                1.36           1.51 r        -0.15  (VIOLATED)
   if_stage_inst/btb_inst/btb_reg[11][TAG][4]/D
                                1.36           1.51 r        -0.15  (VIOLATED)
   if_stage_inst/btb_inst/btb_reg[11][TAG][5]/D
                                1.36           1.51 r        -0.15  (VIOLATED)
   if_stage_inst/btb_inst/btb_reg[11][TAG][6]/D
                                1.36           1.51 r        -0.15  (VIOLATED)
   if_stage_inst/btb_inst/btb_reg[11][TAG][7]/D
                                1.36           1.51 r        -0.15  (VIOLATED)
   if_stage_inst/btb_inst/btb_reg[11][TAG][9]/D
                                1.36           1.51 r        -0.15  (VIOLATED)
   if_stage_inst/btb_inst/btb_reg[11][TAG][10]/D
                                1.36           1.51 r        -0.15  (VIOLATED)
   if_stage_inst/btb_inst/btb_reg[11][TAG][12]/D
                                1.36           1.51 r        -0.15  (VIOLATED)
   if_stage_inst/btb_inst/btb_reg[11][TAG][14]/D
                                1.36           1.51 r        -0.15  (VIOLATED)
   if_stage_inst/btb_inst/btb_reg[11][TAG][15]/D
                                1.36           1.51 r        -0.15  (VIOLATED)
   if_stage_inst/btb_inst/btb_reg[11][TAG][16]/D
                                1.36           1.51 r        -0.15  (VIOLATED)
   if_stage_inst/btb_inst/btb_reg[11][TAG][17]/D
                                1.36           1.51 r        -0.15  (VIOLATED)
   if_stage_inst/btb_inst/btb_reg[11][TAG][18]/D
                                1.36           1.51 r        -0.15  (VIOLATED)
   if_stage_inst/btb_inst/btb_reg[11][TAG][19]/D
                                1.36           1.51 r        -0.15  (VIOLATED)
   if_stage_inst/btb_inst/btb_reg[11][TAG][20]/D
                                1.36           1.51 r        -0.15  (VIOLATED)
   if_stage_inst/btb_inst/btb_reg[11][TAG][21]/D
                                1.36           1.51 r        -0.15  (VIOLATED)
   if_stage_inst/btb_inst/btb_reg[11][TAG][22]/D
                                1.36           1.51 r        -0.15  (VIOLATED)
   if_stage_inst/btb_inst/btb_reg[11][TAG][24]/D
                                1.36           1.51 r        -0.15  (VIOLATED)
   if_stage_inst/btb_inst/btb_reg[12][TAG][0]/D
                                1.36           1.51 r        -0.15  (VIOLATED)
   if_stage_inst/btb_inst/btb_reg[12][TAG][1]/D
                                1.36           1.51 r        -0.15  (VIOLATED)
   if_stage_inst/btb_inst/btb_reg[12][TAG][3]/D
                                1.36           1.51 r        -0.15  (VIOLATED)
   if_stage_inst/btb_inst/btb_reg[12][TAG][4]/D
                                1.36           1.51 r        -0.15  (VIOLATED)
   if_stage_inst/btb_inst/btb_reg[12][TAG][5]/D
                                1.36           1.51 r        -0.15  (VIOLATED)
   if_stage_inst/btb_inst/btb_reg[12][TAG][6]/D
                                1.36           1.51 r        -0.15  (VIOLATED)
   if_stage_inst/btb_inst/btb_reg[12][TAG][7]/D
                                1.36           1.51 r        -0.15  (VIOLATED)
   if_stage_inst/btb_inst/btb_reg[12][TAG][9]/D
                                1.36           1.51 r        -0.15  (VIOLATED)
   if_stage_inst/btb_inst/btb_reg[12][TAG][10]/D
                                1.36           1.51 r        -0.15  (VIOLATED)
   if_stage_inst/btb_inst/btb_reg[12][TAG][12]/D
                                1.36           1.51 r        -0.15  (VIOLATED)
   if_stage_inst/btb_inst/btb_reg[12][TAG][14]/D
                                1.36           1.51 r        -0.15  (VIOLATED)
   if_stage_inst/btb_inst/btb_reg[12][TAG][15]/D
                                1.36           1.51 r        -0.15  (VIOLATED)
   if_stage_inst/btb_inst/btb_reg[12][TAG][16]/D
                                1.36           1.51 r        -0.15  (VIOLATED)
   if_stage_inst/btb_inst/btb_reg[12][TAG][17]/D
                                1.36           1.51 r        -0.15  (VIOLATED)
   if_stage_inst/btb_inst/btb_reg[12][TAG][18]/D
                                1.36           1.51 r        -0.15  (VIOLATED)
   if_stage_inst/btb_inst/btb_reg[12][TAG][19]/D
                                1.36           1.51 r        -0.15  (VIOLATED)
   if_stage_inst/btb_inst/btb_reg[12][TAG][20]/D
                                1.36           1.51 r        -0.15  (VIOLATED)
   if_stage_inst/btb_inst/btb_reg[12][TAG][21]/D
                                1.36           1.51 r        -0.15  (VIOLATED)
   if_stage_inst/btb_inst/btb_reg[12][TAG][22]/D
                                1.36           1.51 r        -0.15  (VIOLATED)
   if_stage_inst/btb_inst/btb_reg[12][TAG][24]/D
                                1.36           1.51 r        -0.15  (VIOLATED)
   if_stage_inst/btb_inst/btb_reg[13][TAG][0]/D
                                1.36           1.51 r        -0.15  (VIOLATED)
   if_stage_inst/btb_inst/btb_reg[13][TAG][1]/D
                                1.36           1.51 r        -0.15  (VIOLATED)
   if_stage_inst/btb_inst/btb_reg[13][TAG][3]/D
                                1.36           1.51 r        -0.15  (VIOLATED)
   if_stage_inst/btb_inst/btb_reg[13][TAG][4]/D
                                1.36           1.51 r        -0.15  (VIOLATED)
   if_stage_inst/btb_inst/btb_reg[13][TAG][5]/D
                                1.36           1.51 r        -0.15  (VIOLATED)
   if_stage_inst/btb_inst/btb_reg[13][TAG][6]/D
                                1.36           1.51 r        -0.15  (VIOLATED)
   if_stage_inst/btb_inst/btb_reg[13][TAG][7]/D
                                1.36           1.51 r        -0.15  (VIOLATED)
   if_stage_inst/btb_inst/btb_reg[13][TAG][9]/D
                                1.36           1.51 r        -0.15  (VIOLATED)
   if_stage_inst/btb_inst/btb_reg[13][TAG][10]/D
                                1.36           1.51 r        -0.15  (VIOLATED)
   if_stage_inst/btb_inst/btb_reg[13][TAG][12]/D
                                1.36           1.51 r        -0.15  (VIOLATED)
   if_stage_inst/btb_inst/btb_reg[13][TAG][14]/D
                                1.36           1.51 r        -0.15  (VIOLATED)
   if_stage_inst/btb_inst/btb_reg[13][TAG][15]/D
                                1.36           1.51 r        -0.15  (VIOLATED)
   if_stage_inst/btb_inst/btb_reg[13][TAG][16]/D
                                1.36           1.51 r        -0.15  (VIOLATED)
   if_stage_inst/btb_inst/btb_reg[13][TAG][17]/D
                                1.36           1.51 r        -0.15  (VIOLATED)
   if_stage_inst/btb_inst/btb_reg[13][TAG][18]/D
                                1.36           1.51 r        -0.15  (VIOLATED)
   if_stage_inst/btb_inst/btb_reg[13][TAG][19]/D
                                1.36           1.51 r        -0.15  (VIOLATED)
   if_stage_inst/btb_inst/btb_reg[13][TAG][20]/D
                                1.36           1.51 r        -0.15  (VIOLATED)
   if_stage_inst/btb_inst/btb_reg[13][TAG][21]/D
                                1.36           1.51 r        -0.15  (VIOLATED)
   if_stage_inst/btb_inst/btb_reg[13][TAG][22]/D
                                1.36           1.51 r        -0.15  (VIOLATED)
   if_stage_inst/btb_inst/btb_reg[13][TAG][24]/D
                                1.36           1.51 r        -0.15  (VIOLATED)
   if_stage_inst/btb_inst/btb_reg[14][TAG][0]/D
                                1.36           1.51 r        -0.15  (VIOLATED)
   if_stage_inst/btb_inst/btb_reg[14][TAG][1]/D
                                1.36           1.51 r        -0.15  (VIOLATED)
   if_stage_inst/btb_inst/btb_reg[14][TAG][3]/D
                                1.36           1.51 r        -0.15  (VIOLATED)
   if_stage_inst/btb_inst/btb_reg[14][TAG][4]/D
                                1.36           1.51 r        -0.15  (VIOLATED)
   if_stage_inst/btb_inst/btb_reg[14][TAG][5]/D
                                1.36           1.51 r        -0.15  (VIOLATED)
   if_stage_inst/btb_inst/btb_reg[14][TAG][6]/D
                                1.36           1.51 r        -0.15  (VIOLATED)
   if_stage_inst/btb_inst/btb_reg[14][TAG][7]/D
                                1.36           1.51 r        -0.15  (VIOLATED)
   if_stage_inst/btb_inst/btb_reg[14][TAG][9]/D
                                1.36           1.51 r        -0.15  (VIOLATED)
   if_stage_inst/btb_inst/btb_reg[14][TAG][10]/D
                                1.36           1.51 r        -0.15  (VIOLATED)
   if_stage_inst/btb_inst/btb_reg[14][TAG][12]/D
                                1.36           1.51 r        -0.15  (VIOLATED)
   if_stage_inst/btb_inst/btb_reg[14][TAG][14]/D
                                1.36           1.51 r        -0.15  (VIOLATED)
   if_stage_inst/btb_inst/btb_reg[14][TAG][15]/D
                                1.36           1.51 r        -0.15  (VIOLATED)
   if_stage_inst/btb_inst/btb_reg[14][TAG][16]/D
                                1.36           1.51 r        -0.15  (VIOLATED)
   if_stage_inst/btb_inst/btb_reg[14][TAG][17]/D
                                1.36           1.51 r        -0.15  (VIOLATED)
   if_stage_inst/btb_inst/btb_reg[14][TAG][18]/D
                                1.36           1.51 r        -0.15  (VIOLATED)
   if_stage_inst/btb_inst/btb_reg[14][TAG][19]/D
                                1.36           1.51 r        -0.15  (VIOLATED)
   if_stage_inst/btb_inst/btb_reg[14][TAG][20]/D
                                1.36           1.51 r        -0.15  (VIOLATED)
   if_stage_inst/btb_inst/btb_reg[14][TAG][21]/D
                                1.36           1.51 r        -0.15  (VIOLATED)
   if_stage_inst/btb_inst/btb_reg[14][TAG][22]/D
                                1.36           1.51 r        -0.15  (VIOLATED)
   if_stage_inst/btb_inst/btb_reg[14][TAG][24]/D
                                1.36           1.51 r        -0.15  (VIOLATED)
   if_stage_inst/btb_inst/btb_reg[15][TAG][0]/D
                                1.36           1.51 r        -0.15  (VIOLATED)
   if_stage_inst/btb_inst/btb_reg[15][TAG][1]/D
                                1.36           1.51 r        -0.15  (VIOLATED)
   if_stage_inst/btb_inst/btb_reg[15][TAG][3]/D
                                1.36           1.51 r        -0.15  (VIOLATED)
   if_stage_inst/btb_inst/btb_reg[15][TAG][4]/D
                                1.36           1.51 r        -0.15  (VIOLATED)
   if_stage_inst/btb_inst/btb_reg[15][TAG][5]/D
                                1.36           1.51 r        -0.15  (VIOLATED)
   if_stage_inst/btb_inst/btb_reg[15][TAG][6]/D
                                1.36           1.51 r        -0.15  (VIOLATED)
   if_stage_inst/btb_inst/btb_reg[15][TAG][7]/D
                                1.36           1.51 r        -0.15  (VIOLATED)
   if_stage_inst/btb_inst/btb_reg[15][TAG][9]/D
                                1.36           1.51 r        -0.15  (VIOLATED)
   if_stage_inst/btb_inst/btb_reg[15][TAG][10]/D
                                1.36           1.51 r        -0.15  (VIOLATED)
   if_stage_inst/btb_inst/btb_reg[15][TAG][12]/D
                                1.36           1.51 r        -0.15  (VIOLATED)
   if_stage_inst/btb_inst/btb_reg[15][TAG][14]/D
                                1.36           1.51 r        -0.15  (VIOLATED)
   if_stage_inst/btb_inst/btb_reg[15][TAG][15]/D
                                1.36           1.51 r        -0.15  (VIOLATED)
   if_stage_inst/btb_inst/btb_reg[15][TAG][16]/D
                                1.36           1.51 r        -0.15  (VIOLATED)
   if_stage_inst/btb_inst/btb_reg[15][TAG][17]/D
                                1.36           1.51 r        -0.15  (VIOLATED)
   if_stage_inst/btb_inst/btb_reg[15][TAG][18]/D
                                1.36           1.51 r        -0.15  (VIOLATED)
   if_stage_inst/btb_inst/btb_reg[15][TAG][19]/D
                                1.36           1.51 r        -0.15  (VIOLATED)
   if_stage_inst/btb_inst/btb_reg[15][TAG][20]/D
                                1.36           1.51 r        -0.15  (VIOLATED)
   if_stage_inst/btb_inst/btb_reg[15][TAG][21]/D
                                1.36           1.51 r        -0.15  (VIOLATED)
   if_stage_inst/btb_inst/btb_reg[15][TAG][22]/D
                                1.36           1.51 r        -0.15  (VIOLATED)
   if_stage_inst/btb_inst/btb_reg[15][TAG][24]/D
                                1.36           1.51 r        -0.15  (VIOLATED)
   ex_stage_inst/mult_pp_inst/tree_i/layer_4_r_reg[1][11]/D
                                1.36           1.51 r        -0.15  (VIOLATED)
   ex_stage_inst/mult_pp_inst/tree_i/layer_4_r_reg[0][7]/D
                                1.37           1.52 r        -0.15  (VIOLATED)
   if_stage_inst/pc_plus4_reg/reg_data_reg[26]/D
                                1.36           1.50 f        -0.14  (VIOLATED)
   if_stage_inst/btb_inst/btb_reg[0][TARGET][28]/D
                                1.35           1.49 f        -0.14  (VIOLATED)
   if_stage_inst/btb_inst/btb_reg[1][TARGET][28]/D
                                1.35           1.49 f        -0.14  (VIOLATED)
   if_stage_inst/btb_inst/btb_reg[2][TARGET][28]/D
                                1.35           1.49 f        -0.14  (VIOLATED)
   if_stage_inst/btb_inst/btb_reg[3][TARGET][28]/D
                                1.35           1.49 f        -0.14  (VIOLATED)
   if_stage_inst/btb_inst/btb_reg[4][TARGET][28]/D
                                1.35           1.49 f        -0.14  (VIOLATED)
   if_stage_inst/btb_inst/btb_reg[5][TARGET][28]/D
                                1.35           1.49 f        -0.14  (VIOLATED)
   if_stage_inst/btb_inst/btb_reg[6][TARGET][28]/D
                                1.35           1.49 f        -0.14  (VIOLATED)
   if_stage_inst/btb_inst/btb_reg[7][TARGET][28]/D
                                1.35           1.49 f        -0.14  (VIOLATED)
   if_stage_inst/btb_inst/btb_reg[8][TARGET][28]/D
                                1.35           1.49 f        -0.14  (VIOLATED)
   if_stage_inst/btb_inst/btb_reg[9][TARGET][28]/D
                                1.35           1.49 f        -0.14  (VIOLATED)
   if_stage_inst/btb_inst/btb_reg[10][TARGET][28]/D
                                1.35           1.49 f        -0.14  (VIOLATED)
   if_stage_inst/btb_inst/btb_reg[11][TARGET][28]/D
                                1.35           1.49 f        -0.14  (VIOLATED)
   if_stage_inst/btb_inst/btb_reg[12][TARGET][28]/D
                                1.35           1.49 f        -0.14  (VIOLATED)
   if_stage_inst/btb_inst/btb_reg[13][TARGET][28]/D
                                1.35           1.49 f        -0.14  (VIOLATED)
   if_stage_inst/btb_inst/btb_reg[14][TARGET][28]/D
                                1.35           1.49 f        -0.14  (VIOLATED)
   if_stage_inst/btb_inst/btb_reg[15][TARGET][28]/D
                                1.35           1.49 f        -0.14  (VIOLATED)
   ex_stage_inst/result_reg/reg_data_reg[0]/D
                                1.36           1.50 f        -0.14  (VIOLATED)
   if_stage_inst/btb_inst/btb_reg[0][TARGET][26]/D
                                1.36           1.49 r        -0.13  (VIOLATED)
   if_stage_inst/btb_inst/btb_reg[1][TARGET][26]/D
                                1.36           1.49 r        -0.13  (VIOLATED)
   if_stage_inst/btb_inst/btb_reg[2][TARGET][26]/D
                                1.36           1.49 r        -0.13  (VIOLATED)
   if_stage_inst/btb_inst/btb_reg[3][TARGET][26]/D
                                1.36           1.49 r        -0.13  (VIOLATED)
   if_stage_inst/btb_inst/btb_reg[4][TARGET][26]/D
                                1.36           1.49 r        -0.13  (VIOLATED)
   if_stage_inst/btb_inst/btb_reg[5][TARGET][26]/D
                                1.36           1.49 r        -0.13  (VIOLATED)
   if_stage_inst/btb_inst/btb_reg[6][TARGET][26]/D
                                1.36           1.49 r        -0.13  (VIOLATED)
   if_stage_inst/btb_inst/btb_reg[7][TARGET][26]/D
                                1.36           1.49 r        -0.13  (VIOLATED)
   if_stage_inst/btb_inst/btb_reg[8][TARGET][26]/D
                                1.36           1.49 r        -0.13  (VIOLATED)
   if_stage_inst/btb_inst/btb_reg[9][TARGET][26]/D
                                1.36           1.49 r        -0.13  (VIOLATED)
   if_stage_inst/btb_inst/btb_reg[10][TARGET][26]/D
                                1.36           1.49 r        -0.13  (VIOLATED)
   if_stage_inst/btb_inst/btb_reg[11][TARGET][26]/D
                                1.36           1.49 r        -0.13  (VIOLATED)
   if_stage_inst/btb_inst/btb_reg[12][TARGET][26]/D
                                1.36           1.49 r        -0.13  (VIOLATED)
   if_stage_inst/btb_inst/btb_reg[13][TARGET][26]/D
                                1.36           1.49 r        -0.13  (VIOLATED)
   if_stage_inst/btb_inst/btb_reg[14][TARGET][26]/D
                                1.36           1.49 r        -0.13  (VIOLATED)
   ex_stage_inst/mult_pp_inst/tree_i/layer_4_r_reg[1][8]/D
                                1.36           1.49 f        -0.13  (VIOLATED)
   if_stage_inst/pc_plus4_reg/reg_data_reg[25]/D
                                1.36           1.50 f        -0.13  (VIOLATED)
   if_stage_inst/btb_inst/btb_reg[0][TARGET][27]/D
                                1.36           1.49 r        -0.13  (VIOLATED)
   if_stage_inst/btb_inst/btb_reg[1][TARGET][27]/D
                                1.36           1.49 r        -0.13  (VIOLATED)
   if_stage_inst/btb_inst/btb_reg[2][TARGET][27]/D
                                1.36           1.49 r        -0.13  (VIOLATED)
   if_stage_inst/btb_inst/btb_reg[3][TARGET][27]/D
                                1.36           1.49 r        -0.13  (VIOLATED)
   if_stage_inst/btb_inst/btb_reg[4][TARGET][27]/D
                                1.36           1.49 r        -0.13  (VIOLATED)
   if_stage_inst/btb_inst/btb_reg[5][TARGET][27]/D
                                1.36           1.49 r        -0.13  (VIOLATED)
   if_stage_inst/btb_inst/btb_reg[6][TARGET][27]/D
                                1.36           1.49 r        -0.13  (VIOLATED)
   if_stage_inst/btb_inst/btb_reg[7][TARGET][27]/D
                                1.36           1.49 r        -0.13  (VIOLATED)
   if_stage_inst/btb_inst/btb_reg[8][TARGET][27]/D
                                1.36           1.49 r        -0.13  (VIOLATED)
   if_stage_inst/btb_inst/btb_reg[9][TARGET][27]/D
                                1.36           1.49 r        -0.13  (VIOLATED)
   if_stage_inst/btb_inst/btb_reg[10][TARGET][27]/D
                                1.36           1.49 r        -0.13  (VIOLATED)
   if_stage_inst/btb_inst/btb_reg[11][TARGET][27]/D
                                1.36           1.49 r        -0.13  (VIOLATED)
   if_stage_inst/btb_inst/btb_reg[12][TARGET][27]/D
                                1.36           1.49 r        -0.13  (VIOLATED)
   if_stage_inst/btb_inst/btb_reg[13][TARGET][27]/D
                                1.36           1.49 r        -0.13  (VIOLATED)
   if_stage_inst/btb_inst/btb_reg[14][TARGET][27]/D
                                1.36           1.49 r        -0.13  (VIOLATED)
   if_stage_inst/btb_inst/btb_reg[15][TARGET][27]/D
                                1.36           1.49 r        -0.13  (VIOLATED)
   ex_stage_inst/mult_pp_inst/tree_i/layer_4_r_reg[1][10]/D
                                1.37           1.50 r        -0.13  (VIOLATED)
   hazard_unit_inst/status_table_reg[31][1]/D
                                1.36           1.49 r        -0.13  (VIOLATED)
   if_stage_inst/btb_inst/btb_reg[0][TAG][2]/D
                                1.36           1.48 r        -0.12  (VIOLATED)
   if_stage_inst/btb_inst/btb_reg[0][TAG][8]/D
                                1.36           1.48 r        -0.12  (VIOLATED)
   if_stage_inst/btb_inst/btb_reg[0][TAG][11]/D
                                1.36           1.48 r        -0.12  (VIOLATED)
   if_stage_inst/btb_inst/btb_reg[0][TAG][13]/D
                                1.36           1.48 r        -0.12  (VIOLATED)
   if_stage_inst/btb_inst/btb_reg[0][TAG][23]/D
                                1.36           1.48 r        -0.12  (VIOLATED)
   if_stage_inst/btb_inst/btb_reg[0][TAG][25]/D
                                1.36           1.48 r        -0.12  (VIOLATED)
   if_stage_inst/btb_inst/btb_reg[0][TARGET][1]/D
                                1.36           1.48 r        -0.12  (VIOLATED)
   if_stage_inst/btb_inst/btb_reg[0][TARGET][2]/D
                                1.36           1.48 r        -0.12  (VIOLATED)
   if_stage_inst/btb_inst/btb_reg[0][TARGET][9]/D
                                1.36           1.48 r        -0.12  (VIOLATED)
   if_stage_inst/btb_inst/btb_reg[0][TARGET][14]/D
                                1.36           1.48 r        -0.12  (VIOLATED)
   if_stage_inst/btb_inst/btb_reg[0][TARGET][16]/D
                                1.36           1.48 r        -0.12  (VIOLATED)
   if_stage_inst/btb_inst/btb_reg[0][TARGET][17]/D
                                1.36           1.48 r        -0.12  (VIOLATED)
   if_stage_inst/btb_inst/btb_reg[0][TARGET][18]/D
                                1.36           1.48 r        -0.12  (VIOLATED)
   if_stage_inst/btb_inst/btb_reg[1][TAG][2]/D
                                1.36           1.48 r        -0.12  (VIOLATED)
   if_stage_inst/btb_inst/btb_reg[1][TAG][8]/D
                                1.36           1.48 r        -0.12  (VIOLATED)
   if_stage_inst/btb_inst/btb_reg[1][TAG][11]/D
                                1.36           1.48 r        -0.12  (VIOLATED)
   if_stage_inst/btb_inst/btb_reg[1][TAG][13]/D
                                1.36           1.48 r        -0.12  (VIOLATED)
   if_stage_inst/btb_inst/btb_reg[1][TAG][23]/D
                                1.36           1.48 r        -0.12  (VIOLATED)
   if_stage_inst/btb_inst/btb_reg[1][TAG][25]/D
                                1.36           1.48 r        -0.12  (VIOLATED)
   if_stage_inst/btb_inst/btb_reg[1][TARGET][1]/D
                                1.36           1.48 r        -0.12  (VIOLATED)
   if_stage_inst/btb_inst/btb_reg[1][TARGET][2]/D
                                1.36           1.48 r        -0.12  (VIOLATED)
   if_stage_inst/btb_inst/btb_reg[1][TARGET][9]/D
                                1.36           1.48 r        -0.12  (VIOLATED)
   if_stage_inst/btb_inst/btb_reg[1][TARGET][14]/D
                                1.36           1.48 r        -0.12  (VIOLATED)
   if_stage_inst/btb_inst/btb_reg[1][TARGET][16]/D
                                1.36           1.48 r        -0.12  (VIOLATED)
   if_stage_inst/btb_inst/btb_reg[1][TARGET][17]/D
                                1.36           1.48 r        -0.12  (VIOLATED)
   if_stage_inst/btb_inst/btb_reg[1][TARGET][18]/D
                                1.36           1.48 r        -0.12  (VIOLATED)
   if_stage_inst/btb_inst/btb_reg[2][TAG][2]/D
                                1.36           1.48 r        -0.12  (VIOLATED)
   if_stage_inst/btb_inst/btb_reg[2][TAG][8]/D
                                1.36           1.48 r        -0.12  (VIOLATED)
   if_stage_inst/btb_inst/btb_reg[2][TAG][11]/D
                                1.36           1.48 r        -0.12  (VIOLATED)
   if_stage_inst/btb_inst/btb_reg[2][TAG][13]/D
                                1.36           1.48 r        -0.12  (VIOLATED)
   if_stage_inst/btb_inst/btb_reg[2][TAG][23]/D
                                1.36           1.48 r        -0.12  (VIOLATED)
   if_stage_inst/btb_inst/btb_reg[2][TAG][25]/D
                                1.36           1.48 r        -0.12  (VIOLATED)
   if_stage_inst/btb_inst/btb_reg[2][TARGET][1]/D
                                1.36           1.48 r        -0.12  (VIOLATED)
   if_stage_inst/btb_inst/btb_reg[2][TARGET][2]/D
                                1.36           1.48 r        -0.12  (VIOLATED)
   if_stage_inst/btb_inst/btb_reg[2][TARGET][9]/D
                                1.36           1.48 r        -0.12  (VIOLATED)
   if_stage_inst/btb_inst/btb_reg[2][TARGET][14]/D
                                1.36           1.48 r        -0.12  (VIOLATED)
   if_stage_inst/btb_inst/btb_reg[2][TARGET][16]/D
                                1.36           1.48 r        -0.12  (VIOLATED)
   if_stage_inst/btb_inst/btb_reg[2][TARGET][17]/D
                                1.36           1.48 r        -0.12  (VIOLATED)
   if_stage_inst/btb_inst/btb_reg[2][TARGET][18]/D
                                1.36           1.48 r        -0.12  (VIOLATED)
   if_stage_inst/btb_inst/btb_reg[3][TAG][2]/D
                                1.36           1.48 r        -0.12  (VIOLATED)
   if_stage_inst/btb_inst/btb_reg[3][TAG][8]/D
                                1.36           1.48 r        -0.12  (VIOLATED)
   if_stage_inst/btb_inst/btb_reg[3][TAG][11]/D
                                1.36           1.48 r        -0.12  (VIOLATED)
   if_stage_inst/btb_inst/btb_reg[3][TAG][13]/D
                                1.36           1.48 r        -0.12  (VIOLATED)
   if_stage_inst/btb_inst/btb_reg[3][TAG][23]/D
                                1.36           1.48 r        -0.12  (VIOLATED)
   if_stage_inst/btb_inst/btb_reg[3][TAG][25]/D
                                1.36           1.48 r        -0.12  (VIOLATED)
   if_stage_inst/btb_inst/btb_reg[3][TARGET][1]/D
                                1.36           1.48 r        -0.12  (VIOLATED)
   if_stage_inst/btb_inst/btb_reg[3][TARGET][2]/D
                                1.36           1.48 r        -0.12  (VIOLATED)
   if_stage_inst/btb_inst/btb_reg[3][TARGET][9]/D
                                1.36           1.48 r        -0.12  (VIOLATED)
   if_stage_inst/btb_inst/btb_reg[3][TARGET][14]/D
                                1.36           1.48 r        -0.12  (VIOLATED)
   if_stage_inst/btb_inst/btb_reg[3][TARGET][16]/D
                                1.36           1.48 r        -0.12  (VIOLATED)
   if_stage_inst/btb_inst/btb_reg[3][TARGET][17]/D
                                1.36           1.48 r        -0.12  (VIOLATED)
   if_stage_inst/btb_inst/btb_reg[3][TARGET][18]/D
                                1.36           1.48 r        -0.12  (VIOLATED)
   if_stage_inst/btb_inst/btb_reg[4][TAG][2]/D
                                1.36           1.48 r        -0.12  (VIOLATED)
   if_stage_inst/btb_inst/btb_reg[4][TAG][8]/D
                                1.36           1.48 r        -0.12  (VIOLATED)
   if_stage_inst/btb_inst/btb_reg[4][TAG][11]/D
                                1.36           1.48 r        -0.12  (VIOLATED)
   if_stage_inst/btb_inst/btb_reg[4][TAG][13]/D
                                1.36           1.48 r        -0.12  (VIOLATED)
   if_stage_inst/btb_inst/btb_reg[4][TAG][23]/D
                                1.36           1.48 r        -0.12  (VIOLATED)
   if_stage_inst/btb_inst/btb_reg[4][TAG][25]/D
                                1.36           1.48 r        -0.12  (VIOLATED)
   if_stage_inst/btb_inst/btb_reg[4][TARGET][1]/D
                                1.36           1.48 r        -0.12  (VIOLATED)
   if_stage_inst/btb_inst/btb_reg[4][TARGET][2]/D
                                1.36           1.48 r        -0.12  (VIOLATED)
   if_stage_inst/btb_inst/btb_reg[4][TARGET][9]/D
                                1.36           1.48 r        -0.12  (VIOLATED)
   if_stage_inst/btb_inst/btb_reg[4][TARGET][14]/D
                                1.36           1.48 r        -0.12  (VIOLATED)
   if_stage_inst/btb_inst/btb_reg[4][TARGET][16]/D
                                1.36           1.48 r        -0.12  (VIOLATED)
   if_stage_inst/btb_inst/btb_reg[4][TARGET][17]/D
                                1.36           1.48 r        -0.12  (VIOLATED)
   if_stage_inst/btb_inst/btb_reg[4][TARGET][18]/D
                                1.36           1.48 r        -0.12  (VIOLATED)
   if_stage_inst/btb_inst/btb_reg[5][TAG][2]/D
                                1.36           1.48 r        -0.12  (VIOLATED)
   if_stage_inst/btb_inst/btb_reg[5][TAG][8]/D
                                1.36           1.48 r        -0.12  (VIOLATED)
   if_stage_inst/btb_inst/btb_reg[5][TAG][11]/D
                                1.36           1.48 r        -0.12  (VIOLATED)
   if_stage_inst/btb_inst/btb_reg[5][TAG][13]/D
                                1.36           1.48 r        -0.12  (VIOLATED)
   if_stage_inst/btb_inst/btb_reg[5][TAG][23]/D
                                1.36           1.48 r        -0.12  (VIOLATED)
   if_stage_inst/btb_inst/btb_reg[5][TAG][25]/D
                                1.36           1.48 r        -0.12  (VIOLATED)
   if_stage_inst/btb_inst/btb_reg[5][TARGET][1]/D
                                1.36           1.48 r        -0.12  (VIOLATED)
   if_stage_inst/btb_inst/btb_reg[5][TARGET][2]/D
                                1.36           1.48 r        -0.12  (VIOLATED)
   if_stage_inst/btb_inst/btb_reg[5][TARGET][9]/D
                                1.36           1.48 r        -0.12  (VIOLATED)
   if_stage_inst/btb_inst/btb_reg[5][TARGET][14]/D
                                1.36           1.48 r        -0.12  (VIOLATED)
   if_stage_inst/btb_inst/btb_reg[5][TARGET][16]/D
                                1.36           1.48 r        -0.12  (VIOLATED)
   if_stage_inst/btb_inst/btb_reg[5][TARGET][17]/D
                                1.36           1.48 r        -0.12  (VIOLATED)
   if_stage_inst/btb_inst/btb_reg[5][TARGET][18]/D
                                1.36           1.48 r        -0.12  (VIOLATED)
   if_stage_inst/btb_inst/btb_reg[6][TAG][2]/D
                                1.36           1.48 r        -0.12  (VIOLATED)
   if_stage_inst/btb_inst/btb_reg[6][TAG][8]/D
                                1.36           1.48 r        -0.12  (VIOLATED)
   if_stage_inst/btb_inst/btb_reg[6][TAG][11]/D
                                1.36           1.48 r        -0.12  (VIOLATED)
   if_stage_inst/btb_inst/btb_reg[6][TAG][13]/D
                                1.36           1.48 r        -0.12  (VIOLATED)
   if_stage_inst/btb_inst/btb_reg[6][TAG][23]/D
                                1.36           1.48 r        -0.12  (VIOLATED)
   if_stage_inst/btb_inst/btb_reg[6][TAG][25]/D
                                1.36           1.48 r        -0.12  (VIOLATED)
   if_stage_inst/btb_inst/btb_reg[6][TARGET][1]/D
                                1.36           1.48 r        -0.12  (VIOLATED)
   if_stage_inst/btb_inst/btb_reg[6][TARGET][2]/D
                                1.36           1.48 r        -0.12  (VIOLATED)
   if_stage_inst/btb_inst/btb_reg[6][TARGET][9]/D
                                1.36           1.48 r        -0.12  (VIOLATED)
   if_stage_inst/btb_inst/btb_reg[6][TARGET][14]/D
                                1.36           1.48 r        -0.12  (VIOLATED)
   if_stage_inst/btb_inst/btb_reg[6][TARGET][16]/D
                                1.36           1.48 r        -0.12  (VIOLATED)
   if_stage_inst/btb_inst/btb_reg[6][TARGET][17]/D
                                1.36           1.48 r        -0.12  (VIOLATED)
   if_stage_inst/btb_inst/btb_reg[6][TARGET][18]/D
                                1.36           1.48 r        -0.12  (VIOLATED)
   if_stage_inst/btb_inst/btb_reg[7][TAG][2]/D
                                1.36           1.48 r        -0.12  (VIOLATED)
   if_stage_inst/btb_inst/btb_reg[7][TAG][8]/D
                                1.36           1.48 r        -0.12  (VIOLATED)
   if_stage_inst/btb_inst/btb_reg[7][TAG][11]/D
                                1.36           1.48 r        -0.12  (VIOLATED)
   if_stage_inst/btb_inst/btb_reg[7][TAG][13]/D
                                1.36           1.48 r        -0.12  (VIOLATED)
   if_stage_inst/btb_inst/btb_reg[7][TAG][23]/D
                                1.36           1.48 r        -0.12  (VIOLATED)
   if_stage_inst/btb_inst/btb_reg[7][TAG][25]/D
                                1.36           1.48 r        -0.12  (VIOLATED)
   if_stage_inst/btb_inst/btb_reg[7][TARGET][1]/D
                                1.36           1.48 r        -0.12  (VIOLATED)
   if_stage_inst/btb_inst/btb_reg[7][TARGET][2]/D
                                1.36           1.48 r        -0.12  (VIOLATED)
   if_stage_inst/btb_inst/btb_reg[7][TARGET][9]/D
                                1.36           1.48 r        -0.12  (VIOLATED)
   if_stage_inst/btb_inst/btb_reg[7][TARGET][14]/D
                                1.36           1.48 r        -0.12  (VIOLATED)
   if_stage_inst/btb_inst/btb_reg[7][TARGET][16]/D
                                1.36           1.48 r        -0.12  (VIOLATED)
   if_stage_inst/btb_inst/btb_reg[7][TARGET][17]/D
                                1.36           1.48 r        -0.12  (VIOLATED)
   if_stage_inst/btb_inst/btb_reg[7][TARGET][18]/D
                                1.36           1.48 r        -0.12  (VIOLATED)
   if_stage_inst/btb_inst/btb_reg[8][TAG][2]/D
                                1.36           1.48 r        -0.12  (VIOLATED)
   if_stage_inst/btb_inst/btb_reg[8][TAG][8]/D
                                1.36           1.48 r        -0.12  (VIOLATED)
   if_stage_inst/btb_inst/btb_reg[8][TAG][11]/D
                                1.36           1.48 r        -0.12  (VIOLATED)
   if_stage_inst/btb_inst/btb_reg[8][TAG][13]/D
                                1.36           1.48 r        -0.12  (VIOLATED)
   if_stage_inst/btb_inst/btb_reg[8][TAG][23]/D
                                1.36           1.48 r        -0.12  (VIOLATED)
   if_stage_inst/btb_inst/btb_reg[8][TAG][25]/D
                                1.36           1.48 r        -0.12  (VIOLATED)
   if_stage_inst/btb_inst/btb_reg[8][TARGET][1]/D
                                1.36           1.48 r        -0.12  (VIOLATED)
   if_stage_inst/btb_inst/btb_reg[8][TARGET][2]/D
                                1.36           1.48 r        -0.12  (VIOLATED)
   if_stage_inst/btb_inst/btb_reg[8][TARGET][9]/D
                                1.36           1.48 r        -0.12  (VIOLATED)
   if_stage_inst/btb_inst/btb_reg[8][TARGET][14]/D
                                1.36           1.48 r        -0.12  (VIOLATED)
   if_stage_inst/btb_inst/btb_reg[8][TARGET][16]/D
                                1.36           1.48 r        -0.12  (VIOLATED)
   if_stage_inst/btb_inst/btb_reg[8][TARGET][17]/D
                                1.36           1.48 r        -0.12  (VIOLATED)
   if_stage_inst/btb_inst/btb_reg[8][TARGET][18]/D
                                1.36           1.48 r        -0.12  (VIOLATED)
   if_stage_inst/btb_inst/btb_reg[9][TAG][2]/D
                                1.36           1.48 r        -0.12  (VIOLATED)
   if_stage_inst/btb_inst/btb_reg[9][TAG][8]/D
                                1.36           1.48 r        -0.12  (VIOLATED)
   if_stage_inst/btb_inst/btb_reg[9][TAG][11]/D
                                1.36           1.48 r        -0.12  (VIOLATED)
   if_stage_inst/btb_inst/btb_reg[9][TAG][13]/D
                                1.36           1.48 r        -0.12  (VIOLATED)
   if_stage_inst/btb_inst/btb_reg[9][TAG][23]/D
                                1.36           1.48 r        -0.12  (VIOLATED)
   if_stage_inst/btb_inst/btb_reg[9][TAG][25]/D
                                1.36           1.48 r        -0.12  (VIOLATED)
   if_stage_inst/btb_inst/btb_reg[9][TARGET][1]/D
                                1.36           1.48 r        -0.12  (VIOLATED)
   if_stage_inst/btb_inst/btb_reg[9][TARGET][2]/D
                                1.36           1.48 r        -0.12  (VIOLATED)
   if_stage_inst/btb_inst/btb_reg[9][TARGET][9]/D
                                1.36           1.48 r        -0.12  (VIOLATED)
   if_stage_inst/btb_inst/btb_reg[9][TARGET][14]/D
                                1.36           1.48 r        -0.12  (VIOLATED)
   if_stage_inst/btb_inst/btb_reg[9][TARGET][16]/D
                                1.36           1.48 r        -0.12  (VIOLATED)
   if_stage_inst/btb_inst/btb_reg[9][TARGET][17]/D
                                1.36           1.48 r        -0.12  (VIOLATED)
   if_stage_inst/btb_inst/btb_reg[9][TARGET][18]/D
                                1.36           1.48 r        -0.12  (VIOLATED)
   if_stage_inst/btb_inst/btb_reg[10][TAG][2]/D
                                1.36           1.48 r        -0.12  (VIOLATED)
   if_stage_inst/btb_inst/btb_reg[10][TAG][8]/D
                                1.36           1.48 r        -0.12  (VIOLATED)
   if_stage_inst/btb_inst/btb_reg[10][TAG][11]/D
                                1.36           1.48 r        -0.12  (VIOLATED)
   if_stage_inst/btb_inst/btb_reg[10][TAG][13]/D
                                1.36           1.48 r        -0.12  (VIOLATED)
   if_stage_inst/btb_inst/btb_reg[10][TAG][23]/D
                                1.36           1.48 r        -0.12  (VIOLATED)
   if_stage_inst/btb_inst/btb_reg[10][TAG][25]/D
                                1.36           1.48 r        -0.12  (VIOLATED)
   if_stage_inst/btb_inst/btb_reg[10][TARGET][1]/D
                                1.36           1.48 r        -0.12  (VIOLATED)
   if_stage_inst/btb_inst/btb_reg[10][TARGET][2]/D
                                1.36           1.48 r        -0.12  (VIOLATED)
   if_stage_inst/btb_inst/btb_reg[10][TARGET][9]/D
                                1.36           1.48 r        -0.12  (VIOLATED)
   if_stage_inst/btb_inst/btb_reg[10][TARGET][14]/D
                                1.36           1.48 r        -0.12  (VIOLATED)
   if_stage_inst/btb_inst/btb_reg[10][TARGET][16]/D
                                1.36           1.48 r        -0.12  (VIOLATED)
   if_stage_inst/btb_inst/btb_reg[10][TARGET][17]/D
                                1.36           1.48 r        -0.12  (VIOLATED)
   if_stage_inst/btb_inst/btb_reg[10][TARGET][18]/D
                                1.36           1.48 r        -0.12  (VIOLATED)
   if_stage_inst/btb_inst/btb_reg[11][TAG][2]/D
                                1.36           1.48 r        -0.12  (VIOLATED)
   if_stage_inst/btb_inst/btb_reg[11][TAG][8]/D
                                1.36           1.48 r        -0.12  (VIOLATED)
   if_stage_inst/btb_inst/btb_reg[11][TAG][11]/D
                                1.36           1.48 r        -0.12  (VIOLATED)
   if_stage_inst/btb_inst/btb_reg[11][TAG][13]/D
                                1.36           1.48 r        -0.12  (VIOLATED)
   if_stage_inst/btb_inst/btb_reg[11][TAG][23]/D
                                1.36           1.48 r        -0.12  (VIOLATED)
   if_stage_inst/btb_inst/btb_reg[11][TAG][25]/D
                                1.36           1.48 r        -0.12  (VIOLATED)
   if_stage_inst/btb_inst/btb_reg[11][TARGET][1]/D
                                1.36           1.48 r        -0.12  (VIOLATED)
   if_stage_inst/btb_inst/btb_reg[11][TARGET][2]/D
                                1.36           1.48 r        -0.12  (VIOLATED)
   if_stage_inst/btb_inst/btb_reg[11][TARGET][9]/D
                                1.36           1.48 r        -0.12  (VIOLATED)
   if_stage_inst/btb_inst/btb_reg[11][TARGET][14]/D
                                1.36           1.48 r        -0.12  (VIOLATED)
   if_stage_inst/btb_inst/btb_reg[11][TARGET][16]/D
                                1.36           1.48 r        -0.12  (VIOLATED)
   if_stage_inst/btb_inst/btb_reg[11][TARGET][17]/D
                                1.36           1.48 r        -0.12  (VIOLATED)
   if_stage_inst/btb_inst/btb_reg[11][TARGET][18]/D
                                1.36           1.48 r        -0.12  (VIOLATED)
   if_stage_inst/btb_inst/btb_reg[12][TAG][2]/D
                                1.36           1.48 r        -0.12  (VIOLATED)
   if_stage_inst/btb_inst/btb_reg[12][TAG][8]/D
                                1.36           1.48 r        -0.12  (VIOLATED)
   if_stage_inst/btb_inst/btb_reg[12][TAG][11]/D
                                1.36           1.48 r        -0.12  (VIOLATED)
   if_stage_inst/btb_inst/btb_reg[12][TAG][13]/D
                                1.36           1.48 r        -0.12  (VIOLATED)
   if_stage_inst/btb_inst/btb_reg[12][TAG][23]/D
                                1.36           1.48 r        -0.12  (VIOLATED)
   if_stage_inst/btb_inst/btb_reg[12][TAG][25]/D
                                1.36           1.48 r        -0.12  (VIOLATED)
   if_stage_inst/btb_inst/btb_reg[12][TARGET][1]/D
                                1.36           1.48 r        -0.12  (VIOLATED)
   if_stage_inst/btb_inst/btb_reg[12][TARGET][2]/D
                                1.36           1.48 r        -0.12  (VIOLATED)
   if_stage_inst/btb_inst/btb_reg[12][TARGET][9]/D
                                1.36           1.48 r        -0.12  (VIOLATED)
   if_stage_inst/btb_inst/btb_reg[12][TARGET][14]/D
                                1.36           1.48 r        -0.12  (VIOLATED)
   if_stage_inst/btb_inst/btb_reg[12][TARGET][16]/D
                                1.36           1.48 r        -0.12  (VIOLATED)
   if_stage_inst/btb_inst/btb_reg[12][TARGET][17]/D
                                1.36           1.48 r        -0.12  (VIOLATED)
   if_stage_inst/btb_inst/btb_reg[12][TARGET][18]/D
                                1.36           1.48 r        -0.12  (VIOLATED)
   if_stage_inst/btb_inst/btb_reg[13][TAG][2]/D
                                1.36           1.48 r        -0.12  (VIOLATED)
   if_stage_inst/btb_inst/btb_reg[13][TAG][8]/D
                                1.36           1.48 r        -0.12  (VIOLATED)
   if_stage_inst/btb_inst/btb_reg[13][TAG][11]/D
                                1.36           1.48 r        -0.12  (VIOLATED)
   if_stage_inst/btb_inst/btb_reg[13][TAG][13]/D
                                1.36           1.48 r        -0.12  (VIOLATED)
   if_stage_inst/btb_inst/btb_reg[13][TAG][23]/D
                                1.36           1.48 r        -0.12  (VIOLATED)
   if_stage_inst/btb_inst/btb_reg[13][TAG][25]/D
                                1.36           1.48 r        -0.12  (VIOLATED)
   if_stage_inst/btb_inst/btb_reg[13][TARGET][1]/D
                                1.36           1.48 r        -0.12  (VIOLATED)
   if_stage_inst/btb_inst/btb_reg[13][TARGET][2]/D
                                1.36           1.48 r        -0.12  (VIOLATED)
   if_stage_inst/btb_inst/btb_reg[13][TARGET][9]/D
                                1.36           1.48 r        -0.12  (VIOLATED)
   if_stage_inst/btb_inst/btb_reg[13][TARGET][14]/D
                                1.36           1.48 r        -0.12  (VIOLATED)
   if_stage_inst/btb_inst/btb_reg[13][TARGET][16]/D
                                1.36           1.48 r        -0.12  (VIOLATED)
   if_stage_inst/btb_inst/btb_reg[13][TARGET][17]/D
                                1.36           1.48 r        -0.12  (VIOLATED)
   if_stage_inst/btb_inst/btb_reg[13][TARGET][18]/D
                                1.36           1.48 r        -0.12  (VIOLATED)
   if_stage_inst/btb_inst/btb_reg[14][TAG][2]/D
                                1.36           1.48 r        -0.12  (VIOLATED)
   if_stage_inst/btb_inst/btb_reg[14][TAG][8]/D
                                1.36           1.48 r        -0.12  (VIOLATED)
   if_stage_inst/btb_inst/btb_reg[14][TAG][11]/D
                                1.36           1.48 r        -0.12  (VIOLATED)
   if_stage_inst/btb_inst/btb_reg[14][TAG][13]/D
                                1.36           1.48 r        -0.12  (VIOLATED)
   if_stage_inst/btb_inst/btb_reg[14][TAG][23]/D
                                1.36           1.48 r        -0.12  (VIOLATED)
   if_stage_inst/btb_inst/btb_reg[14][TAG][25]/D
                                1.36           1.48 r        -0.12  (VIOLATED)
   if_stage_inst/btb_inst/btb_reg[14][TARGET][1]/D
                                1.36           1.48 r        -0.12  (VIOLATED)
   if_stage_inst/btb_inst/btb_reg[14][TARGET][2]/D
                                1.36           1.48 r        -0.12  (VIOLATED)
   if_stage_inst/btb_inst/btb_reg[14][TARGET][9]/D
                                1.36           1.48 r        -0.12  (VIOLATED)
   if_stage_inst/btb_inst/btb_reg[14][TARGET][14]/D
                                1.36           1.48 r        -0.12  (VIOLATED)
   if_stage_inst/btb_inst/btb_reg[14][TARGET][16]/D
                                1.36           1.48 r        -0.12  (VIOLATED)
   if_stage_inst/btb_inst/btb_reg[14][TARGET][17]/D
                                1.36           1.48 r        -0.12  (VIOLATED)
   if_stage_inst/btb_inst/btb_reg[14][TARGET][18]/D
                                1.36           1.48 r        -0.12  (VIOLATED)
   if_stage_inst/btb_inst/btb_reg[15][TAG][2]/D
                                1.36           1.48 r        -0.12  (VIOLATED)
   if_stage_inst/btb_inst/btb_reg[15][TAG][8]/D
                                1.36           1.48 r        -0.12  (VIOLATED)
   if_stage_inst/btb_inst/btb_reg[15][TAG][11]/D
                                1.36           1.48 r        -0.12  (VIOLATED)
   if_stage_inst/btb_inst/btb_reg[15][TAG][13]/D
                                1.36           1.48 r        -0.12  (VIOLATED)
   if_stage_inst/btb_inst/btb_reg[15][TAG][23]/D
                                1.36           1.48 r        -0.12  (VIOLATED)
   if_stage_inst/btb_inst/btb_reg[15][TAG][25]/D
                                1.36           1.48 r        -0.12  (VIOLATED)
   if_stage_inst/btb_inst/btb_reg[15][TARGET][1]/D
                                1.36           1.48 r        -0.12  (VIOLATED)
   if_stage_inst/btb_inst/btb_reg[15][TARGET][2]/D
                                1.36           1.48 r        -0.12  (VIOLATED)
   if_stage_inst/btb_inst/btb_reg[15][TARGET][9]/D
                                1.36           1.48 r        -0.12  (VIOLATED)
   if_stage_inst/btb_inst/btb_reg[15][TARGET][14]/D
                                1.36           1.48 r        -0.12  (VIOLATED)
   if_stage_inst/btb_inst/btb_reg[15][TARGET][16]/D
                                1.36           1.48 r        -0.12  (VIOLATED)
   if_stage_inst/btb_inst/btb_reg[15][TARGET][17]/D
                                1.36           1.48 r        -0.12  (VIOLATED)
   if_stage_inst/btb_inst/btb_reg[15][TARGET][18]/D
                                1.36           1.48 r        -0.12  (VIOLATED)
   hazard_unit_inst/status_table_reg[1][1]/D
                                1.36           1.49 r        -0.12  (VIOLATED)
   hazard_unit_inst/status_table_reg[2][1]/D
                                1.36           1.49 r        -0.12  (VIOLATED)
   hazard_unit_inst/status_table_reg[3][1]/D
                                1.36           1.49 r        -0.12  (VIOLATED)
   hazard_unit_inst/status_table_reg[4][1]/D
                                1.36           1.49 r        -0.12  (VIOLATED)
   hazard_unit_inst/status_table_reg[5][1]/D
                                1.36           1.49 r        -0.12  (VIOLATED)
   hazard_unit_inst/status_table_reg[6][1]/D
                                1.36           1.49 r        -0.12  (VIOLATED)
   hazard_unit_inst/status_table_reg[7][1]/D
                                1.36           1.49 r        -0.12  (VIOLATED)
   hazard_unit_inst/status_table_reg[8][1]/D
                                1.36           1.49 r        -0.12  (VIOLATED)
   hazard_unit_inst/status_table_reg[9][1]/D
                                1.36           1.49 r        -0.12  (VIOLATED)
   hazard_unit_inst/status_table_reg[10][1]/D
                                1.36           1.49 r        -0.12  (VIOLATED)
   hazard_unit_inst/status_table_reg[11][1]/D
                                1.36           1.49 r        -0.12  (VIOLATED)
   hazard_unit_inst/status_table_reg[12][1]/D
                                1.36           1.49 r        -0.12  (VIOLATED)
   hazard_unit_inst/status_table_reg[13][1]/D
                                1.36           1.49 r        -0.12  (VIOLATED)
   hazard_unit_inst/status_table_reg[14][1]/D
                                1.36           1.49 r        -0.12  (VIOLATED)
   hazard_unit_inst/status_table_reg[15][1]/D
                                1.36           1.49 r        -0.12  (VIOLATED)
   hazard_unit_inst/status_table_reg[16][1]/D
                                1.36           1.49 r        -0.12  (VIOLATED)
   hazard_unit_inst/status_table_reg[17][1]/D
                                1.36           1.49 r        -0.12  (VIOLATED)
   hazard_unit_inst/status_table_reg[18][1]/D
                                1.36           1.49 r        -0.12  (VIOLATED)
   hazard_unit_inst/status_table_reg[19][1]/D
                                1.36           1.49 r        -0.12  (VIOLATED)
   hazard_unit_inst/status_table_reg[20][1]/D
                                1.36           1.49 r        -0.12  (VIOLATED)
   hazard_unit_inst/status_table_reg[21][1]/D
                                1.36           1.49 r        -0.12  (VIOLATED)
   hazard_unit_inst/status_table_reg[22][1]/D
                                1.36           1.49 r        -0.12  (VIOLATED)
   hazard_unit_inst/status_table_reg[23][1]/D
                                1.36           1.49 r        -0.12  (VIOLATED)
   hazard_unit_inst/status_table_reg[24][1]/D
                                1.36           1.49 r        -0.12  (VIOLATED)
   hazard_unit_inst/status_table_reg[25][1]/D
                                1.36           1.49 r        -0.12  (VIOLATED)
   hazard_unit_inst/status_table_reg[26][1]/D
                                1.36           1.49 r        -0.12  (VIOLATED)
   hazard_unit_inst/status_table_reg[27][1]/D
                                1.36           1.49 r        -0.12  (VIOLATED)
   hazard_unit_inst/status_table_reg[28][1]/D
                                1.36           1.49 r        -0.12  (VIOLATED)
   hazard_unit_inst/status_table_reg[29][1]/D
                                1.36           1.49 r        -0.12  (VIOLATED)
   hazard_unit_inst/status_table_reg[30][1]/D
                                1.36           1.49 r        -0.12  (VIOLATED)
   ex_stage_inst/mult_pp_inst/tree_i/layer_4_r_reg[0][6]/D
                                1.37           1.49 r        -0.12  (VIOLATED)
   ex_stage_inst/mult_pp_inst/tree_i/layer_4_r_reg[3][25]/D
                                1.36           1.48 f        -0.12  (VIOLATED)
   ex_stage_inst/mult_pp_inst/tree_i/layer_4_r_reg[2][22]/D
                                1.36           1.47 r        -0.10  (VIOLATED)
   ex_stage_inst/mult_pp_inst/tree_i/layer_4_r_reg[1][9]/D
                                1.37           1.47 r        -0.10  (VIOLATED)
   if_stage_inst/btb_inst/btb_reg[7][TARGET][10]/D
                                1.35           1.45 r        -0.10  (VIOLATED)
   if_stage_inst/btb_inst/btb_reg[15][TARGET][13]/D
                                1.35           1.45 r        -0.10  (VIOLATED)
   if_stage_inst/btb_inst/btb_reg[0][TARGET][10]/D
                                1.36           1.45 r        -0.09  (VIOLATED)
   if_stage_inst/btb_inst/btb_reg[0][TARGET][13]/D
                                1.36           1.45 r        -0.09  (VIOLATED)
   if_stage_inst/btb_inst/btb_reg[1][TARGET][10]/D
                                1.36           1.45 r        -0.09  (VIOLATED)
   if_stage_inst/btb_inst/btb_reg[1][TARGET][13]/D
                                1.36           1.45 r        -0.09  (VIOLATED)
   if_stage_inst/btb_inst/btb_reg[2][TARGET][10]/D
                                1.36           1.45 r        -0.09  (VIOLATED)
   if_stage_inst/btb_inst/btb_reg[2][TARGET][13]/D
                                1.36           1.45 r        -0.09  (VIOLATED)
   if_stage_inst/btb_inst/btb_reg[3][TARGET][10]/D
                                1.36           1.45 r        -0.09  (VIOLATED)
   if_stage_inst/btb_inst/btb_reg[3][TARGET][13]/D
                                1.36           1.45 r        -0.09  (VIOLATED)
   if_stage_inst/btb_inst/btb_reg[4][TARGET][10]/D
                                1.36           1.45 r        -0.09  (VIOLATED)
   if_stage_inst/btb_inst/btb_reg[4][TARGET][13]/D
                                1.36           1.45 r        -0.09  (VIOLATED)
   if_stage_inst/btb_inst/btb_reg[5][TARGET][10]/D
                                1.36           1.45 r        -0.09  (VIOLATED)
   if_stage_inst/btb_inst/btb_reg[5][TARGET][13]/D
                                1.36           1.45 r        -0.09  (VIOLATED)
   if_stage_inst/btb_inst/btb_reg[6][TARGET][10]/D
                                1.36           1.45 r        -0.09  (VIOLATED)
   if_stage_inst/btb_inst/btb_reg[6][TARGET][13]/D
                                1.36           1.45 r        -0.09  (VIOLATED)
   if_stage_inst/btb_inst/btb_reg[7][TARGET][13]/D
                                1.36           1.45 r        -0.09  (VIOLATED)
   if_stage_inst/btb_inst/btb_reg[8][TARGET][10]/D
                                1.36           1.45 r        -0.09  (VIOLATED)
   if_stage_inst/btb_inst/btb_reg[8][TARGET][13]/D
                                1.36           1.45 r        -0.09  (VIOLATED)
   if_stage_inst/btb_inst/btb_reg[9][TARGET][10]/D
                                1.36           1.45 r        -0.09  (VIOLATED)
   if_stage_inst/btb_inst/btb_reg[9][TARGET][13]/D
                                1.36           1.45 r        -0.09  (VIOLATED)
   if_stage_inst/btb_inst/btb_reg[10][TARGET][10]/D
                                1.36           1.45 r        -0.09  (VIOLATED)
   if_stage_inst/btb_inst/btb_reg[10][TARGET][13]/D
                                1.36           1.45 r        -0.09  (VIOLATED)
   if_stage_inst/btb_inst/btb_reg[11][TARGET][10]/D
                                1.36           1.45 r        -0.09  (VIOLATED)
   if_stage_inst/btb_inst/btb_reg[11][TARGET][13]/D
                                1.36           1.45 r        -0.09  (VIOLATED)
   if_stage_inst/btb_inst/btb_reg[12][TARGET][10]/D
                                1.36           1.45 r        -0.09  (VIOLATED)
   if_stage_inst/btb_inst/btb_reg[12][TARGET][13]/D
                                1.36           1.45 r        -0.09  (VIOLATED)
   if_stage_inst/btb_inst/btb_reg[13][TARGET][10]/D
                                1.36           1.45 r        -0.09  (VIOLATED)
   if_stage_inst/btb_inst/btb_reg[13][TARGET][13]/D
                                1.36           1.45 r        -0.09  (VIOLATED)
   if_stage_inst/btb_inst/btb_reg[14][TARGET][10]/D
                                1.36           1.45 r        -0.09  (VIOLATED)
   if_stage_inst/btb_inst/btb_reg[14][TARGET][13]/D
                                1.36           1.45 r        -0.09  (VIOLATED)
   if_stage_inst/btb_inst/btb_reg[15][TARGET][10]/D
                                1.36           1.45 r        -0.09  (VIOLATED)
   if_stage_inst/btb_inst/btb_reg[0][TARGET][6]/D
                                1.36           1.45 r        -0.09  (VIOLATED)
   if_stage_inst/btb_inst/btb_reg[0][TARGET][7]/D
                                1.36           1.45 r        -0.09  (VIOLATED)
   if_stage_inst/btb_inst/btb_reg[0][TARGET][12]/D
                                1.36           1.45 r        -0.09  (VIOLATED)
   if_stage_inst/btb_inst/btb_reg[0][TARGET][15]/D
                                1.36           1.45 r        -0.09  (VIOLATED)
   if_stage_inst/btb_inst/btb_reg[0][TARGET][23]/D
                                1.36           1.45 r        -0.09  (VIOLATED)
   if_stage_inst/btb_inst/btb_reg[0][TARGET][25]/D
                                1.36           1.45 r        -0.09  (VIOLATED)
   if_stage_inst/btb_inst/btb_reg[0][TARGET][29]/D
                                1.36           1.45 r        -0.09  (VIOLATED)
   if_stage_inst/btb_inst/btb_reg[1][TARGET][6]/D
                                1.36           1.45 r        -0.09  (VIOLATED)
   if_stage_inst/btb_inst/btb_reg[1][TARGET][7]/D
                                1.36           1.45 r        -0.09  (VIOLATED)
   if_stage_inst/btb_inst/btb_reg[1][TARGET][12]/D
                                1.36           1.45 r        -0.09  (VIOLATED)
   if_stage_inst/btb_inst/btb_reg[1][TARGET][15]/D
                                1.36           1.45 r        -0.09  (VIOLATED)
   if_stage_inst/btb_inst/btb_reg[1][TARGET][23]/D
                                1.36           1.45 r        -0.09  (VIOLATED)
   if_stage_inst/btb_inst/btb_reg[1][TARGET][25]/D
                                1.36           1.45 r        -0.09  (VIOLATED)
   if_stage_inst/btb_inst/btb_reg[1][TARGET][29]/D
                                1.36           1.45 r        -0.09  (VIOLATED)
   if_stage_inst/btb_inst/btb_reg[2][TARGET][6]/D
                                1.36           1.45 r        -0.09  (VIOLATED)
   if_stage_inst/btb_inst/btb_reg[2][TARGET][7]/D
                                1.36           1.45 r        -0.09  (VIOLATED)
   if_stage_inst/btb_inst/btb_reg[2][TARGET][12]/D
                                1.36           1.45 r        -0.09  (VIOLATED)
   if_stage_inst/btb_inst/btb_reg[2][TARGET][15]/D
                                1.36           1.45 r        -0.09  (VIOLATED)
   if_stage_inst/btb_inst/btb_reg[2][TARGET][23]/D
                                1.36           1.45 r        -0.09  (VIOLATED)
   if_stage_inst/btb_inst/btb_reg[2][TARGET][25]/D
                                1.36           1.45 r        -0.09  (VIOLATED)
   if_stage_inst/btb_inst/btb_reg[2][TARGET][29]/D
                                1.36           1.45 r        -0.09  (VIOLATED)
   if_stage_inst/btb_inst/btb_reg[3][TARGET][6]/D
                                1.36           1.45 r        -0.09  (VIOLATED)
   if_stage_inst/btb_inst/btb_reg[3][TARGET][7]/D
                                1.36           1.45 r        -0.09  (VIOLATED)
   if_stage_inst/btb_inst/btb_reg[3][TARGET][12]/D
                                1.36           1.45 r        -0.09  (VIOLATED)
   if_stage_inst/btb_inst/btb_reg[3][TARGET][15]/D
                                1.36           1.45 r        -0.09  (VIOLATED)
   if_stage_inst/btb_inst/btb_reg[3][TARGET][23]/D
                                1.36           1.45 r        -0.09  (VIOLATED)
   if_stage_inst/btb_inst/btb_reg[3][TARGET][25]/D
                                1.36           1.45 r        -0.09  (VIOLATED)
   if_stage_inst/btb_inst/btb_reg[3][TARGET][29]/D
                                1.36           1.45 r        -0.09  (VIOLATED)
   if_stage_inst/btb_inst/btb_reg[4][TARGET][6]/D
                                1.36           1.45 r        -0.09  (VIOLATED)
   if_stage_inst/btb_inst/btb_reg[4][TARGET][7]/D
                                1.36           1.45 r        -0.09  (VIOLATED)
   if_stage_inst/btb_inst/btb_reg[4][TARGET][12]/D
                                1.36           1.45 r        -0.09  (VIOLATED)
   if_stage_inst/btb_inst/btb_reg[4][TARGET][15]/D
                                1.36           1.45 r        -0.09  (VIOLATED)
   if_stage_inst/btb_inst/btb_reg[4][TARGET][23]/D
                                1.36           1.45 r        -0.09  (VIOLATED)
   if_stage_inst/btb_inst/btb_reg[4][TARGET][25]/D
                                1.36           1.45 r        -0.09  (VIOLATED)
   if_stage_inst/btb_inst/btb_reg[4][TARGET][29]/D
                                1.36           1.45 r        -0.09  (VIOLATED)
   if_stage_inst/btb_inst/btb_reg[5][TARGET][6]/D
                                1.36           1.45 r        -0.09  (VIOLATED)
   if_stage_inst/btb_inst/btb_reg[5][TARGET][7]/D
                                1.36           1.45 r        -0.09  (VIOLATED)
   if_stage_inst/btb_inst/btb_reg[5][TARGET][12]/D
                                1.36           1.45 r        -0.09  (VIOLATED)
   if_stage_inst/btb_inst/btb_reg[5][TARGET][15]/D
                                1.36           1.45 r        -0.09  (VIOLATED)
   if_stage_inst/btb_inst/btb_reg[5][TARGET][23]/D
                                1.36           1.45 r        -0.09  (VIOLATED)
   if_stage_inst/btb_inst/btb_reg[5][TARGET][25]/D
                                1.36           1.45 r        -0.09  (VIOLATED)
   if_stage_inst/btb_inst/btb_reg[5][TARGET][29]/D
                                1.36           1.45 r        -0.09  (VIOLATED)
   if_stage_inst/btb_inst/btb_reg[6][TARGET][6]/D
                                1.36           1.45 r        -0.09  (VIOLATED)
   if_stage_inst/btb_inst/btb_reg[6][TARGET][7]/D
                                1.36           1.45 r        -0.09  (VIOLATED)
   if_stage_inst/btb_inst/btb_reg[6][TARGET][12]/D
                                1.36           1.45 r        -0.09  (VIOLATED)
   if_stage_inst/btb_inst/btb_reg[6][TARGET][15]/D
                                1.36           1.45 r        -0.09  (VIOLATED)
   if_stage_inst/btb_inst/btb_reg[6][TARGET][23]/D
                                1.36           1.45 r        -0.09  (VIOLATED)
   if_stage_inst/btb_inst/btb_reg[6][TARGET][25]/D
                                1.36           1.45 r        -0.09  (VIOLATED)
   if_stage_inst/btb_inst/btb_reg[6][TARGET][29]/D
                                1.36           1.45 r        -0.09  (VIOLATED)
   if_stage_inst/btb_inst/btb_reg[7][TARGET][6]/D
                                1.36           1.45 r        -0.09  (VIOLATED)
   if_stage_inst/btb_inst/btb_reg[7][TARGET][7]/D
                                1.36           1.45 r        -0.09  (VIOLATED)
   if_stage_inst/btb_inst/btb_reg[7][TARGET][12]/D
                                1.36           1.45 r        -0.09  (VIOLATED)
   if_stage_inst/btb_inst/btb_reg[7][TARGET][15]/D
                                1.36           1.45 r        -0.09  (VIOLATED)
   if_stage_inst/btb_inst/btb_reg[7][TARGET][23]/D
                                1.36           1.45 r        -0.09  (VIOLATED)
   if_stage_inst/btb_inst/btb_reg[7][TARGET][25]/D
                                1.36           1.45 r        -0.09  (VIOLATED)
   if_stage_inst/btb_inst/btb_reg[7][TARGET][29]/D
                                1.36           1.45 r        -0.09  (VIOLATED)
   if_stage_inst/btb_inst/btb_reg[8][TARGET][6]/D
                                1.36           1.45 r        -0.09  (VIOLATED)
   if_stage_inst/btb_inst/btb_reg[8][TARGET][7]/D
                                1.36           1.45 r        -0.09  (VIOLATED)
   if_stage_inst/btb_inst/btb_reg[8][TARGET][12]/D
                                1.36           1.45 r        -0.09  (VIOLATED)
   if_stage_inst/btb_inst/btb_reg[8][TARGET][15]/D
                                1.36           1.45 r        -0.09  (VIOLATED)
   if_stage_inst/btb_inst/btb_reg[8][TARGET][23]/D
                                1.36           1.45 r        -0.09  (VIOLATED)
   if_stage_inst/btb_inst/btb_reg[8][TARGET][25]/D
                                1.36           1.45 r        -0.09  (VIOLATED)
   if_stage_inst/btb_inst/btb_reg[8][TARGET][29]/D
                                1.36           1.45 r        -0.09  (VIOLATED)
   if_stage_inst/btb_inst/btb_reg[9][TARGET][6]/D
                                1.36           1.45 r        -0.09  (VIOLATED)
   if_stage_inst/btb_inst/btb_reg[9][TARGET][7]/D
                                1.36           1.45 r        -0.09  (VIOLATED)
   if_stage_inst/btb_inst/btb_reg[9][TARGET][12]/D
                                1.36           1.45 r        -0.09  (VIOLATED)
   if_stage_inst/btb_inst/btb_reg[9][TARGET][15]/D
                                1.36           1.45 r        -0.09  (VIOLATED)
   if_stage_inst/btb_inst/btb_reg[9][TARGET][23]/D
                                1.36           1.45 r        -0.09  (VIOLATED)
   if_stage_inst/btb_inst/btb_reg[9][TARGET][25]/D
                                1.36           1.45 r        -0.09  (VIOLATED)
   if_stage_inst/btb_inst/btb_reg[9][TARGET][29]/D
                                1.36           1.45 r        -0.09  (VIOLATED)
   if_stage_inst/btb_inst/btb_reg[10][TARGET][6]/D
                                1.36           1.45 r        -0.09  (VIOLATED)
   if_stage_inst/btb_inst/btb_reg[10][TARGET][7]/D
                                1.36           1.45 r        -0.09  (VIOLATED)
   if_stage_inst/btb_inst/btb_reg[10][TARGET][12]/D
                                1.36           1.45 r        -0.09  (VIOLATED)
   if_stage_inst/btb_inst/btb_reg[10][TARGET][15]/D
                                1.36           1.45 r        -0.09  (VIOLATED)
   if_stage_inst/btb_inst/btb_reg[10][TARGET][23]/D
                                1.36           1.45 r        -0.09  (VIOLATED)
   if_stage_inst/btb_inst/btb_reg[10][TARGET][25]/D
                                1.36           1.45 r        -0.09  (VIOLATED)
   if_stage_inst/btb_inst/btb_reg[10][TARGET][29]/D
                                1.36           1.45 r        -0.09  (VIOLATED)
   if_stage_inst/btb_inst/btb_reg[11][TARGET][6]/D
                                1.36           1.45 r        -0.09  (VIOLATED)
   if_stage_inst/btb_inst/btb_reg[11][TARGET][7]/D
                                1.36           1.45 r        -0.09  (VIOLATED)
   if_stage_inst/btb_inst/btb_reg[11][TARGET][12]/D
                                1.36           1.45 r        -0.09  (VIOLATED)
   if_stage_inst/btb_inst/btb_reg[11][TARGET][15]/D
                                1.36           1.45 r        -0.09  (VIOLATED)
   if_stage_inst/btb_inst/btb_reg[11][TARGET][23]/D
                                1.36           1.45 r        -0.09  (VIOLATED)
   if_stage_inst/btb_inst/btb_reg[11][TARGET][25]/D
                                1.36           1.45 r        -0.09  (VIOLATED)
   if_stage_inst/btb_inst/btb_reg[11][TARGET][29]/D
                                1.36           1.45 r        -0.09  (VIOLATED)
   if_stage_inst/btb_inst/btb_reg[12][TARGET][6]/D
                                1.36           1.45 r        -0.09  (VIOLATED)
   if_stage_inst/btb_inst/btb_reg[12][TARGET][7]/D
                                1.36           1.45 r        -0.09  (VIOLATED)
   if_stage_inst/btb_inst/btb_reg[12][TARGET][12]/D
                                1.36           1.45 r        -0.09  (VIOLATED)
   if_stage_inst/btb_inst/btb_reg[12][TARGET][15]/D
                                1.36           1.45 r        -0.09  (VIOLATED)
   if_stage_inst/btb_inst/btb_reg[12][TARGET][23]/D
                                1.36           1.45 r        -0.09  (VIOLATED)
   if_stage_inst/btb_inst/btb_reg[12][TARGET][25]/D
                                1.36           1.45 r        -0.09  (VIOLATED)
   if_stage_inst/btb_inst/btb_reg[12][TARGET][29]/D
                                1.36           1.45 r        -0.09  (VIOLATED)
   if_stage_inst/btb_inst/btb_reg[13][TARGET][6]/D
                                1.36           1.45 r        -0.09  (VIOLATED)
   if_stage_inst/btb_inst/btb_reg[13][TARGET][7]/D
                                1.36           1.45 r        -0.09  (VIOLATED)
   if_stage_inst/btb_inst/btb_reg[13][TARGET][12]/D
                                1.36           1.45 r        -0.09  (VIOLATED)
   if_stage_inst/btb_inst/btb_reg[13][TARGET][15]/D
                                1.36           1.45 r        -0.09  (VIOLATED)
   if_stage_inst/btb_inst/btb_reg[13][TARGET][23]/D
                                1.36           1.45 r        -0.09  (VIOLATED)
   if_stage_inst/btb_inst/btb_reg[13][TARGET][25]/D
                                1.36           1.45 r        -0.09  (VIOLATED)
   if_stage_inst/btb_inst/btb_reg[13][TARGET][29]/D
                                1.36           1.45 r        -0.09  (VIOLATED)
   if_stage_inst/btb_inst/btb_reg[14][TARGET][6]/D
                                1.36           1.45 r        -0.09  (VIOLATED)
   if_stage_inst/btb_inst/btb_reg[14][TARGET][7]/D
                                1.36           1.45 r        -0.09  (VIOLATED)
   if_stage_inst/btb_inst/btb_reg[14][TARGET][12]/D
                                1.36           1.45 r        -0.09  (VIOLATED)
   if_stage_inst/btb_inst/btb_reg[14][TARGET][15]/D
                                1.36           1.45 r        -0.09  (VIOLATED)
   if_stage_inst/btb_inst/btb_reg[14][TARGET][23]/D
                                1.36           1.45 r        -0.09  (VIOLATED)
   if_stage_inst/btb_inst/btb_reg[14][TARGET][25]/D
                                1.36           1.45 r        -0.09  (VIOLATED)
   if_stage_inst/btb_inst/btb_reg[14][TARGET][29]/D
                                1.36           1.45 r        -0.09  (VIOLATED)
   if_stage_inst/btb_inst/btb_reg[15][TARGET][6]/D
                                1.36           1.45 r        -0.09  (VIOLATED)
   if_stage_inst/btb_inst/btb_reg[15][TARGET][7]/D
                                1.36           1.45 r        -0.09  (VIOLATED)
   if_stage_inst/btb_inst/btb_reg[15][TARGET][12]/D
                                1.36           1.45 r        -0.09  (VIOLATED)
   if_stage_inst/btb_inst/btb_reg[15][TARGET][15]/D
                                1.36           1.45 r        -0.09  (VIOLATED)
   if_stage_inst/btb_inst/btb_reg[15][TARGET][23]/D
                                1.36           1.45 r        -0.09  (VIOLATED)
   if_stage_inst/btb_inst/btb_reg[15][TARGET][25]/D
                                1.36           1.45 r        -0.09  (VIOLATED)
   if_stage_inst/btb_inst/btb_reg[15][TARGET][29]/D
                                1.36           1.45 r        -0.09  (VIOLATED)
   ex_stage_inst/mult_pp_inst/tree_i/layer_4_r_reg[3][23]/D
                                1.37           1.45 r        -0.09  (VIOLATED)
   if_stage_inst/btb_inst/btb_reg[0][VALID]/D
                                1.37           1.45 r        -0.09  (VIOLATED)
   if_stage_inst/btb_inst/btb_reg[0][TARGET][22]/D
                                1.35           1.43 f        -0.08  (VIOLATED)
   if_stage_inst/btb_inst/btb_reg[1][TARGET][22]/D
                                1.35           1.43 f        -0.08  (VIOLATED)
   if_stage_inst/btb_inst/btb_reg[2][TARGET][22]/D
                                1.35           1.43 f        -0.08  (VIOLATED)
   if_stage_inst/btb_inst/btb_reg[3][TARGET][22]/D
                                1.35           1.43 f        -0.08  (VIOLATED)
   if_stage_inst/btb_inst/btb_reg[4][TARGET][22]/D
                                1.35           1.43 f        -0.08  (VIOLATED)
   if_stage_inst/btb_inst/btb_reg[5][TARGET][22]/D
                                1.35           1.43 f        -0.08  (VIOLATED)
   if_stage_inst/btb_inst/btb_reg[6][TARGET][22]/D
                                1.35           1.43 f        -0.08  (VIOLATED)
   if_stage_inst/btb_inst/btb_reg[7][TARGET][22]/D
                                1.35           1.43 f        -0.08  (VIOLATED)
   if_stage_inst/btb_inst/btb_reg[8][TARGET][22]/D
                                1.35           1.43 f        -0.08  (VIOLATED)
   if_stage_inst/btb_inst/btb_reg[9][TARGET][22]/D
                                1.35           1.43 f        -0.08  (VIOLATED)
   if_stage_inst/btb_inst/btb_reg[10][TARGET][22]/D
                                1.35           1.43 f        -0.08  (VIOLATED)
   if_stage_inst/btb_inst/btb_reg[11][TARGET][22]/D
                                1.35           1.43 f        -0.08  (VIOLATED)
   if_stage_inst/btb_inst/btb_reg[12][TARGET][22]/D
                                1.35           1.43 f        -0.08  (VIOLATED)
   if_stage_inst/btb_inst/btb_reg[13][TARGET][22]/D
                                1.35           1.43 f        -0.08  (VIOLATED)
   if_stage_inst/btb_inst/btb_reg[14][TARGET][22]/D
                                1.35           1.43 f        -0.08  (VIOLATED)
   if_stage_inst/btb_inst/btb_reg[15][TARGET][22]/D
                                1.35           1.43 f        -0.08  (VIOLATED)
   if_stage_inst/btb_inst/btb_reg[0][TARGET][5]/D
                                1.35           1.43 f        -0.08  (VIOLATED)
   if_stage_inst/btb_inst/btb_reg[1][TARGET][5]/D
                                1.35           1.43 f        -0.08  (VIOLATED)
   if_stage_inst/btb_inst/btb_reg[2][TARGET][5]/D
                                1.35           1.43 f        -0.08  (VIOLATED)
   if_stage_inst/btb_inst/btb_reg[3][TARGET][5]/D
                                1.35           1.43 f        -0.08  (VIOLATED)
   if_stage_inst/btb_inst/btb_reg[4][TARGET][5]/D
                                1.35           1.43 f        -0.08  (VIOLATED)
   if_stage_inst/btb_inst/btb_reg[5][TARGET][5]/D
                                1.35           1.43 f        -0.08  (VIOLATED)
   if_stage_inst/btb_inst/btb_reg[6][TARGET][5]/D
                                1.35           1.43 f        -0.08  (VIOLATED)
   if_stage_inst/btb_inst/btb_reg[7][TARGET][5]/D
                                1.35           1.43 f        -0.08  (VIOLATED)
   if_stage_inst/btb_inst/btb_reg[8][TARGET][5]/D
                                1.35           1.43 f        -0.08  (VIOLATED)
   if_stage_inst/btb_inst/btb_reg[9][TARGET][5]/D
                                1.35           1.43 f        -0.08  (VIOLATED)
   if_stage_inst/btb_inst/btb_reg[10][TARGET][5]/D
                                1.35           1.43 f        -0.08  (VIOLATED)
   if_stage_inst/btb_inst/btb_reg[11][TARGET][5]/D
                                1.35           1.43 f        -0.08  (VIOLATED)
   if_stage_inst/btb_inst/btb_reg[12][TARGET][5]/D
                                1.35           1.43 f        -0.08  (VIOLATED)
   if_stage_inst/btb_inst/btb_reg[13][TARGET][5]/D
                                1.35           1.43 f        -0.08  (VIOLATED)
   if_stage_inst/btb_inst/btb_reg[14][TARGET][5]/D
                                1.35           1.43 f        -0.08  (VIOLATED)
   if_stage_inst/btb_inst/btb_reg[15][TARGET][5]/D
                                1.35           1.43 f        -0.08  (VIOLATED)
   if_stage_inst/btb_inst/btb_reg[0][TARGET][3]/D
                                1.35           1.43 f        -0.08  (VIOLATED)
   if_stage_inst/btb_inst/btb_reg[0][TARGET][19]/D
                                1.35           1.43 f        -0.08  (VIOLATED)
   if_stage_inst/btb_inst/btb_reg[0][TARGET][21]/D
                                1.35           1.43 f        -0.08  (VIOLATED)
   if_stage_inst/btb_inst/btb_reg[0][TARGET][24]/D
                                1.35           1.43 f        -0.08  (VIOLATED)
   if_stage_inst/btb_inst/btb_reg[1][TARGET][3]/D
                                1.35           1.43 f        -0.08  (VIOLATED)
   if_stage_inst/btb_inst/btb_reg[1][TARGET][19]/D
                                1.35           1.43 f        -0.08  (VIOLATED)
   if_stage_inst/btb_inst/btb_reg[1][TARGET][21]/D
                                1.35           1.43 f        -0.08  (VIOLATED)
   if_stage_inst/btb_inst/btb_reg[1][TARGET][24]/D
                                1.35           1.43 f        -0.08  (VIOLATED)
   if_stage_inst/btb_inst/btb_reg[2][TARGET][3]/D
                                1.35           1.43 f        -0.08  (VIOLATED)
   if_stage_inst/btb_inst/btb_reg[2][TARGET][19]/D
                                1.35           1.43 f        -0.08  (VIOLATED)
   if_stage_inst/btb_inst/btb_reg[2][TARGET][21]/D
                                1.35           1.43 f        -0.08  (VIOLATED)
   if_stage_inst/btb_inst/btb_reg[2][TARGET][24]/D
                                1.35           1.43 f        -0.08  (VIOLATED)
   if_stage_inst/btb_inst/btb_reg[3][TARGET][3]/D
                                1.35           1.43 f        -0.08  (VIOLATED)
   if_stage_inst/btb_inst/btb_reg[3][TARGET][19]/D
                                1.35           1.43 f        -0.08  (VIOLATED)
   if_stage_inst/btb_inst/btb_reg[3][TARGET][21]/D
                                1.35           1.43 f        -0.08  (VIOLATED)
   if_stage_inst/btb_inst/btb_reg[3][TARGET][24]/D
                                1.35           1.43 f        -0.08  (VIOLATED)
   if_stage_inst/btb_inst/btb_reg[4][TARGET][3]/D
                                1.35           1.43 f        -0.08  (VIOLATED)
   if_stage_inst/btb_inst/btb_reg[4][TARGET][19]/D
                                1.35           1.43 f        -0.08  (VIOLATED)
   if_stage_inst/btb_inst/btb_reg[4][TARGET][21]/D
                                1.35           1.43 f        -0.08  (VIOLATED)
   if_stage_inst/btb_inst/btb_reg[4][TARGET][24]/D
                                1.35           1.43 f        -0.08  (VIOLATED)
   if_stage_inst/btb_inst/btb_reg[5][TARGET][3]/D
                                1.35           1.43 f        -0.08  (VIOLATED)
   if_stage_inst/btb_inst/btb_reg[5][TARGET][19]/D
                                1.35           1.43 f        -0.08  (VIOLATED)
   if_stage_inst/btb_inst/btb_reg[5][TARGET][21]/D
                                1.35           1.43 f        -0.08  (VIOLATED)
   if_stage_inst/btb_inst/btb_reg[5][TARGET][24]/D
                                1.35           1.43 f        -0.08  (VIOLATED)
   if_stage_inst/btb_inst/btb_reg[6][TARGET][3]/D
                                1.35           1.43 f        -0.08  (VIOLATED)
   if_stage_inst/btb_inst/btb_reg[6][TARGET][19]/D
                                1.35           1.43 f        -0.08  (VIOLATED)
   if_stage_inst/btb_inst/btb_reg[6][TARGET][21]/D
                                1.35           1.43 f        -0.08  (VIOLATED)
   if_stage_inst/btb_inst/btb_reg[6][TARGET][24]/D
                                1.35           1.43 f        -0.08  (VIOLATED)
   if_stage_inst/btb_inst/btb_reg[7][TARGET][3]/D
                                1.35           1.43 f        -0.08  (VIOLATED)
   if_stage_inst/btb_inst/btb_reg[7][TARGET][19]/D
                                1.35           1.43 f        -0.08  (VIOLATED)
   if_stage_inst/btb_inst/btb_reg[7][TARGET][21]/D
                                1.35           1.43 f        -0.08  (VIOLATED)
   if_stage_inst/btb_inst/btb_reg[7][TARGET][24]/D
                                1.35           1.43 f        -0.08  (VIOLATED)
   if_stage_inst/btb_inst/btb_reg[8][TARGET][3]/D
                                1.35           1.43 f        -0.08  (VIOLATED)
   if_stage_inst/btb_inst/btb_reg[8][TARGET][19]/D
                                1.35           1.43 f        -0.08  (VIOLATED)
   if_stage_inst/btb_inst/btb_reg[8][TARGET][21]/D
                                1.35           1.43 f        -0.08  (VIOLATED)
   if_stage_inst/btb_inst/btb_reg[8][TARGET][24]/D
                                1.35           1.43 f        -0.08  (VIOLATED)
   if_stage_inst/btb_inst/btb_reg[9][TARGET][3]/D
                                1.35           1.43 f        -0.08  (VIOLATED)
   if_stage_inst/btb_inst/btb_reg[9][TARGET][19]/D
                                1.35           1.43 f        -0.08  (VIOLATED)
   if_stage_inst/btb_inst/btb_reg[9][TARGET][21]/D
                                1.35           1.43 f        -0.08  (VIOLATED)
   if_stage_inst/btb_inst/btb_reg[9][TARGET][24]/D
                                1.35           1.43 f        -0.08  (VIOLATED)
   if_stage_inst/btb_inst/btb_reg[10][TARGET][3]/D
                                1.35           1.43 f        -0.08  (VIOLATED)
   if_stage_inst/btb_inst/btb_reg[10][TARGET][19]/D
                                1.35           1.43 f        -0.08  (VIOLATED)
   if_stage_inst/btb_inst/btb_reg[10][TARGET][21]/D
                                1.35           1.43 f        -0.08  (VIOLATED)
   if_stage_inst/btb_inst/btb_reg[10][TARGET][24]/D
                                1.35           1.43 f        -0.08  (VIOLATED)
   if_stage_inst/btb_inst/btb_reg[11][TARGET][3]/D
                                1.35           1.43 f        -0.08  (VIOLATED)
   if_stage_inst/btb_inst/btb_reg[11][TARGET][19]/D
                                1.35           1.43 f        -0.08  (VIOLATED)
   if_stage_inst/btb_inst/btb_reg[11][TARGET][21]/D
                                1.35           1.43 f        -0.08  (VIOLATED)
   if_stage_inst/btb_inst/btb_reg[11][TARGET][24]/D
                                1.35           1.43 f        -0.08  (VIOLATED)
   if_stage_inst/btb_inst/btb_reg[12][TARGET][3]/D
                                1.35           1.43 f        -0.08  (VIOLATED)
   if_stage_inst/btb_inst/btb_reg[12][TARGET][19]/D
                                1.35           1.43 f        -0.08  (VIOLATED)
   if_stage_inst/btb_inst/btb_reg[12][TARGET][21]/D
                                1.35           1.43 f        -0.08  (VIOLATED)
   if_stage_inst/btb_inst/btb_reg[12][TARGET][24]/D
                                1.35           1.43 f        -0.08  (VIOLATED)
   if_stage_inst/btb_inst/btb_reg[13][TARGET][3]/D
                                1.35           1.43 f        -0.08  (VIOLATED)
   if_stage_inst/btb_inst/btb_reg[13][TARGET][19]/D
                                1.35           1.43 f        -0.08  (VIOLATED)
   if_stage_inst/btb_inst/btb_reg[13][TARGET][21]/D
                                1.35           1.43 f        -0.08  (VIOLATED)
   if_stage_inst/btb_inst/btb_reg[13][TARGET][24]/D
                                1.35           1.43 f        -0.08  (VIOLATED)
   if_stage_inst/btb_inst/btb_reg[14][TARGET][3]/D
                                1.35           1.43 f        -0.08  (VIOLATED)
   if_stage_inst/btb_inst/btb_reg[14][TARGET][19]/D
                                1.35           1.43 f        -0.08  (VIOLATED)
   if_stage_inst/btb_inst/btb_reg[14][TARGET][21]/D
                                1.35           1.43 f        -0.08  (VIOLATED)
   if_stage_inst/btb_inst/btb_reg[14][TARGET][24]/D
                                1.35           1.43 f        -0.08  (VIOLATED)
   if_stage_inst/btb_inst/btb_reg[15][TARGET][3]/D
                                1.35           1.43 f        -0.08  (VIOLATED)
   if_stage_inst/btb_inst/btb_reg[15][TARGET][19]/D
                                1.35           1.43 f        -0.08  (VIOLATED)
   if_stage_inst/btb_inst/btb_reg[15][TARGET][21]/D
                                1.35           1.43 f        -0.08  (VIOLATED)
   if_stage_inst/btb_inst/btb_reg[15][TARGET][24]/D
                                1.35           1.43 f        -0.08  (VIOLATED)
   ex_stage_inst/mult_pp_inst/tree_i/layer_4_r_reg[2][20]/D
                                1.36           1.43 r        -0.07  (VIOLATED)
   if_stage_inst/pc_plus4_reg/reg_data_reg[24]/D
                                1.36           1.43 f        -0.07  (VIOLATED)
   if_stage_inst/btb_inst/btb_reg[0][TARGET][20]/D
                                1.35           1.41 f        -0.06  (VIOLATED)
   if_stage_inst/btb_inst/btb_reg[1][TARGET][20]/D
                                1.35           1.41 f        -0.06  (VIOLATED)
   if_stage_inst/btb_inst/btb_reg[2][TARGET][20]/D
                                1.35           1.41 f        -0.06  (VIOLATED)
   if_stage_inst/btb_inst/btb_reg[3][TARGET][20]/D
                                1.35           1.41 f        -0.06  (VIOLATED)
   if_stage_inst/btb_inst/btb_reg[4][TARGET][20]/D
                                1.35           1.41 f        -0.06  (VIOLATED)
   if_stage_inst/btb_inst/btb_reg[5][TARGET][20]/D
                                1.35           1.41 f        -0.06  (VIOLATED)
   if_stage_inst/btb_inst/btb_reg[6][TARGET][20]/D
                                1.35           1.41 f        -0.06  (VIOLATED)
   if_stage_inst/btb_inst/btb_reg[7][TARGET][20]/D
                                1.35           1.41 f        -0.06  (VIOLATED)
   if_stage_inst/btb_inst/btb_reg[8][TARGET][20]/D
                                1.35           1.41 f        -0.06  (VIOLATED)
   if_stage_inst/btb_inst/btb_reg[9][TARGET][20]/D
                                1.35           1.41 f        -0.06  (VIOLATED)
   if_stage_inst/btb_inst/btb_reg[10][TARGET][20]/D
                                1.35           1.41 f        -0.06  (VIOLATED)
   if_stage_inst/btb_inst/btb_reg[11][TARGET][20]/D
                                1.35           1.41 f        -0.06  (VIOLATED)
   if_stage_inst/btb_inst/btb_reg[12][TARGET][20]/D
                                1.35           1.41 f        -0.06  (VIOLATED)
   if_stage_inst/btb_inst/btb_reg[13][TARGET][20]/D
                                1.35           1.41 f        -0.06  (VIOLATED)
   if_stage_inst/btb_inst/btb_reg[14][TARGET][20]/D
                                1.35           1.41 f        -0.06  (VIOLATED)
   if_stage_inst/btb_inst/btb_reg[15][TARGET][20]/D
                                1.35           1.41 f        -0.06  (VIOLATED)
   ex_stage_inst/mult_pp_inst/tree_i/layer_4_r_reg[2][23]/D
                                1.36           1.42 f        -0.06  (VIOLATED)
   ex_stage_inst/mult_pp_inst/tree_i/layer_4_r_reg[3][21]/D
                                1.36           1.41 f        -0.05  (VIOLATED)
   ex_stage_inst/mult_pp_inst/tree_i/layer_4_r_reg[1][7]/D
                                1.37           1.41 r        -0.05  (VIOLATED)
   if_stage_inst/btb_inst/clk_gate_btb_reg[0][TAG]/latch/D
                                1.37           1.41 r        -0.04  (VIOLATED)
   if_stage_inst/btb_inst/btb_reg[15][TARGET][26]/D
                                1.36           1.40 f        -0.04  (VIOLATED)
   ex_stage_inst/mult_pp_inst/tree_i/layer_4_r_reg[0][5]/D
                                1.37           1.41 r        -0.04  (VIOLATED)
   if_stage_inst/btb_inst/clk_gate_btb_reg[1][TAG]/latch/D
                                1.37           1.40 r        -0.03  (VIOLATED)
   if_stage_inst/btb_inst/clk_gate_btb_reg[3][TAG]/latch/D
                                1.37           1.40 r        -0.03  (VIOLATED)
   if_stage_inst/btb_inst/clk_gate_btb_reg[5][TAG]/latch/D
                                1.37           1.40 r        -0.03  (VIOLATED)
   if_stage_inst/btb_inst/clk_gate_btb_reg[7][TAG]/latch/D
                                1.37           1.40 r        -0.03  (VIOLATED)
   if_stage_inst/btb_inst/clk_gate_btb_reg[8][TAG]/latch/D
                                1.37           1.40 r        -0.03  (VIOLATED)
   if_stage_inst/btb_inst/clk_gate_btb_reg[10][TAG]/latch/D
                                1.37           1.40 r        -0.03  (VIOLATED)
   if_stage_inst/btb_inst/clk_gate_btb_reg[12][TAG]/latch/D
                                1.37           1.40 r        -0.03  (VIOLATED)
   if_stage_inst/btb_inst/clk_gate_btb_reg[14][TAG]/latch/D
                                1.37           1.40 r        -0.03  (VIOLATED)
   if_stage_inst/btb_inst/clk_gate_btb_reg[9][TAG]/latch/D
                                1.37           1.40 r        -0.03  (VIOLATED)
   if_stage_inst/btb_inst/clk_gate_btb_reg[11][TAG]/latch/D
                                1.37           1.40 r        -0.03  (VIOLATED)
   if_stage_inst/btb_inst/clk_gate_btb_reg[13][TAG]/latch/D
                                1.37           1.40 r        -0.03  (VIOLATED)
   if_stage_inst/btb_inst/clk_gate_btb_reg[15][TAG]/latch/D
                                1.37           1.40 r        -0.03  (VIOLATED)
   if_stage_inst/btb_inst/clk_gate_btb_reg[2][TAG]/latch/D
                                1.37           1.40 r        -0.03  (VIOLATED)
   if_stage_inst/btb_inst/clk_gate_btb_reg[4][TAG]/latch/D
                                1.37           1.40 r        -0.03  (VIOLATED)
   if_stage_inst/btb_inst/clk_gate_btb_reg[6][TAG]/latch/D
                                1.37           1.40 r        -0.03  (VIOLATED)
   ex_stage_inst/mult_pp_inst/tree_i/layer_4_r_reg[1][6]/D
                                1.36           1.38 r        -0.02  (VIOLATED)
   if_stage_inst/pc_reg_inst/clk_gate_reg_data_reg/main_gate/A1
                                0.70           0.72 f        -0.02  (VIOLATED)
   if_stage_inst/pc_plus4_reg/reg_data_reg[23]/D
                                1.36           1.37 f        -0.01  (VIOLATED)
   if_stage_inst/btb_inst/clk_gate_btb_reg[0][TAG]/main_gate/A1
                                0.70           0.71 r        -0.01  (VIOLATED)
   if_stage_inst/btb_inst/clk_gate_btb_reg[1][TAG]/main_gate/A1
                                0.70           0.71 r        -0.01  (VIOLATED)
   if_stage_inst/btb_inst/clk_gate_btb_reg[3][TAG]/main_gate/A1
                                0.70           0.71 r        -0.01  (VIOLATED)
   if_stage_inst/btb_inst/clk_gate_btb_reg[5][TAG]/main_gate/A1
                                0.70           0.71 r        -0.01  (VIOLATED)
   if_stage_inst/btb_inst/clk_gate_btb_reg[7][TAG]/main_gate/A1
                                0.70           0.71 r        -0.01  (VIOLATED)
   if_stage_inst/btb_inst/clk_gate_btb_reg[8][TAG]/main_gate/A1
                                0.70           0.71 r        -0.01  (VIOLATED)
   if_stage_inst/btb_inst/clk_gate_btb_reg[10][TAG]/main_gate/A1
                                0.70           0.71 r        -0.01  (VIOLATED)
   if_stage_inst/btb_inst/clk_gate_btb_reg[12][TAG]/main_gate/A1
                                0.70           0.71 r        -0.01  (VIOLATED)
   if_stage_inst/btb_inst/clk_gate_btb_reg[14][TAG]/main_gate/A1
                                0.70           0.71 r        -0.01  (VIOLATED)
   if_stage_inst/btb_inst/clk_gate_btb_reg[9][TAG]/main_gate/A1
                                0.70           0.71 r        -0.01  (VIOLATED)
   if_stage_inst/btb_inst/clk_gate_btb_reg[11][TAG]/main_gate/A1
                                0.70           0.71 r        -0.01  (VIOLATED)
   if_stage_inst/btb_inst/clk_gate_btb_reg[13][TAG]/main_gate/A1
                                0.70           0.71 r        -0.01  (VIOLATED)
   if_stage_inst/btb_inst/clk_gate_btb_reg[15][TAG]/main_gate/A1
                                0.70           0.71 r        -0.01  (VIOLATED)
   if_stage_inst/btb_inst/clk_gate_btb_reg[2][TAG]/main_gate/A1
                                0.70           0.71 r        -0.01  (VIOLATED)
   if_stage_inst/btb_inst/clk_gate_btb_reg[4][TAG]/main_gate/A1
                                0.70           0.71 r        -0.01  (VIOLATED)
   if_stage_inst/btb_inst/clk_gate_btb_reg[6][TAG]/main_gate/A1
                                0.70           0.71 r        -0.01  (VIOLATED)


   max_transition

                             Required        Actual
   Net                      Transition     Transition        Slack
   -----------------------------------------------------------------
   n11825                       0.20           0.27          -0.07  (VIOLATED)
       PIN :   U12775/A1        0.20           0.27          -0.07  (VIOLATED)
       PIN :   U12755/A1        0.20           0.27          -0.07  (VIOLATED)
       PIN :   U12730/A1        0.20           0.27          -0.07  (VIOLATED)
       PIN :   U12706/A1        0.20           0.27          -0.07  (VIOLATED)
       PIN :   U12682/A1        0.20           0.27          -0.07  (VIOLATED)
       PIN :   U12659/A1        0.20           0.27          -0.07  (VIOLATED)
       PIN :   U12636/A1        0.20           0.27          -0.07  (VIOLATED)
       PIN :   U12616/A1        0.20           0.27          -0.07  (VIOLATED)
       PIN :   U12592/A1        0.20           0.27          -0.07  (VIOLATED)
       PIN :   U12567/A1        0.20           0.27          -0.07  (VIOLATED)
       PIN :   U12543/A1        0.20           0.27          -0.07  (VIOLATED)
       PIN :   U12522/A1        0.20           0.27          -0.07  (VIOLATED)
       PIN :   U12494/A1        0.20           0.27          -0.07  (VIOLATED)
       PIN :   U12471/A1        0.20           0.27          -0.07  (VIOLATED)
       PIN :   U12448/A1        0.20           0.27          -0.07  (VIOLATED)
       PIN :   U12424/A1        0.20           0.27          -0.07  (VIOLATED)
       PIN :   U12403/A1        0.20           0.27          -0.07  (VIOLATED)
       PIN :   U12379/A1        0.20           0.27          -0.07  (VIOLATED)
       PIN :   U12332/A1        0.20           0.27          -0.07  (VIOLATED)
       PIN :   U12306/A1        0.20           0.27          -0.07  (VIOLATED)
       PIN :   U12278/A1        0.20           0.27          -0.07  (VIOLATED)
       PIN :   U12159/A1        0.20           0.27          -0.07  (VIOLATED)
       PIN :   U12137/A1        0.20           0.27          -0.07  (VIOLATED)
       PIN :   U11677/A1        0.20           0.27          -0.07  (VIOLATED)
       PIN :   U11714/A2        0.20           0.27          -0.07  (VIOLATED)
       PIN :   U11726/A2        0.20           0.27          -0.07  (VIOLATED)
       PIN :   U11738/A2        0.20           0.27          -0.07  (VIOLATED)
       PIN :   U11750/A2        0.20           0.27          -0.07  (VIOLATED)
       PIN :   U11772/A         0.20           0.27          -0.07  (VIOLATED)
       PIN :   U11785/A2        0.20           0.27          -0.07  (VIOLATED)
       PIN :   U11810/A2        0.20           0.27          -0.07  (VIOLATED)
       PIN :   U11835/A2        0.20           0.27          -0.07  (VIOLATED)
       PIN :   U11869/A2        0.20           0.27          -0.07  (VIOLATED)
       PIN :   U11881/A2        0.20           0.27          -0.07  (VIOLATED)
       PIN :   U11893/A2        0.20           0.27          -0.07  (VIOLATED)
       PIN :   U11905/A2        0.20           0.27          -0.07  (VIOLATED)
       PIN :   U11930/A2        0.20           0.27          -0.07  (VIOLATED)
       PIN :   U11960/A2        0.20           0.27          -0.07  (VIOLATED)
       PIN :   U12033/A2        0.20           0.27          -0.07  (VIOLATED)
       PIN :   U12045/A2        0.20           0.27          -0.07  (VIOLATED)
       PIN :   U12061/A1        0.20           0.27          -0.07  (VIOLATED)
       PIN :   U12090/A1        0.20           0.27          -0.07  (VIOLATED)
       PIN :   U12112/A1        0.20           0.27          -0.07  (VIOLATED)
       PIN :   U12181/A1        0.20           0.27          -0.07  (VIOLATED)
       PIN :   U12205/A1        0.20           0.27          -0.07  (VIOLATED)
       PIN :   U12228/A1        0.20           0.27          -0.07  (VIOLATED)
       PIN :   U12255/A1        0.20           0.27          -0.07  (VIOLATED)
       PIN :   U12356/A1        0.20           0.27          -0.07  (VIOLATED)
       PIN :   U13089/A1        0.20           0.27          -0.07  (VIOLATED)
       PIN :   U5124/ZN         0.20           0.27          -0.07  (VIOLATED)
   n11502                       0.20           0.23          -0.03  (VIOLATED)
       PIN :   U13091/A1        0.20           0.23          -0.03  (VIOLATED)
       PIN :   U12777/A1        0.20           0.23          -0.03  (VIOLATED)
       PIN :   U12757/A1        0.20           0.23          -0.03  (VIOLATED)
       PIN :   U12594/A1        0.20           0.23          -0.03  (VIOLATED)
       PIN :   U12569/A1        0.20           0.23          -0.03  (VIOLATED)
       PIN :   U12545/A1        0.20           0.23          -0.03  (VIOLATED)
       PIN :   U12524/A1        0.20           0.23          -0.03  (VIOLATED)
       PIN :   U12496/A1        0.20           0.23          -0.03  (VIOLATED)
       PIN :   U12473/A1        0.20           0.23          -0.03  (VIOLATED)
       PIN :   U12450/A1        0.20           0.23          -0.03  (VIOLATED)
       PIN :   U12426/A1        0.20           0.23          -0.03  (VIOLATED)
       PIN :   U12405/A1        0.20           0.23          -0.03  (VIOLATED)
       PIN :   U12381/A1        0.20           0.23          -0.03  (VIOLATED)
       PIN :   U12358/A1        0.20           0.23          -0.03  (VIOLATED)
       PIN :   U12334/A1        0.20           0.23          -0.03  (VIOLATED)
       PIN :   U12280/A1        0.20           0.23          -0.03  (VIOLATED)
       PIN :   U12257/A1        0.20           0.23          -0.03  (VIOLATED)
       PIN :   U12230/A1        0.20           0.23          -0.03  (VIOLATED)
       PIN :   U12207/A1        0.20           0.23          -0.03  (VIOLATED)
       PIN :   U12183/A1        0.20           0.23          -0.03  (VIOLATED)
       PIN :   U12114/A1        0.20           0.23          -0.03  (VIOLATED)
       PIN :   U12092/A1        0.20           0.23          -0.03  (VIOLATED)
       PIN :   U12063/A1        0.20           0.23          -0.03  (VIOLATED)
       PIN :   U11694/A1        0.20           0.23          -0.03  (VIOLATED)
       PIN :   U11719/A2        0.20           0.23          -0.03  (VIOLATED)
       PIN :   U11731/A2        0.20           0.23          -0.03  (VIOLATED)
       PIN :   U11743/A2        0.20           0.23          -0.03  (VIOLATED)
       PIN :   U11755/A2        0.20           0.23          -0.03  (VIOLATED)
       PIN :   U11765/A         0.20           0.23          -0.03  (VIOLATED)
       PIN :   U11780/A2        0.20           0.23          -0.03  (VIOLATED)
       PIN :   U11805/A2        0.20           0.23          -0.03  (VIOLATED)
       PIN :   U11874/A2        0.20           0.23          -0.03  (VIOLATED)
       PIN :   U11886/A2        0.20           0.23          -0.03  (VIOLATED)
       PIN :   U11898/A2        0.20           0.23          -0.03  (VIOLATED)
       PIN :   U11910/A2        0.20           0.23          -0.03  (VIOLATED)
       PIN :   U11923/A2        0.20           0.23          -0.03  (VIOLATED)
       PIN :   U11935/A2        0.20           0.23          -0.03  (VIOLATED)
       PIN :   U11945/B2        0.20           0.23          -0.03  (VIOLATED)
       PIN :   U11955/A2        0.20           0.23          -0.03  (VIOLATED)
       PIN :   U11979/A2        0.20           0.23          -0.03  (VIOLATED)
       PIN :   U12028/A2        0.20           0.23          -0.03  (VIOLATED)
       PIN :   U12040/A2        0.20           0.23          -0.03  (VIOLATED)
       PIN :   U12139/A1        0.20           0.23          -0.03  (VIOLATED)
       PIN :   U12161/A1        0.20           0.23          -0.03  (VIOLATED)
       PIN :   U12308/A1        0.20           0.23          -0.03  (VIOLATED)
       PIN :   U12618/A1        0.20           0.23          -0.03  (VIOLATED)
       PIN :   U12638/A1        0.20           0.23          -0.03  (VIOLATED)
       PIN :   U12661/A1        0.20           0.23          -0.03  (VIOLATED)
       PIN :   U12684/A1        0.20           0.23          -0.03  (VIOLATED)
       PIN :   U12708/A1        0.20           0.23          -0.03  (VIOLATED)
       PIN :   U12732/A1        0.20           0.23          -0.03  (VIOLATED)
       PIN :   U5128/ZN         0.20           0.23          -0.03  (VIOLATED)

   -----------------------------------------------------------------
   Total                      2                  -0.11  

   max_capacitance

                             Required        Actual
   Net                      Capacitance    Capacitance       Slack
   -----------------------------------------------------------------
   n11825                      60.58         117.40         -56.82  (VIOLATED)
   n11502                      60.58         100.69         -40.12  (VIOLATED)

   -----------------------------------------------------------------
   Total                      2                 -96.93  

   max_leakage_power

                             Required        Actual
   Design                   Leakage Power  Leakage Power     Slack
   -----------------------------------------------------------------
   dlx                          0.00       512204.00      -512204.00
                                                                    (VIOLATED)


1
