 
****************************************
check_design summary:
Version:     W-2024.09-SP2
Date:        Wed Sep 16 03:59:13 2026
****************************************

                   Name                                            Total
--------------------------------------------------------------------------------
Inputs/Outputs                                                    894
    Unconnected ports (LINT-28)                                     9
    Feedthrough (LINT-29)                                         274
    Shorted outputs (LINT-31)                                     354
    Constant outputs (LINT-52)                                    257

Cells                                                             263
    Cells do not drive (LINT-1)                                    47
    Connected to power or ground (LINT-32)                         51
    Nets connected to multiple pins on same cell (LINT-33)        165

Tristate                                                           32
    Single tristate driver drives an input pin (LINT-63)           32
--------------------------------------------------------------------------------

Warning: In design 'if_stage_1', cell 'B_3' does not drive any nets. (LINT-1)
Warning: In design 'hazard_unit_id_1', cell 'C1883' does not drive any nets. (LINT-1)
Warning: In design 'hazard_unit_id_1', cell 'C1885' does not drive any nets. (LINT-1)
Warning: In design 'hazard_unit_id_1', cell 'C1887' does not drive any nets. (LINT-1)
Warning: In design 'hazard_unit_id_1', cell 'C1889' does not drive any nets. (LINT-1)
Warning: In design 'hazard_unit_id_1', cell 'C1891' does not drive any nets. (LINT-1)
Warning: In design 'hazard_unit_id_1', cell 'C1893' does not drive any nets. (LINT-1)
Warning: In design 'hazard_unit_id_1', cell 'C1895' does not drive any nets. (LINT-1)
Warning: In design 'hazard_unit_id_1', cell 'C1897' does not drive any nets. (LINT-1)
Warning: In design 'hazard_unit_id_1', cell 'C1899' does not drive any nets. (LINT-1)
Warning: In design 'hazard_unit_id_1', cell 'C1901' does not drive any nets. (LINT-1)
Warning: In design 'hazard_unit_id_1', cell 'C1903' does not drive any nets. (LINT-1)
Warning: In design 'hazard_unit_id_1', cell 'C1905' does not drive any nets. (LINT-1)
Warning: In design 'hazard_unit_id_1', cell 'C1907' does not drive any nets. (LINT-1)
Warning: In design 'hazard_unit_id_1', cell 'C1909' does not drive any nets. (LINT-1)
Warning: In design 'hazard_unit_id_1', cell 'C1911' does not drive any nets. (LINT-1)
Warning: In design 'hazard_unit_id_1', cell 'C1913' does not drive any nets. (LINT-1)
Warning: In design 'hazard_unit_id_1', cell 'C1915' does not drive any nets. (LINT-1)
Warning: In design 'hazard_unit_id_1', cell 'C1917' does not drive any nets. (LINT-1)
Warning: In design 'hazard_unit_id_1', cell 'C1919' does not drive any nets. (LINT-1)
Warning: In design 'hazard_unit_id_1', cell 'C1921' does not drive any nets. (LINT-1)
Warning: In design 'hazard_unit_id_1', cell 'C1923' does not drive any nets. (LINT-1)
Warning: In design 'hazard_unit_id_1', cell 'C1925' does not drive any nets. (LINT-1)
Warning: In design 'hazard_unit_id_1', cell 'C1927' does not drive any nets. (LINT-1)
Warning: In design 'hazard_unit_id_1', cell 'C1929' does not drive any nets. (LINT-1)
Warning: In design 'hazard_unit_id_1', cell 'C1931' does not drive any nets. (LINT-1)
Warning: In design 'hazard_unit_id_1', cell 'C1933' does not drive any nets. (LINT-1)
Warning: In design 'hazard_unit_id_1', cell 'C1935' does not drive any nets. (LINT-1)
Warning: In design 'hazard_unit_id_1', cell 'C1937' does not drive any nets. (LINT-1)
Warning: In design 'hazard_unit_id_1', cell 'C1939' does not drive any nets. (LINT-1)
Warning: In design 'hazard_unit_id_1', cell 'C1941' does not drive any nets. (LINT-1)
Warning: In design 'hazard_unit_id_1', cell 'C1943' does not drive any nets. (LINT-1)
Warning: In design 'hazard_unit_id_1', cell 'C1945' does not drive any nets. (LINT-1)
Warning: In design 'hazard_unit_id_1', cell 'C2147' does not drive any nets. (LINT-1)
Warning: In design 'hazard_unit_id_1', cell 'C2152' does not drive any nets. (LINT-1)
Warning: In design 'hazard_unit_id_1', cell 'C2157' does not drive any nets. (LINT-1)
Warning: In design 'Branch_unit_1', cell 'B_16' does not drive any nets. (LINT-1)
Warning: In design 'forwarding_id_1', cell 'C158' does not drive any nets. (LINT-1)
Warning: In design 'forwarding_id_1', cell 'C168' does not drive any nets. (LINT-1)
Warning: In design 'forwarding_id_1', cell 'C178' does not drive any nets. (LINT-1)
Warning: In design 'forwarding_id_1', cell 'B_11' does not drive any nets. (LINT-1)
Warning: In design 'BTB_if_1', cell 'C4432' does not drive any nets. (LINT-1)
Warning: In design 'BTB_if_1', cell 'C4447' does not drive any nets. (LINT-1)
Warning: In design 'BTB_if_1', cell 'C4459' does not drive any nets. (LINT-1)
Warning: In design 'BTB_if_1', cell 'C4472' does not drive any nets. (LINT-1)
Warning: In design 'shift_fin_sel_1', cell 'B_16' does not drive any nets. (LINT-1)
Warning: In design 'shift_fin_sel_1', cell 'B_17' does not drive any nets. (LINT-1)
Warning: In design 'Branch_unit_1', port 'sgn_Imm[31]' is not connected to any nets. (LINT-28)
Warning: In design 'Branch_unit_1', port 'sgn_Imm[30]' is not connected to any nets. (LINT-28)
Warning: In design 'wb_stage_1', port 'clk' is not connected to any nets. (LINT-28)
Warning: In design 'wb_stage_1', port 'rst' is not connected to any nets. (LINT-28)
Warning: In design 'BTB_if_1', port 'PC_in[1]' is not connected to any nets. (LINT-28)
Warning: In design 'BTB_if_1', port 'PC_in[0]' is not connected to any nets. (LINT-28)
Warning: In design 'BTB_if_1', port 'br_corr_addr[1]' is not connected to any nets. (LINT-28)
Warning: In design 'BTB_if_1', port 'br_corr_addr[0]' is not connected to any nets. (LINT-28)
Warning: In design 'T2_shifter_1', port 'en' is not connected to any nets. (LINT-28)
Warning: In design 'mem_if_1', input port 'imem_addr_i[31]' is connected directly to output port 'iram_address_o[31]'. (LINT-29)
Warning: In design 'mem_if_1', input port 'imem_addr_i[30]' is connected directly to output port 'iram_address_o[30]'. (LINT-29)
Warning: In design 'mem_if_1', input port 'imem_addr_i[29]' is connected directly to output port 'iram_address_o[29]'. (LINT-29)
Warning: In design 'mem_if_1', input port 'imem_addr_i[28]' is connected directly to output port 'iram_address_o[28]'. (LINT-29)
Warning: In design 'mem_if_1', input port 'imem_addr_i[27]' is connected directly to output port 'iram_address_o[27]'. (LINT-29)
Warning: In design 'mem_if_1', input port 'imem_addr_i[26]' is connected directly to output port 'iram_address_o[26]'. (LINT-29)
Warning: In design 'mem_if_1', input port 'imem_addr_i[25]' is connected directly to output port 'iram_address_o[25]'. (LINT-29)
Warning: In design 'mem_if_1', input port 'imem_addr_i[24]' is connected directly to output port 'iram_address_o[24]'. (LINT-29)
Warning: In design 'mem_if_1', input port 'imem_addr_i[23]' is connected directly to output port 'iram_address_o[23]'. (LINT-29)
Warning: In design 'mem_if_1', input port 'imem_addr_i[22]' is connected directly to output port 'iram_address_o[22]'. (LINT-29)
Warning: In design 'mem_if_1', input port 'imem_addr_i[21]' is connected directly to output port 'iram_address_o[21]'. (LINT-29)
Warning: In design 'mem_if_1', input port 'imem_addr_i[20]' is connected directly to output port 'iram_address_o[20]'. (LINT-29)
Warning: In design 'mem_if_1', input port 'imem_addr_i[19]' is connected directly to output port 'iram_address_o[19]'. (LINT-29)
Warning: In design 'mem_if_1', input port 'imem_addr_i[18]' is connected directly to output port 'iram_address_o[18]'. (LINT-29)
Warning: In design 'mem_if_1', input port 'imem_addr_i[17]' is connected directly to output port 'iram_address_o[17]'. (LINT-29)
Warning: In design 'mem_if_1', input port 'imem_addr_i[16]' is connected directly to output port 'iram_address_o[16]'. (LINT-29)
Warning: In design 'mem_if_1', input port 'imem_addr_i[15]' is connected directly to output port 'iram_address_o[15]'. (LINT-29)
Warning: In design 'mem_if_1', input port 'imem_addr_i[14]' is connected directly to output port 'iram_address_o[14]'. (LINT-29)
Warning: In design 'mem_if_1', input port 'imem_addr_i[13]' is connected directly to output port 'iram_address_o[13]'. (LINT-29)
Warning: In design 'mem_if_1', input port 'imem_addr_i[12]' is connected directly to output port 'iram_address_o[12]'. (LINT-29)
Warning: In design 'mem_if_1', input port 'imem_addr_i[11]' is connected directly to output port 'iram_address_o[11]'. (LINT-29)
Warning: In design 'mem_if_1', input port 'imem_addr_i[10]' is connected directly to output port 'iram_address_o[10]'. (LINT-29)
Warning: In design 'mem_if_1', input port 'imem_addr_i[9]' is connected directly to output port 'iram_address_o[9]'. (LINT-29)
Warning: In design 'mem_if_1', input port 'imem_addr_i[8]' is connected directly to output port 'iram_address_o[8]'. (LINT-29)
Warning: In design 'mem_if_1', input port 'imem_addr_i[7]' is connected directly to output port 'iram_address_o[7]'. (LINT-29)
Warning: In design 'mem_if_1', input port 'imem_addr_i[6]' is connected directly to output port 'iram_address_o[6]'. (LINT-29)
Warning: In design 'mem_if_1', input port 'imem_addr_i[5]' is connected directly to output port 'iram_address_o[5]'. (LINT-29)
Warning: In design 'mem_if_1', input port 'imem_addr_i[4]' is connected directly to output port 'iram_address_o[4]'. (LINT-29)
Warning: In design 'mem_if_1', input port 'imem_addr_i[3]' is connected directly to output port 'iram_address_o[3]'. (LINT-29)
Warning: In design 'mem_if_1', input port 'imem_addr_i[2]' is connected directly to output port 'iram_address_o[2]'. (LINT-29)
Warning: In design 'mem_if_1', input port 'imem_addr_i[1]' is connected directly to output port 'iram_address_o[1]'. (LINT-29)
Warning: In design 'mem_if_1', input port 'imem_addr_i[0]' is connected directly to output port 'iram_address_o[0]'. (LINT-29)
Warning: In design 'mem_if_1', input port 'dmem_addr_i[31]' is connected directly to output port 'dram_address_o[31]'. (LINT-29)
Warning: In design 'mem_if_1', input port 'dmem_addr_i[30]' is connected directly to output port 'dram_address_o[30]'. (LINT-29)
Warning: In design 'mem_if_1', input port 'dmem_addr_i[29]' is connected directly to output port 'dram_address_o[29]'. (LINT-29)
Warning: In design 'mem_if_1', input port 'dmem_addr_i[28]' is connected directly to output port 'dram_address_o[28]'. (LINT-29)
Warning: In design 'mem_if_1', input port 'dmem_addr_i[27]' is connected directly to output port 'dram_address_o[27]'. (LINT-29)
Warning: In design 'mem_if_1', input port 'dmem_addr_i[26]' is connected directly to output port 'dram_address_o[26]'. (LINT-29)
Warning: In design 'mem_if_1', input port 'dmem_addr_i[25]' is connected directly to output port 'dram_address_o[25]'. (LINT-29)
Warning: In design 'mem_if_1', input port 'dmem_addr_i[24]' is connected directly to output port 'dram_address_o[24]'. (LINT-29)
Warning: In design 'mem_if_1', input port 'dmem_addr_i[23]' is connected directly to output port 'dram_address_o[23]'. (LINT-29)
Warning: In design 'mem_if_1', input port 'dmem_addr_i[22]' is connected directly to output port 'dram_address_o[22]'. (LINT-29)
Warning: In design 'mem_if_1', input port 'dmem_addr_i[21]' is connected directly to output port 'dram_address_o[21]'. (LINT-29)
Warning: In design 'mem_if_1', input port 'dmem_addr_i[20]' is connected directly to output port 'dram_address_o[20]'. (LINT-29)
Warning: In design 'mem_if_1', input port 'dmem_addr_i[19]' is connected directly to output port 'dram_address_o[19]'. (LINT-29)
Warning: In design 'mem_if_1', input port 'dmem_addr_i[18]' is connected directly to output port 'dram_address_o[18]'. (LINT-29)
Warning: In design 'mem_if_1', input port 'dmem_addr_i[17]' is connected directly to output port 'dram_address_o[17]'. (LINT-29)
Warning: In design 'mem_if_1', input port 'dmem_addr_i[16]' is connected directly to output port 'dram_address_o[16]'. (LINT-29)
Warning: In design 'mem_if_1', input port 'dmem_addr_i[15]' is connected directly to output port 'dram_address_o[15]'. (LINT-29)
Warning: In design 'mem_if_1', input port 'dmem_addr_i[14]' is connected directly to output port 'dram_address_o[14]'. (LINT-29)
Warning: In design 'mem_if_1', input port 'dmem_addr_i[13]' is connected directly to output port 'dram_address_o[13]'. (LINT-29)
Warning: In design 'mem_if_1', input port 'dmem_addr_i[12]' is connected directly to output port 'dram_address_o[12]'. (LINT-29)
Warning: In design 'mem_if_1', input port 'dmem_addr_i[11]' is connected directly to output port 'dram_address_o[11]'. (LINT-29)
Warning: In design 'mem_if_1', input port 'dmem_addr_i[10]' is connected directly to output port 'dram_address_o[10]'. (LINT-29)
Warning: In design 'mem_if_1', input port 'dmem_addr_i[9]' is connected directly to output port 'dram_address_o[9]'. (LINT-29)
Warning: In design 'mem_if_1', input port 'dmem_addr_i[8]' is connected directly to output port 'dram_address_o[8]'. (LINT-29)
Warning: In design 'mem_if_1', input port 'dmem_addr_i[7]' is connected directly to output port 'dram_address_o[7]'. (LINT-29)
Warning: In design 'mem_if_1', input port 'dmem_addr_i[6]' is connected directly to output port 'dram_address_o[6]'. (LINT-29)
Warning: In design 'mem_if_1', input port 'dmem_addr_i[5]' is connected directly to output port 'dram_address_o[5]'. (LINT-29)
Warning: In design 'mem_if_1', input port 'dmem_addr_i[4]' is connected directly to output port 'dram_address_o[4]'. (LINT-29)
Warning: In design 'mem_if_1', input port 'dmem_addr_i[3]' is connected directly to output port 'dram_address_o[3]'. (LINT-29)
Warning: In design 'mem_if_1', input port 'dmem_addr_i[2]' is connected directly to output port 'dram_address_o[2]'. (LINT-29)
Warning: In design 'mem_if_1', input port 'dmem_addr_i[1]' is connected directly to output port 'dram_address_o[1]'. (LINT-29)
Warning: In design 'mem_if_1', input port 'dmem_addr_i[0]' is connected directly to output port 'dram_address_o[0]'. (LINT-29)
Warning: In design 'mem_if_1', input port 'iram_data_i[31]' is connected directly to output port 'imem_rdata_o[31]'. (LINT-29)
Warning: In design 'mem_if_1', input port 'iram_data_i[30]' is connected directly to output port 'imem_rdata_o[30]'. (LINT-29)
Warning: In design 'mem_if_1', input port 'iram_data_i[29]' is connected directly to output port 'imem_rdata_o[29]'. (LINT-29)
Warning: In design 'mem_if_1', input port 'iram_data_i[28]' is connected directly to output port 'imem_rdata_o[28]'. (LINT-29)
Warning: In design 'mem_if_1', input port 'iram_data_i[27]' is connected directly to output port 'imem_rdata_o[27]'. (LINT-29)
Warning: In design 'mem_if_1', input port 'iram_data_i[26]' is connected directly to output port 'imem_rdata_o[26]'. (LINT-29)
Warning: In design 'mem_if_1', input port 'iram_data_i[25]' is connected directly to output port 'imem_rdata_o[25]'. (LINT-29)
Warning: In design 'mem_if_1', input port 'iram_data_i[24]' is connected directly to output port 'imem_rdata_o[24]'. (LINT-29)
Warning: In design 'mem_if_1', input port 'iram_data_i[23]' is connected directly to output port 'imem_rdata_o[23]'. (LINT-29)
Warning: In design 'mem_if_1', input port 'iram_data_i[22]' is connected directly to output port 'imem_rdata_o[22]'. (LINT-29)
Warning: In design 'mem_if_1', input port 'iram_data_i[21]' is connected directly to output port 'imem_rdata_o[21]'. (LINT-29)
Warning: In design 'mem_if_1', input port 'iram_data_i[20]' is connected directly to output port 'imem_rdata_o[20]'. (LINT-29)
Warning: In design 'mem_if_1', input port 'iram_data_i[19]' is connected directly to output port 'imem_rdata_o[19]'. (LINT-29)
Warning: In design 'mem_if_1', input port 'iram_data_i[18]' is connected directly to output port 'imem_rdata_o[18]'. (LINT-29)
Warning: In design 'mem_if_1', input port 'iram_data_i[17]' is connected directly to output port 'imem_rdata_o[17]'. (LINT-29)
Warning: In design 'mem_if_1', input port 'iram_data_i[16]' is connected directly to output port 'imem_rdata_o[16]'. (LINT-29)
Warning: In design 'mem_if_1', input port 'iram_data_i[15]' is connected directly to output port 'imem_rdata_o[15]'. (LINT-29)
Warning: In design 'mem_if_1', input port 'iram_data_i[14]' is connected directly to output port 'imem_rdata_o[14]'. (LINT-29)
Warning: In design 'mem_if_1', input port 'iram_data_i[13]' is connected directly to output port 'imem_rdata_o[13]'. (LINT-29)
Warning: In design 'mem_if_1', input port 'iram_data_i[12]' is connected directly to output port 'imem_rdata_o[12]'. (LINT-29)
Warning: In design 'mem_if_1', input port 'iram_data_i[11]' is connected directly to output port 'imem_rdata_o[11]'. (LINT-29)
Warning: In design 'mem_if_1', input port 'iram_data_i[10]' is connected directly to output port 'imem_rdata_o[10]'. (LINT-29)
Warning: In design 'mem_if_1', input port 'iram_data_i[9]' is connected directly to output port 'imem_rdata_o[9]'. (LINT-29)
Warning: In design 'mem_if_1', input port 'iram_data_i[8]' is connected directly to output port 'imem_rdata_o[8]'. (LINT-29)
Warning: In design 'mem_if_1', input port 'iram_data_i[7]' is connected directly to output port 'imem_rdata_o[7]'. (LINT-29)
Warning: In design 'mem_if_1', input port 'iram_data_i[6]' is connected directly to output port 'imem_rdata_o[6]'. (LINT-29)
Warning: In design 'mem_if_1', input port 'iram_data_i[5]' is connected directly to output port 'imem_rdata_o[5]'. (LINT-29)
Warning: In design 'mem_if_1', input port 'iram_data_i[4]' is connected directly to output port 'imem_rdata_o[4]'. (LINT-29)
Warning: In design 'mem_if_1', input port 'iram_data_i[3]' is connected directly to output port 'imem_rdata_o[3]'. (LINT-29)
Warning: In design 'mem_if_1', input port 'iram_data_i[2]' is connected directly to output port 'imem_rdata_o[2]'. (LINT-29)
Warning: In design 'mem_if_1', input port 'iram_data_i[1]' is connected directly to output port 'imem_rdata_o[1]'. (LINT-29)
Warning: In design 'mem_if_1', input port 'iram_data_i[0]' is connected directly to output port 'imem_rdata_o[0]'. (LINT-29)
Warning: In design 'id_stage_1', input port 'inst[31]' is connected directly to output port 'opcode[5]'. (LINT-29)
Warning: In design 'id_stage_1', input port 'inst[30]' is connected directly to output port 'opcode[4]'. (LINT-29)
Warning: In design 'id_stage_1', input port 'inst[29]' is connected directly to output port 'opcode[3]'. (LINT-29)
Warning: In design 'id_stage_1', input port 'inst[28]' is connected directly to output port 'opcode[2]'. (LINT-29)
Warning: In design 'id_stage_1', input port 'inst[27]' is connected directly to output port 'opcode[1]'. (LINT-29)
Warning: In design 'id_stage_1', input port 'inst[26]' is connected directly to output port 'opcode[0]'. (LINT-29)
Warning: In design 'id_stage_1', input port 'inst[25]' is connected directly to output port 'hzrd_rs1_addr[4]'. (LINT-29)
Warning: In design 'id_stage_1', input port 'inst[24]' is connected directly to output port 'hzrd_rs1_addr[3]'. (LINT-29)
Warning: In design 'id_stage_1', input port 'inst[23]' is connected directly to output port 'hzrd_rs1_addr[2]'. (LINT-29)
Warning: In design 'id_stage_1', input port 'inst[22]' is connected directly to output port 'hzrd_rs1_addr[1]'. (LINT-29)
Warning: In design 'id_stage_1', input port 'inst[21]' is connected directly to output port 'hzrd_rs1_addr[0]'. (LINT-29)
Warning: In design 'id_stage_1', input port 'inst[20]' is connected directly to output port 'hzrd_rs2_addr[4]'. (LINT-29)
Warning: In design 'id_stage_1', input port 'inst[19]' is connected directly to output port 'hzrd_rs2_addr[3]'. (LINT-29)
Warning: In design 'id_stage_1', input port 'inst[18]' is connected directly to output port 'hzrd_rs2_addr[2]'. (LINT-29)
Warning: In design 'id_stage_1', input port 'inst[17]' is connected directly to output port 'hzrd_rs2_addr[1]'. (LINT-29)
Warning: In design 'id_stage_1', input port 'inst[16]' is connected directly to output port 'hzrd_rs2_addr[0]'. (LINT-29)
Warning: In design 'id_stage_1', input port 'inst[5]' is connected directly to output port 'func[5]'. (LINT-29)
Warning: In design 'id_stage_1', input port 'inst[4]' is connected directly to output port 'func[4]'. (LINT-29)
Warning: In design 'id_stage_1', input port 'inst[3]' is connected directly to output port 'func[3]'. (LINT-29)
Warning: In design 'id_stage_1', input port 'inst[2]' is connected directly to output port 'func[2]'. (LINT-29)
Warning: In design 'id_stage_1', input port 'inst[1]' is connected directly to output port 'func[1]'. (LINT-29)
Warning: In design 'id_stage_1', input port 'inst[0]' is connected directly to output port 'func[0]'. (LINT-29)
Warning: In design 'ex_stage_1', input port 'rs1_add[4]' is connected directly to output port 'fwd_rs1_add_o[4]'. (LINT-29)
Warning: In design 'ex_stage_1', input port 'rs1_add[3]' is connected directly to output port 'fwd_rs1_add_o[3]'. (LINT-29)
Warning: In design 'ex_stage_1', input port 'rs1_add[2]' is connected directly to output port 'fwd_rs1_add_o[2]'. (LINT-29)
Warning: In design 'ex_stage_1', input port 'rs1_add[1]' is connected directly to output port 'fwd_rs1_add_o[1]'. (LINT-29)
Warning: In design 'ex_stage_1', input port 'rs1_add[0]' is connected directly to output port 'fwd_rs1_add_o[0]'. (LINT-29)
Warning: In design 'ex_stage_1', input port 'rs2_add[4]' is connected directly to output port 'fwd_rs2_add_o[4]'. (LINT-29)
Warning: In design 'ex_stage_1', input port 'rs2_add[3]' is connected directly to output port 'fwd_rs2_add_o[3]'. (LINT-29)
Warning: In design 'ex_stage_1', input port 'rs2_add[2]' is connected directly to output port 'fwd_rs2_add_o[2]'. (LINT-29)
Warning: In design 'ex_stage_1', input port 'rs2_add[1]' is connected directly to output port 'fwd_rs2_add_o[1]'. (LINT-29)
Warning: In design 'ex_stage_1', input port 'rs2_add[0]' is connected directly to output port 'fwd_rs2_add_o[0]'. (LINT-29)
Warning: In design 'mem_stage_1', input port 'result_i[31]' is connected directly to output port 'fwd_dt_mem_o[31]'. (LINT-29)
Warning: In design 'mem_stage_1', input port 'result_i[31]' is connected directly to output port 'dmem_addr_o[31]'. (LINT-29)
Warning: In design 'mem_stage_1', input port 'result_i[30]' is connected directly to output port 'fwd_dt_mem_o[30]'. (LINT-29)
Warning: In design 'mem_stage_1', input port 'result_i[30]' is connected directly to output port 'dmem_addr_o[30]'. (LINT-29)
Warning: In design 'mem_stage_1', input port 'result_i[29]' is connected directly to output port 'fwd_dt_mem_o[29]'. (LINT-29)
Warning: In design 'mem_stage_1', input port 'result_i[29]' is connected directly to output port 'dmem_addr_o[29]'. (LINT-29)
Warning: In design 'mem_stage_1', input port 'result_i[28]' is connected directly to output port 'fwd_dt_mem_o[28]'. (LINT-29)
Warning: In design 'mem_stage_1', input port 'result_i[28]' is connected directly to output port 'dmem_addr_o[28]'. (LINT-29)
Warning: In design 'mem_stage_1', input port 'result_i[27]' is connected directly to output port 'fwd_dt_mem_o[27]'. (LINT-29)
Warning: In design 'mem_stage_1', input port 'result_i[27]' is connected directly to output port 'dmem_addr_o[27]'. (LINT-29)
Warning: In design 'mem_stage_1', input port 'result_i[26]' is connected directly to output port 'fwd_dt_mem_o[26]'. (LINT-29)
Warning: In design 'mem_stage_1', input port 'result_i[26]' is connected directly to output port 'dmem_addr_o[26]'. (LINT-29)
Warning: In design 'mem_stage_1', input port 'result_i[25]' is connected directly to output port 'fwd_dt_mem_o[25]'. (LINT-29)
Warning: In design 'mem_stage_1', input port 'result_i[25]' is connected directly to output port 'dmem_addr_o[25]'. (LINT-29)
Warning: In design 'mem_stage_1', input port 'result_i[24]' is connected directly to output port 'fwd_dt_mem_o[24]'. (LINT-29)
Warning: In design 'mem_stage_1', input port 'result_i[24]' is connected directly to output port 'dmem_addr_o[24]'. (LINT-29)
Warning: In design 'mem_stage_1', input port 'result_i[23]' is connected directly to output port 'fwd_dt_mem_o[23]'. (LINT-29)
Warning: In design 'mem_stage_1', input port 'result_i[23]' is connected directly to output port 'dmem_addr_o[23]'. (LINT-29)
Warning: In design 'mem_stage_1', input port 'result_i[22]' is connected directly to output port 'fwd_dt_mem_o[22]'. (LINT-29)
Warning: In design 'mem_stage_1', input port 'result_i[22]' is connected directly to output port 'dmem_addr_o[22]'. (LINT-29)
Warning: In design 'mem_stage_1', input port 'result_i[21]' is connected directly to output port 'fwd_dt_mem_o[21]'. (LINT-29)
Warning: In design 'mem_stage_1', input port 'result_i[21]' is connected directly to output port 'dmem_addr_o[21]'. (LINT-29)
Warning: In design 'mem_stage_1', input port 'result_i[20]' is connected directly to output port 'fwd_dt_mem_o[20]'. (LINT-29)
Warning: In design 'mem_stage_1', input port 'result_i[20]' is connected directly to output port 'dmem_addr_o[20]'. (LINT-29)
Warning: In design 'mem_stage_1', input port 'result_i[19]' is connected directly to output port 'fwd_dt_mem_o[19]'. (LINT-29)
Warning: In design 'mem_stage_1', input port 'result_i[19]' is connected directly to output port 'dmem_addr_o[19]'. (LINT-29)
Warning: In design 'mem_stage_1', input port 'result_i[18]' is connected directly to output port 'fwd_dt_mem_o[18]'. (LINT-29)
Warning: In design 'mem_stage_1', input port 'result_i[18]' is connected directly to output port 'dmem_addr_o[18]'. (LINT-29)
Warning: In design 'mem_stage_1', input port 'result_i[17]' is connected directly to output port 'fwd_dt_mem_o[17]'. (LINT-29)
Warning: In design 'mem_stage_1', input port 'result_i[17]' is connected directly to output port 'dmem_addr_o[17]'. (LINT-29)
Warning: In design 'mem_stage_1', input port 'result_i[16]' is connected directly to output port 'fwd_dt_mem_o[16]'. (LINT-29)
Warning: In design 'mem_stage_1', input port 'result_i[16]' is connected directly to output port 'dmem_addr_o[16]'. (LINT-29)
Warning: In design 'mem_stage_1', input port 'result_i[15]' is connected directly to output port 'fwd_dt_mem_o[15]'. (LINT-29)
Warning: In design 'mem_stage_1', input port 'result_i[15]' is connected directly to output port 'dmem_addr_o[15]'. (LINT-29)
Warning: In design 'mem_stage_1', input port 'result_i[14]' is connected directly to output port 'fwd_dt_mem_o[14]'. (LINT-29)
Warning: In design 'mem_stage_1', input port 'result_i[14]' is connected directly to output port 'dmem_addr_o[14]'. (LINT-29)
Warning: In design 'mem_stage_1', input port 'result_i[13]' is connected directly to output port 'fwd_dt_mem_o[13]'. (LINT-29)
Warning: In design 'mem_stage_1', input port 'result_i[13]' is connected directly to output port 'dmem_addr_o[13]'. (LINT-29)
Warning: In design 'mem_stage_1', input port 'result_i[12]' is connected directly to output port 'fwd_dt_mem_o[12]'. (LINT-29)
Warning: In design 'mem_stage_1', input port 'result_i[12]' is connected directly to output port 'dmem_addr_o[12]'. (LINT-29)
Warning: In design 'mem_stage_1', input port 'result_i[11]' is connected directly to output port 'fwd_dt_mem_o[11]'. (LINT-29)
Warning: In design 'mem_stage_1', input port 'result_i[11]' is connected directly to output port 'dmem_addr_o[11]'. (LINT-29)
Warning: In design 'mem_stage_1', input port 'result_i[10]' is connected directly to output port 'fwd_dt_mem_o[10]'. (LINT-29)
Warning: In design 'mem_stage_1', input port 'result_i[10]' is connected directly to output port 'dmem_addr_o[10]'. (LINT-29)
Warning: In design 'mem_stage_1', input port 'result_i[9]' is connected directly to output port 'fwd_dt_mem_o[9]'. (LINT-29)
Warning: In design 'mem_stage_1', input port 'result_i[9]' is connected directly to output port 'dmem_addr_o[9]'. (LINT-29)
Warning: In design 'mem_stage_1', input port 'result_i[8]' is connected directly to output port 'fwd_dt_mem_o[8]'. (LINT-29)
Warning: In design 'mem_stage_1', input port 'result_i[8]' is connected directly to output port 'dmem_addr_o[8]'. (LINT-29)
Warning: In design 'mem_stage_1', input port 'result_i[7]' is connected directly to output port 'fwd_dt_mem_o[7]'. (LINT-29)
Warning: In design 'mem_stage_1', input port 'result_i[7]' is connected directly to output port 'dmem_addr_o[7]'. (LINT-29)
Warning: In design 'mem_stage_1', input port 'result_i[6]' is connected directly to output port 'fwd_dt_mem_o[6]'. (LINT-29)
Warning: In design 'mem_stage_1', input port 'result_i[6]' is connected directly to output port 'dmem_addr_o[6]'. (LINT-29)
Warning: In design 'mem_stage_1', input port 'result_i[5]' is connected directly to output port 'fwd_dt_mem_o[5]'. (LINT-29)
Warning: In design 'mem_stage_1', input port 'result_i[5]' is connected directly to output port 'dmem_addr_o[5]'. (LINT-29)
Warning: In design 'mem_stage_1', input port 'result_i[4]' is connected directly to output port 'fwd_dt_mem_o[4]'. (LINT-29)
Warning: In design 'mem_stage_1', input port 'result_i[4]' is connected directly to output port 'dmem_addr_o[4]'. (LINT-29)
Warning: In design 'mem_stage_1', input port 'result_i[3]' is connected directly to output port 'fwd_dt_mem_o[3]'. (LINT-29)
Warning: In design 'mem_stage_1', input port 'result_i[3]' is connected directly to output port 'dmem_addr_o[3]'. (LINT-29)
Warning: In design 'mem_stage_1', input port 'result_i[2]' is connected directly to output port 'fwd_dt_mem_o[2]'. (LINT-29)
Warning: In design 'mem_stage_1', input port 'result_i[2]' is connected directly to output port 'dmem_addr_o[2]'. (LINT-29)
Warning: In design 'mem_stage_1', input port 'result_i[1]' is connected directly to output port 'fwd_dt_mem_o[1]'. (LINT-29)
Warning: In design 'mem_stage_1', input port 'result_i[0]' is connected directly to output port 'fwd_dt_mem_o[0]'. (LINT-29)
Warning: In design 'mem_stage_1', input port 'rd_add_i[4]' is connected directly to output port 'mem_rd[4]'. (LINT-29)
Warning: In design 'mem_stage_1', input port 'rd_add_i[3]' is connected directly to output port 'mem_rd[3]'. (LINT-29)
Warning: In design 'mem_stage_1', input port 'rd_add_i[2]' is connected directly to output port 'mem_rd[2]'. (LINT-29)
Warning: In design 'mem_stage_1', input port 'rd_add_i[1]' is connected directly to output port 'mem_rd[1]'. (LINT-29)
Warning: In design 'mem_stage_1', input port 'rd_add_i[0]' is connected directly to output port 'mem_rd[0]'. (LINT-29)
Warning: In design 'mem_stage_1', input port 'rs_add_i[4]' is connected directly to output port 'mem_rs[4]'. (LINT-29)
Warning: In design 'mem_stage_1', input port 'rs_add_i[3]' is connected directly to output port 'mem_rs[3]'. (LINT-29)
Warning: In design 'mem_stage_1', input port 'rs_add_i[2]' is connected directly to output port 'mem_rs[2]'. (LINT-29)
Warning: In design 'mem_stage_1', input port 'rs_add_i[1]' is connected directly to output port 'mem_rs[1]'. (LINT-29)
Warning: In design 'mem_stage_1', input port 'rs_add_i[0]' is connected directly to output port 'mem_rs[0]'. (LINT-29)
Warning: In design 'wb_stage_1', input port 'rd_addr_i[4]' is connected directly to output port 'wb_rd_addr_o[4]'. (LINT-29)
Warning: In design 'wb_stage_1', input port 'rd_addr_i[4]' is connected directly to output port 'wb_rd_o[4]'. (LINT-29)
Warning: In design 'wb_stage_1', input port 'rd_addr_i[3]' is connected directly to output port 'wb_rd_addr_o[3]'. (LINT-29)
Warning: In design 'wb_stage_1', input port 'rd_addr_i[3]' is connected directly to output port 'wb_rd_o[3]'. (LINT-29)
Warning: In design 'wb_stage_1', input port 'rd_addr_i[2]' is connected directly to output port 'wb_rd_addr_o[2]'. (LINT-29)
Warning: In design 'wb_stage_1', input port 'rd_addr_i[2]' is connected directly to output port 'wb_rd_o[2]'. (LINT-29)
Warning: In design 'wb_stage_1', input port 'rd_addr_i[1]' is connected directly to output port 'wb_rd_addr_o[1]'. (LINT-29)
Warning: In design 'wb_stage_1', input port 'rd_addr_i[1]' is connected directly to output port 'wb_rd_o[1]'. (LINT-29)
Warning: In design 'wb_stage_1', input port 'rd_addr_i[0]' is connected directly to output port 'wb_rd_addr_o[0]'. (LINT-29)
Warning: In design 'wb_stage_1', input port 'rd_addr_i[0]' is connected directly to output port 'wb_rd_o[0]'. (LINT-29)
Warning: In design 'wb_stage_1', input port 'rd_data_i[31]' is connected directly to output port 'wb_rd_data_o[31]'. (LINT-29)
Warning: In design 'wb_stage_1', input port 'rd_data_i[31]' is connected directly to output port 'fwd_rs_dt_wb_o[31]'. (LINT-29)
Warning: In design 'wb_stage_1', input port 'rd_data_i[30]' is connected directly to output port 'wb_rd_data_o[30]'. (LINT-29)
Warning: In design 'wb_stage_1', input port 'rd_data_i[30]' is connected directly to output port 'fwd_rs_dt_wb_o[30]'. (LINT-29)
Warning: In design 'wb_stage_1', input port 'rd_data_i[29]' is connected directly to output port 'wb_rd_data_o[29]'. (LINT-29)
Warning: In design 'wb_stage_1', input port 'rd_data_i[29]' is connected directly to output port 'fwd_rs_dt_wb_o[29]'. (LINT-29)
Warning: In design 'wb_stage_1', input port 'rd_data_i[28]' is connected directly to output port 'wb_rd_data_o[28]'. (LINT-29)
Warning: In design 'wb_stage_1', input port 'rd_data_i[28]' is connected directly to output port 'fwd_rs_dt_wb_o[28]'. (LINT-29)
Warning: In design 'wb_stage_1', input port 'rd_data_i[27]' is connected directly to output port 'wb_rd_data_o[27]'. (LINT-29)
Warning: In design 'wb_stage_1', input port 'rd_data_i[27]' is connected directly to output port 'fwd_rs_dt_wb_o[27]'. (LINT-29)
Warning: In design 'wb_stage_1', input port 'rd_data_i[26]' is connected directly to output port 'wb_rd_data_o[26]'. (LINT-29)
Warning: In design 'wb_stage_1', input port 'rd_data_i[26]' is connected directly to output port 'fwd_rs_dt_wb_o[26]'. (LINT-29)
Warning: In design 'wb_stage_1', input port 'rd_data_i[25]' is connected directly to output port 'wb_rd_data_o[25]'. (LINT-29)
Warning: In design 'wb_stage_1', input port 'rd_data_i[25]' is connected directly to output port 'fwd_rs_dt_wb_o[25]'. (LINT-29)
Warning: In design 'wb_stage_1', input port 'rd_data_i[24]' is connected directly to output port 'wb_rd_data_o[24]'. (LINT-29)
Warning: In design 'wb_stage_1', input port 'rd_data_i[24]' is connected directly to output port 'fwd_rs_dt_wb_o[24]'. (LINT-29)
Warning: In design 'wb_stage_1', input port 'rd_data_i[23]' is connected directly to output port 'wb_rd_data_o[23]'. (LINT-29)
Warning: In design 'wb_stage_1', input port 'rd_data_i[23]' is connected directly to output port 'fwd_rs_dt_wb_o[23]'. (LINT-29)
Warning: In design 'wb_stage_1', input port 'rd_data_i[22]' is connected directly to output port 'wb_rd_data_o[22]'. (LINT-29)
Warning: In design 'wb_stage_1', input port 'rd_data_i[22]' is connected directly to output port 'fwd_rs_dt_wb_o[22]'. (LINT-29)
Warning: In design 'wb_stage_1', input port 'rd_data_i[21]' is connected directly to output port 'wb_rd_data_o[21]'. (LINT-29)
Warning: In design 'wb_stage_1', input port 'rd_data_i[21]' is connected directly to output port 'fwd_rs_dt_wb_o[21]'. (LINT-29)
Warning: In design 'wb_stage_1', input port 'rd_data_i[20]' is connected directly to output port 'wb_rd_data_o[20]'. (LINT-29)
Warning: In design 'wb_stage_1', input port 'rd_data_i[20]' is connected directly to output port 'fwd_rs_dt_wb_o[20]'. (LINT-29)
Warning: In design 'wb_stage_1', input port 'rd_data_i[19]' is connected directly to output port 'wb_rd_data_o[19]'. (LINT-29)
Warning: In design 'wb_stage_1', input port 'rd_data_i[19]' is connected directly to output port 'fwd_rs_dt_wb_o[19]'. (LINT-29)
Warning: In design 'wb_stage_1', input port 'rd_data_i[18]' is connected directly to output port 'wb_rd_data_o[18]'. (LINT-29)
Warning: In design 'wb_stage_1', input port 'rd_data_i[18]' is connected directly to output port 'fwd_rs_dt_wb_o[18]'. (LINT-29)
Warning: In design 'wb_stage_1', input port 'rd_data_i[17]' is connected directly to output port 'wb_rd_data_o[17]'. (LINT-29)
Warning: In design 'wb_stage_1', input port 'rd_data_i[17]' is connected directly to output port 'fwd_rs_dt_wb_o[17]'. (LINT-29)
Warning: In design 'wb_stage_1', input port 'rd_data_i[16]' is connected directly to output port 'wb_rd_data_o[16]'. (LINT-29)
Warning: In design 'wb_stage_1', input port 'rd_data_i[16]' is connected directly to output port 'fwd_rs_dt_wb_o[16]'. (LINT-29)
Warning: In design 'wb_stage_1', input port 'rd_data_i[15]' is connected directly to output port 'wb_rd_data_o[15]'. (LINT-29)
Warning: In design 'wb_stage_1', input port 'rd_data_i[15]' is connected directly to output port 'fwd_rs_dt_wb_o[15]'. (LINT-29)
Warning: In design 'wb_stage_1', input port 'rd_data_i[14]' is connected directly to output port 'wb_rd_data_o[14]'. (LINT-29)
Warning: In design 'wb_stage_1', input port 'rd_data_i[14]' is connected directly to output port 'fwd_rs_dt_wb_o[14]'. (LINT-29)
Warning: In design 'wb_stage_1', input port 'rd_data_i[13]' is connected directly to output port 'wb_rd_data_o[13]'. (LINT-29)
Warning: In design 'wb_stage_1', input port 'rd_data_i[13]' is connected directly to output port 'fwd_rs_dt_wb_o[13]'. (LINT-29)
Warning: In design 'wb_stage_1', input port 'rd_data_i[12]' is connected directly to output port 'wb_rd_data_o[12]'. (LINT-29)
Warning: In design 'wb_stage_1', input port 'rd_data_i[12]' is connected directly to output port 'fwd_rs_dt_wb_o[12]'. (LINT-29)
Warning: In design 'wb_stage_1', input port 'rd_data_i[11]' is connected directly to output port 'wb_rd_data_o[11]'. (LINT-29)
Warning: In design 'wb_stage_1', input port 'rd_data_i[11]' is connected directly to output port 'fwd_rs_dt_wb_o[11]'. (LINT-29)
Warning: In design 'wb_stage_1', input port 'rd_data_i[10]' is connected directly to output port 'wb_rd_data_o[10]'. (LINT-29)
Warning: In design 'wb_stage_1', input port 'rd_data_i[10]' is connected directly to output port 'fwd_rs_dt_wb_o[10]'. (LINT-29)
Warning: In design 'wb_stage_1', input port 'rd_data_i[9]' is connected directly to output port 'wb_rd_data_o[9]'. (LINT-29)
Warning: In design 'wb_stage_1', input port 'rd_data_i[9]' is connected directly to output port 'fwd_rs_dt_wb_o[9]'. (LINT-29)
Warning: In design 'wb_stage_1', input port 'rd_data_i[8]' is connected directly to output port 'wb_rd_data_o[8]'. (LINT-29)
Warning: In design 'wb_stage_1', input port 'rd_data_i[8]' is connected directly to output port 'fwd_rs_dt_wb_o[8]'. (LINT-29)
Warning: In design 'wb_stage_1', input port 'rd_data_i[7]' is connected directly to output port 'wb_rd_data_o[7]'. (LINT-29)
Warning: In design 'wb_stage_1', input port 'rd_data_i[7]' is connected directly to output port 'fwd_rs_dt_wb_o[7]'. (LINT-29)
Warning: In design 'wb_stage_1', input port 'rd_data_i[6]' is connected directly to output port 'wb_rd_data_o[6]'. (LINT-29)
Warning: In design 'wb_stage_1', input port 'rd_data_i[6]' is connected directly to output port 'fwd_rs_dt_wb_o[6]'. (LINT-29)
Warning: In design 'wb_stage_1', input port 'rd_data_i[5]' is connected directly to output port 'wb_rd_data_o[5]'. (LINT-29)
Warning: In design 'wb_stage_1', input port 'rd_data_i[5]' is connected directly to output port 'fwd_rs_dt_wb_o[5]'. (LINT-29)
Warning: In design 'wb_stage_1', input port 'rd_data_i[4]' is connected directly to output port 'wb_rd_data_o[4]'. (LINT-29)
Warning: In design 'wb_stage_1', input port 'rd_data_i[4]' is connected directly to output port 'fwd_rs_dt_wb_o[4]'. (LINT-29)
Warning: In design 'wb_stage_1', input port 'rd_data_i[3]' is connected directly to output port 'wb_rd_data_o[3]'. (LINT-29)
Warning: In design 'wb_stage_1', input port 'rd_data_i[3]' is connected directly to output port 'fwd_rs_dt_wb_o[3]'. (LINT-29)
Warning: In design 'wb_stage_1', input port 'rd_data_i[2]' is connected directly to output port 'wb_rd_data_o[2]'. (LINT-29)
Warning: In design 'wb_stage_1', input port 'rd_data_i[2]' is connected directly to output port 'fwd_rs_dt_wb_o[2]'. (LINT-29)
Warning: In design 'wb_stage_1', input port 'rd_data_i[1]' is connected directly to output port 'wb_rd_data_o[1]'. (LINT-29)
Warning: In design 'wb_stage_1', input port 'rd_data_i[1]' is connected directly to output port 'fwd_rs_dt_wb_o[1]'. (LINT-29)
Warning: In design 'wb_stage_1', input port 'rd_data_i[0]' is connected directly to output port 'wb_rd_data_o[0]'. (LINT-29)
Warning: In design 'wb_stage_1', input port 'rd_data_i[0]' is connected directly to output port 'fwd_rs_dt_wb_o[0]'. (LINT-29)
Warning: In design 'mem_if_1', output port 'dmem_rd_data_o[31]' is connected directly to output port 'dram_data_io[31]'. (LINT-31)
Warning: In design 'mem_if_1', output port 'dmem_rd_data_o[30]' is connected directly to output port 'dram_data_io[30]'. (LINT-31)
Warning: In design 'mem_if_1', output port 'dmem_rd_data_o[29]' is connected directly to output port 'dram_data_io[29]'. (LINT-31)
Warning: In design 'mem_if_1', output port 'dmem_rd_data_o[28]' is connected directly to output port 'dram_data_io[28]'. (LINT-31)
Warning: In design 'mem_if_1', output port 'dmem_rd_data_o[27]' is connected directly to output port 'dram_data_io[27]'. (LINT-31)
Warning: In design 'mem_if_1', output port 'dmem_rd_data_o[26]' is connected directly to output port 'dram_data_io[26]'. (LINT-31)
Warning: In design 'mem_if_1', output port 'dmem_rd_data_o[25]' is connected directly to output port 'dram_data_io[25]'. (LINT-31)
Warning: In design 'mem_if_1', output port 'dmem_rd_data_o[24]' is connected directly to output port 'dram_data_io[24]'. (LINT-31)
Warning: In design 'mem_if_1', output port 'dmem_rd_data_o[23]' is connected directly to output port 'dram_data_io[23]'. (LINT-31)
Warning: In design 'mem_if_1', output port 'dmem_rd_data_o[22]' is connected directly to output port 'dram_data_io[22]'. (LINT-31)
Warning: In design 'mem_if_1', output port 'dmem_rd_data_o[21]' is connected directly to output port 'dram_data_io[21]'. (LINT-31)
Warning: In design 'mem_if_1', output port 'dmem_rd_data_o[20]' is connected directly to output port 'dram_data_io[20]'. (LINT-31)
Warning: In design 'mem_if_1', output port 'dmem_rd_data_o[19]' is connected directly to output port 'dram_data_io[19]'. (LINT-31)
Warning: In design 'mem_if_1', output port 'dmem_rd_data_o[18]' is connected directly to output port 'dram_data_io[18]'. (LINT-31)
Warning: In design 'mem_if_1', output port 'dmem_rd_data_o[17]' is connected directly to output port 'dram_data_io[17]'. (LINT-31)
Warning: In design 'mem_if_1', output port 'dmem_rd_data_o[16]' is connected directly to output port 'dram_data_io[16]'. (LINT-31)
Warning: In design 'mem_if_1', output port 'dmem_rd_data_o[15]' is connected directly to output port 'dram_data_io[15]'. (LINT-31)
Warning: In design 'mem_if_1', output port 'dmem_rd_data_o[14]' is connected directly to output port 'dram_data_io[14]'. (LINT-31)
Warning: In design 'mem_if_1', output port 'dmem_rd_data_o[13]' is connected directly to output port 'dram_data_io[13]'. (LINT-31)
Warning: In design 'mem_if_1', output port 'dmem_rd_data_o[12]' is connected directly to output port 'dram_data_io[12]'. (LINT-31)
Warning: In design 'mem_if_1', output port 'dmem_rd_data_o[11]' is connected directly to output port 'dram_data_io[11]'. (LINT-31)
Warning: In design 'mem_if_1', output port 'dmem_rd_data_o[10]' is connected directly to output port 'dram_data_io[10]'. (LINT-31)
Warning: In design 'mem_if_1', output port 'dmem_rd_data_o[9]' is connected directly to output port 'dram_data_io[9]'. (LINT-31)
Warning: In design 'mem_if_1', output port 'dmem_rd_data_o[8]' is connected directly to output port 'dram_data_io[8]'. (LINT-31)
Warning: In design 'mem_if_1', output port 'dmem_rd_data_o[7]' is connected directly to output port 'dram_data_io[7]'. (LINT-31)
Warning: In design 'mem_if_1', output port 'dmem_rd_data_o[6]' is connected directly to output port 'dram_data_io[6]'. (LINT-31)
Warning: In design 'mem_if_1', output port 'dmem_rd_data_o[5]' is connected directly to output port 'dram_data_io[5]'. (LINT-31)
Warning: In design 'mem_if_1', output port 'dmem_rd_data_o[4]' is connected directly to output port 'dram_data_io[4]'. (LINT-31)
Warning: In design 'mem_if_1', output port 'dmem_rd_data_o[3]' is connected directly to output port 'dram_data_io[3]'. (LINT-31)
Warning: In design 'mem_if_1', output port 'dmem_rd_data_o[2]' is connected directly to output port 'dram_data_io[2]'. (LINT-31)
Warning: In design 'mem_if_1', output port 'dmem_rd_data_o[1]' is connected directly to output port 'dram_data_io[1]'. (LINT-31)
Warning: In design 'mem_if_1', output port 'dmem_rd_data_o[0]' is connected directly to output port 'dram_data_io[0]'. (LINT-31)
Warning: In design 'mem_stage_1', output port 'dmem_addr_o[31]' is connected directly to output port 'fwd_dt_mem_o[31]'. (LINT-31)
Warning: In design 'mem_stage_1', output port 'dmem_addr_o[30]' is connected directly to output port 'fwd_dt_mem_o[30]'. (LINT-31)
Warning: In design 'mem_stage_1', output port 'dmem_addr_o[29]' is connected directly to output port 'fwd_dt_mem_o[29]'. (LINT-31)
Warning: In design 'mem_stage_1', output port 'dmem_addr_o[28]' is connected directly to output port 'fwd_dt_mem_o[28]'. (LINT-31)
Warning: In design 'mem_stage_1', output port 'dmem_addr_o[27]' is connected directly to output port 'fwd_dt_mem_o[27]'. (LINT-31)
Warning: In design 'mem_stage_1', output port 'dmem_addr_o[26]' is connected directly to output port 'fwd_dt_mem_o[26]'. (LINT-31)
Warning: In design 'mem_stage_1', output port 'dmem_addr_o[25]' is connected directly to output port 'fwd_dt_mem_o[25]'. (LINT-31)
Warning: In design 'mem_stage_1', output port 'dmem_addr_o[24]' is connected directly to output port 'fwd_dt_mem_o[24]'. (LINT-31)
Warning: In design 'mem_stage_1', output port 'dmem_addr_o[23]' is connected directly to output port 'fwd_dt_mem_o[23]'. (LINT-31)
Warning: In design 'mem_stage_1', output port 'dmem_addr_o[22]' is connected directly to output port 'fwd_dt_mem_o[22]'. (LINT-31)
Warning: In design 'mem_stage_1', output port 'dmem_addr_o[21]' is connected directly to output port 'fwd_dt_mem_o[21]'. (LINT-31)
Warning: In design 'mem_stage_1', output port 'dmem_addr_o[20]' is connected directly to output port 'fwd_dt_mem_o[20]'. (LINT-31)
Warning: In design 'mem_stage_1', output port 'dmem_addr_o[19]' is connected directly to output port 'fwd_dt_mem_o[19]'. (LINT-31)
Warning: In design 'mem_stage_1', output port 'dmem_addr_o[18]' is connected directly to output port 'fwd_dt_mem_o[18]'. (LINT-31)
Warning: In design 'mem_stage_1', output port 'dmem_addr_o[17]' is connected directly to output port 'fwd_dt_mem_o[17]'. (LINT-31)
Warning: In design 'mem_stage_1', output port 'dmem_addr_o[16]' is connected directly to output port 'fwd_dt_mem_o[16]'. (LINT-31)
Warning: In design 'mem_stage_1', output port 'dmem_addr_o[15]' is connected directly to output port 'fwd_dt_mem_o[15]'. (LINT-31)
Warning: In design 'mem_stage_1', output port 'dmem_addr_o[14]' is connected directly to output port 'fwd_dt_mem_o[14]'. (LINT-31)
Warning: In design 'mem_stage_1', output port 'dmem_addr_o[13]' is connected directly to output port 'fwd_dt_mem_o[13]'. (LINT-31)
Warning: In design 'mem_stage_1', output port 'dmem_addr_o[12]' is connected directly to output port 'fwd_dt_mem_o[12]'. (LINT-31)
Warning: In design 'mem_stage_1', output port 'dmem_addr_o[11]' is connected directly to output port 'fwd_dt_mem_o[11]'. (LINT-31)
Warning: In design 'mem_stage_1', output port 'dmem_addr_o[10]' is connected directly to output port 'fwd_dt_mem_o[10]'. (LINT-31)
Warning: In design 'mem_stage_1', output port 'dmem_addr_o[9]' is connected directly to output port 'fwd_dt_mem_o[9]'. (LINT-31)
Warning: In design 'mem_stage_1', output port 'dmem_addr_o[8]' is connected directly to output port 'fwd_dt_mem_o[8]'. (LINT-31)
Warning: In design 'mem_stage_1', output port 'dmem_addr_o[7]' is connected directly to output port 'fwd_dt_mem_o[7]'. (LINT-31)
Warning: In design 'mem_stage_1', output port 'dmem_addr_o[6]' is connected directly to output port 'fwd_dt_mem_o[6]'. (LINT-31)
Warning: In design 'mem_stage_1', output port 'dmem_addr_o[5]' is connected directly to output port 'fwd_dt_mem_o[5]'. (LINT-31)
Warning: In design 'mem_stage_1', output port 'dmem_addr_o[4]' is connected directly to output port 'fwd_dt_mem_o[4]'. (LINT-31)
Warning: In design 'mem_stage_1', output port 'dmem_addr_o[3]' is connected directly to output port 'fwd_dt_mem_o[3]'. (LINT-31)
Warning: In design 'mem_stage_1', output port 'dmem_addr_o[2]' is connected directly to output port 'fwd_dt_mem_o[2]'. (LINT-31)
Warning: In design 'wb_stage_1', output port 'wb_rd_addr_o[4]' is connected directly to output port 'wb_rd_o[4]'. (LINT-31)
Warning: In design 'wb_stage_1', output port 'wb_rd_addr_o[3]' is connected directly to output port 'wb_rd_o[3]'. (LINT-31)
Warning: In design 'wb_stage_1', output port 'wb_rd_addr_o[2]' is connected directly to output port 'wb_rd_o[2]'. (LINT-31)
Warning: In design 'wb_stage_1', output port 'wb_rd_addr_o[1]' is connected directly to output port 'wb_rd_o[1]'. (LINT-31)
Warning: In design 'wb_stage_1', output port 'wb_rd_addr_o[0]' is connected directly to output port 'wb_rd_o[0]'. (LINT-31)
Warning: In design 'wb_stage_1', output port 'wb_rd_data_o[31]' is connected directly to output port 'fwd_rs_dt_wb_o[31]'. (LINT-31)
Warning: In design 'wb_stage_1', output port 'wb_rd_data_o[30]' is connected directly to output port 'fwd_rs_dt_wb_o[30]'. (LINT-31)
Warning: In design 'wb_stage_1', output port 'wb_rd_data_o[29]' is connected directly to output port 'fwd_rs_dt_wb_o[29]'. (LINT-31)
Warning: In design 'wb_stage_1', output port 'wb_rd_data_o[28]' is connected directly to output port 'fwd_rs_dt_wb_o[28]'. (LINT-31)
Warning: In design 'wb_stage_1', output port 'wb_rd_data_o[27]' is connected directly to output port 'fwd_rs_dt_wb_o[27]'. (LINT-31)
Warning: In design 'wb_stage_1', output port 'wb_rd_data_o[26]' is connected directly to output port 'fwd_rs_dt_wb_o[26]'. (LINT-31)
Warning: In design 'wb_stage_1', output port 'wb_rd_data_o[25]' is connected directly to output port 'fwd_rs_dt_wb_o[25]'. (LINT-31)
Warning: In design 'wb_stage_1', output port 'wb_rd_data_o[24]' is connected directly to output port 'fwd_rs_dt_wb_o[24]'. (LINT-31)
Warning: In design 'wb_stage_1', output port 'wb_rd_data_o[23]' is connected directly to output port 'fwd_rs_dt_wb_o[23]'. (LINT-31)
Warning: In design 'wb_stage_1', output port 'wb_rd_data_o[22]' is connected directly to output port 'fwd_rs_dt_wb_o[22]'. (LINT-31)
Warning: In design 'wb_stage_1', output port 'wb_rd_data_o[21]' is connected directly to output port 'fwd_rs_dt_wb_o[21]'. (LINT-31)
Warning: In design 'wb_stage_1', output port 'wb_rd_data_o[20]' is connected directly to output port 'fwd_rs_dt_wb_o[20]'. (LINT-31)
Warning: In design 'wb_stage_1', output port 'wb_rd_data_o[19]' is connected directly to output port 'fwd_rs_dt_wb_o[19]'. (LINT-31)
Warning: In design 'wb_stage_1', output port 'wb_rd_data_o[18]' is connected directly to output port 'fwd_rs_dt_wb_o[18]'. (LINT-31)
Warning: In design 'wb_stage_1', output port 'wb_rd_data_o[17]' is connected directly to output port 'fwd_rs_dt_wb_o[17]'. (LINT-31)
Warning: In design 'wb_stage_1', output port 'wb_rd_data_o[16]' is connected directly to output port 'fwd_rs_dt_wb_o[16]'. (LINT-31)
Warning: In design 'wb_stage_1', output port 'wb_rd_data_o[15]' is connected directly to output port 'fwd_rs_dt_wb_o[15]'. (LINT-31)
Warning: In design 'wb_stage_1', output port 'wb_rd_data_o[14]' is connected directly to output port 'fwd_rs_dt_wb_o[14]'. (LINT-31)
Warning: In design 'wb_stage_1', output port 'wb_rd_data_o[13]' is connected directly to output port 'fwd_rs_dt_wb_o[13]'. (LINT-31)
Warning: In design 'wb_stage_1', output port 'wb_rd_data_o[12]' is connected directly to output port 'fwd_rs_dt_wb_o[12]'. (LINT-31)
Warning: In design 'wb_stage_1', output port 'wb_rd_data_o[11]' is connected directly to output port 'fwd_rs_dt_wb_o[11]'. (LINT-31)
Warning: In design 'wb_stage_1', output port 'wb_rd_data_o[10]' is connected directly to output port 'fwd_rs_dt_wb_o[10]'. (LINT-31)
Warning: In design 'wb_stage_1', output port 'wb_rd_data_o[9]' is connected directly to output port 'fwd_rs_dt_wb_o[9]'. (LINT-31)
Warning: In design 'wb_stage_1', output port 'wb_rd_data_o[8]' is connected directly to output port 'fwd_rs_dt_wb_o[8]'. (LINT-31)
Warning: In design 'wb_stage_1', output port 'wb_rd_data_o[7]' is connected directly to output port 'fwd_rs_dt_wb_o[7]'. (LINT-31)
Warning: In design 'wb_stage_1', output port 'wb_rd_data_o[6]' is connected directly to output port 'fwd_rs_dt_wb_o[6]'. (LINT-31)
Warning: In design 'wb_stage_1', output port 'wb_rd_data_o[5]' is connected directly to output port 'fwd_rs_dt_wb_o[5]'. (LINT-31)
Warning: In design 'wb_stage_1', output port 'wb_rd_data_o[4]' is connected directly to output port 'fwd_rs_dt_wb_o[4]'. (LINT-31)
Warning: In design 'wb_stage_1', output port 'wb_rd_data_o[3]' is connected directly to output port 'fwd_rs_dt_wb_o[3]'. (LINT-31)
Warning: In design 'wb_stage_1', output port 'wb_rd_data_o[2]' is connected directly to output port 'fwd_rs_dt_wb_o[2]'. (LINT-31)
Warning: In design 'wb_stage_1', output port 'wb_rd_data_o[1]' is connected directly to output port 'fwd_rs_dt_wb_o[1]'. (LINT-31)
Warning: In design 'wb_stage_1', output port 'wb_rd_data_o[0]' is connected directly to output port 'fwd_rs_dt_wb_o[0]'. (LINT-31)
Warning: In design 'booth_pp_1', output port 'pp_o[1][1]' is connected directly to output port 'pp_o[16][1]'. (LINT-31)
Warning: In design 'booth_pp_1', output port 'pp_o[1][1]' is connected directly to output port 'pp_o[16][3]'. (LINT-31)
Warning: In design 'booth_pp_1', output port 'pp_o[1][1]' is connected directly to output port 'pp_o[16][5]'. (LINT-31)
Warning: In design 'booth_pp_1', output port 'pp_o[1][1]' is connected directly to output port 'pp_o[16][7]'. (LINT-31)
Warning: In design 'booth_pp_1', output port 'pp_o[1][1]' is connected directly to output port 'pp_o[16][9]'. (LINT-31)
Warning: In design 'booth_pp_1', output port 'pp_o[1][1]' is connected directly to output port 'pp_o[16][11]'. (LINT-31)
Warning: In design 'booth_pp_1', output port 'pp_o[1][1]' is connected directly to output port 'pp_o[16][13]'. (LINT-31)
Warning: In design 'booth_pp_1', output port 'pp_o[1][1]' is connected directly to output port 'pp_o[16][15]'. (LINT-31)
Warning: In design 'booth_pp_1', output port 'pp_o[1][1]' is connected directly to output port 'pp_o[16][17]'. (LINT-31)
Warning: In design 'booth_pp_1', output port 'pp_o[1][1]' is connected directly to output port 'pp_o[16][19]'. (LINT-31)
Warning: In design 'booth_pp_1', output port 'pp_o[1][1]' is connected directly to output port 'pp_o[16][21]'. (LINT-31)
Warning: In design 'booth_pp_1', output port 'pp_o[1][1]' is connected directly to output port 'pp_o[16][23]'. (LINT-31)
Warning: In design 'booth_pp_1', output port 'pp_o[1][1]' is connected directly to output port 'pp_o[16][25]'. (LINT-31)
Warning: In design 'booth_pp_1', output port 'pp_o[1][1]' is connected directly to output port 'pp_o[16][27]'. (LINT-31)
Warning: In design 'booth_pp_1', output port 'pp_o[1][1]' is connected directly to output port 'pp_o[16][29]'. (LINT-31)
Warning: In design 'booth_pp_1', output port 'pp_o[1][1]' is connected directly to output port 'pp_o[16][31]'. (LINT-31)
Warning: In design 'booth_pp_1', output port 'pp_o[1][1]' is connected directly to output port 'pp_o[15][0]'. (LINT-31)
Warning: In design 'booth_pp_1', output port 'pp_o[1][1]' is connected directly to output port 'pp_o[15][1]'. (LINT-31)
Warning: In design 'booth_pp_1', output port 'pp_o[1][1]' is connected directly to output port 'pp_o[15][2]'. (LINT-31)
Warning: In design 'booth_pp_1', output port 'pp_o[1][1]' is connected directly to output port 'pp_o[15][3]'. (LINT-31)
Warning: In design 'booth_pp_1', output port 'pp_o[1][1]' is connected directly to output port 'pp_o[15][4]'. (LINT-31)
Warning: In design 'booth_pp_1', output port 'pp_o[1][1]' is connected directly to output port 'pp_o[15][5]'. (LINT-31)
Warning: In design 'booth_pp_1', output port 'pp_o[1][1]' is connected directly to output port 'pp_o[15][6]'. (LINT-31)
Warning: In design 'booth_pp_1', output port 'pp_o[1][1]' is connected directly to output port 'pp_o[15][7]'. (LINT-31)
Warning: In design 'booth_pp_1', output port 'pp_o[1][1]' is connected directly to output port 'pp_o[15][8]'. (LINT-31)
Warning: In design 'booth_pp_1', output port 'pp_o[1][1]' is connected directly to output port 'pp_o[15][9]'. (LINT-31)
Warning: In design 'booth_pp_1', output port 'pp_o[1][1]' is connected directly to output port 'pp_o[15][10]'. (LINT-31)
Warning: In design 'booth_pp_1', output port 'pp_o[1][1]' is connected directly to output port 'pp_o[15][11]'. (LINT-31)
Warning: In design 'booth_pp_1', output port 'pp_o[1][1]' is connected directly to output port 'pp_o[15][12]'. (LINT-31)
Warning: In design 'booth_pp_1', output port 'pp_o[1][1]' is connected directly to output port 'pp_o[15][13]'. (LINT-31)
Warning: In design 'booth_pp_1', output port 'pp_o[1][1]' is connected directly to output port 'pp_o[15][14]'. (LINT-31)
Warning: In design 'booth_pp_1', output port 'pp_o[1][1]' is connected directly to output port 'pp_o[15][15]'. (LINT-31)
Warning: In design 'booth_pp_1', output port 'pp_o[1][1]' is connected directly to output port 'pp_o[15][16]'. (LINT-31)
Warning: In design 'booth_pp_1', output port 'pp_o[1][1]' is connected directly to output port 'pp_o[15][17]'. (LINT-31)
Warning: In design 'booth_pp_1', output port 'pp_o[1][1]' is connected directly to output port 'pp_o[15][18]'. (LINT-31)
Warning: In design 'booth_pp_1', output port 'pp_o[1][1]' is connected directly to output port 'pp_o[15][19]'. (LINT-31)
Warning: In design 'booth_pp_1', output port 'pp_o[1][1]' is connected directly to output port 'pp_o[15][20]'. (LINT-31)
Warning: In design 'booth_pp_1', output port 'pp_o[1][1]' is connected directly to output port 'pp_o[15][21]'. (LINT-31)
Warning: In design 'booth_pp_1', output port 'pp_o[1][1]' is connected directly to output port 'pp_o[15][22]'. (LINT-31)
Warning: In design 'booth_pp_1', output port 'pp_o[1][1]' is connected directly to output port 'pp_o[15][23]'. (LINT-31)
Warning: In design 'booth_pp_1', output port 'pp_o[1][1]' is connected directly to output port 'pp_o[15][24]'. (LINT-31)
Warning: In design 'booth_pp_1', output port 'pp_o[1][1]' is connected directly to output port 'pp_o[15][25]'. (LINT-31)
Warning: In design 'booth_pp_1', output port 'pp_o[1][1]' is connected directly to output port 'pp_o[15][26]'. (LINT-31)
Warning: In design 'booth_pp_1', output port 'pp_o[1][1]' is connected directly to output port 'pp_o[15][27]'. (LINT-31)
Warning: In design 'booth_pp_1', output port 'pp_o[1][1]' is connected directly to output port 'pp_o[15][28]'. (LINT-31)
Warning: In design 'booth_pp_1', output port 'pp_o[1][1]' is connected directly to output port 'pp_o[15][29]'. (LINT-31)
Warning: In design 'booth_pp_1', output port 'pp_o[1][1]' is connected directly to output port 'pp_o[14][0]'. (LINT-31)
Warning: In design 'booth_pp_1', output port 'pp_o[1][1]' is connected directly to output port 'pp_o[14][1]'. (LINT-31)
Warning: In design 'booth_pp_1', output port 'pp_o[1][1]' is connected directly to output port 'pp_o[14][2]'. (LINT-31)
Warning: In design 'booth_pp_1', output port 'pp_o[1][1]' is connected directly to output port 'pp_o[14][3]'. (LINT-31)
Warning: In design 'booth_pp_1', output port 'pp_o[1][1]' is connected directly to output port 'pp_o[14][4]'. (LINT-31)
Warning: In design 'booth_pp_1', output port 'pp_o[1][1]' is connected directly to output port 'pp_o[14][5]'. (LINT-31)
Warning: In design 'booth_pp_1', output port 'pp_o[1][1]' is connected directly to output port 'pp_o[14][6]'. (LINT-31)
Warning: In design 'booth_pp_1', output port 'pp_o[1][1]' is connected directly to output port 'pp_o[14][7]'. (LINT-31)
Warning: In design 'booth_pp_1', output port 'pp_o[1][1]' is connected directly to output port 'pp_o[14][8]'. (LINT-31)
Warning: In design 'booth_pp_1', output port 'pp_o[1][1]' is connected directly to output port 'pp_o[14][9]'. (LINT-31)
Warning: In design 'booth_pp_1', output port 'pp_o[1][1]' is connected directly to output port 'pp_o[14][10]'. (LINT-31)
Warning: In design 'booth_pp_1', output port 'pp_o[1][1]' is connected directly to output port 'pp_o[14][11]'. (LINT-31)
Warning: In design 'booth_pp_1', output port 'pp_o[1][1]' is connected directly to output port 'pp_o[14][12]'. (LINT-31)
Warning: In design 'booth_pp_1', output port 'pp_o[1][1]' is connected directly to output port 'pp_o[14][13]'. (LINT-31)
Warning: In design 'booth_pp_1', output port 'pp_o[1][1]' is connected directly to output port 'pp_o[14][14]'. (LINT-31)
Warning: In design 'booth_pp_1', output port 'pp_o[1][1]' is connected directly to output port 'pp_o[14][15]'. (LINT-31)
Warning: In design 'booth_pp_1', output port 'pp_o[1][1]' is connected directly to output port 'pp_o[14][16]'. (LINT-31)
Warning: In design 'booth_pp_1', output port 'pp_o[1][1]' is connected directly to output port 'pp_o[14][17]'. (LINT-31)
Warning: In design 'booth_pp_1', output port 'pp_o[1][1]' is connected directly to output port 'pp_o[14][18]'. (LINT-31)
Warning: In design 'booth_pp_1', output port 'pp_o[1][1]' is connected directly to output port 'pp_o[14][19]'. (LINT-31)
Warning: In design 'booth_pp_1', output port 'pp_o[1][1]' is connected directly to output port 'pp_o[14][20]'. (LINT-31)
Warning: In design 'booth_pp_1', output port 'pp_o[1][1]' is connected directly to output port 'pp_o[14][21]'. (LINT-31)
Warning: In design 'booth_pp_1', output port 'pp_o[1][1]' is connected directly to output port 'pp_o[14][22]'. (LINT-31)
Warning: In design 'booth_pp_1', output port 'pp_o[1][1]' is connected directly to output port 'pp_o[14][23]'. (LINT-31)
Warning: In design 'booth_pp_1', output port 'pp_o[1][1]' is connected directly to output port 'pp_o[14][24]'. (LINT-31)
Warning: In design 'booth_pp_1', output port 'pp_o[1][1]' is connected directly to output port 'pp_o[14][25]'. (LINT-31)
Warning: In design 'booth_pp_1', output port 'pp_o[1][1]' is connected directly to output port 'pp_o[14][26]'. (LINT-31)
Warning: In design 'booth_pp_1', output port 'pp_o[1][1]' is connected directly to output port 'pp_o[14][27]'. (LINT-31)
Warning: In design 'booth_pp_1', output port 'pp_o[1][1]' is connected directly to output port 'pp_o[13][0]'. (LINT-31)
Warning: In design 'booth_pp_1', output port 'pp_o[1][1]' is connected directly to output port 'pp_o[13][1]'. (LINT-31)
Warning: In design 'booth_pp_1', output port 'pp_o[1][1]' is connected directly to output port 'pp_o[13][2]'. (LINT-31)
Warning: In design 'booth_pp_1', output port 'pp_o[1][1]' is connected directly to output port 'pp_o[13][3]'. (LINT-31)
Warning: In design 'booth_pp_1', output port 'pp_o[1][1]' is connected directly to output port 'pp_o[13][4]'. (LINT-31)
Warning: In design 'booth_pp_1', output port 'pp_o[1][1]' is connected directly to output port 'pp_o[13][5]'. (LINT-31)
Warning: In design 'booth_pp_1', output port 'pp_o[1][1]' is connected directly to output port 'pp_o[13][6]'. (LINT-31)
Warning: In design 'booth_pp_1', output port 'pp_o[1][1]' is connected directly to output port 'pp_o[13][7]'. (LINT-31)
Warning: In design 'booth_pp_1', output port 'pp_o[1][1]' is connected directly to output port 'pp_o[13][8]'. (LINT-31)
Warning: In design 'booth_pp_1', output port 'pp_o[1][1]' is connected directly to output port 'pp_o[13][9]'. (LINT-31)
Warning: In design 'booth_pp_1', output port 'pp_o[1][1]' is connected directly to output port 'pp_o[13][10]'. (LINT-31)
Warning: In design 'booth_pp_1', output port 'pp_o[1][1]' is connected directly to output port 'pp_o[13][11]'. (LINT-31)
Warning: In design 'booth_pp_1', output port 'pp_o[1][1]' is connected directly to output port 'pp_o[13][12]'. (LINT-31)
Warning: In design 'booth_pp_1', output port 'pp_o[1][1]' is connected directly to output port 'pp_o[13][13]'. (LINT-31)
Warning: In design 'booth_pp_1', output port 'pp_o[1][1]' is connected directly to output port 'pp_o[13][14]'. (LINT-31)
Warning: In design 'booth_pp_1', output port 'pp_o[1][1]' is connected directly to output port 'pp_o[13][15]'. (LINT-31)
Warning: In design 'booth_pp_1', output port 'pp_o[1][1]' is connected directly to output port 'pp_o[13][16]'. (LINT-31)
Warning: In design 'booth_pp_1', output port 'pp_o[1][1]' is connected directly to output port 'pp_o[13][17]'. (LINT-31)
Warning: In design 'booth_pp_1', output port 'pp_o[1][1]' is connected directly to output port 'pp_o[13][18]'. (LINT-31)
Warning: In design 'booth_pp_1', output port 'pp_o[1][1]' is connected directly to output port 'pp_o[13][19]'. (LINT-31)
Warning: In design 'booth_pp_1', output port 'pp_o[1][1]' is connected directly to output port 'pp_o[13][20]'. (LINT-31)
Warning: In design 'booth_pp_1', output port 'pp_o[1][1]' is connected directly to output port 'pp_o[13][21]'. (LINT-31)
Warning: In design 'booth_pp_1', output port 'pp_o[1][1]' is connected directly to output port 'pp_o[13][22]'. (LINT-31)
Warning: In design 'booth_pp_1', output port 'pp_o[1][1]' is connected directly to output port 'pp_o[13][23]'. (LINT-31)
Warning: In design 'booth_pp_1', output port 'pp_o[1][1]' is connected directly to output port 'pp_o[13][24]'. (LINT-31)
Warning: In design 'booth_pp_1', output port 'pp_o[1][1]' is connected directly to output port 'pp_o[13][25]'. (LINT-31)
Warning: In design 'booth_pp_1', output port 'pp_o[1][1]' is connected directly to output port 'pp_o[12][0]'. (LINT-31)
Warning: In design 'booth_pp_1', output port 'pp_o[1][1]' is connected directly to output port 'pp_o[12][1]'. (LINT-31)
Warning: In design 'booth_pp_1', output port 'pp_o[1][1]' is connected directly to output port 'pp_o[12][2]'. (LINT-31)
Warning: In design 'booth_pp_1', output port 'pp_o[1][1]' is connected directly to output port 'pp_o[12][3]'. (LINT-31)
Warning: In design 'booth_pp_1', output port 'pp_o[1][1]' is connected directly to output port 'pp_o[12][4]'. (LINT-31)
Warning: In design 'booth_pp_1', output port 'pp_o[1][1]' is connected directly to output port 'pp_o[12][5]'. (LINT-31)
Warning: In design 'booth_pp_1', output port 'pp_o[1][1]' is connected directly to output port 'pp_o[12][6]'. (LINT-31)
Warning: In design 'booth_pp_1', output port 'pp_o[1][1]' is connected directly to output port 'pp_o[12][7]'. (LINT-31)
Warning: In design 'booth_pp_1', output port 'pp_o[1][1]' is connected directly to output port 'pp_o[12][8]'. (LINT-31)
Warning: In design 'booth_pp_1', output port 'pp_o[1][1]' is connected directly to output port 'pp_o[12][9]'. (LINT-31)
Warning: In design 'booth_pp_1', output port 'pp_o[1][1]' is connected directly to output port 'pp_o[12][10]'. (LINT-31)
Warning: In design 'booth_pp_1', output port 'pp_o[1][1]' is connected directly to output port 'pp_o[12][11]'. (LINT-31)
Warning: In design 'booth_pp_1', output port 'pp_o[1][1]' is connected directly to output port 'pp_o[12][12]'. (LINT-31)
Warning: In design 'booth_pp_1', output port 'pp_o[1][1]' is connected directly to output port 'pp_o[12][13]'. (LINT-31)
Warning: In design 'booth_pp_1', output port 'pp_o[1][1]' is connected directly to output port 'pp_o[12][14]'. (LINT-31)
Warning: In design 'booth_pp_1', output port 'pp_o[1][1]' is connected directly to output port 'pp_o[12][15]'. (LINT-31)
Warning: In design 'booth_pp_1', output port 'pp_o[1][1]' is connected directly to output port 'pp_o[12][16]'. (LINT-31)
Warning: In design 'booth_pp_1', output port 'pp_o[1][1]' is connected directly to output port 'pp_o[12][17]'. (LINT-31)
Warning: In design 'booth_pp_1', output port 'pp_o[1][1]' is connected directly to output port 'pp_o[12][18]'. (LINT-31)
Warning: In design 'booth_pp_1', output port 'pp_o[1][1]' is connected directly to output port 'pp_o[12][19]'. (LINT-31)
Warning: In design 'booth_pp_1', output port 'pp_o[1][1]' is connected directly to output port 'pp_o[12][20]'. (LINT-31)
Warning: In design 'booth_pp_1', output port 'pp_o[1][1]' is connected directly to output port 'pp_o[12][21]'. (LINT-31)
Warning: In design 'booth_pp_1', output port 'pp_o[1][1]' is connected directly to output port 'pp_o[12][22]'. (LINT-31)
Warning: In design 'booth_pp_1', output port 'pp_o[1][1]' is connected directly to output port 'pp_o[12][23]'. (LINT-31)
Warning: In design 'booth_pp_1', output port 'pp_o[1][1]' is connected directly to output port 'pp_o[11][0]'. (LINT-31)
Warning: In design 'booth_pp_1', output port 'pp_o[1][1]' is connected directly to output port 'pp_o[11][1]'. (LINT-31)
Warning: In design 'booth_pp_1', output port 'pp_o[1][1]' is connected directly to output port 'pp_o[11][2]'. (LINT-31)
Warning: In design 'booth_pp_1', output port 'pp_o[1][1]' is connected directly to output port 'pp_o[11][3]'. (LINT-31)
Warning: In design 'booth_pp_1', output port 'pp_o[1][1]' is connected directly to output port 'pp_o[11][4]'. (LINT-31)
Warning: In design 'booth_pp_1', output port 'pp_o[1][1]' is connected directly to output port 'pp_o[11][5]'. (LINT-31)
Warning: In design 'booth_pp_1', output port 'pp_o[1][1]' is connected directly to output port 'pp_o[11][6]'. (LINT-31)
Warning: In design 'booth_pp_1', output port 'pp_o[1][1]' is connected directly to output port 'pp_o[11][7]'. (LINT-31)
Warning: In design 'booth_pp_1', output port 'pp_o[1][1]' is connected directly to output port 'pp_o[11][8]'. (LINT-31)
Warning: In design 'booth_pp_1', output port 'pp_o[1][1]' is connected directly to output port 'pp_o[11][9]'. (LINT-31)
Warning: In design 'booth_pp_1', output port 'pp_o[1][1]' is connected directly to output port 'pp_o[11][10]'. (LINT-31)
Warning: In design 'booth_pp_1', output port 'pp_o[1][1]' is connected directly to output port 'pp_o[11][11]'. (LINT-31)
Warning: In design 'booth_pp_1', output port 'pp_o[1][1]' is connected directly to output port 'pp_o[11][12]'. (LINT-31)
Warning: In design 'booth_pp_1', output port 'pp_o[1][1]' is connected directly to output port 'pp_o[11][13]'. (LINT-31)
Warning: In design 'booth_pp_1', output port 'pp_o[1][1]' is connected directly to output port 'pp_o[11][14]'. (LINT-31)
Warning: In design 'booth_pp_1', output port 'pp_o[1][1]' is connected directly to output port 'pp_o[11][15]'. (LINT-31)
Warning: In design 'booth_pp_1', output port 'pp_o[1][1]' is connected directly to output port 'pp_o[11][16]'. (LINT-31)
Warning: In design 'booth_pp_1', output port 'pp_o[1][1]' is connected directly to output port 'pp_o[11][17]'. (LINT-31)
Warning: In design 'booth_pp_1', output port 'pp_o[1][1]' is connected directly to output port 'pp_o[11][18]'. (LINT-31)
Warning: In design 'booth_pp_1', output port 'pp_o[1][1]' is connected directly to output port 'pp_o[11][19]'. (LINT-31)
Warning: In design 'booth_pp_1', output port 'pp_o[1][1]' is connected directly to output port 'pp_o[11][20]'. (LINT-31)
Warning: In design 'booth_pp_1', output port 'pp_o[1][1]' is connected directly to output port 'pp_o[11][21]'. (LINT-31)
Warning: In design 'booth_pp_1', output port 'pp_o[1][1]' is connected directly to output port 'pp_o[10][0]'. (LINT-31)
Warning: In design 'booth_pp_1', output port 'pp_o[1][1]' is connected directly to output port 'pp_o[10][1]'. (LINT-31)
Warning: In design 'booth_pp_1', output port 'pp_o[1][1]' is connected directly to output port 'pp_o[10][2]'. (LINT-31)
Warning: In design 'booth_pp_1', output port 'pp_o[1][1]' is connected directly to output port 'pp_o[10][3]'. (LINT-31)
Warning: In design 'booth_pp_1', output port 'pp_o[1][1]' is connected directly to output port 'pp_o[10][4]'. (LINT-31)
Warning: In design 'booth_pp_1', output port 'pp_o[1][1]' is connected directly to output port 'pp_o[10][5]'. (LINT-31)
Warning: In design 'booth_pp_1', output port 'pp_o[1][1]' is connected directly to output port 'pp_o[10][6]'. (LINT-31)
Warning: In design 'booth_pp_1', output port 'pp_o[1][1]' is connected directly to output port 'pp_o[10][7]'. (LINT-31)
Warning: In design 'booth_pp_1', output port 'pp_o[1][1]' is connected directly to output port 'pp_o[10][8]'. (LINT-31)
Warning: In design 'booth_pp_1', output port 'pp_o[1][1]' is connected directly to output port 'pp_o[10][9]'. (LINT-31)
Warning: In design 'booth_pp_1', output port 'pp_o[1][1]' is connected directly to output port 'pp_o[10][10]'. (LINT-31)
Warning: In design 'booth_pp_1', output port 'pp_o[1][1]' is connected directly to output port 'pp_o[10][11]'. (LINT-31)
Warning: In design 'booth_pp_1', output port 'pp_o[1][1]' is connected directly to output port 'pp_o[10][12]'. (LINT-31)
Warning: In design 'booth_pp_1', output port 'pp_o[1][1]' is connected directly to output port 'pp_o[10][13]'. (LINT-31)
Warning: In design 'booth_pp_1', output port 'pp_o[1][1]' is connected directly to output port 'pp_o[10][14]'. (LINT-31)
Warning: In design 'booth_pp_1', output port 'pp_o[1][1]' is connected directly to output port 'pp_o[10][15]'. (LINT-31)
Warning: In design 'booth_pp_1', output port 'pp_o[1][1]' is connected directly to output port 'pp_o[10][16]'. (LINT-31)
Warning: In design 'booth_pp_1', output port 'pp_o[1][1]' is connected directly to output port 'pp_o[10][17]'. (LINT-31)
Warning: In design 'booth_pp_1', output port 'pp_o[1][1]' is connected directly to output port 'pp_o[10][18]'. (LINT-31)
Warning: In design 'booth_pp_1', output port 'pp_o[1][1]' is connected directly to output port 'pp_o[10][19]'. (LINT-31)
Warning: In design 'booth_pp_1', output port 'pp_o[1][1]' is connected directly to output port 'pp_o[9][0]'. (LINT-31)
Warning: In design 'booth_pp_1', output port 'pp_o[1][1]' is connected directly to output port 'pp_o[9][1]'. (LINT-31)
Warning: In design 'booth_pp_1', output port 'pp_o[1][1]' is connected directly to output port 'pp_o[9][2]'. (LINT-31)
Warning: In design 'booth_pp_1', output port 'pp_o[1][1]' is connected directly to output port 'pp_o[9][3]'. (LINT-31)
Warning: In design 'booth_pp_1', output port 'pp_o[1][1]' is connected directly to output port 'pp_o[9][4]'. (LINT-31)
Warning: In design 'booth_pp_1', output port 'pp_o[1][1]' is connected directly to output port 'pp_o[9][5]'. (LINT-31)
Warning: In design 'booth_pp_1', output port 'pp_o[1][1]' is connected directly to output port 'pp_o[9][6]'. (LINT-31)
Warning: In design 'booth_pp_1', output port 'pp_o[1][1]' is connected directly to output port 'pp_o[9][7]'. (LINT-31)
Warning: In design 'booth_pp_1', output port 'pp_o[1][1]' is connected directly to output port 'pp_o[9][8]'. (LINT-31)
Warning: In design 'booth_pp_1', output port 'pp_o[1][1]' is connected directly to output port 'pp_o[9][9]'. (LINT-31)
Warning: In design 'booth_pp_1', output port 'pp_o[1][1]' is connected directly to output port 'pp_o[9][10]'. (LINT-31)
Warning: In design 'booth_pp_1', output port 'pp_o[1][1]' is connected directly to output port 'pp_o[9][11]'. (LINT-31)
Warning: In design 'booth_pp_1', output port 'pp_o[1][1]' is connected directly to output port 'pp_o[9][12]'. (LINT-31)
Warning: In design 'booth_pp_1', output port 'pp_o[1][1]' is connected directly to output port 'pp_o[9][13]'. (LINT-31)
Warning: In design 'booth_pp_1', output port 'pp_o[1][1]' is connected directly to output port 'pp_o[9][14]'. (LINT-31)
Warning: In design 'booth_pp_1', output port 'pp_o[1][1]' is connected directly to output port 'pp_o[9][15]'. (LINT-31)
Warning: In design 'booth_pp_1', output port 'pp_o[1][1]' is connected directly to output port 'pp_o[9][16]'. (LINT-31)
Warning: In design 'booth_pp_1', output port 'pp_o[1][1]' is connected directly to output port 'pp_o[9][17]'. (LINT-31)
Warning: In design 'booth_pp_1', output port 'pp_o[1][1]' is connected directly to output port 'pp_o[8][0]'. (LINT-31)
Warning: In design 'booth_pp_1', output port 'pp_o[1][1]' is connected directly to output port 'pp_o[8][1]'. (LINT-31)
Warning: In design 'booth_pp_1', output port 'pp_o[1][1]' is connected directly to output port 'pp_o[8][2]'. (LINT-31)
Warning: In design 'booth_pp_1', output port 'pp_o[1][1]' is connected directly to output port 'pp_o[8][3]'. (LINT-31)
Warning: In design 'booth_pp_1', output port 'pp_o[1][1]' is connected directly to output port 'pp_o[8][4]'. (LINT-31)
Warning: In design 'booth_pp_1', output port 'pp_o[1][1]' is connected directly to output port 'pp_o[8][5]'. (LINT-31)
Warning: In design 'booth_pp_1', output port 'pp_o[1][1]' is connected directly to output port 'pp_o[8][6]'. (LINT-31)
Warning: In design 'booth_pp_1', output port 'pp_o[1][1]' is connected directly to output port 'pp_o[8][7]'. (LINT-31)
Warning: In design 'booth_pp_1', output port 'pp_o[1][1]' is connected directly to output port 'pp_o[8][8]'. (LINT-31)
Warning: In design 'booth_pp_1', output port 'pp_o[1][1]' is connected directly to output port 'pp_o[8][9]'. (LINT-31)
Warning: In design 'booth_pp_1', output port 'pp_o[1][1]' is connected directly to output port 'pp_o[8][10]'. (LINT-31)
Warning: In design 'booth_pp_1', output port 'pp_o[1][1]' is connected directly to output port 'pp_o[8][11]'. (LINT-31)
Warning: In design 'booth_pp_1', output port 'pp_o[1][1]' is connected directly to output port 'pp_o[8][12]'. (LINT-31)
Warning: In design 'booth_pp_1', output port 'pp_o[1][1]' is connected directly to output port 'pp_o[8][13]'. (LINT-31)
Warning: In design 'booth_pp_1', output port 'pp_o[1][1]' is connected directly to output port 'pp_o[8][14]'. (LINT-31)
Warning: In design 'booth_pp_1', output port 'pp_o[1][1]' is connected directly to output port 'pp_o[8][15]'. (LINT-31)
Warning: In design 'booth_pp_1', output port 'pp_o[1][1]' is connected directly to output port 'pp_o[7][0]'. (LINT-31)
Warning: In design 'booth_pp_1', output port 'pp_o[1][1]' is connected directly to output port 'pp_o[7][1]'. (LINT-31)
Warning: In design 'booth_pp_1', output port 'pp_o[1][1]' is connected directly to output port 'pp_o[7][2]'. (LINT-31)
Warning: In design 'booth_pp_1', output port 'pp_o[1][1]' is connected directly to output port 'pp_o[7][3]'. (LINT-31)
Warning: In design 'booth_pp_1', output port 'pp_o[1][1]' is connected directly to output port 'pp_o[7][4]'. (LINT-31)
Warning: In design 'booth_pp_1', output port 'pp_o[1][1]' is connected directly to output port 'pp_o[7][5]'. (LINT-31)
Warning: In design 'booth_pp_1', output port 'pp_o[1][1]' is connected directly to output port 'pp_o[7][6]'. (LINT-31)
Warning: In design 'booth_pp_1', output port 'pp_o[1][1]' is connected directly to output port 'pp_o[7][7]'. (LINT-31)
Warning: In design 'booth_pp_1', output port 'pp_o[1][1]' is connected directly to output port 'pp_o[7][8]'. (LINT-31)
Warning: In design 'booth_pp_1', output port 'pp_o[1][1]' is connected directly to output port 'pp_o[7][9]'. (LINT-31)
Warning: In design 'booth_pp_1', output port 'pp_o[1][1]' is connected directly to output port 'pp_o[7][10]'. (LINT-31)
Warning: In design 'booth_pp_1', output port 'pp_o[1][1]' is connected directly to output port 'pp_o[7][11]'. (LINT-31)
Warning: In design 'booth_pp_1', output port 'pp_o[1][1]' is connected directly to output port 'pp_o[7][12]'. (LINT-31)
Warning: In design 'booth_pp_1', output port 'pp_o[1][1]' is connected directly to output port 'pp_o[7][13]'. (LINT-31)
Warning: In design 'booth_pp_1', output port 'pp_o[1][1]' is connected directly to output port 'pp_o[6][0]'. (LINT-31)
Warning: In design 'booth_pp_1', output port 'pp_o[1][1]' is connected directly to output port 'pp_o[6][1]'. (LINT-31)
Warning: In design 'booth_pp_1', output port 'pp_o[1][1]' is connected directly to output port 'pp_o[6][2]'. (LINT-31)
Warning: In design 'booth_pp_1', output port 'pp_o[1][1]' is connected directly to output port 'pp_o[6][3]'. (LINT-31)
Warning: In design 'booth_pp_1', output port 'pp_o[1][1]' is connected directly to output port 'pp_o[6][4]'. (LINT-31)
Warning: In design 'booth_pp_1', output port 'pp_o[1][1]' is connected directly to output port 'pp_o[6][5]'. (LINT-31)
Warning: In design 'booth_pp_1', output port 'pp_o[1][1]' is connected directly to output port 'pp_o[6][6]'. (LINT-31)
Warning: In design 'booth_pp_1', output port 'pp_o[1][1]' is connected directly to output port 'pp_o[6][7]'. (LINT-31)
Warning: In design 'booth_pp_1', output port 'pp_o[1][1]' is connected directly to output port 'pp_o[6][8]'. (LINT-31)
Warning: In design 'booth_pp_1', output port 'pp_o[1][1]' is connected directly to output port 'pp_o[6][9]'. (LINT-31)
Warning: In design 'booth_pp_1', output port 'pp_o[1][1]' is connected directly to output port 'pp_o[6][10]'. (LINT-31)
Warning: In design 'booth_pp_1', output port 'pp_o[1][1]' is connected directly to output port 'pp_o[6][11]'. (LINT-31)
Warning: In design 'booth_pp_1', output port 'pp_o[1][1]' is connected directly to output port 'pp_o[5][0]'. (LINT-31)
Warning: In design 'booth_pp_1', output port 'pp_o[1][1]' is connected directly to output port 'pp_o[5][1]'. (LINT-31)
Warning: In design 'booth_pp_1', output port 'pp_o[1][1]' is connected directly to output port 'pp_o[5][2]'. (LINT-31)
Warning: In design 'booth_pp_1', output port 'pp_o[1][1]' is connected directly to output port 'pp_o[5][3]'. (LINT-31)
Warning: In design 'booth_pp_1', output port 'pp_o[1][1]' is connected directly to output port 'pp_o[5][4]'. (LINT-31)
Warning: In design 'booth_pp_1', output port 'pp_o[1][1]' is connected directly to output port 'pp_o[5][5]'. (LINT-31)
Warning: In design 'booth_pp_1', output port 'pp_o[1][1]' is connected directly to output port 'pp_o[5][6]'. (LINT-31)
Warning: In design 'booth_pp_1', output port 'pp_o[1][1]' is connected directly to output port 'pp_o[5][7]'. (LINT-31)
Warning: In design 'booth_pp_1', output port 'pp_o[1][1]' is connected directly to output port 'pp_o[5][8]'. (LINT-31)
Warning: In design 'booth_pp_1', output port 'pp_o[1][1]' is connected directly to output port 'pp_o[5][9]'. (LINT-31)
Warning: In design 'booth_pp_1', output port 'pp_o[1][1]' is connected directly to output port 'pp_o[4][0]'. (LINT-31)
Warning: In design 'booth_pp_1', output port 'pp_o[1][1]' is connected directly to output port 'pp_o[4][1]'. (LINT-31)
Warning: In design 'booth_pp_1', output port 'pp_o[1][1]' is connected directly to output port 'pp_o[4][2]'. (LINT-31)
Warning: In design 'booth_pp_1', output port 'pp_o[1][1]' is connected directly to output port 'pp_o[4][3]'. (LINT-31)
Warning: In design 'booth_pp_1', output port 'pp_o[1][1]' is connected directly to output port 'pp_o[4][4]'. (LINT-31)
Warning: In design 'booth_pp_1', output port 'pp_o[1][1]' is connected directly to output port 'pp_o[4][5]'. (LINT-31)
Warning: In design 'booth_pp_1', output port 'pp_o[1][1]' is connected directly to output port 'pp_o[4][6]'. (LINT-31)
Warning: In design 'booth_pp_1', output port 'pp_o[1][1]' is connected directly to output port 'pp_o[4][7]'. (LINT-31)
Warning: In design 'booth_pp_1', output port 'pp_o[1][1]' is connected directly to output port 'pp_o[3][0]'. (LINT-31)
Warning: In design 'booth_pp_1', output port 'pp_o[1][1]' is connected directly to output port 'pp_o[3][1]'. (LINT-31)
Warning: In design 'booth_pp_1', output port 'pp_o[1][1]' is connected directly to output port 'pp_o[3][2]'. (LINT-31)
Warning: In design 'booth_pp_1', output port 'pp_o[1][1]' is connected directly to output port 'pp_o[3][3]'. (LINT-31)
Warning: In design 'booth_pp_1', output port 'pp_o[1][1]' is connected directly to output port 'pp_o[3][4]'. (LINT-31)
Warning: In design 'booth_pp_1', output port 'pp_o[1][1]' is connected directly to output port 'pp_o[3][5]'. (LINT-31)
Warning: In design 'booth_pp_1', output port 'pp_o[1][1]' is connected directly to output port 'pp_o[2][0]'. (LINT-31)
Warning: In design 'booth_pp_1', output port 'pp_o[1][1]' is connected directly to output port 'pp_o[2][1]'. (LINT-31)
Warning: In design 'booth_pp_1', output port 'pp_o[1][1]' is connected directly to output port 'pp_o[2][2]'. (LINT-31)
Warning: In design 'booth_pp_1', output port 'pp_o[1][1]' is connected directly to output port 'pp_o[2][3]'. (LINT-31)
Warning: In design 'booth_pp_1', output port 'pp_o[1][1]' is connected directly to output port 'pp_o[1][0]'. (LINT-31)
Warning: In design 'dlx', a pin on submodule 'if_stage_inst' is connected to logic 1 or logic 0. (LINT-32)
   Pin 'branch_stall' is connected to logic 0. 
Warning: In design 'if_stage_1', a pin on submodule 'pc_mux_inst' is connected to logic 1 or logic 0. (LINT-32)
   Pin 'data_in_3[31]' is connected to logic 0. 
Warning: In design 'if_stage_1', a pin on submodule 'pc_mux_inst' is connected to logic 1 or logic 0. (LINT-32)
   Pin 'data_in_3[30]' is connected to logic 0. 
Warning: In design 'if_stage_1', a pin on submodule 'pc_mux_inst' is connected to logic 1 or logic 0. (LINT-32)
   Pin 'data_in_3[29]' is connected to logic 0. 
Warning: In design 'if_stage_1', a pin on submodule 'pc_mux_inst' is connected to logic 1 or logic 0. (LINT-32)
   Pin 'data_in_3[28]' is connected to logic 0. 
Warning: In design 'if_stage_1', a pin on submodule 'pc_mux_inst' is connected to logic 1 or logic 0. (LINT-32)
   Pin 'data_in_3[27]' is connected to logic 0. 
Warning: In design 'if_stage_1', a pin on submodule 'pc_mux_inst' is connected to logic 1 or logic 0. (LINT-32)
   Pin 'data_in_3[26]' is connected to logic 0. 
Warning: In design 'if_stage_1', a pin on submodule 'pc_mux_inst' is connected to logic 1 or logic 0. (LINT-32)
   Pin 'data_in_3[25]' is connected to logic 0. 
Warning: In design 'if_stage_1', a pin on submodule 'pc_mux_inst' is connected to logic 1 or logic 0. (LINT-32)
   Pin 'data_in_3[24]' is connected to logic 0. 
Warning: In design 'if_stage_1', a pin on submodule 'pc_mux_inst' is connected to logic 1 or logic 0. (LINT-32)
   Pin 'data_in_3[23]' is connected to logic 0. 
Warning: In design 'if_stage_1', a pin on submodule 'pc_mux_inst' is connected to logic 1 or logic 0. (LINT-32)
   Pin 'data_in_3[22]' is connected to logic 0. 
Warning: In design 'if_stage_1', a pin on submodule 'pc_mux_inst' is connected to logic 1 or logic 0. (LINT-32)
   Pin 'data_in_3[21]' is connected to logic 0. 
Warning: In design 'if_stage_1', a pin on submodule 'pc_mux_inst' is connected to logic 1 or logic 0. (LINT-32)
   Pin 'data_in_3[20]' is connected to logic 0. 
Warning: In design 'if_stage_1', a pin on submodule 'pc_mux_inst' is connected to logic 1 or logic 0. (LINT-32)
   Pin 'data_in_3[19]' is connected to logic 0. 
Warning: In design 'if_stage_1', a pin on submodule 'pc_mux_inst' is connected to logic 1 or logic 0. (LINT-32)
   Pin 'data_in_3[18]' is connected to logic 0. 
Warning: In design 'if_stage_1', a pin on submodule 'pc_mux_inst' is connected to logic 1 or logic 0. (LINT-32)
   Pin 'data_in_3[17]' is connected to logic 0. 
Warning: In design 'if_stage_1', a pin on submodule 'pc_mux_inst' is connected to logic 1 or logic 0. (LINT-32)
   Pin 'data_in_3[16]' is connected to logic 0. 
Warning: In design 'if_stage_1', a pin on submodule 'pc_mux_inst' is connected to logic 1 or logic 0. (LINT-32)
   Pin 'data_in_3[15]' is connected to logic 0. 
Warning: In design 'if_stage_1', a pin on submodule 'pc_mux_inst' is connected to logic 1 or logic 0. (LINT-32)
   Pin 'data_in_3[14]' is connected to logic 0. 
Warning: In design 'if_stage_1', a pin on submodule 'pc_mux_inst' is connected to logic 1 or logic 0. (LINT-32)
   Pin 'data_in_3[13]' is connected to logic 0. 
Warning: In design 'if_stage_1', a pin on submodule 'pc_mux_inst' is connected to logic 1 or logic 0. (LINT-32)
   Pin 'data_in_3[12]' is connected to logic 0. 
Warning: In design 'if_stage_1', a pin on submodule 'pc_mux_inst' is connected to logic 1 or logic 0. (LINT-32)
   Pin 'data_in_3[11]' is connected to logic 0. 
Warning: In design 'if_stage_1', a pin on submodule 'pc_mux_inst' is connected to logic 1 or logic 0. (LINT-32)
   Pin 'data_in_3[10]' is connected to logic 0. 
Warning: In design 'if_stage_1', a pin on submodule 'pc_mux_inst' is connected to logic 1 or logic 0. (LINT-32)
   Pin 'data_in_3[9]' is connected to logic 0. 
Warning: In design 'if_stage_1', a pin on submodule 'pc_mux_inst' is connected to logic 1 or logic 0. (LINT-32)
   Pin 'data_in_3[8]' is connected to logic 0. 
Warning: In design 'if_stage_1', a pin on submodule 'pc_mux_inst' is connected to logic 1 or logic 0. (LINT-32)
   Pin 'data_in_3[7]' is connected to logic 0. 
Warning: In design 'if_stage_1', a pin on submodule 'pc_mux_inst' is connected to logic 1 or logic 0. (LINT-32)
   Pin 'data_in_3[6]' is connected to logic 0. 
Warning: In design 'if_stage_1', a pin on submodule 'pc_mux_inst' is connected to logic 1 or logic 0. (LINT-32)
   Pin 'data_in_3[5]' is connected to logic 0. 
Warning: In design 'if_stage_1', a pin on submodule 'pc_mux_inst' is connected to logic 1 or logic 0. (LINT-32)
   Pin 'data_in_3[4]' is connected to logic 0. 
Warning: In design 'if_stage_1', a pin on submodule 'pc_mux_inst' is connected to logic 1 or logic 0. (LINT-32)
   Pin 'data_in_3[3]' is connected to logic 0. 
Warning: In design 'if_stage_1', a pin on submodule 'pc_mux_inst' is connected to logic 1 or logic 0. (LINT-32)
   Pin 'data_in_3[2]' is connected to logic 0. 
Warning: In design 'if_stage_1', a pin on submodule 'pc_mux_inst' is connected to logic 1 or logic 0. (LINT-32)
   Pin 'data_in_3[1]' is connected to logic 0. 
Warning: In design 'if_stage_1', a pin on submodule 'pc_mux_inst' is connected to logic 1 or logic 0. (LINT-32)
   Pin 'data_in_3[0]' is connected to logic 0. 
Warning: In design 'Branch_unit_1', a pin on submodule 'branch_target_adder' is connected to logic 1 or logic 0. (LINT-32)
   Pin 'B[1]' is connected to logic 0. 
Warning: In design 'Branch_unit_1', a pin on submodule 'branch_target_adder' is connected to logic 1 or logic 0. (LINT-32)
   Pin 'B[0]' is connected to logic 0. 
Warning: In design 'Branch_unit_1', a pin on submodule 'branch_target_adder' is connected to logic 1 or logic 0. (LINT-32)
   Pin 'Cin' is connected to logic 0. 
Warning: In design 'mult_pp_1', a pin on submodule 'P4_adder_inst' is connected to logic 1 or logic 0. (LINT-32)
   Pin 'Cin' is connected to logic 0. 
Warning: In design 'dadda_tree_1', a pin on submodule 'fa_i_0_0_0' is connected to logic 1 or logic 0. (LINT-32)
   Pin 'b' is connected to logic 0. 
Warning: In design 'dadda_tree_1', a pin on submodule 'fa_i_1_0_0' is connected to logic 1 or logic 0. (LINT-32)
   Pin 'a' is connected to logic 0. 
Warning: In design 'dadda_tree_1', a pin on submodule 'fa_i_1_0_0' is connected to logic 1 or logic 0. (LINT-32)
   Pin 'cin' is connected to logic 0. 
Warning: In design 'dadda_tree_1', a pin on submodule 'fa_i_2_0_0' is connected to logic 1 or logic 0. (LINT-32)
   Pin 'b' is connected to logic 0. 
Warning: In design 'dadda_tree_1', a pin on submodule 'fa_i_0_0_1' is connected to logic 1 or logic 0. (LINT-32)
   Pin 'b' is connected to logic 0. 
Warning: In design 'dadda_tree_1', a pin on submodule 'fa_i_1_0_1' is connected to logic 1 or logic 0. (LINT-32)
   Pin 'a' is connected to logic 0. 
Warning: In design 'dadda_tree_1', a pin on submodule 'fa_i_1_0_1' is connected to logic 1 or logic 0. (LINT-32)
   Pin 'cin' is connected to logic 0. 
Warning: In design 'dadda_tree_1', a pin on submodule 'fa_i_2_0_1' is connected to logic 1 or logic 0. (LINT-32)
   Pin 'b' is connected to logic 0. 
Warning: In design 'dadda_tree_1', a pin on submodule 'fa_i_0_0_2' is connected to logic 1 or logic 0. (LINT-32)
   Pin 'b' is connected to logic 0. 
Warning: In design 'dadda_tree_1', a pin on submodule 'fa_i_1_0_2' is connected to logic 1 or logic 0. (LINT-32)
   Pin 'a' is connected to logic 0. 
Warning: In design 'dadda_tree_1', a pin on submodule 'fa_i_1_0_2' is connected to logic 1 or logic 0. (LINT-32)
   Pin 'cin' is connected to logic 0. 
Warning: In design 'dadda_tree_1', a pin on submodule 'fa_i_0_32' is connected to logic 1 or logic 0. (LINT-32)
   Pin 'b' is connected to logic 0. 
Warning: In design 'carry_select_block_NBIT4', a pin on submodule 'RCA0' is connected to logic 1 or logic 0. (LINT-32)
   Pin 'Ci' is connected to logic 1. 
Warning: In design 'carry_select_block_NBIT4', a pin on submodule 'RCA1' is connected to logic 1 or logic 0. (LINT-32)
   Pin 'Ci' is connected to logic 0. 
Warning: In design 'dlx', the same net is connected to more than one pin on submodule 'if_stage_inst'. (LINT-33)
   Net 'cur_pc_s[31]' is connected to pins 'br_corr_addr[31]', 'cur_pc[31]''.
Warning: In design 'dlx', the same net is connected to more than one pin on submodule 'if_stage_inst'. (LINT-33)
   Net 'cur_pc_s[30]' is connected to pins 'br_corr_addr[30]', 'cur_pc[30]''.
Warning: In design 'dlx', the same net is connected to more than one pin on submodule 'if_stage_inst'. (LINT-33)
   Net 'cur_pc_s[29]' is connected to pins 'br_corr_addr[29]', 'cur_pc[29]''.
Warning: In design 'dlx', the same net is connected to more than one pin on submodule 'if_stage_inst'. (LINT-33)
   Net 'cur_pc_s[28]' is connected to pins 'br_corr_addr[28]', 'cur_pc[28]''.
Warning: In design 'dlx', the same net is connected to more than one pin on submodule 'if_stage_inst'. (LINT-33)
   Net 'cur_pc_s[27]' is connected to pins 'br_corr_addr[27]', 'cur_pc[27]''.
Warning: In design 'dlx', the same net is connected to more than one pin on submodule 'if_stage_inst'. (LINT-33)
   Net 'cur_pc_s[26]' is connected to pins 'br_corr_addr[26]', 'cur_pc[26]''.
Warning: In design 'dlx', the same net is connected to more than one pin on submodule 'if_stage_inst'. (LINT-33)
   Net 'cur_pc_s[25]' is connected to pins 'br_corr_addr[25]', 'cur_pc[25]''.
Warning: In design 'dlx', the same net is connected to more than one pin on submodule 'if_stage_inst'. (LINT-33)
   Net 'cur_pc_s[24]' is connected to pins 'br_corr_addr[24]', 'cur_pc[24]''.
Warning: In design 'dlx', the same net is connected to more than one pin on submodule 'if_stage_inst'. (LINT-33)
   Net 'cur_pc_s[23]' is connected to pins 'br_corr_addr[23]', 'cur_pc[23]''.
Warning: In design 'dlx', the same net is connected to more than one pin on submodule 'if_stage_inst'. (LINT-33)
   Net 'cur_pc_s[22]' is connected to pins 'br_corr_addr[22]', 'cur_pc[22]''.
Warning: In design 'dlx', the same net is connected to more than one pin on submodule 'if_stage_inst'. (LINT-33)
   Net 'cur_pc_s[21]' is connected to pins 'br_corr_addr[21]', 'cur_pc[21]''.
Warning: In design 'dlx', the same net is connected to more than one pin on submodule 'if_stage_inst'. (LINT-33)
   Net 'cur_pc_s[20]' is connected to pins 'br_corr_addr[20]', 'cur_pc[20]''.
Warning: In design 'dlx', the same net is connected to more than one pin on submodule 'if_stage_inst'. (LINT-33)
   Net 'cur_pc_s[19]' is connected to pins 'br_corr_addr[19]', 'cur_pc[19]''.
Warning: In design 'dlx', the same net is connected to more than one pin on submodule 'if_stage_inst'. (LINT-33)
   Net 'cur_pc_s[18]' is connected to pins 'br_corr_addr[18]', 'cur_pc[18]''.
Warning: In design 'dlx', the same net is connected to more than one pin on submodule 'if_stage_inst'. (LINT-33)
   Net 'cur_pc_s[17]' is connected to pins 'br_corr_addr[17]', 'cur_pc[17]''.
Warning: In design 'dlx', the same net is connected to more than one pin on submodule 'if_stage_inst'. (LINT-33)
   Net 'cur_pc_s[16]' is connected to pins 'br_corr_addr[16]', 'cur_pc[16]''.
Warning: In design 'dlx', the same net is connected to more than one pin on submodule 'if_stage_inst'. (LINT-33)
   Net 'cur_pc_s[15]' is connected to pins 'br_corr_addr[15]', 'cur_pc[15]''.
Warning: In design 'dlx', the same net is connected to more than one pin on submodule 'if_stage_inst'. (LINT-33)
   Net 'cur_pc_s[14]' is connected to pins 'br_corr_addr[14]', 'cur_pc[14]''.
Warning: In design 'dlx', the same net is connected to more than one pin on submodule 'if_stage_inst'. (LINT-33)
   Net 'cur_pc_s[13]' is connected to pins 'br_corr_addr[13]', 'cur_pc[13]''.
Warning: In design 'dlx', the same net is connected to more than one pin on submodule 'if_stage_inst'. (LINT-33)
   Net 'cur_pc_s[12]' is connected to pins 'br_corr_addr[12]', 'cur_pc[12]''.
Warning: In design 'dlx', the same net is connected to more than one pin on submodule 'if_stage_inst'. (LINT-33)
   Net 'cur_pc_s[11]' is connected to pins 'br_corr_addr[11]', 'cur_pc[11]''.
Warning: In design 'dlx', the same net is connected to more than one pin on submodule 'if_stage_inst'. (LINT-33)
   Net 'cur_pc_s[10]' is connected to pins 'br_corr_addr[10]', 'cur_pc[10]''.
Warning: In design 'dlx', the same net is connected to more than one pin on submodule 'if_stage_inst'. (LINT-33)
   Net 'cur_pc_s[9]' is connected to pins 'br_corr_addr[9]', 'cur_pc[9]''.
Warning: In design 'dlx', the same net is connected to more than one pin on submodule 'if_stage_inst'. (LINT-33)
   Net 'cur_pc_s[8]' is connected to pins 'br_corr_addr[8]', 'cur_pc[8]''.
Warning: In design 'dlx', the same net is connected to more than one pin on submodule 'if_stage_inst'. (LINT-33)
   Net 'cur_pc_s[7]' is connected to pins 'br_corr_addr[7]', 'cur_pc[7]''.
Warning: In design 'dlx', the same net is connected to more than one pin on submodule 'if_stage_inst'. (LINT-33)
   Net 'cur_pc_s[6]' is connected to pins 'br_corr_addr[6]', 'cur_pc[6]''.
Warning: In design 'dlx', the same net is connected to more than one pin on submodule 'if_stage_inst'. (LINT-33)
   Net 'cur_pc_s[5]' is connected to pins 'br_corr_addr[5]', 'cur_pc[5]''.
Warning: In design 'dlx', the same net is connected to more than one pin on submodule 'if_stage_inst'. (LINT-33)
   Net 'cur_pc_s[4]' is connected to pins 'br_corr_addr[4]', 'cur_pc[4]''.
Warning: In design 'dlx', the same net is connected to more than one pin on submodule 'if_stage_inst'. (LINT-33)
   Net 'cur_pc_s[3]' is connected to pins 'br_corr_addr[3]', 'cur_pc[3]''.
Warning: In design 'dlx', the same net is connected to more than one pin on submodule 'if_stage_inst'. (LINT-33)
   Net 'cur_pc_s[2]' is connected to pins 'br_corr_addr[2]', 'cur_pc[2]''.
Warning: In design 'dlx', the same net is connected to more than one pin on submodule 'if_stage_inst'. (LINT-33)
   Net 'cur_pc_s[1]' is connected to pins 'br_corr_addr[1]', 'cur_pc[1]''.
Warning: In design 'dlx', the same net is connected to more than one pin on submodule 'if_stage_inst'. (LINT-33)
   Net 'cur_pc_s[0]' is connected to pins 'br_corr_addr[0]', 'cur_pc[0]''.
Warning: In design 'dlx', the same net is connected to more than one pin on submodule 'ex_stage_inst'. (LINT-33)
   Net 'mem_fwd_data_s[31]' is connected to pins 'fwd_rs1_dt_mem[31]', 'fwd_rs2_dt_mem[31]''.
Warning: In design 'dlx', the same net is connected to more than one pin on submodule 'ex_stage_inst'. (LINT-33)
   Net 'mem_fwd_data_s[30]' is connected to pins 'fwd_rs1_dt_mem[30]', 'fwd_rs2_dt_mem[30]''.
Warning: In design 'dlx', the same net is connected to more than one pin on submodule 'ex_stage_inst'. (LINT-33)
   Net 'mem_fwd_data_s[29]' is connected to pins 'fwd_rs1_dt_mem[29]', 'fwd_rs2_dt_mem[29]''.
Warning: In design 'dlx', the same net is connected to more than one pin on submodule 'ex_stage_inst'. (LINT-33)
   Net 'mem_fwd_data_s[28]' is connected to pins 'fwd_rs1_dt_mem[28]', 'fwd_rs2_dt_mem[28]''.
Warning: In design 'dlx', the same net is connected to more than one pin on submodule 'ex_stage_inst'. (LINT-33)
   Net 'mem_fwd_data_s[27]' is connected to pins 'fwd_rs1_dt_mem[27]', 'fwd_rs2_dt_mem[27]''.
Warning: In design 'dlx', the same net is connected to more than one pin on submodule 'ex_stage_inst'. (LINT-33)
   Net 'mem_fwd_data_s[26]' is connected to pins 'fwd_rs1_dt_mem[26]', 'fwd_rs2_dt_mem[26]''.
Warning: In design 'dlx', the same net is connected to more than one pin on submodule 'ex_stage_inst'. (LINT-33)
   Net 'mem_fwd_data_s[25]' is connected to pins 'fwd_rs1_dt_mem[25]', 'fwd_rs2_dt_mem[25]''.
Warning: In design 'dlx', the same net is connected to more than one pin on submodule 'ex_stage_inst'. (LINT-33)
   Net 'mem_fwd_data_s[24]' is connected to pins 'fwd_rs1_dt_mem[24]', 'fwd_rs2_dt_mem[24]''.
Warning: In design 'dlx', the same net is connected to more than one pin on submodule 'ex_stage_inst'. (LINT-33)
   Net 'mem_fwd_data_s[23]' is connected to pins 'fwd_rs1_dt_mem[23]', 'fwd_rs2_dt_mem[23]''.
Warning: In design 'dlx', the same net is connected to more than one pin on submodule 'ex_stage_inst'. (LINT-33)
   Net 'mem_fwd_data_s[22]' is connected to pins 'fwd_rs1_dt_mem[22]', 'fwd_rs2_dt_mem[22]''.
Warning: In design 'dlx', the same net is connected to more than one pin on submodule 'ex_stage_inst'. (LINT-33)
   Net 'mem_fwd_data_s[21]' is connected to pins 'fwd_rs1_dt_mem[21]', 'fwd_rs2_dt_mem[21]''.
Warning: In design 'dlx', the same net is connected to more than one pin on submodule 'ex_stage_inst'. (LINT-33)
   Net 'mem_fwd_data_s[20]' is connected to pins 'fwd_rs1_dt_mem[20]', 'fwd_rs2_dt_mem[20]''.
Warning: In design 'dlx', the same net is connected to more than one pin on submodule 'ex_stage_inst'. (LINT-33)
   Net 'mem_fwd_data_s[19]' is connected to pins 'fwd_rs1_dt_mem[19]', 'fwd_rs2_dt_mem[19]''.
Warning: In design 'dlx', the same net is connected to more than one pin on submodule 'ex_stage_inst'. (LINT-33)
   Net 'mem_fwd_data_s[18]' is connected to pins 'fwd_rs1_dt_mem[18]', 'fwd_rs2_dt_mem[18]''.
Warning: In design 'dlx', the same net is connected to more than one pin on submodule 'ex_stage_inst'. (LINT-33)
   Net 'mem_fwd_data_s[17]' is connected to pins 'fwd_rs1_dt_mem[17]', 'fwd_rs2_dt_mem[17]''.
Warning: In design 'dlx', the same net is connected to more than one pin on submodule 'ex_stage_inst'. (LINT-33)
   Net 'mem_fwd_data_s[16]' is connected to pins 'fwd_rs1_dt_mem[16]', 'fwd_rs2_dt_mem[16]''.
Warning: In design 'dlx', the same net is connected to more than one pin on submodule 'ex_stage_inst'. (LINT-33)
   Net 'mem_fwd_data_s[15]' is connected to pins 'fwd_rs1_dt_mem[15]', 'fwd_rs2_dt_mem[15]''.
Warning: In design 'dlx', the same net is connected to more than one pin on submodule 'ex_stage_inst'. (LINT-33)
   Net 'mem_fwd_data_s[14]' is connected to pins 'fwd_rs1_dt_mem[14]', 'fwd_rs2_dt_mem[14]''.
Warning: In design 'dlx', the same net is connected to more than one pin on submodule 'ex_stage_inst'. (LINT-33)
   Net 'mem_fwd_data_s[13]' is connected to pins 'fwd_rs1_dt_mem[13]', 'fwd_rs2_dt_mem[13]''.
Warning: In design 'dlx', the same net is connected to more than one pin on submodule 'ex_stage_inst'. (LINT-33)
   Net 'mem_fwd_data_s[12]' is connected to pins 'fwd_rs1_dt_mem[12]', 'fwd_rs2_dt_mem[12]''.
Warning: In design 'dlx', the same net is connected to more than one pin on submodule 'ex_stage_inst'. (LINT-33)
   Net 'mem_fwd_data_s[11]' is connected to pins 'fwd_rs1_dt_mem[11]', 'fwd_rs2_dt_mem[11]''.
Warning: In design 'dlx', the same net is connected to more than one pin on submodule 'ex_stage_inst'. (LINT-33)
   Net 'mem_fwd_data_s[10]' is connected to pins 'fwd_rs1_dt_mem[10]', 'fwd_rs2_dt_mem[10]''.
Warning: In design 'dlx', the same net is connected to more than one pin on submodule 'ex_stage_inst'. (LINT-33)
   Net 'mem_fwd_data_s[9]' is connected to pins 'fwd_rs1_dt_mem[9]', 'fwd_rs2_dt_mem[9]''.
Warning: In design 'dlx', the same net is connected to more than one pin on submodule 'ex_stage_inst'. (LINT-33)
   Net 'mem_fwd_data_s[8]' is connected to pins 'fwd_rs1_dt_mem[8]', 'fwd_rs2_dt_mem[8]''.
Warning: In design 'dlx', the same net is connected to more than one pin on submodule 'ex_stage_inst'. (LINT-33)
   Net 'mem_fwd_data_s[7]' is connected to pins 'fwd_rs1_dt_mem[7]', 'fwd_rs2_dt_mem[7]''.
Warning: In design 'dlx', the same net is connected to more than one pin on submodule 'ex_stage_inst'. (LINT-33)
   Net 'mem_fwd_data_s[6]' is connected to pins 'fwd_rs1_dt_mem[6]', 'fwd_rs2_dt_mem[6]''.
Warning: In design 'dlx', the same net is connected to more than one pin on submodule 'ex_stage_inst'. (LINT-33)
   Net 'mem_fwd_data_s[5]' is connected to pins 'fwd_rs1_dt_mem[5]', 'fwd_rs2_dt_mem[5]''.
Warning: In design 'dlx', the same net is connected to more than one pin on submodule 'ex_stage_inst'. (LINT-33)
   Net 'mem_fwd_data_s[4]' is connected to pins 'fwd_rs1_dt_mem[4]', 'fwd_rs2_dt_mem[4]''.
Warning: In design 'dlx', the same net is connected to more than one pin on submodule 'ex_stage_inst'. (LINT-33)
   Net 'mem_fwd_data_s[3]' is connected to pins 'fwd_rs1_dt_mem[3]', 'fwd_rs2_dt_mem[3]''.
Warning: In design 'dlx', the same net is connected to more than one pin on submodule 'ex_stage_inst'. (LINT-33)
   Net 'mem_fwd_data_s[2]' is connected to pins 'fwd_rs1_dt_mem[2]', 'fwd_rs2_dt_mem[2]''.
Warning: In design 'dlx', the same net is connected to more than one pin on submodule 'ex_stage_inst'. (LINT-33)
   Net 'mem_fwd_data_s[1]' is connected to pins 'fwd_rs1_dt_mem[1]', 'fwd_rs2_dt_mem[1]''.
Warning: In design 'dlx', the same net is connected to more than one pin on submodule 'ex_stage_inst'. (LINT-33)
   Net 'mem_fwd_data_s[0]' is connected to pins 'fwd_rs1_dt_mem[0]', 'fwd_rs2_dt_mem[0]''.
Warning: In design 'dlx', the same net is connected to more than one pin on submodule 'ex_stage_inst'. (LINT-33)
   Net 'wb_fwd_data_s[31]' is connected to pins 'fwd_rs1_dt_wb[31]', 'fwd_rs2_dt_wb[31]''.
Warning: In design 'dlx', the same net is connected to more than one pin on submodule 'ex_stage_inst'. (LINT-33)
   Net 'wb_fwd_data_s[30]' is connected to pins 'fwd_rs1_dt_wb[30]', 'fwd_rs2_dt_wb[30]''.
Warning: In design 'dlx', the same net is connected to more than one pin on submodule 'ex_stage_inst'. (LINT-33)
   Net 'wb_fwd_data_s[29]' is connected to pins 'fwd_rs1_dt_wb[29]', 'fwd_rs2_dt_wb[29]''.
Warning: In design 'dlx', the same net is connected to more than one pin on submodule 'ex_stage_inst'. (LINT-33)
   Net 'wb_fwd_data_s[28]' is connected to pins 'fwd_rs1_dt_wb[28]', 'fwd_rs2_dt_wb[28]''.
Warning: In design 'dlx', the same net is connected to more than one pin on submodule 'ex_stage_inst'. (LINT-33)
   Net 'wb_fwd_data_s[27]' is connected to pins 'fwd_rs1_dt_wb[27]', 'fwd_rs2_dt_wb[27]''.
Warning: In design 'dlx', the same net is connected to more than one pin on submodule 'ex_stage_inst'. (LINT-33)
   Net 'wb_fwd_data_s[26]' is connected to pins 'fwd_rs1_dt_wb[26]', 'fwd_rs2_dt_wb[26]''.
Warning: In design 'dlx', the same net is connected to more than one pin on submodule 'ex_stage_inst'. (LINT-33)
   Net 'wb_fwd_data_s[25]' is connected to pins 'fwd_rs1_dt_wb[25]', 'fwd_rs2_dt_wb[25]''.
Warning: In design 'dlx', the same net is connected to more than one pin on submodule 'ex_stage_inst'. (LINT-33)
   Net 'wb_fwd_data_s[24]' is connected to pins 'fwd_rs1_dt_wb[24]', 'fwd_rs2_dt_wb[24]''.
Warning: In design 'dlx', the same net is connected to more than one pin on submodule 'ex_stage_inst'. (LINT-33)
   Net 'wb_fwd_data_s[23]' is connected to pins 'fwd_rs1_dt_wb[23]', 'fwd_rs2_dt_wb[23]''.
Warning: In design 'dlx', the same net is connected to more than one pin on submodule 'ex_stage_inst'. (LINT-33)
   Net 'wb_fwd_data_s[22]' is connected to pins 'fwd_rs1_dt_wb[22]', 'fwd_rs2_dt_wb[22]''.
Warning: In design 'dlx', the same net is connected to more than one pin on submodule 'ex_stage_inst'. (LINT-33)
   Net 'wb_fwd_data_s[21]' is connected to pins 'fwd_rs1_dt_wb[21]', 'fwd_rs2_dt_wb[21]''.
Warning: In design 'dlx', the same net is connected to more than one pin on submodule 'ex_stage_inst'. (LINT-33)
   Net 'wb_fwd_data_s[20]' is connected to pins 'fwd_rs1_dt_wb[20]', 'fwd_rs2_dt_wb[20]''.
Warning: In design 'dlx', the same net is connected to more than one pin on submodule 'ex_stage_inst'. (LINT-33)
   Net 'wb_fwd_data_s[19]' is connected to pins 'fwd_rs1_dt_wb[19]', 'fwd_rs2_dt_wb[19]''.
Warning: In design 'dlx', the same net is connected to more than one pin on submodule 'ex_stage_inst'. (LINT-33)
   Net 'wb_fwd_data_s[18]' is connected to pins 'fwd_rs1_dt_wb[18]', 'fwd_rs2_dt_wb[18]''.
Warning: In design 'dlx', the same net is connected to more than one pin on submodule 'ex_stage_inst'. (LINT-33)
   Net 'wb_fwd_data_s[17]' is connected to pins 'fwd_rs1_dt_wb[17]', 'fwd_rs2_dt_wb[17]''.
Warning: In design 'dlx', the same net is connected to more than one pin on submodule 'ex_stage_inst'. (LINT-33)
   Net 'wb_fwd_data_s[16]' is connected to pins 'fwd_rs1_dt_wb[16]', 'fwd_rs2_dt_wb[16]''.
Warning: In design 'dlx', the same net is connected to more than one pin on submodule 'ex_stage_inst'. (LINT-33)
   Net 'wb_fwd_data_s[15]' is connected to pins 'fwd_rs1_dt_wb[15]', 'fwd_rs2_dt_wb[15]''.
Warning: In design 'dlx', the same net is connected to more than one pin on submodule 'ex_stage_inst'. (LINT-33)
   Net 'wb_fwd_data_s[14]' is connected to pins 'fwd_rs1_dt_wb[14]', 'fwd_rs2_dt_wb[14]''.
Warning: In design 'dlx', the same net is connected to more than one pin on submodule 'ex_stage_inst'. (LINT-33)
   Net 'wb_fwd_data_s[13]' is connected to pins 'fwd_rs1_dt_wb[13]', 'fwd_rs2_dt_wb[13]''.
Warning: In design 'dlx', the same net is connected to more than one pin on submodule 'ex_stage_inst'. (LINT-33)
   Net 'wb_fwd_data_s[12]' is connected to pins 'fwd_rs1_dt_wb[12]', 'fwd_rs2_dt_wb[12]''.
Warning: In design 'dlx', the same net is connected to more than one pin on submodule 'ex_stage_inst'. (LINT-33)
   Net 'wb_fwd_data_s[11]' is connected to pins 'fwd_rs1_dt_wb[11]', 'fwd_rs2_dt_wb[11]''.
Warning: In design 'dlx', the same net is connected to more than one pin on submodule 'ex_stage_inst'. (LINT-33)
   Net 'wb_fwd_data_s[10]' is connected to pins 'fwd_rs1_dt_wb[10]', 'fwd_rs2_dt_wb[10]''.
Warning: In design 'dlx', the same net is connected to more than one pin on submodule 'ex_stage_inst'. (LINT-33)
   Net 'wb_fwd_data_s[9]' is connected to pins 'fwd_rs1_dt_wb[9]', 'fwd_rs2_dt_wb[9]''.
Warning: In design 'dlx', the same net is connected to more than one pin on submodule 'ex_stage_inst'. (LINT-33)
   Net 'wb_fwd_data_s[8]' is connected to pins 'fwd_rs1_dt_wb[8]', 'fwd_rs2_dt_wb[8]''.
Warning: In design 'dlx', the same net is connected to more than one pin on submodule 'ex_stage_inst'. (LINT-33)
   Net 'wb_fwd_data_s[7]' is connected to pins 'fwd_rs1_dt_wb[7]', 'fwd_rs2_dt_wb[7]''.
Warning: In design 'dlx', the same net is connected to more than one pin on submodule 'ex_stage_inst'. (LINT-33)
   Net 'wb_fwd_data_s[6]' is connected to pins 'fwd_rs1_dt_wb[6]', 'fwd_rs2_dt_wb[6]''.
Warning: In design 'dlx', the same net is connected to more than one pin on submodule 'ex_stage_inst'. (LINT-33)
   Net 'wb_fwd_data_s[5]' is connected to pins 'fwd_rs1_dt_wb[5]', 'fwd_rs2_dt_wb[5]''.
Warning: In design 'dlx', the same net is connected to more than one pin on submodule 'ex_stage_inst'. (LINT-33)
   Net 'wb_fwd_data_s[4]' is connected to pins 'fwd_rs1_dt_wb[4]', 'fwd_rs2_dt_wb[4]''.
Warning: In design 'dlx', the same net is connected to more than one pin on submodule 'ex_stage_inst'. (LINT-33)
   Net 'wb_fwd_data_s[3]' is connected to pins 'fwd_rs1_dt_wb[3]', 'fwd_rs2_dt_wb[3]''.
Warning: In design 'dlx', the same net is connected to more than one pin on submodule 'ex_stage_inst'. (LINT-33)
   Net 'wb_fwd_data_s[2]' is connected to pins 'fwd_rs1_dt_wb[2]', 'fwd_rs2_dt_wb[2]''.
Warning: In design 'dlx', the same net is connected to more than one pin on submodule 'ex_stage_inst'. (LINT-33)
   Net 'wb_fwd_data_s[1]' is connected to pins 'fwd_rs1_dt_wb[1]', 'fwd_rs2_dt_wb[1]''.
Warning: In design 'dlx', the same net is connected to more than one pin on submodule 'ex_stage_inst'. (LINT-33)
   Net 'wb_fwd_data_s[0]' is connected to pins 'fwd_rs1_dt_wb[0]', 'fwd_rs2_dt_wb[0]''.
Warning: In design 'if_stage_1', the same net is connected to more than one pin on submodule 'pc_mux_inst'. (LINT-33)
   Net '*Logic0*' is connected to pins 'data_in_3[31]', 'data_in_3[30]'', 'data_in_3[29]', 'data_in_3[28]', 'data_in_3[27]', 'data_in_3[26]', 'data_in_3[25]', 'data_in_3[24]', 'data_in_3[23]', 'data_in_3[22]', 'data_in_3[21]', 'data_in_3[20]', 'data_in_3[19]', 'data_in_3[18]', 'data_in_3[17]', 'data_in_3[16]', 'data_in_3[15]', 'data_in_3[14]', 'data_in_3[13]', 'data_in_3[12]', 'data_in_3[11]', 'data_in_3[10]', 'data_in_3[9]', 'data_in_3[8]', 'data_in_3[7]', 'data_in_3[6]', 'data_in_3[5]', 'data_in_3[4]', 'data_in_3[3]', 'data_in_3[2]', 'data_in_3[1]', 'data_in_3[0]'.
Warning: In design 'Branch_unit_1', the same net is connected to more than one pin on submodule 'branch_target_adder'. (LINT-33)
   Net '*Logic0*' is connected to pins 'B[1]', 'B[0]'', 'Cin'.
Warning: In design 'ex_stage_1', the same net is connected to more than one pin on submodule 'fwd_rs1_mux'. (LINT-33)
   Net 'rs1[31]' is connected to pins 'data_in_0[31]', 'data_in_1[31]''.
Warning: In design 'ex_stage_1', the same net is connected to more than one pin on submodule 'fwd_rs1_mux'. (LINT-33)
   Net 'rs1[30]' is connected to pins 'data_in_0[30]', 'data_in_1[30]''.
Warning: In design 'ex_stage_1', the same net is connected to more than one pin on submodule 'fwd_rs1_mux'. (LINT-33)
   Net 'rs1[29]' is connected to pins 'data_in_0[29]', 'data_in_1[29]''.
Warning: In design 'ex_stage_1', the same net is connected to more than one pin on submodule 'fwd_rs1_mux'. (LINT-33)
   Net 'rs1[28]' is connected to pins 'data_in_0[28]', 'data_in_1[28]''.
Warning: In design 'ex_stage_1', the same net is connected to more than one pin on submodule 'fwd_rs1_mux'. (LINT-33)
   Net 'rs1[27]' is connected to pins 'data_in_0[27]', 'data_in_1[27]''.
Warning: In design 'ex_stage_1', the same net is connected to more than one pin on submodule 'fwd_rs1_mux'. (LINT-33)
   Net 'rs1[26]' is connected to pins 'data_in_0[26]', 'data_in_1[26]''.
Warning: In design 'ex_stage_1', the same net is connected to more than one pin on submodule 'fwd_rs1_mux'. (LINT-33)
   Net 'rs1[25]' is connected to pins 'data_in_0[25]', 'data_in_1[25]''.
Warning: In design 'ex_stage_1', the same net is connected to more than one pin on submodule 'fwd_rs1_mux'. (LINT-33)
   Net 'rs1[24]' is connected to pins 'data_in_0[24]', 'data_in_1[24]''.
Warning: In design 'ex_stage_1', the same net is connected to more than one pin on submodule 'fwd_rs1_mux'. (LINT-33)
   Net 'rs1[23]' is connected to pins 'data_in_0[23]', 'data_in_1[23]''.
Warning: In design 'ex_stage_1', the same net is connected to more than one pin on submodule 'fwd_rs1_mux'. (LINT-33)
   Net 'rs1[22]' is connected to pins 'data_in_0[22]', 'data_in_1[22]''.
Warning: In design 'ex_stage_1', the same net is connected to more than one pin on submodule 'fwd_rs1_mux'. (LINT-33)
   Net 'rs1[21]' is connected to pins 'data_in_0[21]', 'data_in_1[21]''.
Warning: In design 'ex_stage_1', the same net is connected to more than one pin on submodule 'fwd_rs1_mux'. (LINT-33)
   Net 'rs1[20]' is connected to pins 'data_in_0[20]', 'data_in_1[20]''.
Warning: In design 'ex_stage_1', the same net is connected to more than one pin on submodule 'fwd_rs1_mux'. (LINT-33)
   Net 'rs1[19]' is connected to pins 'data_in_0[19]', 'data_in_1[19]''.
Warning: In design 'ex_stage_1', the same net is connected to more than one pin on submodule 'fwd_rs1_mux'. (LINT-33)
   Net 'rs1[18]' is connected to pins 'data_in_0[18]', 'data_in_1[18]''.
Warning: In design 'ex_stage_1', the same net is connected to more than one pin on submodule 'fwd_rs1_mux'. (LINT-33)
   Net 'rs1[17]' is connected to pins 'data_in_0[17]', 'data_in_1[17]''.
Warning: In design 'ex_stage_1', the same net is connected to more than one pin on submodule 'fwd_rs1_mux'. (LINT-33)
   Net 'rs1[16]' is connected to pins 'data_in_0[16]', 'data_in_1[16]''.
Warning: In design 'ex_stage_1', the same net is connected to more than one pin on submodule 'fwd_rs1_mux'. (LINT-33)
   Net 'rs1[15]' is connected to pins 'data_in_0[15]', 'data_in_1[15]''.
Warning: In design 'ex_stage_1', the same net is connected to more than one pin on submodule 'fwd_rs1_mux'. (LINT-33)
   Net 'rs1[14]' is connected to pins 'data_in_0[14]', 'data_in_1[14]''.
Warning: In design 'ex_stage_1', the same net is connected to more than one pin on submodule 'fwd_rs1_mux'. (LINT-33)
   Net 'rs1[13]' is connected to pins 'data_in_0[13]', 'data_in_1[13]''.
Warning: In design 'ex_stage_1', the same net is connected to more than one pin on submodule 'fwd_rs1_mux'. (LINT-33)
   Net 'rs1[12]' is connected to pins 'data_in_0[12]', 'data_in_1[12]''.
Warning: In design 'ex_stage_1', the same net is connected to more than one pin on submodule 'fwd_rs1_mux'. (LINT-33)
   Net 'rs1[11]' is connected to pins 'data_in_0[11]', 'data_in_1[11]''.
Warning: In design 'ex_stage_1', the same net is connected to more than one pin on submodule 'fwd_rs1_mux'. (LINT-33)
   Net 'rs1[10]' is connected to pins 'data_in_0[10]', 'data_in_1[10]''.
Warning: In design 'ex_stage_1', the same net is connected to more than one pin on submodule 'fwd_rs1_mux'. (LINT-33)
   Net 'rs1[9]' is connected to pins 'data_in_0[9]', 'data_in_1[9]''.
Warning: In design 'ex_stage_1', the same net is connected to more than one pin on submodule 'fwd_rs1_mux'. (LINT-33)
   Net 'rs1[8]' is connected to pins 'data_in_0[8]', 'data_in_1[8]''.
Warning: In design 'ex_stage_1', the same net is connected to more than one pin on submodule 'fwd_rs1_mux'. (LINT-33)
   Net 'rs1[7]' is connected to pins 'data_in_0[7]', 'data_in_1[7]''.
Warning: In design 'ex_stage_1', the same net is connected to more than one pin on submodule 'fwd_rs1_mux'. (LINT-33)
   Net 'rs1[6]' is connected to pins 'data_in_0[6]', 'data_in_1[6]''.
Warning: In design 'ex_stage_1', the same net is connected to more than one pin on submodule 'fwd_rs1_mux'. (LINT-33)
   Net 'rs1[5]' is connected to pins 'data_in_0[5]', 'data_in_1[5]''.
Warning: In design 'ex_stage_1', the same net is connected to more than one pin on submodule 'fwd_rs1_mux'. (LINT-33)
   Net 'rs1[4]' is connected to pins 'data_in_0[4]', 'data_in_1[4]''.
Warning: In design 'ex_stage_1', the same net is connected to more than one pin on submodule 'fwd_rs1_mux'. (LINT-33)
   Net 'rs1[3]' is connected to pins 'data_in_0[3]', 'data_in_1[3]''.
Warning: In design 'ex_stage_1', the same net is connected to more than one pin on submodule 'fwd_rs1_mux'. (LINT-33)
   Net 'rs1[2]' is connected to pins 'data_in_0[2]', 'data_in_1[2]''.
Warning: In design 'ex_stage_1', the same net is connected to more than one pin on submodule 'fwd_rs1_mux'. (LINT-33)
   Net 'rs1[1]' is connected to pins 'data_in_0[1]', 'data_in_1[1]''.
Warning: In design 'ex_stage_1', the same net is connected to more than one pin on submodule 'fwd_rs1_mux'. (LINT-33)
   Net 'rs1[0]' is connected to pins 'data_in_0[0]', 'data_in_1[0]''.
Warning: In design 'ex_stage_1', the same net is connected to more than one pin on submodule 'fwd_rs2_mux'. (LINT-33)
   Net 'rs2[31]' is connected to pins 'data_in_0[31]', 'data_in_1[31]''.
Warning: In design 'ex_stage_1', the same net is connected to more than one pin on submodule 'fwd_rs2_mux'. (LINT-33)
   Net 'rs2[30]' is connected to pins 'data_in_0[30]', 'data_in_1[30]''.
Warning: In design 'ex_stage_1', the same net is connected to more than one pin on submodule 'fwd_rs2_mux'. (LINT-33)
   Net 'rs2[29]' is connected to pins 'data_in_0[29]', 'data_in_1[29]''.
Warning: In design 'ex_stage_1', the same net is connected to more than one pin on submodule 'fwd_rs2_mux'. (LINT-33)
   Net 'rs2[28]' is connected to pins 'data_in_0[28]', 'data_in_1[28]''.
Warning: In design 'ex_stage_1', the same net is connected to more than one pin on submodule 'fwd_rs2_mux'. (LINT-33)
   Net 'rs2[27]' is connected to pins 'data_in_0[27]', 'data_in_1[27]''.
Warning: In design 'ex_stage_1', the same net is connected to more than one pin on submodule 'fwd_rs2_mux'. (LINT-33)
   Net 'rs2[26]' is connected to pins 'data_in_0[26]', 'data_in_1[26]''.
Warning: In design 'ex_stage_1', the same net is connected to more than one pin on submodule 'fwd_rs2_mux'. (LINT-33)
   Net 'rs2[25]' is connected to pins 'data_in_0[25]', 'data_in_1[25]''.
Warning: In design 'ex_stage_1', the same net is connected to more than one pin on submodule 'fwd_rs2_mux'. (LINT-33)
   Net 'rs2[24]' is connected to pins 'data_in_0[24]', 'data_in_1[24]''.
Warning: In design 'ex_stage_1', the same net is connected to more than one pin on submodule 'fwd_rs2_mux'. (LINT-33)
   Net 'rs2[23]' is connected to pins 'data_in_0[23]', 'data_in_1[23]''.
Warning: In design 'ex_stage_1', the same net is connected to more than one pin on submodule 'fwd_rs2_mux'. (LINT-33)
   Net 'rs2[22]' is connected to pins 'data_in_0[22]', 'data_in_1[22]''.
Warning: In design 'ex_stage_1', the same net is connected to more than one pin on submodule 'fwd_rs2_mux'. (LINT-33)
   Net 'rs2[21]' is connected to pins 'data_in_0[21]', 'data_in_1[21]''.
Warning: In design 'ex_stage_1', the same net is connected to more than one pin on submodule 'fwd_rs2_mux'. (LINT-33)
   Net 'rs2[20]' is connected to pins 'data_in_0[20]', 'data_in_1[20]''.
Warning: In design 'ex_stage_1', the same net is connected to more than one pin on submodule 'fwd_rs2_mux'. (LINT-33)
   Net 'rs2[19]' is connected to pins 'data_in_0[19]', 'data_in_1[19]''.
Warning: In design 'ex_stage_1', the same net is connected to more than one pin on submodule 'fwd_rs2_mux'. (LINT-33)
   Net 'rs2[18]' is connected to pins 'data_in_0[18]', 'data_in_1[18]''.
Warning: In design 'ex_stage_1', the same net is connected to more than one pin on submodule 'fwd_rs2_mux'. (LINT-33)
   Net 'rs2[17]' is connected to pins 'data_in_0[17]', 'data_in_1[17]''.
Warning: In design 'ex_stage_1', the same net is connected to more than one pin on submodule 'fwd_rs2_mux'. (LINT-33)
   Net 'rs2[16]' is connected to pins 'data_in_0[16]', 'data_in_1[16]''.
Warning: In design 'ex_stage_1', the same net is connected to more than one pin on submodule 'fwd_rs2_mux'. (LINT-33)
   Net 'rs2[15]' is connected to pins 'data_in_0[15]', 'data_in_1[15]''.
Warning: In design 'ex_stage_1', the same net is connected to more than one pin on submodule 'fwd_rs2_mux'. (LINT-33)
   Net 'rs2[14]' is connected to pins 'data_in_0[14]', 'data_in_1[14]''.
Warning: In design 'ex_stage_1', the same net is connected to more than one pin on submodule 'fwd_rs2_mux'. (LINT-33)
   Net 'rs2[13]' is connected to pins 'data_in_0[13]', 'data_in_1[13]''.
Warning: In design 'ex_stage_1', the same net is connected to more than one pin on submodule 'fwd_rs2_mux'. (LINT-33)
   Net 'rs2[12]' is connected to pins 'data_in_0[12]', 'data_in_1[12]''.
Warning: In design 'ex_stage_1', the same net is connected to more than one pin on submodule 'fwd_rs2_mux'. (LINT-33)
   Net 'rs2[11]' is connected to pins 'data_in_0[11]', 'data_in_1[11]''.
Warning: In design 'ex_stage_1', the same net is connected to more than one pin on submodule 'fwd_rs2_mux'. (LINT-33)
   Net 'rs2[10]' is connected to pins 'data_in_0[10]', 'data_in_1[10]''.
Warning: In design 'ex_stage_1', the same net is connected to more than one pin on submodule 'fwd_rs2_mux'. (LINT-33)
   Net 'rs2[9]' is connected to pins 'data_in_0[9]', 'data_in_1[9]''.
Warning: In design 'ex_stage_1', the same net is connected to more than one pin on submodule 'fwd_rs2_mux'. (LINT-33)
   Net 'rs2[8]' is connected to pins 'data_in_0[8]', 'data_in_1[8]''.
Warning: In design 'ex_stage_1', the same net is connected to more than one pin on submodule 'fwd_rs2_mux'. (LINT-33)
   Net 'rs2[7]' is connected to pins 'data_in_0[7]', 'data_in_1[7]''.
Warning: In design 'ex_stage_1', the same net is connected to more than one pin on submodule 'fwd_rs2_mux'. (LINT-33)
   Net 'rs2[6]' is connected to pins 'data_in_0[6]', 'data_in_1[6]''.
Warning: In design 'ex_stage_1', the same net is connected to more than one pin on submodule 'fwd_rs2_mux'. (LINT-33)
   Net 'rs2[5]' is connected to pins 'data_in_0[5]', 'data_in_1[5]''.
Warning: In design 'ex_stage_1', the same net is connected to more than one pin on submodule 'fwd_rs2_mux'. (LINT-33)
   Net 'rs2[4]' is connected to pins 'data_in_0[4]', 'data_in_1[4]''.
Warning: In design 'ex_stage_1', the same net is connected to more than one pin on submodule 'fwd_rs2_mux'. (LINT-33)
   Net 'rs2[3]' is connected to pins 'data_in_0[3]', 'data_in_1[3]''.
Warning: In design 'ex_stage_1', the same net is connected to more than one pin on submodule 'fwd_rs2_mux'. (LINT-33)
   Net 'rs2[2]' is connected to pins 'data_in_0[2]', 'data_in_1[2]''.
Warning: In design 'ex_stage_1', the same net is connected to more than one pin on submodule 'fwd_rs2_mux'. (LINT-33)
   Net 'rs2[1]' is connected to pins 'data_in_0[1]', 'data_in_1[1]''.
Warning: In design 'ex_stage_1', the same net is connected to more than one pin on submodule 'fwd_rs2_mux'. (LINT-33)
   Net 'rs2[0]' is connected to pins 'data_in_0[0]', 'data_in_1[0]''.
Warning: In design 'dadda_tree_1', the same net is connected to more than one pin on submodule 'fa_i_1_0_0'. (LINT-33)
   Net '*Logic0*' is connected to pins 'a', 'cin''.
Warning: In design 'dadda_tree_1', the same net is connected to more than one pin on submodule 'fa_i_1_0_1'. (LINT-33)
   Net '*Logic0*' is connected to pins 'a', 'cin''.
Warning: In design 'dadda_tree_1', the same net is connected to more than one pin on submodule 'fa_i_1_0_2'. (LINT-33)
   Net '*Logic0*' is connected to pins 'a', 'cin''.
Warning: In design 'booth_pp_1', output port 'pp_o[1][1]' is connected directly to 'logic 0'. (LINT-52)
Warning: In design 'booth_pp_1', output port 'pp_o[1][0]' is connected directly to 'logic 0'. (LINT-52)
Warning: In design 'booth_pp_1', output port 'pp_o[2][3]' is connected directly to 'logic 0'. (LINT-52)
Warning: In design 'booth_pp_1', output port 'pp_o[2][2]' is connected directly to 'logic 0'. (LINT-52)
Warning: In design 'booth_pp_1', output port 'pp_o[2][1]' is connected directly to 'logic 0'. (LINT-52)
Warning: In design 'booth_pp_1', output port 'pp_o[2][0]' is connected directly to 'logic 0'. (LINT-52)
Warning: In design 'booth_pp_1', output port 'pp_o[3][5]' is connected directly to 'logic 0'. (LINT-52)
Warning: In design 'booth_pp_1', output port 'pp_o[3][4]' is connected directly to 'logic 0'. (LINT-52)
Warning: In design 'booth_pp_1', output port 'pp_o[3][3]' is connected directly to 'logic 0'. (LINT-52)
Warning: In design 'booth_pp_1', output port 'pp_o[3][2]' is connected directly to 'logic 0'. (LINT-52)
Warning: In design 'booth_pp_1', output port 'pp_o[3][1]' is connected directly to 'logic 0'. (LINT-52)
Warning: In design 'booth_pp_1', output port 'pp_o[3][0]' is connected directly to 'logic 0'. (LINT-52)
Warning: In design 'booth_pp_1', output port 'pp_o[4][7]' is connected directly to 'logic 0'. (LINT-52)
Warning: In design 'booth_pp_1', output port 'pp_o[4][6]' is connected directly to 'logic 0'. (LINT-52)
Warning: In design 'booth_pp_1', output port 'pp_o[4][5]' is connected directly to 'logic 0'. (LINT-52)
Warning: In design 'booth_pp_1', output port 'pp_o[4][4]' is connected directly to 'logic 0'. (LINT-52)
Warning: In design 'booth_pp_1', output port 'pp_o[4][3]' is connected directly to 'logic 0'. (LINT-52)
Warning: In design 'booth_pp_1', output port 'pp_o[4][2]' is connected directly to 'logic 0'. (LINT-52)
Warning: In design 'booth_pp_1', output port 'pp_o[4][1]' is connected directly to 'logic 0'. (LINT-52)
Warning: In design 'booth_pp_1', output port 'pp_o[4][0]' is connected directly to 'logic 0'. (LINT-52)
Warning: In design 'booth_pp_1', output port 'pp_o[5][9]' is connected directly to 'logic 0'. (LINT-52)
Warning: In design 'booth_pp_1', output port 'pp_o[5][8]' is connected directly to 'logic 0'. (LINT-52)
Warning: In design 'booth_pp_1', output port 'pp_o[5][7]' is connected directly to 'logic 0'. (LINT-52)
Warning: In design 'booth_pp_1', output port 'pp_o[5][6]' is connected directly to 'logic 0'. (LINT-52)
Warning: In design 'booth_pp_1', output port 'pp_o[5][5]' is connected directly to 'logic 0'. (LINT-52)
Warning: In design 'booth_pp_1', output port 'pp_o[5][4]' is connected directly to 'logic 0'. (LINT-52)
Warning: In design 'booth_pp_1', output port 'pp_o[5][3]' is connected directly to 'logic 0'. (LINT-52)
Warning: In design 'booth_pp_1', output port 'pp_o[5][2]' is connected directly to 'logic 0'. (LINT-52)
Warning: In design 'booth_pp_1', output port 'pp_o[5][1]' is connected directly to 'logic 0'. (LINT-52)
Warning: In design 'booth_pp_1', output port 'pp_o[5][0]' is connected directly to 'logic 0'. (LINT-52)
Warning: In design 'booth_pp_1', output port 'pp_o[6][11]' is connected directly to 'logic 0'. (LINT-52)
Warning: In design 'booth_pp_1', output port 'pp_o[6][10]' is connected directly to 'logic 0'. (LINT-52)
Warning: In design 'booth_pp_1', output port 'pp_o[6][9]' is connected directly to 'logic 0'. (LINT-52)
Warning: In design 'booth_pp_1', output port 'pp_o[6][8]' is connected directly to 'logic 0'. (LINT-52)
Warning: In design 'booth_pp_1', output port 'pp_o[6][7]' is connected directly to 'logic 0'. (LINT-52)
Warning: In design 'booth_pp_1', output port 'pp_o[6][6]' is connected directly to 'logic 0'. (LINT-52)
Warning: In design 'booth_pp_1', output port 'pp_o[6][5]' is connected directly to 'logic 0'. (LINT-52)
Warning: In design 'booth_pp_1', output port 'pp_o[6][4]' is connected directly to 'logic 0'. (LINT-52)
Warning: In design 'booth_pp_1', output port 'pp_o[6][3]' is connected directly to 'logic 0'. (LINT-52)
Warning: In design 'booth_pp_1', output port 'pp_o[6][2]' is connected directly to 'logic 0'. (LINT-52)
Warning: In design 'booth_pp_1', output port 'pp_o[6][1]' is connected directly to 'logic 0'. (LINT-52)
Warning: In design 'booth_pp_1', output port 'pp_o[6][0]' is connected directly to 'logic 0'. (LINT-52)
Warning: In design 'booth_pp_1', output port 'pp_o[7][13]' is connected directly to 'logic 0'. (LINT-52)
Warning: In design 'booth_pp_1', output port 'pp_o[7][12]' is connected directly to 'logic 0'. (LINT-52)
Warning: In design 'booth_pp_1', output port 'pp_o[7][11]' is connected directly to 'logic 0'. (LINT-52)
Warning: In design 'booth_pp_1', output port 'pp_o[7][10]' is connected directly to 'logic 0'. (LINT-52)
Warning: In design 'booth_pp_1', output port 'pp_o[7][9]' is connected directly to 'logic 0'. (LINT-52)
Warning: In design 'booth_pp_1', output port 'pp_o[7][8]' is connected directly to 'logic 0'. (LINT-52)
Warning: In design 'booth_pp_1', output port 'pp_o[7][7]' is connected directly to 'logic 0'. (LINT-52)
Warning: In design 'booth_pp_1', output port 'pp_o[7][6]' is connected directly to 'logic 0'. (LINT-52)
Warning: In design 'booth_pp_1', output port 'pp_o[7][5]' is connected directly to 'logic 0'. (LINT-52)
Warning: In design 'booth_pp_1', output port 'pp_o[7][4]' is connected directly to 'logic 0'. (LINT-52)
Warning: In design 'booth_pp_1', output port 'pp_o[7][3]' is connected directly to 'logic 0'. (LINT-52)
Warning: In design 'booth_pp_1', output port 'pp_o[7][2]' is connected directly to 'logic 0'. (LINT-52)
Warning: In design 'booth_pp_1', output port 'pp_o[7][1]' is connected directly to 'logic 0'. (LINT-52)
Warning: In design 'booth_pp_1', output port 'pp_o[7][0]' is connected directly to 'logic 0'. (LINT-52)
Warning: In design 'booth_pp_1', output port 'pp_o[8][15]' is connected directly to 'logic 0'. (LINT-52)
Warning: In design 'booth_pp_1', output port 'pp_o[8][14]' is connected directly to 'logic 0'. (LINT-52)
Warning: In design 'booth_pp_1', output port 'pp_o[8][13]' is connected directly to 'logic 0'. (LINT-52)
Warning: In design 'booth_pp_1', output port 'pp_o[8][12]' is connected directly to 'logic 0'. (LINT-52)
Warning: In design 'booth_pp_1', output port 'pp_o[8][11]' is connected directly to 'logic 0'. (LINT-52)
Warning: In design 'booth_pp_1', output port 'pp_o[8][10]' is connected directly to 'logic 0'. (LINT-52)
Warning: In design 'booth_pp_1', output port 'pp_o[8][9]' is connected directly to 'logic 0'. (LINT-52)
Warning: In design 'booth_pp_1', output port 'pp_o[8][8]' is connected directly to 'logic 0'. (LINT-52)
Warning: In design 'booth_pp_1', output port 'pp_o[8][7]' is connected directly to 'logic 0'. (LINT-52)
Warning: In design 'booth_pp_1', output port 'pp_o[8][6]' is connected directly to 'logic 0'. (LINT-52)
Warning: In design 'booth_pp_1', output port 'pp_o[8][5]' is connected directly to 'logic 0'. (LINT-52)
Warning: In design 'booth_pp_1', output port 'pp_o[8][4]' is connected directly to 'logic 0'. (LINT-52)
Warning: In design 'booth_pp_1', output port 'pp_o[8][3]' is connected directly to 'logic 0'. (LINT-52)
Warning: In design 'booth_pp_1', output port 'pp_o[8][2]' is connected directly to 'logic 0'. (LINT-52)
Warning: In design 'booth_pp_1', output port 'pp_o[8][1]' is connected directly to 'logic 0'. (LINT-52)
Warning: In design 'booth_pp_1', output port 'pp_o[8][0]' is connected directly to 'logic 0'. (LINT-52)
Warning: In design 'booth_pp_1', output port 'pp_o[9][17]' is connected directly to 'logic 0'. (LINT-52)
Warning: In design 'booth_pp_1', output port 'pp_o[9][16]' is connected directly to 'logic 0'. (LINT-52)
Warning: In design 'booth_pp_1', output port 'pp_o[9][15]' is connected directly to 'logic 0'. (LINT-52)
Warning: In design 'booth_pp_1', output port 'pp_o[9][14]' is connected directly to 'logic 0'. (LINT-52)
Warning: In design 'booth_pp_1', output port 'pp_o[9][13]' is connected directly to 'logic 0'. (LINT-52)
Warning: In design 'booth_pp_1', output port 'pp_o[9][12]' is connected directly to 'logic 0'. (LINT-52)
Warning: In design 'booth_pp_1', output port 'pp_o[9][11]' is connected directly to 'logic 0'. (LINT-52)
Warning: In design 'booth_pp_1', output port 'pp_o[9][10]' is connected directly to 'logic 0'. (LINT-52)
Warning: In design 'booth_pp_1', output port 'pp_o[9][9]' is connected directly to 'logic 0'. (LINT-52)
Warning: In design 'booth_pp_1', output port 'pp_o[9][8]' is connected directly to 'logic 0'. (LINT-52)
Warning: In design 'booth_pp_1', output port 'pp_o[9][7]' is connected directly to 'logic 0'. (LINT-52)
Warning: In design 'booth_pp_1', output port 'pp_o[9][6]' is connected directly to 'logic 0'. (LINT-52)
Warning: In design 'booth_pp_1', output port 'pp_o[9][5]' is connected directly to 'logic 0'. (LINT-52)
Warning: In design 'booth_pp_1', output port 'pp_o[9][4]' is connected directly to 'logic 0'. (LINT-52)
Warning: In design 'booth_pp_1', output port 'pp_o[9][3]' is connected directly to 'logic 0'. (LINT-52)
Warning: In design 'booth_pp_1', output port 'pp_o[9][2]' is connected directly to 'logic 0'. (LINT-52)
Warning: In design 'booth_pp_1', output port 'pp_o[9][1]' is connected directly to 'logic 0'. (LINT-52)
Warning: In design 'booth_pp_1', output port 'pp_o[9][0]' is connected directly to 'logic 0'. (LINT-52)
Warning: In design 'booth_pp_1', output port 'pp_o[10][19]' is connected directly to 'logic 0'. (LINT-52)
Warning: In design 'booth_pp_1', output port 'pp_o[10][18]' is connected directly to 'logic 0'. (LINT-52)
Warning: In design 'booth_pp_1', output port 'pp_o[10][17]' is connected directly to 'logic 0'. (LINT-52)
Warning: In design 'booth_pp_1', output port 'pp_o[10][16]' is connected directly to 'logic 0'. (LINT-52)
Warning: In design 'booth_pp_1', output port 'pp_o[10][15]' is connected directly to 'logic 0'. (LINT-52)
Warning: In design 'booth_pp_1', output port 'pp_o[10][14]' is connected directly to 'logic 0'. (LINT-52)
Warning: In design 'booth_pp_1', output port 'pp_o[10][13]' is connected directly to 'logic 0'. (LINT-52)
Warning: In design 'booth_pp_1', output port 'pp_o[10][12]' is connected directly to 'logic 0'. (LINT-52)
Warning: In design 'booth_pp_1', output port 'pp_o[10][11]' is connected directly to 'logic 0'. (LINT-52)
Warning: In design 'booth_pp_1', output port 'pp_o[10][10]' is connected directly to 'logic 0'. (LINT-52)
Warning: In design 'booth_pp_1', output port 'pp_o[10][9]' is connected directly to 'logic 0'. (LINT-52)
Warning: In design 'booth_pp_1', output port 'pp_o[10][8]' is connected directly to 'logic 0'. (LINT-52)
Warning: In design 'booth_pp_1', output port 'pp_o[10][7]' is connected directly to 'logic 0'. (LINT-52)
Warning: In design 'booth_pp_1', output port 'pp_o[10][6]' is connected directly to 'logic 0'. (LINT-52)
Warning: In design 'booth_pp_1', output port 'pp_o[10][5]' is connected directly to 'logic 0'. (LINT-52)
Warning: In design 'booth_pp_1', output port 'pp_o[10][4]' is connected directly to 'logic 0'. (LINT-52)
Warning: In design 'booth_pp_1', output port 'pp_o[10][3]' is connected directly to 'logic 0'. (LINT-52)
Warning: In design 'booth_pp_1', output port 'pp_o[10][2]' is connected directly to 'logic 0'. (LINT-52)
Warning: In design 'booth_pp_1', output port 'pp_o[10][1]' is connected directly to 'logic 0'. (LINT-52)
Warning: In design 'booth_pp_1', output port 'pp_o[10][0]' is connected directly to 'logic 0'. (LINT-52)
Warning: In design 'booth_pp_1', output port 'pp_o[11][21]' is connected directly to 'logic 0'. (LINT-52)
Warning: In design 'booth_pp_1', output port 'pp_o[11][20]' is connected directly to 'logic 0'. (LINT-52)
Warning: In design 'booth_pp_1', output port 'pp_o[11][19]' is connected directly to 'logic 0'. (LINT-52)
Warning: In design 'booth_pp_1', output port 'pp_o[11][18]' is connected directly to 'logic 0'. (LINT-52)
Warning: In design 'booth_pp_1', output port 'pp_o[11][17]' is connected directly to 'logic 0'. (LINT-52)
Warning: In design 'booth_pp_1', output port 'pp_o[11][16]' is connected directly to 'logic 0'. (LINT-52)
Warning: In design 'booth_pp_1', output port 'pp_o[11][15]' is connected directly to 'logic 0'. (LINT-52)
Warning: In design 'booth_pp_1', output port 'pp_o[11][14]' is connected directly to 'logic 0'. (LINT-52)
Warning: In design 'booth_pp_1', output port 'pp_o[11][13]' is connected directly to 'logic 0'. (LINT-52)
Warning: In design 'booth_pp_1', output port 'pp_o[11][12]' is connected directly to 'logic 0'. (LINT-52)
Warning: In design 'booth_pp_1', output port 'pp_o[11][11]' is connected directly to 'logic 0'. (LINT-52)
Warning: In design 'booth_pp_1', output port 'pp_o[11][10]' is connected directly to 'logic 0'. (LINT-52)
Warning: In design 'booth_pp_1', output port 'pp_o[11][9]' is connected directly to 'logic 0'. (LINT-52)
Warning: In design 'booth_pp_1', output port 'pp_o[11][8]' is connected directly to 'logic 0'. (LINT-52)
Warning: In design 'booth_pp_1', output port 'pp_o[11][7]' is connected directly to 'logic 0'. (LINT-52)
Warning: In design 'booth_pp_1', output port 'pp_o[11][6]' is connected directly to 'logic 0'. (LINT-52)
Warning: In design 'booth_pp_1', output port 'pp_o[11][5]' is connected directly to 'logic 0'. (LINT-52)
Warning: In design 'booth_pp_1', output port 'pp_o[11][4]' is connected directly to 'logic 0'. (LINT-52)
Warning: In design 'booth_pp_1', output port 'pp_o[11][3]' is connected directly to 'logic 0'. (LINT-52)
Warning: In design 'booth_pp_1', output port 'pp_o[11][2]' is connected directly to 'logic 0'. (LINT-52)
Warning: In design 'booth_pp_1', output port 'pp_o[11][1]' is connected directly to 'logic 0'. (LINT-52)
Warning: In design 'booth_pp_1', output port 'pp_o[11][0]' is connected directly to 'logic 0'. (LINT-52)
Warning: In design 'booth_pp_1', output port 'pp_o[12][23]' is connected directly to 'logic 0'. (LINT-52)
Warning: In design 'booth_pp_1', output port 'pp_o[12][22]' is connected directly to 'logic 0'. (LINT-52)
Warning: In design 'booth_pp_1', output port 'pp_o[12][21]' is connected directly to 'logic 0'. (LINT-52)
Warning: In design 'booth_pp_1', output port 'pp_o[12][20]' is connected directly to 'logic 0'. (LINT-52)
Warning: In design 'booth_pp_1', output port 'pp_o[12][19]' is connected directly to 'logic 0'. (LINT-52)
Warning: In design 'booth_pp_1', output port 'pp_o[12][18]' is connected directly to 'logic 0'. (LINT-52)
Warning: In design 'booth_pp_1', output port 'pp_o[12][17]' is connected directly to 'logic 0'. (LINT-52)
Warning: In design 'booth_pp_1', output port 'pp_o[12][16]' is connected directly to 'logic 0'. (LINT-52)
Warning: In design 'booth_pp_1', output port 'pp_o[12][15]' is connected directly to 'logic 0'. (LINT-52)
Warning: In design 'booth_pp_1', output port 'pp_o[12][14]' is connected directly to 'logic 0'. (LINT-52)
Warning: In design 'booth_pp_1', output port 'pp_o[12][13]' is connected directly to 'logic 0'. (LINT-52)
Warning: In design 'booth_pp_1', output port 'pp_o[12][12]' is connected directly to 'logic 0'. (LINT-52)
Warning: In design 'booth_pp_1', output port 'pp_o[12][11]' is connected directly to 'logic 0'. (LINT-52)
Warning: In design 'booth_pp_1', output port 'pp_o[12][10]' is connected directly to 'logic 0'. (LINT-52)
Warning: In design 'booth_pp_1', output port 'pp_o[12][9]' is connected directly to 'logic 0'. (LINT-52)
Warning: In design 'booth_pp_1', output port 'pp_o[12][8]' is connected directly to 'logic 0'. (LINT-52)
Warning: In design 'booth_pp_1', output port 'pp_o[12][7]' is connected directly to 'logic 0'. (LINT-52)
Warning: In design 'booth_pp_1', output port 'pp_o[12][6]' is connected directly to 'logic 0'. (LINT-52)
Warning: In design 'booth_pp_1', output port 'pp_o[12][5]' is connected directly to 'logic 0'. (LINT-52)
Warning: In design 'booth_pp_1', output port 'pp_o[12][4]' is connected directly to 'logic 0'. (LINT-52)
Warning: In design 'booth_pp_1', output port 'pp_o[12][3]' is connected directly to 'logic 0'. (LINT-52)
Warning: In design 'booth_pp_1', output port 'pp_o[12][2]' is connected directly to 'logic 0'. (LINT-52)
Warning: In design 'booth_pp_1', output port 'pp_o[12][1]' is connected directly to 'logic 0'. (LINT-52)
Warning: In design 'booth_pp_1', output port 'pp_o[12][0]' is connected directly to 'logic 0'. (LINT-52)
Warning: In design 'booth_pp_1', output port 'pp_o[13][25]' is connected directly to 'logic 0'. (LINT-52)
Warning: In design 'booth_pp_1', output port 'pp_o[13][24]' is connected directly to 'logic 0'. (LINT-52)
Warning: In design 'booth_pp_1', output port 'pp_o[13][23]' is connected directly to 'logic 0'. (LINT-52)
Warning: In design 'booth_pp_1', output port 'pp_o[13][22]' is connected directly to 'logic 0'. (LINT-52)
Warning: In design 'booth_pp_1', output port 'pp_o[13][21]' is connected directly to 'logic 0'. (LINT-52)
Warning: In design 'booth_pp_1', output port 'pp_o[13][20]' is connected directly to 'logic 0'. (LINT-52)
Warning: In design 'booth_pp_1', output port 'pp_o[13][19]' is connected directly to 'logic 0'. (LINT-52)
Warning: In design 'booth_pp_1', output port 'pp_o[13][18]' is connected directly to 'logic 0'. (LINT-52)
Warning: In design 'booth_pp_1', output port 'pp_o[13][17]' is connected directly to 'logic 0'. (LINT-52)
Warning: In design 'booth_pp_1', output port 'pp_o[13][16]' is connected directly to 'logic 0'. (LINT-52)
Warning: In design 'booth_pp_1', output port 'pp_o[13][15]' is connected directly to 'logic 0'. (LINT-52)
Warning: In design 'booth_pp_1', output port 'pp_o[13][14]' is connected directly to 'logic 0'. (LINT-52)
Warning: In design 'booth_pp_1', output port 'pp_o[13][13]' is connected directly to 'logic 0'. (LINT-52)
Warning: In design 'booth_pp_1', output port 'pp_o[13][12]' is connected directly to 'logic 0'. (LINT-52)
Warning: In design 'booth_pp_1', output port 'pp_o[13][11]' is connected directly to 'logic 0'. (LINT-52)
Warning: In design 'booth_pp_1', output port 'pp_o[13][10]' is connected directly to 'logic 0'. (LINT-52)
Warning: In design 'booth_pp_1', output port 'pp_o[13][9]' is connected directly to 'logic 0'. (LINT-52)
Warning: In design 'booth_pp_1', output port 'pp_o[13][8]' is connected directly to 'logic 0'. (LINT-52)
Warning: In design 'booth_pp_1', output port 'pp_o[13][7]' is connected directly to 'logic 0'. (LINT-52)
Warning: In design 'booth_pp_1', output port 'pp_o[13][6]' is connected directly to 'logic 0'. (LINT-52)
Warning: In design 'booth_pp_1', output port 'pp_o[13][5]' is connected directly to 'logic 0'. (LINT-52)
Warning: In design 'booth_pp_1', output port 'pp_o[13][4]' is connected directly to 'logic 0'. (LINT-52)
Warning: In design 'booth_pp_1', output port 'pp_o[13][3]' is connected directly to 'logic 0'. (LINT-52)
Warning: In design 'booth_pp_1', output port 'pp_o[13][2]' is connected directly to 'logic 0'. (LINT-52)
Warning: In design 'booth_pp_1', output port 'pp_o[13][1]' is connected directly to 'logic 0'. (LINT-52)
Warning: In design 'booth_pp_1', output port 'pp_o[13][0]' is connected directly to 'logic 0'. (LINT-52)
Warning: In design 'booth_pp_1', output port 'pp_o[14][27]' is connected directly to 'logic 0'. (LINT-52)
Warning: In design 'booth_pp_1', output port 'pp_o[14][26]' is connected directly to 'logic 0'. (LINT-52)
Warning: In design 'booth_pp_1', output port 'pp_o[14][25]' is connected directly to 'logic 0'. (LINT-52)
Warning: In design 'booth_pp_1', output port 'pp_o[14][24]' is connected directly to 'logic 0'. (LINT-52)
Warning: In design 'booth_pp_1', output port 'pp_o[14][23]' is connected directly to 'logic 0'. (LINT-52)
Warning: In design 'booth_pp_1', output port 'pp_o[14][22]' is connected directly to 'logic 0'. (LINT-52)
Warning: In design 'booth_pp_1', output port 'pp_o[14][21]' is connected directly to 'logic 0'. (LINT-52)
Warning: In design 'booth_pp_1', output port 'pp_o[14][20]' is connected directly to 'logic 0'. (LINT-52)
Warning: In design 'booth_pp_1', output port 'pp_o[14][19]' is connected directly to 'logic 0'. (LINT-52)
Warning: In design 'booth_pp_1', output port 'pp_o[14][18]' is connected directly to 'logic 0'. (LINT-52)
Warning: In design 'booth_pp_1', output port 'pp_o[14][17]' is connected directly to 'logic 0'. (LINT-52)
Warning: In design 'booth_pp_1', output port 'pp_o[14][16]' is connected directly to 'logic 0'. (LINT-52)
Warning: In design 'booth_pp_1', output port 'pp_o[14][15]' is connected directly to 'logic 0'. (LINT-52)
Warning: In design 'booth_pp_1', output port 'pp_o[14][14]' is connected directly to 'logic 0'. (LINT-52)
Warning: In design 'booth_pp_1', output port 'pp_o[14][13]' is connected directly to 'logic 0'. (LINT-52)
Warning: In design 'booth_pp_1', output port 'pp_o[14][12]' is connected directly to 'logic 0'. (LINT-52)
Warning: In design 'booth_pp_1', output port 'pp_o[14][11]' is connected directly to 'logic 0'. (LINT-52)
Warning: In design 'booth_pp_1', output port 'pp_o[14][10]' is connected directly to 'logic 0'. (LINT-52)
Warning: In design 'booth_pp_1', output port 'pp_o[14][9]' is connected directly to 'logic 0'. (LINT-52)
Warning: In design 'booth_pp_1', output port 'pp_o[14][8]' is connected directly to 'logic 0'. (LINT-52)
Warning: In design 'booth_pp_1', output port 'pp_o[14][7]' is connected directly to 'logic 0'. (LINT-52)
Warning: In design 'booth_pp_1', output port 'pp_o[14][6]' is connected directly to 'logic 0'. (LINT-52)
Warning: In design 'booth_pp_1', output port 'pp_o[14][5]' is connected directly to 'logic 0'. (LINT-52)
Warning: In design 'booth_pp_1', output port 'pp_o[14][4]' is connected directly to 'logic 0'. (LINT-52)
Warning: In design 'booth_pp_1', output port 'pp_o[14][3]' is connected directly to 'logic 0'. (LINT-52)
Warning: In design 'booth_pp_1', output port 'pp_o[14][2]' is connected directly to 'logic 0'. (LINT-52)
Warning: In design 'booth_pp_1', output port 'pp_o[14][1]' is connected directly to 'logic 0'. (LINT-52)
Warning: In design 'booth_pp_1', output port 'pp_o[14][0]' is connected directly to 'logic 0'. (LINT-52)
Warning: In design 'booth_pp_1', output port 'pp_o[15][29]' is connected directly to 'logic 0'. (LINT-52)
Warning: In design 'booth_pp_1', output port 'pp_o[15][28]' is connected directly to 'logic 0'. (LINT-52)
Warning: In design 'booth_pp_1', output port 'pp_o[15][27]' is connected directly to 'logic 0'. (LINT-52)
Warning: In design 'booth_pp_1', output port 'pp_o[15][26]' is connected directly to 'logic 0'. (LINT-52)
Warning: In design 'booth_pp_1', output port 'pp_o[15][25]' is connected directly to 'logic 0'. (LINT-52)
Warning: In design 'booth_pp_1', output port 'pp_o[15][24]' is connected directly to 'logic 0'. (LINT-52)
Warning: In design 'booth_pp_1', output port 'pp_o[15][23]' is connected directly to 'logic 0'. (LINT-52)
Warning: In design 'booth_pp_1', output port 'pp_o[15][22]' is connected directly to 'logic 0'. (LINT-52)
Warning: In design 'booth_pp_1', output port 'pp_o[15][21]' is connected directly to 'logic 0'. (LINT-52)
Warning: In design 'booth_pp_1', output port 'pp_o[15][20]' is connected directly to 'logic 0'. (LINT-52)
Warning: In design 'booth_pp_1', output port 'pp_o[15][19]' is connected directly to 'logic 0'. (LINT-52)
Warning: In design 'booth_pp_1', output port 'pp_o[15][18]' is connected directly to 'logic 0'. (LINT-52)
Warning: In design 'booth_pp_1', output port 'pp_o[15][17]' is connected directly to 'logic 0'. (LINT-52)
Warning: In design 'booth_pp_1', output port 'pp_o[15][16]' is connected directly to 'logic 0'. (LINT-52)
Warning: In design 'booth_pp_1', output port 'pp_o[15][15]' is connected directly to 'logic 0'. (LINT-52)
Warning: In design 'booth_pp_1', output port 'pp_o[15][14]' is connected directly to 'logic 0'. (LINT-52)
Warning: In design 'booth_pp_1', output port 'pp_o[15][13]' is connected directly to 'logic 0'. (LINT-52)
Warning: In design 'booth_pp_1', output port 'pp_o[15][12]' is connected directly to 'logic 0'. (LINT-52)
Warning: In design 'booth_pp_1', output port 'pp_o[15][11]' is connected directly to 'logic 0'. (LINT-52)
Warning: In design 'booth_pp_1', output port 'pp_o[15][10]' is connected directly to 'logic 0'. (LINT-52)
Warning: In design 'booth_pp_1', output port 'pp_o[15][9]' is connected directly to 'logic 0'. (LINT-52)
Warning: In design 'booth_pp_1', output port 'pp_o[15][8]' is connected directly to 'logic 0'. (LINT-52)
Warning: In design 'booth_pp_1', output port 'pp_o[15][7]' is connected directly to 'logic 0'. (LINT-52)
Warning: In design 'booth_pp_1', output port 'pp_o[15][6]' is connected directly to 'logic 0'. (LINT-52)
Warning: In design 'booth_pp_1', output port 'pp_o[15][5]' is connected directly to 'logic 0'. (LINT-52)
Warning: In design 'booth_pp_1', output port 'pp_o[15][4]' is connected directly to 'logic 0'. (LINT-52)
Warning: In design 'booth_pp_1', output port 'pp_o[15][3]' is connected directly to 'logic 0'. (LINT-52)
Warning: In design 'booth_pp_1', output port 'pp_o[15][2]' is connected directly to 'logic 0'. (LINT-52)
Warning: In design 'booth_pp_1', output port 'pp_o[15][1]' is connected directly to 'logic 0'. (LINT-52)
Warning: In design 'booth_pp_1', output port 'pp_o[15][0]' is connected directly to 'logic 0'. (LINT-52)
Warning: In design 'booth_pp_1', output port 'pp_o[16][31]' is connected directly to 'logic 0'. (LINT-52)
Warning: In design 'booth_pp_1', output port 'pp_o[16][29]' is connected directly to 'logic 0'. (LINT-52)
Warning: In design 'booth_pp_1', output port 'pp_o[16][27]' is connected directly to 'logic 0'. (LINT-52)
Warning: In design 'booth_pp_1', output port 'pp_o[16][25]' is connected directly to 'logic 0'. (LINT-52)
Warning: In design 'booth_pp_1', output port 'pp_o[16][23]' is connected directly to 'logic 0'. (LINT-52)
Warning: In design 'booth_pp_1', output port 'pp_o[16][21]' is connected directly to 'logic 0'. (LINT-52)
Warning: In design 'booth_pp_1', output port 'pp_o[16][19]' is connected directly to 'logic 0'. (LINT-52)
Warning: In design 'booth_pp_1', output port 'pp_o[16][17]' is connected directly to 'logic 0'. (LINT-52)
Warning: In design 'booth_pp_1', output port 'pp_o[16][15]' is connected directly to 'logic 0'. (LINT-52)
Warning: In design 'booth_pp_1', output port 'pp_o[16][13]' is connected directly to 'logic 0'. (LINT-52)
Warning: In design 'booth_pp_1', output port 'pp_o[16][11]' is connected directly to 'logic 0'. (LINT-52)
Warning: In design 'booth_pp_1', output port 'pp_o[16][9]' is connected directly to 'logic 0'. (LINT-52)
Warning: In design 'booth_pp_1', output port 'pp_o[16][7]' is connected directly to 'logic 0'. (LINT-52)
Warning: In design 'booth_pp_1', output port 'pp_o[16][5]' is connected directly to 'logic 0'. (LINT-52)
Warning: In design 'booth_pp_1', output port 'pp_o[16][3]' is connected directly to 'logic 0'. (LINT-52)
Warning: In design 'booth_pp_1', output port 'pp_o[16][1]' is connected directly to 'logic 0'. (LINT-52)
Warning: In design 'dadda_tree_1', output port 'carry[0]' is connected directly to 'logic 0'. (LINT-52)
Warning: Net 'dmem_rd_data_s[0]' has a single tri-state driver.  (LINT-63)
Warning: Net 'dmem_rd_data_s[1]' has a single tri-state driver.  (LINT-63)
Warning: Net 'dmem_rd_data_s[2]' has a single tri-state driver.  (LINT-63)
Warning: Net 'dmem_rd_data_s[3]' has a single tri-state driver.  (LINT-63)
Warning: Net 'dmem_rd_data_s[4]' has a single tri-state driver.  (LINT-63)
Warning: Net 'dmem_rd_data_s[5]' has a single tri-state driver.  (LINT-63)
Warning: Net 'dmem_rd_data_s[6]' has a single tri-state driver.  (LINT-63)
Warning: Net 'dmem_rd_data_s[7]' has a single tri-state driver.  (LINT-63)
Warning: Net 'dmem_rd_data_s[8]' has a single tri-state driver.  (LINT-63)
Warning: Net 'dmem_rd_data_s[9]' has a single tri-state driver.  (LINT-63)
Warning: Net 'dmem_rd_data_s[10]' has a single tri-state driver.  (LINT-63)
Warning: Net 'dmem_rd_data_s[11]' has a single tri-state driver.  (LINT-63)
Warning: Net 'dmem_rd_data_s[12]' has a single tri-state driver.  (LINT-63)
Warning: Net 'dmem_rd_data_s[13]' has a single tri-state driver.  (LINT-63)
Warning: Net 'dmem_rd_data_s[14]' has a single tri-state driver.  (LINT-63)
Warning: Net 'dmem_rd_data_s[15]' has a single tri-state driver.  (LINT-63)
Warning: Net 'dmem_rd_data_s[16]' has a single tri-state driver.  (LINT-63)
Warning: Net 'dmem_rd_data_s[17]' has a single tri-state driver.  (LINT-63)
Warning: Net 'dmem_rd_data_s[18]' has a single tri-state driver.  (LINT-63)
Warning: Net 'dmem_rd_data_s[19]' has a single tri-state driver.  (LINT-63)
Warning: Net 'dmem_rd_data_s[20]' has a single tri-state driver.  (LINT-63)
Warning: Net 'dmem_rd_data_s[21]' has a single tri-state driver.  (LINT-63)
Warning: Net 'dmem_rd_data_s[22]' has a single tri-state driver.  (LINT-63)
Warning: Net 'dmem_rd_data_s[23]' has a single tri-state driver.  (LINT-63)
Warning: Net 'dmem_rd_data_s[24]' has a single tri-state driver.  (LINT-63)
Warning: Net 'dmem_rd_data_s[25]' has a single tri-state driver.  (LINT-63)
Warning: Net 'dmem_rd_data_s[26]' has a single tri-state driver.  (LINT-63)
Warning: Net 'dmem_rd_data_s[27]' has a single tri-state driver.  (LINT-63)
Warning: Net 'dmem_rd_data_s[28]' has a single tri-state driver.  (LINT-63)
Warning: Net 'dmem_rd_data_s[29]' has a single tri-state driver.  (LINT-63)
Warning: Net 'dmem_rd_data_s[30]' has a single tri-state driver.  (LINT-63)
Warning: Net 'dmem_rd_data_s[31]' has a single tri-state driver.  (LINT-63)
1
