 
****************************************
Report : constraint
        -all_violators
Design : dlx
Version: W-2024.09-SP2
Date   : Wed Sep 16 04:04:52 2026
****************************************


   max_delay/setup ('clk' group)

                             Required        Actual
   Endpoint                 Path Delay     Path Delay        Slack
   -----------------------------------------------------------------
   if_stage_inst/btb_inst/btb_reg[12][TARGET][0]/D
                                0.76           1.20 f        -0.44  (VIOLATED)
   R_2315/D                     0.77           1.21 r        -0.44  (VIOLATED)
   if_stage_inst/btb_inst/btb_reg[13][TARGET][0]/D
                                0.76           1.20 f        -0.44  (VIOLATED)
   if_stage_inst/btb_inst/btb_reg[8][TARGET][0]/D
                                0.76           1.20 f        -0.44  (VIOLATED)
   if_stage_inst/btb_inst/btb_reg[6][TARGET][0]/D
                                0.76           1.20 f        -0.44  (VIOLATED)
   if_stage_inst/btb_inst/btb_reg[10][TARGET][0]/D
                                0.76           1.20 f        -0.44  (VIOLATED)
   if_stage_inst/btb_inst/btb_reg[0][TARGET][0]/D
                                0.76           1.20 f        -0.44  (VIOLATED)
   if_stage_inst/btb_inst/btb_reg[1][TARGET][0]/D
                                0.76           1.20 f        -0.44  (VIOLATED)
   if_stage_inst/btb_inst/btb_reg[2][TARGET][0]/D
                                0.76           1.20 f        -0.44  (VIOLATED)
   if_stage_inst/btb_inst/btb_reg[3][TARGET][0]/D
                                0.76           1.20 f        -0.44  (VIOLATED)
   if_stage_inst/btb_inst/btb_reg[7][TARGET][0]/D
                                0.76           1.20 f        -0.44  (VIOLATED)
   if_stage_inst/btb_inst/btb_reg[11][TARGET][0]/D
                                0.76           1.20 f        -0.44  (VIOLATED)
   if_stage_inst/btb_inst/btb_reg[14][TARGET][0]/D
                                0.76           1.20 f        -0.44  (VIOLATED)
   if_stage_inst/btb_inst/btb_reg[15][TARGET][0]/D
                                0.76           1.20 f        -0.44  (VIOLATED)
   R_2378/D                     0.77           1.21 r        -0.44  (VIOLATED)
   if_stage_inst/btb_inst/btb_reg[1][TARGET][30]/D
                                0.76           1.20 f        -0.44  (VIOLATED)
   R_2317/D                     0.77           1.21 r        -0.44  (VIOLATED)
   if_stage_inst/btb_inst/btb_reg[6][TARGET][30]/D
                                0.76           1.20 f        -0.44  (VIOLATED)
   if_stage_inst/btb_inst/btb_reg[13][TARGET][30]/D
                                0.76           1.20 f        -0.44  (VIOLATED)
   if_stage_inst/btb_inst/btb_reg[10][TARGET][30]/D
                                0.76           1.20 f        -0.44  (VIOLATED)
   if_stage_inst/btb_inst/btb_reg[11][TARGET][30]/D
                                0.76           1.20 f        -0.44  (VIOLATED)
   if_stage_inst/btb_inst/btb_reg[0][TARGET][30]/D
                                0.76           1.20 f        -0.44  (VIOLATED)
   if_stage_inst/btb_inst/btb_reg[2][TARGET][30]/D
                                0.76           1.20 f        -0.44  (VIOLATED)
   if_stage_inst/btb_inst/btb_reg[3][TARGET][30]/D
                                0.76           1.20 f        -0.44  (VIOLATED)
   if_stage_inst/btb_inst/btb_reg[4][TARGET][30]/D
                                0.76           1.20 f        -0.44  (VIOLATED)
   if_stage_inst/btb_inst/btb_reg[7][TARGET][30]/D
                                0.76           1.20 f        -0.44  (VIOLATED)
   if_stage_inst/btb_inst/btb_reg[8][TARGET][30]/D
                                0.76           1.20 f        -0.44  (VIOLATED)
   if_stage_inst/btb_inst/btb_reg[12][TARGET][30]/D
                                0.76           1.20 f        -0.44  (VIOLATED)
   if_stage_inst/btb_inst/btb_reg[14][TARGET][30]/D
                                0.76           1.20 f        -0.44  (VIOLATED)
   if_stage_inst/btb_inst/btb_reg[15][TARGET][30]/D
                                0.76           1.20 f        -0.44  (VIOLATED)
   ex_stage_inst/mult_pp_inst/tree_i/layer_4_r_reg[3][28]/D
                                0.77           1.21 r        -0.44  (VIOLATED)
   ex_stage_inst/mult_pp_inst/tree_i/layer_4_r_reg[1][20]/D
                                0.76           1.21 r        -0.44  (VIOLATED)
   if_stage_inst/btb_inst/btb_reg[12][TARGET][22]/D
                                0.77           1.21 r        -0.44  (VIOLATED)
   if_stage_inst/btb_inst/btb_reg[13][TARGET][22]/D
                                0.77           1.21 r        -0.44  (VIOLATED)
   if_stage_inst/btb_inst/btb_reg[11][TARGET][22]/D
                                0.77           1.21 r        -0.44  (VIOLATED)
   R_1177/D                     0.76           1.20 f        -0.44  (VIOLATED)
   if_stage_inst/btb_inst/btb_reg[6][TARGET][22]/D
                                0.77           1.21 r        -0.44  (VIOLATED)
   if_stage_inst/btb_inst/btb_reg[10][TARGET][22]/D
                                0.77           1.21 r        -0.44  (VIOLATED)
   if_stage_inst/btb_inst/btb_reg[0][TARGET][22]/D
                                0.77           1.21 r        -0.44  (VIOLATED)
   if_stage_inst/btb_inst/btb_reg[3][TARGET][22]/D
                                0.77           1.21 r        -0.44  (VIOLATED)
   if_stage_inst/btb_inst/btb_reg[14][TARGET][22]/D
                                0.77           1.21 r        -0.44  (VIOLATED)
   if_stage_inst/btb_inst/btb_reg[1][TARGET][22]/D
                                0.77           1.21 r        -0.44  (VIOLATED)
   if_stage_inst/btb_inst/btb_reg[8][TARGET][22]/D
                                0.77           1.21 r        -0.44  (VIOLATED)
   if_stage_inst/btb_inst/btb_reg[15][TARGET][22]/D
                                0.77           1.21 r        -0.44  (VIOLATED)
   ex_stage_inst/mult_pp_inst/tree_i/layer_4_r_reg[0][9]/D
                                0.77           1.21 r        -0.44  (VIOLATED)
   if_stage_inst/btb_inst/btb_reg[2][TARGET][22]/D
                                0.77           1.21 r        -0.44  (VIOLATED)
   if_stage_inst/btb_inst/btb_reg[7][TARGET][22]/D
                                0.77           1.21 r        -0.44  (VIOLATED)
   if_stage_inst/btb_inst/btb_reg[4][TARGET][22]/D
                                0.77           1.21 r        -0.44  (VIOLATED)
   R_1736/D                     0.76           1.20 f        -0.44  (VIOLATED)
   ex_stage_inst/mult_pp_inst/tree_i/layer_4_r_reg[2][24]/D
                                0.75           1.19 f        -0.44  (VIOLATED)
   R_1800/D                     0.76           1.20 f        -0.44  (VIOLATED)
   R_2240/D                     0.76           1.20 f        -0.44  (VIOLATED)
   R_1190/D                     0.77           1.21 r        -0.44  (VIOLATED)
   if_stage_inst/btb_inst/btb_reg[13][TARGET][15]/D
                                0.76           1.20 f        -0.44  (VIOLATED)
   if_stage_inst/btb_inst/btb_reg[0][TARGET][15]/D
                                0.76           1.20 f        -0.44  (VIOLATED)
   if_stage_inst/btb_inst/btb_reg[1][TARGET][15]/D
                                0.76           1.20 f        -0.44  (VIOLATED)
   if_stage_inst/btb_inst/btb_reg[2][TARGET][15]/D
                                0.76           1.20 f        -0.44  (VIOLATED)
   if_stage_inst/btb_inst/btb_reg[3][TARGET][15]/D
                                0.76           1.20 f        -0.44  (VIOLATED)
   if_stage_inst/btb_inst/btb_reg[4][TARGET][15]/D
                                0.76           1.20 f        -0.44  (VIOLATED)
   if_stage_inst/btb_inst/btb_reg[6][TARGET][15]/D
                                0.76           1.20 f        -0.44  (VIOLATED)
   if_stage_inst/btb_inst/btb_reg[7][TARGET][15]/D
                                0.76           1.20 f        -0.44  (VIOLATED)
   if_stage_inst/btb_inst/btb_reg[8][TARGET][15]/D
                                0.76           1.20 f        -0.44  (VIOLATED)
   if_stage_inst/btb_inst/btb_reg[10][TARGET][15]/D
                                0.76           1.20 f        -0.44  (VIOLATED)
   if_stage_inst/btb_inst/btb_reg[11][TARGET][15]/D
                                0.76           1.20 f        -0.44  (VIOLATED)
   if_stage_inst/btb_inst/btb_reg[12][TARGET][15]/D
                                0.76           1.20 f        -0.44  (VIOLATED)
   if_stage_inst/btb_inst/btb_reg[14][TARGET][15]/D
                                0.76           1.20 f        -0.44  (VIOLATED)
   if_stage_inst/btb_inst/btb_reg[15][TARGET][15]/D
                                0.76           1.20 f        -0.44  (VIOLATED)
   R_2571/D                     0.76           1.20 f        -0.44  (VIOLATED)
   R_2322/D                     0.76           1.19 f        -0.44  (VIOLATED)
   R_1209/D                     0.76           1.19 f        -0.44  (VIOLATED)
   R_1727/D                     0.77           1.20 r        -0.44  (VIOLATED)
   R_60/D                       0.76           1.19 f        -0.43  (VIOLATED)
   R_1646/D                     0.76           1.19 f        -0.43  (VIOLATED)
   R_2316/D                     0.77           1.20 r        -0.43  (VIOLATED)
   R_1242/D                     0.77           1.20 r        -0.43  (VIOLATED)
   R_2376/D                     0.76           1.19 f        -0.43  (VIOLATED)
   R_2388/D                     0.77           1.20 r        -0.43  (VIOLATED)
   if_stage_inst/btb_inst/R_1965/D
                                0.76           1.19 r        -0.43  (VIOLATED)
   R_2543/D                     0.76           1.20 r        -0.43  (VIOLATED)
   ex_stage_inst/mult_pp_inst/tree_i/layer_4_r_reg[3][30]/D
                                0.76           1.19 r        -0.43  (VIOLATED)
   R_937/D                      0.77           1.19 r        -0.43  (VIOLATED)
   if_stage_inst/btb_inst/btb_reg[12][TARGET][29]/D
                                0.77           1.20 r        -0.43  (VIOLATED)
   R_966/D                      0.76           1.19 f        -0.43  (VIOLATED)
   R_834/D                      0.76           1.19 f        -0.43  (VIOLATED)
   if_stage_inst/btb_inst/btb_reg[1][TARGET][29]/D
                                0.77           1.20 r        -0.43  (VIOLATED)
   if_stage_inst/btb_inst/btb_reg[13][TARGET][29]/D
                                0.77           1.20 r        -0.43  (VIOLATED)
   if_stage_inst/btb_inst/btb_reg[6][TARGET][29]/D
                                0.77           1.20 r        -0.43  (VIOLATED)
   if_stage_inst/btb_inst/btb_reg[10][TARGET][29]/D
                                0.77           1.20 r        -0.43  (VIOLATED)
   if_stage_inst/btb_inst/btb_reg[11][TARGET][29]/D
                                0.77           1.20 r        -0.43  (VIOLATED)
   if_stage_inst/btb_inst/btb_reg[8][TARGET][29]/D
                                0.77           1.20 r        -0.43  (VIOLATED)
   if_stage_inst/btb_inst/btb_reg[15][TARGET][29]/D
                                0.77           1.20 r        -0.43  (VIOLATED)
   if_stage_inst/btb_inst/btb_reg[2][TARGET][29]/D
                                0.77           1.20 r        -0.43  (VIOLATED)
   if_stage_inst/btb_inst/btb_reg[14][TARGET][29]/D
                                0.77           1.20 r        -0.43  (VIOLATED)
   if_stage_inst/btb_inst/btb_reg[1][TARGET][31]/D
                                0.76           1.19 f        -0.43  (VIOLATED)
   if_stage_inst/btb_inst/btb_reg[3][TARGET][29]/D
                                0.77           1.20 r        -0.43  (VIOLATED)
   if_stage_inst/btb_inst/btb_reg[7][TARGET][29]/D
                                0.77           1.20 r        -0.43  (VIOLATED)
   if_stage_inst/btb_inst/btb_reg[0][TARGET][29]/D
                                0.77           1.20 r        -0.43  (VIOLATED)
   if_stage_inst/btb_inst/btb_reg[13][TARGET][31]/D
                                0.76           1.19 f        -0.43  (VIOLATED)
   if_stage_inst/btb_inst/btb_reg[8][TARGET][31]/D
                                0.76           1.19 f        -0.43  (VIOLATED)
   if_stage_inst/btb_inst/btb_reg[0][TARGET][31]/D
                                0.76           1.19 f        -0.43  (VIOLATED)
   if_stage_inst/btb_inst/btb_reg[2][TARGET][31]/D
                                0.76           1.19 f        -0.43  (VIOLATED)
   if_stage_inst/btb_inst/btb_reg[3][TARGET][31]/D
                                0.76           1.19 f        -0.43  (VIOLATED)
   if_stage_inst/btb_inst/btb_reg[4][TARGET][31]/D
                                0.76           1.19 f        -0.43  (VIOLATED)
   if_stage_inst/btb_inst/btb_reg[6][TARGET][31]/D
                                0.76           1.19 f        -0.43  (VIOLATED)
   if_stage_inst/btb_inst/btb_reg[7][TARGET][31]/D
                                0.76           1.19 f        -0.43  (VIOLATED)
   if_stage_inst/btb_inst/btb_reg[10][TARGET][31]/D
                                0.76           1.19 f        -0.43  (VIOLATED)
   if_stage_inst/btb_inst/btb_reg[12][TARGET][31]/D
                                0.76           1.19 f        -0.43  (VIOLATED)
   if_stage_inst/btb_inst/btb_reg[14][TARGET][31]/D
                                0.76           1.19 f        -0.43  (VIOLATED)
   if_stage_inst/btb_inst/btb_reg[15][TARGET][31]/D
                                0.76           1.19 f        -0.43  (VIOLATED)
   R_1679/D                     0.76           1.19 f        -0.43  (VIOLATED)
   R_2254/D                     0.76           1.19 f        -0.43  (VIOLATED)
   R_1019/D                     0.77           1.19 r        -0.43  (VIOLATED)
   R_1741/D                     0.75           1.18 f        -0.43  (VIOLATED)
   if_stage_inst/btb_inst/btb_reg[12][TARGET][23]/D
                                0.76           1.18 f        -0.43  (VIOLATED)
   if_stage_inst/btb_inst/R_2012/D
                                0.76           1.19 r        -0.43  (VIOLATED)
   if_stage_inst/btb_inst/btb_reg[13][TARGET][23]/D
                                0.76           1.18 f        -0.43  (VIOLATED)
   if_stage_inst/btb_inst/btb_reg[11][TARGET][23]/D
                                0.76           1.18 f        -0.43  (VIOLATED)
   if_stage_inst/btb_inst/btb_reg[6][TARGET][23]/D
                                0.76           1.18 f        -0.43  (VIOLATED)
   if_stage_inst/btb_inst/btb_reg[10][TARGET][23]/D
                                0.76           1.18 f        -0.43  (VIOLATED)
   if_stage_inst/btb_inst/btb_reg[0][TARGET][23]/D
                                0.76           1.18 f        -0.43  (VIOLATED)
   if_stage_inst/btb_inst/btb_reg[1][TARGET][23]/D
                                0.76           1.18 f        -0.43  (VIOLATED)
   if_stage_inst/btb_inst/btb_reg[2][TARGET][23]/D
                                0.76           1.18 f        -0.43  (VIOLATED)
   if_stage_inst/btb_inst/btb_reg[3][TARGET][23]/D
                                0.76           1.18 f        -0.43  (VIOLATED)
   if_stage_inst/btb_inst/btb_reg[4][TARGET][23]/D
                                0.76           1.18 f        -0.43  (VIOLATED)
   if_stage_inst/btb_inst/btb_reg[7][TARGET][23]/D
                                0.76           1.18 f        -0.43  (VIOLATED)
   if_stage_inst/btb_inst/btb_reg[8][TARGET][23]/D
                                0.76           1.18 f        -0.43  (VIOLATED)
   if_stage_inst/btb_inst/btb_reg[14][TARGET][23]/D
                                0.76           1.18 f        -0.43  (VIOLATED)
   if_stage_inst/btb_inst/btb_reg[15][TARGET][23]/D
                                0.76           1.18 f        -0.43  (VIOLATED)
   if_stage_inst/btb_inst/R_2548/D
                                0.77           1.19 r        -0.42  (VIOLATED)
   R_1808/D                     0.77           1.19 r        -0.42  (VIOLATED)
   if_stage_inst/btb_inst/btb_reg[13][TARGET][2]/D
                                0.76           1.18 f        -0.42  (VIOLATED)
   if_stage_inst/btb_inst/btb_reg[13][TARGET][7]/D
                                0.76           1.18 f        -0.42  (VIOLATED)
   if_stage_inst/btb_inst/btb_reg[13][TARGET][12]/D
                                0.76           1.18 f        -0.42  (VIOLATED)
   if_stage_inst/btb_inst/btb_reg[13][TARGET][25]/D
                                0.76           1.18 f        -0.42  (VIOLATED)
   if_stage_inst/btb_inst/btb_reg[13][TARGET][4]/D
                                0.76           1.18 f        -0.42  (VIOLATED)
   if_stage_inst/btb_inst/btb_reg[13][TAG][0]/D
                                0.76           1.18 f        -0.42  (VIOLATED)
   if_stage_inst/btb_inst/btb_reg[13][TAG][1]/D
                                0.76           1.18 f        -0.42  (VIOLATED)
   if_stage_inst/btb_inst/btb_reg[13][TAG][2]/D
                                0.76           1.18 f        -0.42  (VIOLATED)
   if_stage_inst/btb_inst/btb_reg[13][TAG][3]/D
                                0.76           1.18 f        -0.42  (VIOLATED)
   if_stage_inst/btb_inst/btb_reg[13][TAG][4]/D
                                0.76           1.18 f        -0.42  (VIOLATED)
   if_stage_inst/btb_inst/btb_reg[13][TAG][5]/D
                                0.76           1.18 f        -0.42  (VIOLATED)
   if_stage_inst/btb_inst/btb_reg[13][TAG][6]/D
                                0.76           1.18 f        -0.42  (VIOLATED)
   if_stage_inst/btb_inst/btb_reg[13][TAG][7]/D
                                0.76           1.18 f        -0.42  (VIOLATED)
   if_stage_inst/btb_inst/btb_reg[13][TAG][8]/D
                                0.76           1.18 f        -0.42  (VIOLATED)
   if_stage_inst/btb_inst/btb_reg[13][TAG][9]/D
                                0.76           1.18 f        -0.42  (VIOLATED)
   if_stage_inst/btb_inst/btb_reg[13][TAG][10]/D
                                0.76           1.18 f        -0.42  (VIOLATED)
   if_stage_inst/btb_inst/btb_reg[13][TAG][11]/D
                                0.76           1.18 f        -0.42  (VIOLATED)
   if_stage_inst/btb_inst/btb_reg[13][TAG][12]/D
                                0.76           1.18 f        -0.42  (VIOLATED)
   if_stage_inst/btb_inst/btb_reg[13][TAG][13]/D
                                0.76           1.18 f        -0.42  (VIOLATED)
   if_stage_inst/btb_inst/btb_reg[13][TAG][14]/D
                                0.76           1.18 f        -0.42  (VIOLATED)
   if_stage_inst/btb_inst/btb_reg[13][TAG][15]/D
                                0.76           1.18 f        -0.42  (VIOLATED)
   if_stage_inst/btb_inst/btb_reg[13][TAG][16]/D
                                0.76           1.18 f        -0.42  (VIOLATED)
   if_stage_inst/btb_inst/btb_reg[13][TAG][17]/D
                                0.76           1.18 f        -0.42  (VIOLATED)
   if_stage_inst/btb_inst/btb_reg[13][TAG][18]/D
                                0.76           1.18 f        -0.42  (VIOLATED)
   if_stage_inst/btb_inst/btb_reg[13][TAG][19]/D
                                0.76           1.18 f        -0.42  (VIOLATED)
   if_stage_inst/btb_inst/btb_reg[13][TAG][20]/D
                                0.76           1.18 f        -0.42  (VIOLATED)
   if_stage_inst/btb_inst/btb_reg[13][TAG][21]/D
                                0.76           1.18 f        -0.42  (VIOLATED)
   if_stage_inst/btb_inst/btb_reg[13][TAG][22]/D
                                0.76           1.18 f        -0.42  (VIOLATED)
   if_stage_inst/btb_inst/btb_reg[13][TAG][23]/D
                                0.76           1.18 f        -0.42  (VIOLATED)
   if_stage_inst/btb_inst/btb_reg[13][TAG][24]/D
                                0.76           1.18 f        -0.42  (VIOLATED)
   if_stage_inst/btb_inst/btb_reg[13][TAG][25]/D
                                0.76           1.18 f        -0.42  (VIOLATED)
   if_stage_inst/btb_inst/btb_reg[13][TARGET][1]/D
                                0.76           1.18 f        -0.42  (VIOLATED)
   if_stage_inst/btb_inst/btb_reg[13][TARGET][3]/D
                                0.76           1.18 f        -0.42  (VIOLATED)
   if_stage_inst/btb_inst/btb_reg[13][TARGET][5]/D
                                0.76           1.18 f        -0.42  (VIOLATED)
   if_stage_inst/btb_inst/btb_reg[13][TARGET][6]/D
                                0.76           1.18 f        -0.42  (VIOLATED)
   if_stage_inst/btb_inst/btb_reg[13][TARGET][8]/D
                                0.76           1.18 f        -0.42  (VIOLATED)
   if_stage_inst/btb_inst/btb_reg[13][TARGET][9]/D
                                0.76           1.18 f        -0.42  (VIOLATED)
   if_stage_inst/btb_inst/btb_reg[13][TARGET][10]/D
                                0.76           1.18 f        -0.42  (VIOLATED)
   if_stage_inst/btb_inst/btb_reg[13][TARGET][11]/D
                                0.76           1.18 f        -0.42  (VIOLATED)
   if_stage_inst/btb_inst/btb_reg[13][TARGET][13]/D
                                0.76           1.18 f        -0.42  (VIOLATED)
   if_stage_inst/btb_inst/btb_reg[13][TARGET][14]/D
                                0.76           1.18 f        -0.42  (VIOLATED)
   if_stage_inst/btb_inst/btb_reg[13][TARGET][16]/D
                                0.76           1.18 f        -0.42  (VIOLATED)
   if_stage_inst/btb_inst/btb_reg[13][TARGET][17]/D
                                0.76           1.18 f        -0.42  (VIOLATED)
   if_stage_inst/btb_inst/btb_reg[13][TARGET][18]/D
                                0.76           1.18 f        -0.42  (VIOLATED)
   if_stage_inst/btb_inst/btb_reg[13][TARGET][19]/D
                                0.76           1.18 f        -0.42  (VIOLATED)
   if_stage_inst/btb_inst/btb_reg[13][TARGET][20]/D
                                0.76           1.18 f        -0.42  (VIOLATED)
   if_stage_inst/btb_inst/btb_reg[13][TARGET][21]/D
                                0.76           1.18 f        -0.42  (VIOLATED)
   if_stage_inst/btb_inst/btb_reg[13][TARGET][24]/D
                                0.76           1.18 f        -0.42  (VIOLATED)
   if_stage_inst/btb_inst/btb_reg[13][TARGET][26]/D
                                0.76           1.18 f        -0.42  (VIOLATED)
   if_stage_inst/btb_inst/btb_reg[13][TARGET][27]/D
                                0.76           1.18 f        -0.42  (VIOLATED)
   if_stage_inst/btb_inst/btb_reg[13][TARGET][28]/D
                                0.76           1.18 f        -0.42  (VIOLATED)
   R_2572/D                     0.77           1.19 r        -0.42  (VIOLATED)
   R_1571/D                     0.76           1.18 f        -0.42  (VIOLATED)
   R_1488/D                     0.76           1.18 f        -0.42  (VIOLATED)
   R_2083/D                     0.76           1.18 f        -0.42  (VIOLATED)
   R_1628/D                     0.77           1.19 r        -0.42  (VIOLATED)
   if_stage_inst/btb_inst/btb_reg[12][TARGET][28]/D
                                0.76           1.18 f        -0.42  (VIOLATED)
   if_stage_inst/btb_inst/btb_reg[6][TARGET][28]/D
                                0.76           1.18 f        -0.42  (VIOLATED)
   if_stage_inst/btb_inst/btb_reg[1][TARGET][28]/D
                                0.76           1.18 f        -0.42  (VIOLATED)
   if_stage_inst/btb_inst/btb_reg[12][TARGET][6]/D
                                0.76           1.18 f        -0.42  (VIOLATED)
   if_stage_inst/btb_inst/btb_reg[11][TARGET][28]/D
                                0.76           1.18 f        -0.42  (VIOLATED)
   if_stage_inst/btb_inst/btb_reg[1][TARGET][6]/D
                                0.76           1.18 f        -0.42  (VIOLATED)
   if_stage_inst/btb_inst/btb_reg[8][TARGET][28]/D
                                0.76           1.18 f        -0.42  (VIOLATED)
   if_stage_inst/btb_inst/btb_reg[10][TARGET][28]/D
                                0.76           1.18 f        -0.42  (VIOLATED)
   if_stage_inst/btb_inst/btb_reg[0][TARGET][28]/D
                                0.76           1.18 f        -0.42  (VIOLATED)
   if_stage_inst/btb_inst/btb_reg[2][TARGET][28]/D
                                0.76           1.18 f        -0.42  (VIOLATED)
   if_stage_inst/btb_inst/btb_reg[3][TARGET][28]/D
                                0.76           1.18 f        -0.42  (VIOLATED)
   if_stage_inst/btb_inst/btb_reg[4][TARGET][28]/D
                                0.76           1.18 f        -0.42  (VIOLATED)
   if_stage_inst/btb_inst/btb_reg[7][TARGET][28]/D
                                0.76           1.18 f        -0.42  (VIOLATED)
   if_stage_inst/btb_inst/btb_reg[14][TARGET][28]/D
                                0.76           1.18 f        -0.42  (VIOLATED)
   if_stage_inst/btb_inst/btb_reg[15][TARGET][28]/D
                                0.76           1.18 f        -0.42  (VIOLATED)
   if_stage_inst/btb_inst/btb_reg[8][TARGET][6]/D
                                0.76           1.18 f        -0.42  (VIOLATED)
   if_stage_inst/btb_inst/btb_reg[11][TARGET][6]/D
                                0.76           1.18 f        -0.42  (VIOLATED)
   if_stage_inst/btb_inst/btb_reg[0][TARGET][6]/D
                                0.76           1.18 f        -0.42  (VIOLATED)
   if_stage_inst/btb_inst/btb_reg[2][TARGET][6]/D
                                0.76           1.18 f        -0.42  (VIOLATED)
   if_stage_inst/btb_inst/btb_reg[3][TARGET][6]/D
                                0.76           1.18 f        -0.42  (VIOLATED)
   if_stage_inst/btb_inst/btb_reg[4][TARGET][6]/D
                                0.76           1.18 f        -0.42  (VIOLATED)
   if_stage_inst/btb_inst/btb_reg[6][TARGET][6]/D
                                0.76           1.18 f        -0.42  (VIOLATED)
   if_stage_inst/btb_inst/btb_reg[7][TARGET][6]/D
                                0.76           1.18 f        -0.42  (VIOLATED)
   if_stage_inst/btb_inst/btb_reg[10][TARGET][6]/D
                                0.76           1.18 f        -0.42  (VIOLATED)
   if_stage_inst/btb_inst/btb_reg[14][TARGET][6]/D
                                0.76           1.18 f        -0.42  (VIOLATED)
   if_stage_inst/btb_inst/btb_reg[15][TARGET][6]/D
                                0.76           1.18 f        -0.42  (VIOLATED)
   ex_stage_inst/mult_pp_inst/tree_i/layer_4_r_reg[1][10]/D
                                0.76           1.18 f        -0.42  (VIOLATED)
   R_2524/D                     0.76           1.18 f        -0.42  (VIOLATED)
   R_2544/D                     0.77           1.18 r        -0.42  (VIOLATED)
   if_stage_inst/btb_inst/btb_reg[11][TARGET][31]/D
                                0.76           1.18 f        -0.42  (VIOLATED)
   R_1678/D                     0.76           1.17 f        -0.41  (VIOLATED)
   if_stage_inst/btb_inst/btb_reg[12][TARGET][18]/D
                                0.77           1.18 r        -0.41  (VIOLATED)
   if_stage_inst/btb_inst/btb_reg[8][TARGET][18]/D
                                0.77           1.18 r        -0.41  (VIOLATED)
   if_stage_inst/btb_inst/btb_reg[11][TARGET][18]/D
                                0.77           1.18 r        -0.41  (VIOLATED)
   if_stage_inst/btb_inst/btb_reg[6][TARGET][18]/D
                                0.77           1.18 r        -0.41  (VIOLATED)
   R_2178/D                     0.76           1.17 f        -0.41  (VIOLATED)
   if_stage_inst/btb_inst/btb_reg[3][TARGET][18]/D
                                0.77           1.18 r        -0.41  (VIOLATED)
   if_stage_inst/btb_inst/btb_reg[14][TARGET][18]/D
                                0.77           1.18 r        -0.41  (VIOLATED)
   if_stage_inst/btb_inst/btb_reg[1][TARGET][18]/D
                                0.77           1.18 r        -0.41  (VIOLATED)
   if_stage_inst/btb_inst/btb_reg[10][TARGET][18]/D
                                0.77           1.18 r        -0.41  (VIOLATED)
   if_stage_inst/btb_inst/btb_reg[2][TARGET][18]/D
                                0.77           1.18 r        -0.41  (VIOLATED)
   if_stage_inst/btb_inst/btb_reg[8][TARGET][24]/D
                                0.76           1.17 f        -0.41  (VIOLATED)
   if_stage_inst/btb_inst/btb_reg[10][TARGET][24]/D
                                0.76           1.17 f        -0.41  (VIOLATED)
   if_stage_inst/btb_inst/btb_reg[0][TARGET][24]/D
                                0.76           1.17 f        -0.41  (VIOLATED)
   if_stage_inst/btb_inst/btb_reg[1][TARGET][24]/D
                                0.76           1.17 f        -0.41  (VIOLATED)
   if_stage_inst/btb_inst/btb_reg[7][TARGET][18]/D
                                0.77           1.18 r        -0.41  (VIOLATED)
   if_stage_inst/btb_inst/btb_reg[0][TARGET][18]/D
                                0.77           1.18 r        -0.41  (VIOLATED)
   if_stage_inst/btb_inst/btb_reg[15][TARGET][18]/D
                                0.77           1.18 r        -0.41  (VIOLATED)
   if_stage_inst/btb_inst/btb_reg[4][TARGET][18]/D
                                0.77           1.18 r        -0.41  (VIOLATED)
   R_1792/D                     0.76           1.17 f        -0.41  (VIOLATED)
   ex_stage_inst/mult_pp_inst/tree_i/layer_4_r_reg[2][31]/D
                                0.76           1.18 r        -0.41  (VIOLATED)
   ex_stage_inst/mult_pp_inst/tree_i/layer_4_r_reg[0][12]/D
                                0.76           1.17 f        -0.41  (VIOLATED)
   R_1754/D                     0.77           1.18 r        -0.41  (VIOLATED)
   ex_stage_inst/mult_pp_inst/tree_i/layer_4_r_reg[2][26]/D
                                0.76           1.17 f        -0.41  (VIOLATED)
   R_1683/D                     0.77           1.18 r        -0.41  (VIOLATED)
   R_2232/D                     0.76           1.17 f        -0.41  (VIOLATED)
   R_2084/D                     0.77           1.18 r        -0.41  (VIOLATED)
   if_stage_inst/btb_inst/btb_reg[2][TARGET][24]/D
                                0.76           1.17 f        -0.41  (VIOLATED)
   if_stage_inst/btb_inst/btb_reg[7][TARGET][24]/D
                                0.76           1.17 f        -0.41  (VIOLATED)
   if_stage_inst/btb_inst/btb_reg[12][TARGET][24]/D
                                0.76           1.17 f        -0.41  (VIOLATED)
   if_stage_inst/btb_inst/btb_reg[14][TARGET][24]/D
                                0.76           1.17 f        -0.41  (VIOLATED)
   R_2336/D                     0.76           1.17 f        -0.41  (VIOLATED)
   if_stage_inst/btb_inst/btb_reg[7][TARGET][4]/D
                                0.76           1.17 f        -0.41  (VIOLATED)
   if_stage_inst/btb_inst/btb_reg[12][TARGET][4]/D
                                0.76           1.17 f        -0.41  (VIOLATED)
   if_stage_inst/btb_inst/btb_reg[0][TARGET][4]/D
                                0.76           1.17 f        -0.41  (VIOLATED)
   if_stage_inst/btb_inst/btb_reg[1][TARGET][4]/D
                                0.76           1.17 f        -0.41  (VIOLATED)
   if_stage_inst/btb_inst/btb_reg[2][TARGET][4]/D
                                0.76           1.17 f        -0.41  (VIOLATED)
   if_stage_inst/btb_inst/btb_reg[3][TARGET][4]/D
                                0.76           1.17 f        -0.41  (VIOLATED)
   if_stage_inst/btb_inst/btb_reg[4][TARGET][4]/D
                                0.76           1.17 f        -0.41  (VIOLATED)
   if_stage_inst/btb_inst/btb_reg[6][TARGET][4]/D
                                0.76           1.17 f        -0.41  (VIOLATED)
   if_stage_inst/btb_inst/btb_reg[8][TARGET][4]/D
                                0.76           1.17 f        -0.41  (VIOLATED)
   if_stage_inst/btb_inst/btb_reg[10][TARGET][4]/D
                                0.76           1.17 f        -0.41  (VIOLATED)
   if_stage_inst/btb_inst/btb_reg[11][TARGET][4]/D
                                0.76           1.17 f        -0.41  (VIOLATED)
   if_stage_inst/btb_inst/btb_reg[14][TARGET][4]/D
                                0.76           1.17 f        -0.41  (VIOLATED)
   if_stage_inst/btb_inst/btb_reg[15][TARGET][4]/D
                                0.76           1.17 f        -0.41  (VIOLATED)
   if_stage_inst/btb_inst/btb_reg[7][TARGET][21]/D
                                0.77           1.18 r        -0.41  (VIOLATED)
   if_stage_inst/btb_inst/btb_reg[12][TARGET][21]/D
                                0.77           1.18 r        -0.41  (VIOLATED)
   if_stage_inst/btb_inst/btb_reg[8][TARGET][21]/D
                                0.77           1.18 r        -0.41  (VIOLATED)
   if_stage_inst/btb_inst/btb_reg[11][TARGET][21]/D
                                0.77           1.18 r        -0.41  (VIOLATED)
   if_stage_inst/btb_inst/btb_reg[6][TARGET][21]/D
                                0.77           1.18 r        -0.41  (VIOLATED)
   if_stage_inst/btb_inst/btb_reg[10][TARGET][21]/D
                                0.77           1.18 r        -0.41  (VIOLATED)
   if_stage_inst/btb_inst/btb_reg[0][TARGET][21]/D
                                0.77           1.18 r        -0.41  (VIOLATED)
   if_stage_inst/btb_inst/btb_reg[1][TARGET][21]/D
                                0.77           1.18 r        -0.41  (VIOLATED)
   if_stage_inst/btb_inst/btb_reg[3][TARGET][21]/D
                                0.77           1.18 r        -0.41  (VIOLATED)
   if_stage_inst/btb_inst/btb_reg[15][TARGET][21]/D
                                0.77           1.18 r        -0.41  (VIOLATED)
   if_stage_inst/btb_inst/btb_reg[2][TARGET][21]/D
                                0.77           1.18 r        -0.41  (VIOLATED)
   if_stage_inst/btb_inst/btb_reg[14][TARGET][21]/D
                                0.77           1.18 r        -0.41  (VIOLATED)
   if_stage_inst/btb_inst/btb_reg[4][TARGET][21]/D
                                0.77           1.18 r        -0.41  (VIOLATED)
   R_1718/D                     0.77           1.18 r        -0.41  (VIOLATED)
   R_1722/D                     0.76           1.17 f        -0.41  (VIOLATED)
   R_2320/D                     0.77           1.17 r        -0.41  (VIOLATED)
   ex_stage_inst/mult_pp_inst/tree_i/layer_4_r_reg[1][13]/D
                                0.77           1.18 r        -0.41  (VIOLATED)
   ex_stage_inst/mult_pp_inst/tree_i/layer_4_r_reg[0][11]/D
                                0.75           1.16 f        -0.41  (VIOLATED)
   if_stage_inst/btb_inst/btb_reg[7][TARGET][25]/D
                                0.76           1.17 f        -0.41  (VIOLATED)
   if_stage_inst/btb_inst/btb_reg[11][TARGET][25]/D
                                0.76           1.17 f        -0.41  (VIOLATED)
   if_stage_inst/btb_inst/btb_reg[0][TARGET][25]/D
                                0.76           1.17 f        -0.41  (VIOLATED)
   if_stage_inst/btb_inst/btb_reg[1][TARGET][25]/D
                                0.76           1.17 f        -0.41  (VIOLATED)
   if_stage_inst/btb_inst/btb_reg[2][TARGET][25]/D
                                0.76           1.17 f        -0.41  (VIOLATED)
   if_stage_inst/btb_inst/btb_reg[3][TARGET][25]/D
                                0.76           1.17 f        -0.41  (VIOLATED)
   if_stage_inst/btb_inst/btb_reg[4][TARGET][25]/D
                                0.76           1.17 f        -0.41  (VIOLATED)
   if_stage_inst/btb_inst/btb_reg[6][TARGET][25]/D
                                0.76           1.17 f        -0.41  (VIOLATED)
   if_stage_inst/btb_inst/btb_reg[8][TARGET][25]/D
                                0.76           1.17 f        -0.41  (VIOLATED)
   if_stage_inst/btb_inst/btb_reg[10][TARGET][25]/D
                                0.76           1.17 f        -0.41  (VIOLATED)
   if_stage_inst/btb_inst/btb_reg[12][TARGET][25]/D
                                0.76           1.17 f        -0.41  (VIOLATED)
   if_stage_inst/btb_inst/btb_reg[14][TARGET][25]/D
                                0.76           1.17 f        -0.41  (VIOLATED)
   if_stage_inst/btb_inst/btb_reg[15][TARGET][25]/D
                                0.76           1.17 f        -0.41  (VIOLATED)
   R_945/D                      0.76           1.16 f        -0.41  (VIOLATED)
   R_2542/D                     0.76           1.16 f        -0.41  (VIOLATED)
   R_1750/D                     0.76           1.17 f        -0.41  (VIOLATED)
   R_1733/D                     0.77           1.17 r        -0.40  (VIOLATED)
   id_stage_inst/rs1_reg/reg_data_reg[0]/D
                                0.75           1.16 f        -0.40  (VIOLATED)
   if_stage_inst/btb_inst/btb_reg[7][TARGET][26]/D
                                0.76           1.16 f        -0.40  (VIOLATED)
   if_stage_inst/btb_inst/btb_reg[1][TARGET][26]/D
                                0.76           1.16 f        -0.40  (VIOLATED)
   if_stage_inst/btb_inst/btb_reg[8][TARGET][26]/D
                                0.76           1.16 f        -0.40  (VIOLATED)
   if_stage_inst/btb_inst/btb_reg[11][TARGET][26]/D
                                0.76           1.16 f        -0.40  (VIOLATED)
   if_stage_inst/btb_inst/btb_reg[6][TARGET][26]/D
                                0.76           1.16 f        -0.40  (VIOLATED)
   if_stage_inst/btb_inst/btb_reg[10][TARGET][26]/D
                                0.76           1.16 f        -0.40  (VIOLATED)
   if_stage_inst/btb_inst/btb_reg[0][TARGET][26]/D
                                0.76           1.16 f        -0.40  (VIOLATED)
   if_stage_inst/btb_inst/btb_reg[2][TARGET][26]/D
                                0.76           1.16 f        -0.40  (VIOLATED)
   if_stage_inst/btb_inst/btb_reg[3][TARGET][26]/D
                                0.76           1.16 f        -0.40  (VIOLATED)
   if_stage_inst/btb_inst/btb_reg[4][TARGET][26]/D
                                0.76           1.16 f        -0.40  (VIOLATED)
   if_stage_inst/btb_inst/btb_reg[12][TARGET][26]/D
                                0.76           1.16 f        -0.40  (VIOLATED)
   if_stage_inst/btb_inst/btb_reg[14][TARGET][26]/D
                                0.76           1.16 f        -0.40  (VIOLATED)
   if_stage_inst/btb_inst/btb_reg[15][TARGET][26]/D
                                0.76           1.16 f        -0.40  (VIOLATED)
   ex_stage_inst/mult_pp_inst/tree_i/layer_4_r_reg[2][27]/D
                                0.75           1.16 f        -0.40  (VIOLATED)
   R_1489/D                     0.76           1.16 f        -0.40  (VIOLATED)
   R_1780/D                     0.76           1.16 f        -0.40  (VIOLATED)
   if_stage_inst/btb_inst/btb_reg[7][TAG][0]/D
                                0.76           1.16 f        -0.40  (VIOLATED)
   if_stage_inst/btb_inst/btb_reg[7][TAG][1]/D
                                0.76           1.16 f        -0.40  (VIOLATED)
   if_stage_inst/btb_inst/btb_reg[7][TAG][3]/D
                                0.76           1.16 f        -0.40  (VIOLATED)
   if_stage_inst/btb_inst/btb_reg[7][TAG][8]/D
                                0.76           1.16 f        -0.40  (VIOLATED)
   if_stage_inst/btb_inst/btb_reg[7][TAG][11]/D
                                0.76           1.16 f        -0.40  (VIOLATED)
   if_stage_inst/btb_inst/btb_reg[7][TAG][19]/D
                                0.76           1.16 f        -0.40  (VIOLATED)
   if_stage_inst/btb_inst/btb_reg[7][TAG][22]/D
                                0.76           1.16 f        -0.40  (VIOLATED)
   if_stage_inst/btb_inst/btb_reg[7][TAG][23]/D
                                0.76           1.16 f        -0.40  (VIOLATED)
   if_stage_inst/btb_inst/btb_reg[7][TAG][25]/D
                                0.76           1.16 f        -0.40  (VIOLATED)
   if_stage_inst/btb_inst/btb_reg[7][TARGET][7]/D
                                0.76           1.16 f        -0.40  (VIOLATED)
   if_stage_inst/btb_inst/btb_reg[7][TARGET][11]/D
                                0.76           1.16 f        -0.40  (VIOLATED)
   if_stage_inst/btb_inst/btb_reg[7][TARGET][14]/D
                                0.76           1.16 f        -0.40  (VIOLATED)
   if_stage_inst/btb_inst/btb_reg[7][TARGET][16]/D
                                0.76           1.16 f        -0.40  (VIOLATED)
   if_stage_inst/btb_inst/btb_reg[7][TARGET][20]/D
                                0.76           1.16 f        -0.40  (VIOLATED)
   if_stage_inst/btb_inst/btb_reg[7][TARGET][27]/D
                                0.76           1.16 f        -0.40  (VIOLATED)
   if_stage_inst/btb_inst/btb_reg[12][TAG][4]/D
                                0.76           1.16 f        -0.40  (VIOLATED)
   if_stage_inst/btb_inst/btb_reg[12][TAG][5]/D
                                0.76           1.16 f        -0.40  (VIOLATED)
   if_stage_inst/btb_inst/btb_reg[12][TAG][9]/D
                                0.76           1.16 f        -0.40  (VIOLATED)
   if_stage_inst/btb_inst/btb_reg[12][TAG][10]/D
                                0.76           1.16 f        -0.40  (VIOLATED)
   if_stage_inst/btb_inst/btb_reg[12][TAG][17]/D
                                0.76           1.16 f        -0.40  (VIOLATED)
   if_stage_inst/btb_inst/btb_reg[12][TAG][18]/D
                                0.76           1.16 f        -0.40  (VIOLATED)
   if_stage_inst/btb_inst/btb_reg[12][TAG][20]/D
                                0.76           1.16 f        -0.40  (VIOLATED)
   if_stage_inst/btb_inst/btb_reg[12][TAG][21]/D
                                0.76           1.16 f        -0.40  (VIOLATED)
   if_stage_inst/btb_inst/btb_reg[12][TARGET][3]/D
                                0.76           1.16 f        -0.40  (VIOLATED)
   if_stage_inst/btb_inst/btb_reg[12][TARGET][5]/D
                                0.76           1.16 f        -0.40  (VIOLATED)
   R_2243/D                     0.76           1.16 f        -0.40  (VIOLATED)
   ex_stage_inst/mult_pp_inst/tree_i/layer_4_r_reg[2][30]/D
                                0.77           1.17 r        -0.40  (VIOLATED)
   id_stage_inst/reg_file_inst/reg_file_reg[15][0]/D
                                0.76           1.16 f        -0.40  (VIOLATED)
   id_stage_inst/reg_file_inst/reg_file_reg[15][1]/D
                                0.76           1.16 f        -0.40  (VIOLATED)
   id_stage_inst/reg_file_inst/reg_file_reg[15][2]/D
                                0.76           1.16 f        -0.40  (VIOLATED)
   id_stage_inst/reg_file_inst/reg_file_reg[15][3]/D
                                0.76           1.16 f        -0.40  (VIOLATED)
   id_stage_inst/reg_file_inst/reg_file_reg[15][4]/D
                                0.76           1.16 f        -0.40  (VIOLATED)
   id_stage_inst/reg_file_inst/reg_file_reg[15][5]/D
                                0.76           1.16 f        -0.40  (VIOLATED)
   id_stage_inst/reg_file_inst/reg_file_reg[15][6]/D
                                0.76           1.16 f        -0.40  (VIOLATED)
   id_stage_inst/reg_file_inst/reg_file_reg[15][7]/D
                                0.76           1.16 f        -0.40  (VIOLATED)
   id_stage_inst/reg_file_inst/reg_file_reg[15][8]/D
                                0.76           1.16 f        -0.40  (VIOLATED)
   id_stage_inst/reg_file_inst/reg_file_reg[15][9]/D
                                0.76           1.16 f        -0.40  (VIOLATED)
   id_stage_inst/reg_file_inst/reg_file_reg[15][10]/D
                                0.76           1.16 f        -0.40  (VIOLATED)
   id_stage_inst/reg_file_inst/reg_file_reg[15][11]/D
                                0.76           1.16 f        -0.40  (VIOLATED)
   id_stage_inst/reg_file_inst/reg_file_reg[15][12]/D
                                0.76           1.16 f        -0.40  (VIOLATED)
   id_stage_inst/reg_file_inst/reg_file_reg[15][13]/D
                                0.76           1.16 f        -0.40  (VIOLATED)
   id_stage_inst/reg_file_inst/reg_file_reg[15][14]/D
                                0.76           1.16 f        -0.40  (VIOLATED)
   id_stage_inst/reg_file_inst/reg_file_reg[15][15]/D
                                0.76           1.16 f        -0.40  (VIOLATED)
   id_stage_inst/reg_file_inst/reg_file_reg[15][16]/D
                                0.76           1.16 f        -0.40  (VIOLATED)
   id_stage_inst/reg_file_inst/reg_file_reg[15][17]/D
                                0.76           1.16 f        -0.40  (VIOLATED)
   id_stage_inst/reg_file_inst/reg_file_reg[15][18]/D
                                0.76           1.16 f        -0.40  (VIOLATED)
   id_stage_inst/reg_file_inst/reg_file_reg[15][19]/D
                                0.76           1.16 f        -0.40  (VIOLATED)
   id_stage_inst/reg_file_inst/reg_file_reg[15][20]/D
                                0.76           1.16 f        -0.40  (VIOLATED)
   id_stage_inst/reg_file_inst/reg_file_reg[15][21]/D
                                0.76           1.16 f        -0.40  (VIOLATED)
   id_stage_inst/reg_file_inst/reg_file_reg[15][22]/D
                                0.76           1.16 f        -0.40  (VIOLATED)
   id_stage_inst/reg_file_inst/reg_file_reg[15][23]/D
                                0.76           1.16 f        -0.40  (VIOLATED)
   id_stage_inst/reg_file_inst/reg_file_reg[15][24]/D
                                0.76           1.16 f        -0.40  (VIOLATED)
   id_stage_inst/reg_file_inst/reg_file_reg[15][25]/D
                                0.76           1.16 f        -0.40  (VIOLATED)
   id_stage_inst/reg_file_inst/reg_file_reg[15][26]/D
                                0.76           1.16 f        -0.40  (VIOLATED)
   id_stage_inst/reg_file_inst/reg_file_reg[15][27]/D
                                0.76           1.16 f        -0.40  (VIOLATED)
   id_stage_inst/reg_file_inst/reg_file_reg[15][28]/D
                                0.76           1.16 f        -0.40  (VIOLATED)
   id_stage_inst/reg_file_inst/reg_file_reg[15][29]/D
                                0.76           1.16 f        -0.40  (VIOLATED)
   id_stage_inst/reg_file_inst/reg_file_reg[15][30]/D
                                0.76           1.16 f        -0.40  (VIOLATED)
   id_stage_inst/reg_file_inst/reg_file_reg[15][31]/D
                                0.76           1.16 f        -0.40  (VIOLATED)
   if_stage_inst/btb_inst/btb_reg[0][TARGET][20]/D
                                0.76           1.16 f        -0.40  (VIOLATED)
   if_stage_inst/btb_inst/btb_reg[11][TARGET][20]/D
                                0.76           1.16 f        -0.40  (VIOLATED)
   if_stage_inst/btb_inst/btb_reg[1][TARGET][20]/D
                                0.76           1.16 f        -0.40  (VIOLATED)
   if_stage_inst/btb_inst/btb_reg[2][TARGET][20]/D
                                0.76           1.16 f        -0.40  (VIOLATED)
   if_stage_inst/btb_inst/btb_reg[3][TARGET][20]/D
                                0.76           1.16 f        -0.40  (VIOLATED)
   if_stage_inst/btb_inst/btb_reg[4][TARGET][20]/D
                                0.76           1.16 f        -0.40  (VIOLATED)
   if_stage_inst/btb_inst/btb_reg[6][TARGET][20]/D
                                0.76           1.16 f        -0.40  (VIOLATED)
   if_stage_inst/btb_inst/btb_reg[8][TARGET][20]/D
                                0.76           1.16 f        -0.40  (VIOLATED)
   if_stage_inst/btb_inst/btb_reg[10][TARGET][20]/D
                                0.76           1.16 f        -0.40  (VIOLATED)
   if_stage_inst/btb_inst/btb_reg[12][TARGET][20]/D
                                0.76           1.16 f        -0.40  (VIOLATED)
   if_stage_inst/btb_inst/btb_reg[14][TARGET][20]/D
                                0.76           1.16 f        -0.40  (VIOLATED)
   if_stage_inst/btb_inst/btb_reg[15][TARGET][20]/D
                                0.76           1.16 f        -0.40  (VIOLATED)
   ex_stage_inst/mult_pp_inst/tree_i/layer_4_r_reg[3][31]/D
                                0.77           1.17 r        -0.40  (VIOLATED)
   R_2318/D                     0.77           1.17 r        -0.40  (VIOLATED)
   if_stage_inst/btb_inst/btb_reg[8][TARGET][11]/D
                                0.77           1.17 r        -0.40  (VIOLATED)
   if_stage_inst/btb_inst/btb_reg[11][TARGET][11]/D
                                0.77           1.17 r        -0.40  (VIOLATED)
   if_stage_inst/btb_inst/btb_reg[11][TARGET][5]/D
                                0.77           1.17 r        -0.40  (VIOLATED)
   if_stage_inst/btb_inst/btb_reg[6][TARGET][11]/D
                                0.77           1.17 r        -0.40  (VIOLATED)
   if_stage_inst/btb_inst/btb_reg[10][TARGET][11]/D
                                0.77           1.17 r        -0.40  (VIOLATED)
   if_stage_inst/btb_inst/btb_reg[8][TARGET][5]/D
                                0.77           1.17 r        -0.40  (VIOLATED)
   if_stage_inst/btb_inst/btb_reg[1][TARGET][19]/D
                                0.76           1.16 f        -0.40  (VIOLATED)
   if_stage_inst/btb_inst/btb_reg[0][TARGET][11]/D
                                0.77           1.17 r        -0.40  (VIOLATED)
   if_stage_inst/btb_inst/btb_reg[1][TARGET][11]/D
                                0.77           1.17 r        -0.40  (VIOLATED)
   if_stage_inst/btb_inst/btb_reg[6][TARGET][5]/D
                                0.77           1.17 r        -0.40  (VIOLATED)
   if_stage_inst/btb_inst/btb_reg[10][TARGET][5]/D
                                0.77           1.17 r        -0.40  (VIOLATED)
   if_stage_inst/btb_inst/btb_reg[3][TARGET][11]/D
                                0.77           1.17 r        -0.40  (VIOLATED)
   if_stage_inst/btb_inst/btb_reg[11][TARGET][19]/D
                                0.76           1.16 f        -0.40  (VIOLATED)
   if_stage_inst/btb_inst/btb_reg[15][TARGET][11]/D
                                0.77           1.17 r        -0.40  (VIOLATED)
   if_stage_inst/btb_inst/btb_reg[0][TARGET][5]/D
                                0.77           1.17 r        -0.40  (VIOLATED)
   if_stage_inst/btb_inst/btb_reg[14][TARGET][5]/D
                                0.77           1.17 r        -0.40  (VIOLATED)
   if_stage_inst/btb_inst/btb_reg[1][TARGET][5]/D
                                0.77           1.17 r        -0.40  (VIOLATED)
   if_stage_inst/btb_inst/btb_reg[0][TARGET][19]/D
                                0.76           1.16 f        -0.40  (VIOLATED)
   if_stage_inst/btb_inst/btb_reg[2][TARGET][19]/D
                                0.76           1.16 f        -0.40  (VIOLATED)
   if_stage_inst/btb_inst/btb_reg[3][TARGET][19]/D
                                0.76           1.16 f        -0.40  (VIOLATED)
   if_stage_inst/btb_inst/btb_reg[4][TARGET][19]/D
                                0.76           1.16 f        -0.40  (VIOLATED)
   if_stage_inst/btb_inst/btb_reg[6][TARGET][19]/D
                                0.76           1.16 f        -0.40  (VIOLATED)
   if_stage_inst/btb_inst/btb_reg[7][TARGET][19]/D
                                0.76           1.16 f        -0.40  (VIOLATED)
   if_stage_inst/btb_inst/btb_reg[8][TARGET][19]/D
                                0.76           1.16 f        -0.40  (VIOLATED)
   if_stage_inst/btb_inst/btb_reg[10][TARGET][19]/D
                                0.76           1.16 f        -0.40  (VIOLATED)
   if_stage_inst/btb_inst/btb_reg[12][TARGET][19]/D
                                0.76           1.16 f        -0.40  (VIOLATED)
   if_stage_inst/btb_inst/btb_reg[14][TARGET][19]/D
                                0.76           1.16 f        -0.40  (VIOLATED)
   if_stage_inst/btb_inst/btb_reg[15][TARGET][19]/D
                                0.76           1.16 f        -0.40  (VIOLATED)
   if_stage_inst/btb_inst/btb_reg[3][TARGET][5]/D
                                0.77           1.17 r        -0.40  (VIOLATED)
   if_stage_inst/btb_inst/btb_reg[2][TARGET][11]/D
                                0.77           1.17 r        -0.40  (VIOLATED)
   if_stage_inst/btb_inst/btb_reg[15][TARGET][5]/D
                                0.77           1.17 r        -0.40  (VIOLATED)
   if_stage_inst/btb_inst/btb_reg[12][TARGET][11]/D
                                0.77           1.17 r        -0.40  (VIOLATED)
   if_stage_inst/btb_inst/btb_reg[2][TARGET][5]/D
                                0.77           1.17 r        -0.40  (VIOLATED)
   R_2260/D                     0.76           1.16 f        -0.40  (VIOLATED)
   if_stage_inst/btb_inst/btb_reg[14][TARGET][11]/D
                                0.77           1.17 r        -0.40  (VIOLATED)
   if_stage_inst/btb_inst/btb_reg[4][TARGET][11]/D
                                0.77           1.17 r        -0.40  (VIOLATED)
   if_stage_inst/btb_inst/btb_reg[7][TARGET][5]/D
                                0.77           1.17 r        -0.40  (VIOLATED)
   if_stage_inst/btb_inst/btb_reg[1][TARGET][3]/D
                                0.77           1.17 r        -0.40  (VIOLATED)
   if_stage_inst/btb_inst/btb_reg[8][TARGET][3]/D
                                0.77           1.17 r        -0.40  (VIOLATED)
   if_stage_inst/btb_inst/btb_reg[11][TARGET][3]/D
                                0.77           1.17 r        -0.40  (VIOLATED)
   if_stage_inst/btb_inst/btb_reg[0][TARGET][3]/D
                                0.77           1.17 r        -0.40  (VIOLATED)
   if_stage_inst/btb_inst/btb_reg[15][TARGET][3]/D
                                0.77           1.17 r        -0.40  (VIOLATED)
   if_stage_inst/btb_inst/btb_reg[10][TARGET][3]/D
                                0.77           1.17 r        -0.40  (VIOLATED)
   if_stage_inst/btb_inst/btb_reg[2][TARGET][3]/D
                                0.77           1.17 r        -0.40  (VIOLATED)
   if_stage_inst/btb_inst/btb_reg[6][TARGET][3]/D
                                0.77           1.17 r        -0.40  (VIOLATED)
   if_stage_inst/btb_inst/btb_reg[14][TARGET][3]/D
                                0.77           1.17 r        -0.40  (VIOLATED)
   if_stage_inst/btb_inst/btb_reg[3][TARGET][3]/D
                                0.77           1.17 r        -0.40  (VIOLATED)
   if_stage_inst/btb_inst/btb_reg[7][TARGET][3]/D
                                0.77           1.17 r        -0.40  (VIOLATED)
   if_stage_inst/btb_inst/btb_reg[4][TARGET][3]/D
                                0.77           1.17 r        -0.40  (VIOLATED)
   R_1805/D                     0.76           1.16 f        -0.40  (VIOLATED)
   if_stage_inst/btb_inst/btb_reg[6][TARGET][27]/D
                                0.76           1.16 f        -0.40  (VIOLATED)
   if_stage_inst/btb_inst/btb_reg[8][TARGET][27]/D
                                0.76           1.16 f        -0.40  (VIOLATED)
   if_stage_inst/btb_inst/btb_reg[10][TARGET][27]/D
                                0.76           1.16 f        -0.40  (VIOLATED)
   if_stage_inst/btb_inst/btb_reg[11][TARGET][27]/D
                                0.76           1.16 f        -0.40  (VIOLATED)
   if_stage_inst/btb_inst/btb_reg[0][TARGET][27]/D
                                0.76           1.16 f        -0.40  (VIOLATED)
   if_stage_inst/btb_inst/btb_reg[1][TARGET][27]/D
                                0.76           1.16 f        -0.40  (VIOLATED)
   if_stage_inst/btb_inst/btb_reg[2][TARGET][27]/D
                                0.76           1.16 f        -0.40  (VIOLATED)
   if_stage_inst/btb_inst/btb_reg[3][TARGET][27]/D
                                0.76           1.16 f        -0.40  (VIOLATED)
   if_stage_inst/btb_inst/btb_reg[4][TARGET][27]/D
                                0.76           1.16 f        -0.40  (VIOLATED)
   if_stage_inst/btb_inst/btb_reg[12][TARGET][27]/D
                                0.76           1.16 f        -0.40  (VIOLATED)
   if_stage_inst/btb_inst/btb_reg[14][TARGET][27]/D
                                0.76           1.16 f        -0.40  (VIOLATED)
   if_stage_inst/btb_inst/btb_reg[15][TARGET][27]/D
                                0.76           1.16 f        -0.40  (VIOLATED)
   R_2558/D                     0.76           1.15 r        -0.40  (VIOLATED)
   if_stage_inst/btb_inst/btb_reg[8][TARGET][8]/D
                                0.76           1.15 f        -0.40  (VIOLATED)
   if_stage_inst/btb_inst/btb_reg[11][TARGET][8]/D
                                0.76           1.15 f        -0.40  (VIOLATED)
   if_stage_inst/btb_inst/btb_reg[6][TARGET][8]/D
                                0.76           1.15 f        -0.40  (VIOLATED)
   if_stage_inst/btb_inst/btb_reg[10][TARGET][8]/D
                                0.76           1.15 f        -0.40  (VIOLATED)
   if_stage_inst/btb_inst/btb_reg[0][TARGET][8]/D
                                0.76           1.15 f        -0.40  (VIOLATED)
   if_stage_inst/btb_inst/btb_reg[1][TARGET][8]/D
                                0.76           1.15 f        -0.40  (VIOLATED)
   if_stage_inst/btb_inst/btb_reg[2][TARGET][8]/D
                                0.76           1.15 f        -0.40  (VIOLATED)
   if_stage_inst/btb_inst/btb_reg[3][TARGET][8]/D
                                0.76           1.15 f        -0.40  (VIOLATED)
   if_stage_inst/btb_inst/btb_reg[4][TARGET][8]/D
                                0.76           1.15 f        -0.40  (VIOLATED)
   if_stage_inst/btb_inst/btb_reg[7][TARGET][8]/D
                                0.76           1.15 f        -0.40  (VIOLATED)
   if_stage_inst/btb_inst/btb_reg[12][TARGET][8]/D
                                0.76           1.15 f        -0.40  (VIOLATED)
   if_stage_inst/btb_inst/btb_reg[14][TARGET][8]/D
                                0.76           1.15 f        -0.40  (VIOLATED)
   if_stage_inst/btb_inst/btb_reg[15][TARGET][8]/D
                                0.76           1.15 f        -0.40  (VIOLATED)
   if_stage_inst/btb_inst/btb_reg[0][TARGET][7]/D
                                0.76           1.15 f        -0.40  (VIOLATED)
   if_stage_inst/btb_inst/btb_reg[1][TARGET][7]/D
                                0.76           1.15 f        -0.40  (VIOLATED)
   if_stage_inst/btb_inst/btb_reg[2][TARGET][7]/D
                                0.76           1.15 f        -0.40  (VIOLATED)
   if_stage_inst/btb_inst/btb_reg[3][TARGET][7]/D
                                0.76           1.15 f        -0.40  (VIOLATED)
   if_stage_inst/btb_inst/btb_reg[4][TARGET][7]/D
                                0.76           1.15 f        -0.40  (VIOLATED)
   if_stage_inst/btb_inst/btb_reg[6][TARGET][7]/D
                                0.76           1.15 f        -0.40  (VIOLATED)
   if_stage_inst/btb_inst/btb_reg[8][TARGET][7]/D
                                0.76           1.15 f        -0.40  (VIOLATED)
   if_stage_inst/btb_inst/btb_reg[10][TARGET][7]/D
                                0.76           1.15 f        -0.40  (VIOLATED)
   if_stage_inst/btb_inst/btb_reg[11][TARGET][7]/D
                                0.76           1.15 f        -0.40  (VIOLATED)
   if_stage_inst/btb_inst/btb_reg[12][TARGET][7]/D
                                0.76           1.15 f        -0.40  (VIOLATED)
   if_stage_inst/btb_inst/btb_reg[14][TARGET][7]/D
                                0.76           1.15 f        -0.40  (VIOLATED)
   if_stage_inst/btb_inst/btb_reg[15][TARGET][7]/D
                                0.76           1.15 f        -0.40  (VIOLATED)
   R_1137/D                     0.77           1.16 r        -0.40  (VIOLATED)
   R_1689/D                     0.76           1.16 f        -0.39  (VIOLATED)
   R_1176/D                     0.76           1.15 f        -0.39  (VIOLATED)
   R_1669/D                     0.77           1.16 r        -0.39  (VIOLATED)
   R_2314/D                     0.77           1.16 r        -0.39  (VIOLATED)
   R_1897/D                     0.77           1.16 r        -0.39  (VIOLATED)
   R_2335/D                     0.76           1.15 f        -0.39  (VIOLATED)
   R_1798/D                     0.77           1.16 r        -0.39  (VIOLATED)
   R_2041/D                     0.76           1.15 f        -0.39  (VIOLATED)
   if_stage_inst/btb_inst/btb_reg[6][TARGET][12]/D
                                0.76           1.15 f        -0.39  (VIOLATED)
   if_stage_inst/btb_inst/btb_reg[6][TAG][2]/D
                                0.76           1.15 f        -0.39  (VIOLATED)
   if_stage_inst/btb_inst/btb_reg[6][TAG][4]/D
                                0.76           1.15 f        -0.39  (VIOLATED)
   if_stage_inst/btb_inst/btb_reg[6][TAG][10]/D
                                0.76           1.15 f        -0.39  (VIOLATED)
   if_stage_inst/btb_inst/btb_reg[6][TAG][12]/D
                                0.76           1.15 f        -0.39  (VIOLATED)
   if_stage_inst/btb_inst/btb_reg[6][TAG][14]/D
                                0.76           1.15 f        -0.39  (VIOLATED)
   if_stage_inst/btb_inst/btb_reg[6][TAG][17]/D
                                0.76           1.15 f        -0.39  (VIOLATED)
   if_stage_inst/btb_inst/btb_reg[6][TAG][22]/D
                                0.76           1.15 f        -0.39  (VIOLATED)
   if_stage_inst/btb_inst/btb_reg[6][TARGET][1]/D
                                0.76           1.15 f        -0.39  (VIOLATED)
   if_stage_inst/btb_inst/btb_reg[6][TARGET][13]/D
                                0.76           1.15 f        -0.39  (VIOLATED)
   if_stage_inst/btb_inst/btb_reg[6][TARGET][14]/D
                                0.76           1.15 f        -0.39  (VIOLATED)
   id_stage_inst/rs1_reg/reg_data_reg[30]/D
                                0.75           1.15 f        -0.39  (VIOLATED)
   R_1711/D                     0.76           1.15 f        -0.39  (VIOLATED)
   R_832/D                      0.77           1.16 r        -0.39  (VIOLATED)
   R_1716/D                     0.77           1.16 r        -0.39  (VIOLATED)
   R_1703/D                     0.77           1.16 r        -0.39  (VIOLATED)
   if_stage_inst/btb_inst/btb_reg[1][TAG][1]/D
                                0.76           1.15 f        -0.39  (VIOLATED)
   if_stage_inst/btb_inst/btb_reg[1][TAG][6]/D
                                0.76           1.15 f        -0.39  (VIOLATED)
   if_stage_inst/btb_inst/btb_reg[1][TAG][7]/D
                                0.76           1.15 f        -0.39  (VIOLATED)
   if_stage_inst/btb_inst/btb_reg[1][TAG][12]/D
                                0.76           1.15 f        -0.39  (VIOLATED)
   if_stage_inst/btb_inst/btb_reg[1][TAG][15]/D
                                0.76           1.15 f        -0.39  (VIOLATED)
   if_stage_inst/btb_inst/btb_reg[1][TAG][18]/D
                                0.76           1.15 f        -0.39  (VIOLATED)
   if_stage_inst/btb_inst/btb_reg[1][TAG][20]/D
                                0.76           1.15 f        -0.39  (VIOLATED)
   if_stage_inst/btb_inst/btb_reg[1][TARGET][9]/D
                                0.76           1.15 f        -0.39  (VIOLATED)
   if_stage_inst/btb_inst/btb_reg[1][TARGET][10]/D
                                0.76           1.15 f        -0.39  (VIOLATED)
   ex_stage_inst/mult_pp_inst/tree_i/layer_4_r_reg[0][10]/D
                                0.76           1.16 r        -0.39  (VIOLATED)
   R_2605/D                     0.77           1.16 r        -0.39  (VIOLATED)
   ex_stage_inst/mult_pp_inst/tree_i/layer_4_r_reg[3][25]/D
                                0.77           1.16 r        -0.39  (VIOLATED)
   R_2557/D                     0.77           1.16 r        -0.39  (VIOLATED)
   if_stage_inst/btb_inst/btb_reg[2][TAG][18]/D
                                0.76           1.15 f        -0.39  (VIOLATED)
   if_stage_inst/btb_inst/btb_reg[2][TAG][16]/D
                                0.76           1.15 f        -0.39  (VIOLATED)
   if_stage_inst/btb_inst/btb_reg[2][TAG][24]/D
                                0.76           1.15 f        -0.39  (VIOLATED)
   if_stage_inst/btb_inst/btb_reg[2][TARGET][14]/D
                                0.76           1.15 f        -0.39  (VIOLATED)
   if_stage_inst/btb_inst/btb_reg[2][TAG][3]/D
                                0.76           1.15 f        -0.39  (VIOLATED)
   if_stage_inst/btb_inst/btb_reg[2][TARGET][13]/D
                                0.76           1.15 f        -0.39  (VIOLATED)
   if_stage_inst/btb_inst/btb_reg[2][TAG][1]/D
                                0.76           1.15 f        -0.39  (VIOLATED)
   if_stage_inst/btb_inst/btb_reg[2][TAG][4]/D
                                0.76           1.15 f        -0.39  (VIOLATED)
   R_74/D                       0.77           1.16 r        -0.39  (VIOLATED)
   if_stage_inst/pc_plus4_reg/reg_data_reg[31]/D
                                0.75           1.14 f        -0.39  (VIOLATED)
   ex_stage_inst/mult_pp_inst/tree_i/layer_4_r_reg[3][29]/D
                                0.77           1.16 r        -0.39  (VIOLATED)
   if_stage_inst/btb_inst/btb_reg[11][TARGET][13]/D
                                0.77           1.16 r        -0.39  (VIOLATED)
   if_stage_inst/btb_inst/btb_reg[8][TARGET][13]/D
                                0.77           1.16 r        -0.39  (VIOLATED)
   if_stage_inst/btb_inst/btb_reg[10][TARGET][13]/D
                                0.77           1.16 r        -0.39  (VIOLATED)
   if_stage_inst/btb_inst/R_2514/D
                                0.77           1.16 r        -0.39  (VIOLATED)
   if_stage_inst/btb_inst/btb_reg[0][TARGET][13]/D
                                0.77           1.16 r        -0.39  (VIOLATED)
   if_stage_inst/btb_inst/btb_reg[3][TARGET][13]/D
                                0.77           1.16 r        -0.39  (VIOLATED)
   if_stage_inst/btb_inst/btb_reg[1][TARGET][13]/D
                                0.77           1.16 r        -0.39  (VIOLATED)
   if_stage_inst/btb_inst/btb_reg[15][TARGET][13]/D
                                0.77           1.16 r        -0.39  (VIOLATED)
   if_stage_inst/btb_inst/btb_reg[14][TARGET][13]/D
                                0.77           1.16 r        -0.39  (VIOLATED)
   if_stage_inst/btb_inst/btb_reg[10][TARGET][1]/D
                                0.77           1.16 r        -0.39  (VIOLATED)
   if_stage_inst/btb_inst/btb_reg[11][TARGET][1]/D
                                0.77           1.16 r        -0.39  (VIOLATED)
   if_stage_inst/btb_inst/btb_reg[8][TARGET][1]/D
                                0.77           1.16 r        -0.39  (VIOLATED)
   if_stage_inst/btb_inst/btb_reg[7][TARGET][13]/D
                                0.77           1.16 r        -0.39  (VIOLATED)
   if_stage_inst/btb_inst/btb_reg[12][TARGET][13]/D
                                0.77           1.16 r        -0.39  (VIOLATED)
   if_stage_inst/btb_inst/btb_reg[4][TARGET][13]/D
                                0.77           1.16 r        -0.39  (VIOLATED)
   if_stage_inst/btb_inst/btb_reg[0][TARGET][1]/D
                                0.77           1.16 r        -0.39  (VIOLATED)
   if_stage_inst/btb_inst/btb_reg[1][TARGET][1]/D
                                0.77           1.16 r        -0.39  (VIOLATED)
   if_stage_inst/btb_inst/btb_reg[14][TARGET][1]/D
                                0.77           1.16 r        -0.39  (VIOLATED)
   if_stage_inst/btb_inst/btb_reg[15][TARGET][1]/D
                                0.77           1.16 r        -0.39  (VIOLATED)
   if_stage_inst/btb_inst/btb_reg[2][TARGET][1]/D
                                0.77           1.16 r        -0.39  (VIOLATED)
   id_stage_inst/reg_file_inst/reg_file_reg[24][1]/D
                                0.76           1.15 f        -0.39  (VIOLATED)
   id_stage_inst/reg_file_inst/reg_file_reg[24][2]/D
                                0.76           1.15 f        -0.39  (VIOLATED)
   id_stage_inst/reg_file_inst/reg_file_reg[24][3]/D
                                0.76           1.15 f        -0.39  (VIOLATED)
   id_stage_inst/reg_file_inst/reg_file_reg[24][4]/D
                                0.76           1.15 f        -0.39  (VIOLATED)
   id_stage_inst/reg_file_inst/reg_file_reg[24][5]/D
                                0.76           1.15 f        -0.39  (VIOLATED)
   id_stage_inst/reg_file_inst/reg_file_reg[24][6]/D
                                0.76           1.15 f        -0.39  (VIOLATED)
   id_stage_inst/reg_file_inst/reg_file_reg[24][7]/D
                                0.76           1.15 f        -0.39  (VIOLATED)
   id_stage_inst/reg_file_inst/reg_file_reg[24][8]/D
                                0.76           1.15 f        -0.39  (VIOLATED)
   id_stage_inst/reg_file_inst/reg_file_reg[24][9]/D
                                0.76           1.15 f        -0.39  (VIOLATED)
   id_stage_inst/reg_file_inst/reg_file_reg[24][10]/D
                                0.76           1.15 f        -0.39  (VIOLATED)
   id_stage_inst/reg_file_inst/reg_file_reg[24][11]/D
                                0.76           1.15 f        -0.39  (VIOLATED)
   id_stage_inst/reg_file_inst/reg_file_reg[24][12]/D
                                0.76           1.15 f        -0.39  (VIOLATED)
   id_stage_inst/reg_file_inst/reg_file_reg[24][13]/D
                                0.76           1.15 f        -0.39  (VIOLATED)
   id_stage_inst/reg_file_inst/reg_file_reg[24][14]/D
                                0.76           1.15 f        -0.39  (VIOLATED)
   id_stage_inst/reg_file_inst/reg_file_reg[24][15]/D
                                0.76           1.15 f        -0.39  (VIOLATED)
   id_stage_inst/reg_file_inst/reg_file_reg[24][16]/D
                                0.76           1.15 f        -0.39  (VIOLATED)
   id_stage_inst/reg_file_inst/reg_file_reg[24][17]/D
                                0.76           1.15 f        -0.39  (VIOLATED)
   id_stage_inst/reg_file_inst/reg_file_reg[24][18]/D
                                0.76           1.15 f        -0.39  (VIOLATED)
   id_stage_inst/reg_file_inst/reg_file_reg[24][19]/D
                                0.76           1.15 f        -0.39  (VIOLATED)
   id_stage_inst/reg_file_inst/reg_file_reg[24][20]/D
                                0.76           1.15 f        -0.39  (VIOLATED)
   id_stage_inst/reg_file_inst/reg_file_reg[24][21]/D
                                0.76           1.15 f        -0.39  (VIOLATED)
   id_stage_inst/reg_file_inst/reg_file_reg[24][22]/D
                                0.76           1.15 f        -0.39  (VIOLATED)
   id_stage_inst/reg_file_inst/reg_file_reg[24][23]/D
                                0.76           1.15 f        -0.39  (VIOLATED)
   id_stage_inst/reg_file_inst/reg_file_reg[24][24]/D
                                0.76           1.15 f        -0.39  (VIOLATED)
   id_stage_inst/reg_file_inst/reg_file_reg[24][25]/D
                                0.76           1.15 f        -0.39  (VIOLATED)
   id_stage_inst/reg_file_inst/reg_file_reg[24][26]/D
                                0.76           1.15 f        -0.39  (VIOLATED)
   id_stage_inst/reg_file_inst/reg_file_reg[24][27]/D
                                0.76           1.15 f        -0.39  (VIOLATED)
   id_stage_inst/reg_file_inst/reg_file_reg[24][28]/D
                                0.76           1.15 f        -0.39  (VIOLATED)
   id_stage_inst/reg_file_inst/reg_file_reg[24][29]/D
                                0.76           1.15 f        -0.39  (VIOLATED)
   id_stage_inst/reg_file_inst/reg_file_reg[24][30]/D
                                0.76           1.15 f        -0.39  (VIOLATED)
   id_stage_inst/reg_file_inst/reg_file_reg[24][31]/D
                                0.76           1.15 f        -0.39  (VIOLATED)
   if_stage_inst/btb_inst/btb_reg[11][TAG][5]/D
                                0.76           1.15 f        -0.39  (VIOLATED)
   if_stage_inst/btb_inst/btb_reg[11][TAG][6]/D
                                0.76           1.15 f        -0.39  (VIOLATED)
   if_stage_inst/btb_inst/btb_reg[11][TAG][8]/D
                                0.76           1.15 f        -0.39  (VIOLATED)
   if_stage_inst/btb_inst/btb_reg[11][TAG][9]/D
                                0.76           1.15 f        -0.39  (VIOLATED)
   if_stage_inst/btb_inst/btb_reg[11][TAG][16]/D
                                0.76           1.15 f        -0.39  (VIOLATED)
   if_stage_inst/btb_inst/btb_reg[11][TAG][21]/D
                                0.76           1.15 f        -0.39  (VIOLATED)
   if_stage_inst/btb_inst/btb_reg[11][TAG][22]/D
                                0.76           1.15 f        -0.39  (VIOLATED)
   if_stage_inst/btb_inst/btb_reg[11][TAG][23]/D
                                0.76           1.15 f        -0.39  (VIOLATED)
   if_stage_inst/btb_inst/btb_reg[11][TAG][25]/D
                                0.76           1.15 f        -0.39  (VIOLATED)
   if_stage_inst/btb_inst/btb_reg[11][TARGET][12]/D
                                0.76           1.15 f        -0.39  (VIOLATED)
   if_stage_inst/btb_inst/btb_reg[11][TARGET][24]/D
                                0.76           1.15 f        -0.39  (VIOLATED)
   if_stage_inst/btb_inst/btb_reg[3][TARGET][1]/D
                                0.77           1.16 r        -0.39  (VIOLATED)
   if_stage_inst/btb_inst/btb_reg[7][TARGET][1]/D
                                0.77           1.16 r        -0.39  (VIOLATED)
   if_stage_inst/btb_inst/btb_reg[12][TARGET][1]/D
                                0.77           1.16 r        -0.39  (VIOLATED)
   if_stage_inst/btb_inst/btb_reg[6][TARGET][2]/D
                                0.76           1.15 f        -0.39  (VIOLATED)
   if_stage_inst/btb_inst/btb_reg[6][TAG][1]/D
                                0.76           1.15 f        -0.39  (VIOLATED)
   if_stage_inst/btb_inst/btb_reg[6][TAG][3]/D
                                0.76           1.15 f        -0.39  (VIOLATED)
   if_stage_inst/btb_inst/btb_reg[6][TAG][5]/D
                                0.76           1.15 f        -0.39  (VIOLATED)
   if_stage_inst/btb_inst/btb_reg[6][TAG][6]/D
                                0.76           1.15 f        -0.39  (VIOLATED)
   if_stage_inst/btb_inst/btb_reg[6][TAG][7]/D
                                0.76           1.15 f        -0.39  (VIOLATED)
   if_stage_inst/btb_inst/btb_reg[6][TAG][8]/D
                                0.76           1.15 f        -0.39  (VIOLATED)
   if_stage_inst/btb_inst/btb_reg[6][TAG][11]/D
                                0.76           1.15 f        -0.39  (VIOLATED)
   if_stage_inst/btb_inst/btb_reg[6][TAG][13]/D
                                0.76           1.15 f        -0.39  (VIOLATED)
   if_stage_inst/btb_inst/btb_reg[6][TAG][15]/D
                                0.76           1.15 f        -0.39  (VIOLATED)
   if_stage_inst/btb_inst/btb_reg[6][TAG][16]/D
                                0.76           1.15 f        -0.39  (VIOLATED)
   if_stage_inst/btb_inst/btb_reg[6][TAG][19]/D
                                0.76           1.15 f        -0.39  (VIOLATED)
   if_stage_inst/btb_inst/btb_reg[6][TAG][20]/D
                                0.76           1.15 f        -0.39  (VIOLATED)
   if_stage_inst/btb_inst/btb_reg[6][TAG][21]/D
                                0.76           1.15 f        -0.39  (VIOLATED)
   if_stage_inst/btb_inst/btb_reg[6][TAG][23]/D
                                0.76           1.15 f        -0.39  (VIOLATED)
   if_stage_inst/btb_inst/btb_reg[6][TAG][24]/D
                                0.76           1.15 f        -0.39  (VIOLATED)
   if_stage_inst/btb_inst/btb_reg[6][TARGET][9]/D
                                0.76           1.15 f        -0.39  (VIOLATED)
   if_stage_inst/btb_inst/btb_reg[6][TARGET][10]/D
                                0.76           1.15 f        -0.39  (VIOLATED)
   if_stage_inst/btb_inst/btb_reg[6][TARGET][24]/D
                                0.76           1.15 f        -0.39  (VIOLATED)
   R_872/D                      0.76           1.15 f        -0.39  (VIOLATED)
   id_stage_inst/reg_file_inst/reg_file_reg[14][0]/D
                                0.76           1.15 f        -0.39  (VIOLATED)
   id_stage_inst/reg_file_inst/reg_file_reg[14][1]/D
                                0.76           1.15 f        -0.39  (VIOLATED)
   id_stage_inst/reg_file_inst/reg_file_reg[14][2]/D
                                0.76           1.15 f        -0.39  (VIOLATED)
   id_stage_inst/reg_file_inst/reg_file_reg[14][3]/D
                                0.76           1.15 f        -0.39  (VIOLATED)
   id_stage_inst/reg_file_inst/reg_file_reg[14][4]/D
                                0.76           1.15 f        -0.39  (VIOLATED)
   id_stage_inst/reg_file_inst/reg_file_reg[14][5]/D
                                0.76           1.15 f        -0.39  (VIOLATED)
   id_stage_inst/reg_file_inst/reg_file_reg[14][6]/D
                                0.76           1.15 f        -0.39  (VIOLATED)
   id_stage_inst/reg_file_inst/reg_file_reg[14][7]/D
                                0.76           1.15 f        -0.39  (VIOLATED)
   id_stage_inst/reg_file_inst/reg_file_reg[14][8]/D
                                0.76           1.15 f        -0.39  (VIOLATED)
   id_stage_inst/reg_file_inst/reg_file_reg[14][9]/D
                                0.76           1.15 f        -0.39  (VIOLATED)
   id_stage_inst/reg_file_inst/reg_file_reg[14][10]/D
                                0.76           1.15 f        -0.39  (VIOLATED)
   id_stage_inst/reg_file_inst/reg_file_reg[14][11]/D
                                0.76           1.15 f        -0.39  (VIOLATED)
   id_stage_inst/reg_file_inst/reg_file_reg[14][12]/D
                                0.76           1.15 f        -0.39  (VIOLATED)
   id_stage_inst/reg_file_inst/reg_file_reg[14][13]/D
                                0.76           1.15 f        -0.39  (VIOLATED)
   id_stage_inst/reg_file_inst/reg_file_reg[14][14]/D
                                0.76           1.15 f        -0.39  (VIOLATED)
   id_stage_inst/reg_file_inst/reg_file_reg[14][15]/D
                                0.76           1.15 f        -0.39  (VIOLATED)
   id_stage_inst/reg_file_inst/reg_file_reg[14][16]/D
                                0.76           1.15 f        -0.39  (VIOLATED)
   id_stage_inst/reg_file_inst/reg_file_reg[14][17]/D
                                0.76           1.15 f        -0.39  (VIOLATED)
   id_stage_inst/reg_file_inst/reg_file_reg[14][18]/D
                                0.76           1.15 f        -0.39  (VIOLATED)
   id_stage_inst/reg_file_inst/reg_file_reg[14][19]/D
                                0.76           1.15 f        -0.39  (VIOLATED)
   id_stage_inst/reg_file_inst/reg_file_reg[14][20]/D
                                0.76           1.15 f        -0.39  (VIOLATED)
   id_stage_inst/reg_file_inst/reg_file_reg[14][21]/D
                                0.76           1.15 f        -0.39  (VIOLATED)
   id_stage_inst/reg_file_inst/reg_file_reg[14][22]/D
                                0.76           1.15 f        -0.39  (VIOLATED)
   id_stage_inst/reg_file_inst/reg_file_reg[14][23]/D
                                0.76           1.15 f        -0.39  (VIOLATED)
   id_stage_inst/reg_file_inst/reg_file_reg[14][24]/D
                                0.76           1.15 f        -0.39  (VIOLATED)
   id_stage_inst/reg_file_inst/reg_file_reg[14][25]/D
                                0.76           1.15 f        -0.39  (VIOLATED)
   id_stage_inst/reg_file_inst/reg_file_reg[14][26]/D
                                0.76           1.15 f        -0.39  (VIOLATED)
   id_stage_inst/reg_file_inst/reg_file_reg[14][27]/D
                                0.76           1.15 f        -0.39  (VIOLATED)
   id_stage_inst/reg_file_inst/reg_file_reg[14][28]/D
                                0.76           1.15 f        -0.39  (VIOLATED)
   id_stage_inst/reg_file_inst/reg_file_reg[14][29]/D
                                0.76           1.15 f        -0.39  (VIOLATED)
   id_stage_inst/reg_file_inst/reg_file_reg[14][30]/D
                                0.76           1.15 f        -0.39  (VIOLATED)
   id_stage_inst/reg_file_inst/reg_file_reg[14][31]/D
                                0.76           1.15 f        -0.39  (VIOLATED)
   R_2612/D                     0.76           1.15 f        -0.39  (VIOLATED)
   R_41/D                       0.76           1.15 f        -0.39  (VIOLATED)
   if_stage_inst/btb_inst/R_2515/D
                                0.77           1.15 r        -0.39  (VIOLATED)
   R_1185/D                     0.76           1.15 f        -0.39  (VIOLATED)
   R_2241/D                     0.77           1.15 r        -0.39  (VIOLATED)
   if_stage_inst/btb_inst/btb_reg[0][TARGET][12]/D
                                0.76           1.14 f        -0.38  (VIOLATED)
   if_stage_inst/btb_inst/btb_reg[0][TAG][18]/D
                                0.76           1.14 f        -0.38  (VIOLATED)
   if_stage_inst/btb_inst/btb_reg[0][TAG][8]/D
                                0.76           1.14 f        -0.38  (VIOLATED)
   if_stage_inst/btb_inst/btb_reg[0][TAG][13]/D
                                0.76           1.14 f        -0.38  (VIOLATED)
   if_stage_inst/btb_inst/btb_reg[0][TAG][14]/D
                                0.76           1.14 f        -0.38  (VIOLATED)
   if_stage_inst/btb_inst/btb_reg[0][TAG][19]/D
                                0.76           1.14 f        -0.38  (VIOLATED)
   if_stage_inst/btb_inst/btb_reg[0][TARGET][16]/D
                                0.76           1.14 f        -0.38  (VIOLATED)
   if_stage_inst/btb_inst/btb_reg[0][TAG][9]/D
                                0.76           1.14 f        -0.38  (VIOLATED)
   if_stage_inst/btb_inst/btb_reg[0][TARGET][14]/D
                                0.76           1.14 f        -0.38  (VIOLATED)
   if_stage_inst/btb_inst/btb_reg[0][TAG][25]/D
                                0.76           1.14 f        -0.38  (VIOLATED)
   if_stage_inst/btb_inst/btb_reg[0][TAG][3]/D
                                0.76           1.14 f        -0.38  (VIOLATED)
   if_stage_inst/btb_inst/btb_reg[0][TAG][6]/D
                                0.76           1.14 f        -0.38  (VIOLATED)
   if_stage_inst/btb_inst/btb_reg[14][TARGET][2]/D
                                0.76           1.14 f        -0.38  (VIOLATED)
   if_stage_inst/btb_inst/btb_reg[14][TARGET][12]/D
                                0.76           1.14 f        -0.38  (VIOLATED)
   if_stage_inst/btb_inst/btb_reg[14][TAG][11]/D
                                0.76           1.14 f        -0.38  (VIOLATED)
   if_stage_inst/btb_inst/btb_reg[14][TAG][23]/D
                                0.76           1.14 f        -0.38  (VIOLATED)
   if_stage_inst/btb_inst/btb_reg[14][TAG][14]/D
                                0.76           1.14 f        -0.38  (VIOLATED)
   if_stage_inst/btb_inst/btb_reg[14][TAG][15]/D
                                0.76           1.14 f        -0.38  (VIOLATED)
   if_stage_inst/btb_inst/btb_reg[14][TARGET][16]/D
                                0.76           1.14 f        -0.38  (VIOLATED)
   if_stage_inst/btb_inst/btb_reg[14][TAG][4]/D
                                0.76           1.14 f        -0.38  (VIOLATED)
   if_stage_inst/btb_inst/btb_reg[14][TAG][6]/D
                                0.76           1.14 f        -0.38  (VIOLATED)
   if_stage_inst/btb_inst/btb_reg[14][TAG][7]/D
                                0.76           1.14 f        -0.38  (VIOLATED)
   if_stage_inst/btb_inst/btb_reg[14][TARGET][10]/D
                                0.76           1.14 f        -0.38  (VIOLATED)
   R_2555/D                     0.76           1.14 r        -0.38  (VIOLATED)
   R_2326/SI                    0.72           1.10 r        -0.38  (VIOLATED)
   id_stage_inst/reg_file_inst/reg_file_reg[13][1]/D
                                0.76           1.14 f        -0.38  (VIOLATED)
   id_stage_inst/reg_file_inst/reg_file_reg[13][2]/D
                                0.76           1.14 f        -0.38  (VIOLATED)
   id_stage_inst/reg_file_inst/reg_file_reg[13][3]/D
                                0.76           1.14 f        -0.38  (VIOLATED)
   id_stage_inst/reg_file_inst/reg_file_reg[13][4]/D
                                0.76           1.14 f        -0.38  (VIOLATED)
   id_stage_inst/reg_file_inst/reg_file_reg[13][5]/D
                                0.76           1.14 f        -0.38  (VIOLATED)
   id_stage_inst/reg_file_inst/reg_file_reg[13][6]/D
                                0.76           1.14 f        -0.38  (VIOLATED)
   id_stage_inst/reg_file_inst/reg_file_reg[13][7]/D
                                0.76           1.14 f        -0.38  (VIOLATED)
   id_stage_inst/reg_file_inst/reg_file_reg[13][8]/D
                                0.76           1.14 f        -0.38  (VIOLATED)
   id_stage_inst/reg_file_inst/reg_file_reg[13][9]/D
                                0.76           1.14 f        -0.38  (VIOLATED)
   id_stage_inst/reg_file_inst/reg_file_reg[13][11]/D
                                0.76           1.14 f        -0.38  (VIOLATED)
   id_stage_inst/reg_file_inst/reg_file_reg[13][12]/D
                                0.76           1.14 f        -0.38  (VIOLATED)
   id_stage_inst/reg_file_inst/reg_file_reg[13][13]/D
                                0.76           1.14 f        -0.38  (VIOLATED)
   id_stage_inst/reg_file_inst/reg_file_reg[13][14]/D
                                0.76           1.14 f        -0.38  (VIOLATED)
   id_stage_inst/reg_file_inst/reg_file_reg[13][15]/D
                                0.76           1.14 f        -0.38  (VIOLATED)
   id_stage_inst/reg_file_inst/reg_file_reg[13][16]/D
                                0.76           1.14 f        -0.38  (VIOLATED)
   id_stage_inst/reg_file_inst/reg_file_reg[13][17]/D
                                0.76           1.14 f        -0.38  (VIOLATED)
   id_stage_inst/reg_file_inst/reg_file_reg[13][18]/D
                                0.76           1.14 f        -0.38  (VIOLATED)
   id_stage_inst/reg_file_inst/reg_file_reg[13][19]/D
                                0.76           1.14 f        -0.38  (VIOLATED)
   id_stage_inst/reg_file_inst/reg_file_reg[13][20]/D
                                0.76           1.14 f        -0.38  (VIOLATED)
   id_stage_inst/reg_file_inst/reg_file_reg[13][21]/D
                                0.76           1.14 f        -0.38  (VIOLATED)
   id_stage_inst/reg_file_inst/reg_file_reg[13][22]/D
                                0.76           1.14 f        -0.38  (VIOLATED)
   id_stage_inst/reg_file_inst/reg_file_reg[13][23]/D
                                0.76           1.14 f        -0.38  (VIOLATED)
   id_stage_inst/reg_file_inst/reg_file_reg[13][24]/D
                                0.76           1.14 f        -0.38  (VIOLATED)
   id_stage_inst/reg_file_inst/reg_file_reg[13][25]/D
                                0.76           1.14 f        -0.38  (VIOLATED)
   id_stage_inst/reg_file_inst/reg_file_reg[13][26]/D
                                0.76           1.14 f        -0.38  (VIOLATED)
   id_stage_inst/reg_file_inst/reg_file_reg[13][27]/D
                                0.76           1.14 f        -0.38  (VIOLATED)
   id_stage_inst/reg_file_inst/reg_file_reg[13][28]/D
                                0.76           1.14 f        -0.38  (VIOLATED)
   id_stage_inst/reg_file_inst/reg_file_reg[13][29]/D
                                0.76           1.14 f        -0.38  (VIOLATED)
   id_stage_inst/reg_file_inst/reg_file_reg[13][30]/D
                                0.76           1.14 f        -0.38  (VIOLATED)
   id_stage_inst/reg_file_inst/reg_file_reg[13][31]/D
                                0.76           1.14 f        -0.38  (VIOLATED)
   R_1729/D                     0.77           1.15 r        -0.38  (VIOLATED)
   if_stage_inst/btb_inst/btb_reg[8][TARGET][2]/D
                                0.77           1.15 r        -0.38  (VIOLATED)
   if_stage_inst/btb_inst/btb_reg[10][TARGET][2]/D
                                0.77           1.15 r        -0.38  (VIOLATED)
   if_stage_inst/btb_inst/btb_reg[0][TARGET][2]/D
                                0.77           1.15 r        -0.38  (VIOLATED)
   if_stage_inst/btb_inst/btb_reg[1][TARGET][2]/D
                                0.77           1.15 r        -0.38  (VIOLATED)
   if_stage_inst/btb_inst/btb_reg[15][TARGET][2]/D
                                0.77           1.15 r        -0.38  (VIOLATED)
   if_stage_inst/btb_inst/btb_reg[2][TARGET][2]/D
                                0.77           1.15 r        -0.38  (VIOLATED)
   if_stage_inst/btb_inst/btb_reg[3][TARGET][2]/D
                                0.77           1.15 r        -0.38  (VIOLATED)
   if_stage_inst/btb_inst/btb_reg[11][TARGET][2]/D
                                0.77           1.15 r        -0.38  (VIOLATED)
   if_stage_inst/btb_inst/btb_reg[7][TARGET][2]/D
                                0.77           1.15 r        -0.38  (VIOLATED)
   if_stage_inst/btb_inst/btb_reg[12][TARGET][2]/D
                                0.77           1.15 r        -0.38  (VIOLATED)
   if_stage_inst/btb_inst/btb_reg[4][TARGET][2]/D
                                0.77           1.15 r        -0.38  (VIOLATED)
   R_1681/D                     0.76           1.14 f        -0.38  (VIOLATED)
   ex_stage_inst/mult_pp_inst/tree_i/layer_4_r_reg[2][20]/D
                                0.76           1.15 r        -0.38  (VIOLATED)
   R_1814/D                     0.77           1.15 r        -0.38  (VIOLATED)
   if_stage_inst/btb_inst/btb_reg[10][TARGET][12]/D
                                0.76           1.14 f        -0.38  (VIOLATED)
   if_stage_inst/btb_inst/btb_reg[10][TAG][2]/D
                                0.76           1.14 f        -0.38  (VIOLATED)
   if_stage_inst/btb_inst/btb_reg[10][TAG][4]/D
                                0.76           1.14 f        -0.38  (VIOLATED)
   if_stage_inst/btb_inst/btb_reg[10][TAG][10]/D
                                0.76           1.14 f        -0.38  (VIOLATED)
   if_stage_inst/btb_inst/btb_reg[10][TAG][12]/D
                                0.76           1.14 f        -0.38  (VIOLATED)
   if_stage_inst/btb_inst/btb_reg[10][TAG][14]/D
                                0.76           1.14 f        -0.38  (VIOLATED)
   if_stage_inst/btb_inst/btb_reg[10][TAG][17]/D
                                0.76           1.14 f        -0.38  (VIOLATED)
   if_stage_inst/btb_inst/btb_reg[10][TAG][22]/D
                                0.76           1.14 f        -0.38  (VIOLATED)
   if_stage_inst/btb_inst/btb_reg[10][TARGET][14]/D
                                0.76           1.14 f        -0.38  (VIOLATED)
   if_stage_inst/btb_inst/btb_reg[8][TAG][1]/D
                                0.76           1.14 f        -0.38  (VIOLATED)
   if_stage_inst/btb_inst/btb_reg[8][TAG][3]/D
                                0.76           1.14 f        -0.38  (VIOLATED)
   if_stage_inst/btb_inst/btb_reg[8][TAG][16]/D
                                0.76           1.14 f        -0.38  (VIOLATED)
   if_stage_inst/btb_inst/btb_reg[8][TARGET][10]/D
                                0.76           1.14 f        -0.38  (VIOLATED)
   if_stage_inst/btb_inst/btb_reg[8][TARGET][14]/D
                                0.76           1.14 f        -0.38  (VIOLATED)
   R_94/D                       0.77           1.15 r        -0.38  (VIOLATED)
   if_stage_inst/btb_inst/btb_reg[3][TARGET][12]/D
                                0.76           1.14 f        -0.38  (VIOLATED)
   if_stage_inst/btb_inst/btb_reg[3][TAG][12]/D
                                0.76           1.14 f        -0.38  (VIOLATED)
   if_stage_inst/btb_inst/btb_reg[3][TAG][13]/D
                                0.76           1.14 f        -0.38  (VIOLATED)
   if_stage_inst/btb_inst/btb_reg[3][TAG][15]/D
                                0.76           1.14 f        -0.38  (VIOLATED)
   if_stage_inst/btb_inst/btb_reg[3][TAG][24]/D
                                0.76           1.14 f        -0.38  (VIOLATED)
   if_stage_inst/btb_inst/btb_reg[3][TARGET][24]/D
                                0.76           1.14 f        -0.38  (VIOLATED)
   if_stage_inst/btb_inst/btb_reg[3][TAG][25]/D
                                0.76           1.14 f        -0.38  (VIOLATED)
   if_stage_inst/btb_inst/btb_reg[3][TARGET][9]/D
                                0.76           1.14 f        -0.38  (VIOLATED)
   if_stage_inst/btb_inst/btb_reg[3][TAG][4]/D
                                0.76           1.14 f        -0.38  (VIOLATED)
   if_stage_inst/btb_inst/btb_reg[3][TAG][7]/D
                                0.76           1.14 f        -0.38  (VIOLATED)
   R_58/D                       0.76           1.14 f        -0.38  (VIOLATED)
   if_stage_inst/btb_inst/btb_reg[11][TAG][0]/D
                                0.76           1.14 f        -0.38  (VIOLATED)
   if_stage_inst/btb_inst/btb_reg[11][TAG][2]/D
                                0.76           1.14 f        -0.38  (VIOLATED)
   if_stage_inst/btb_inst/btb_reg[11][TAG][3]/D
                                0.76           1.14 f        -0.38  (VIOLATED)
   if_stage_inst/btb_inst/btb_reg[11][TAG][7]/D
                                0.76           1.14 f        -0.38  (VIOLATED)
   if_stage_inst/btb_inst/btb_reg[11][TAG][14]/D
                                0.76           1.14 f        -0.38  (VIOLATED)
   if_stage_inst/btb_inst/btb_reg[11][TAG][18]/D
                                0.76           1.14 f        -0.38  (VIOLATED)
   if_stage_inst/btb_inst/btb_reg[11][TAG][24]/D
                                0.76           1.14 f        -0.38  (VIOLATED)
   if_stage_inst/btb_inst/btb_reg[11][TARGET][14]/D
                                0.76           1.14 f        -0.38  (VIOLATED)
   if_stage_inst/btb_inst/btb_reg[11][TARGET][17]/D
                                0.76           1.14 f        -0.38  (VIOLATED)
   R_1567/D                     0.76           1.14 f        -0.38  (VIOLATED)
   id_stage_inst/reg_file_inst/reg_file_reg[13][10]/SE
                                0.72           1.10 f        -0.38  (VIOLATED)
   if_stage_inst/btb_inst/btb_reg[11][TAG][10]/D
                                0.76           1.14 f        -0.38  (VIOLATED)
   if_stage_inst/btb_inst/btb_reg[11][TAG][15]/D
                                0.76           1.14 f        -0.38  (VIOLATED)
   if_stage_inst/btb_inst/btb_reg[11][TAG][19]/D
                                0.76           1.14 f        -0.38  (VIOLATED)
   if_stage_inst/btb_inst/btb_reg[11][TARGET][9]/D
                                0.76           1.14 f        -0.38  (VIOLATED)
   if_stage_inst/btb_inst/btb_reg[11][TARGET][10]/D
                                0.76           1.14 f        -0.38  (VIOLATED)
   if_stage_inst/btb_inst/btb_reg[8][TAG][11]/D
                                0.76           1.14 f        -0.38  (VIOLATED)
   if_stage_inst/btb_inst/btb_reg[8][TAG][12]/D
                                0.76           1.14 f        -0.38  (VIOLATED)
   if_stage_inst/btb_inst/btb_reg[8][TAG][15]/D
                                0.76           1.14 f        -0.38  (VIOLATED)
   if_stage_inst/btb_inst/btb_reg[8][TAG][18]/D
                                0.76           1.14 f        -0.38  (VIOLATED)
   if_stage_inst/btb_inst/btb_reg[8][TAG][20]/D
                                0.76           1.14 f        -0.38  (VIOLATED)
   if_stage_inst/btb_inst/btb_reg[8][TAG][23]/D
                                0.76           1.14 f        -0.38  (VIOLATED)
   if_stage_inst/btb_inst/btb_reg[8][TAG][24]/D
                                0.76           1.14 f        -0.38  (VIOLATED)
   if_stage_inst/btb_inst/btb_reg[8][TAG][25]/D
                                0.76           1.14 f        -0.38  (VIOLATED)
   R_2255/D                     0.76           1.14 f        -0.38  (VIOLATED)
   if_stage_inst/btb_inst/btb_reg[11][TAG][13]/D
                                0.76           1.14 f        -0.38  (VIOLATED)
   R_2342/D                     0.77           1.15 r        -0.38  (VIOLATED)
   R_1174/D                     0.77           1.15 r        -0.38  (VIOLATED)
   if_stage_inst/btb_inst/btb_reg[0][TAG][10]/D
                                0.76           1.14 f        -0.38  (VIOLATED)
   if_stage_inst/btb_inst/btb_reg[0][TAG][22]/D
                                0.76           1.14 f        -0.38  (VIOLATED)
   if_stage_inst/btb_inst/btb_reg[0][TAG][11]/D
                                0.76           1.14 f        -0.38  (VIOLATED)
   if_stage_inst/btb_inst/btb_reg[0][TAG][16]/D
                                0.76           1.14 f        -0.38  (VIOLATED)
   if_stage_inst/btb_inst/btb_reg[0][TAG][17]/D
                                0.76           1.14 f        -0.38  (VIOLATED)
   if_stage_inst/btb_inst/btb_reg[0][TAG][12]/D
                                0.76           1.14 f        -0.38  (VIOLATED)
   if_stage_inst/btb_inst/btb_reg[0][TAG][15]/D
                                0.76           1.14 f        -0.38  (VIOLATED)
   if_stage_inst/btb_inst/btb_reg[0][TAG][20]/D
                                0.76           1.14 f        -0.38  (VIOLATED)
   if_stage_inst/btb_inst/btb_reg[0][TAG][24]/D
                                0.76           1.14 f        -0.38  (VIOLATED)
   if_stage_inst/btb_inst/btb_reg[0][TARGET][17]/D
                                0.76           1.14 f        -0.38  (VIOLATED)
   if_stage_inst/btb_inst/btb_reg[0][TARGET][9]/D
                                0.76           1.14 f        -0.38  (VIOLATED)
   if_stage_inst/btb_inst/btb_reg[0][TAG][2]/D
                                0.76           1.14 f        -0.38  (VIOLATED)
   if_stage_inst/btb_inst/btb_reg[0][TAG][4]/D
                                0.76           1.14 f        -0.38  (VIOLATED)
   if_stage_inst/btb_inst/btb_reg[0][TAG][7]/D
                                0.76           1.14 f        -0.38  (VIOLATED)
   if_stage_inst/btb_inst/btb_reg[7][TARGET][12]/D
                                0.76           1.14 f        -0.38  (VIOLATED)
   if_stage_inst/btb_inst/btb_reg[12][TAG][11]/D
                                0.76           1.14 f        -0.38  (VIOLATED)
   if_stage_inst/btb_inst/btb_reg[12][TAG][16]/D
                                0.76           1.14 f        -0.38  (VIOLATED)
   if_stage_inst/btb_inst/btb_reg[12][TAG][8]/D
                                0.76           1.14 f        -0.38  (VIOLATED)
   if_stage_inst/btb_inst/btb_reg[12][TAG][15]/D
                                0.76           1.14 f        -0.38  (VIOLATED)
   if_stage_inst/btb_inst/btb_reg[12][TAG][19]/D
                                0.76           1.14 f        -0.38  (VIOLATED)
   if_stage_inst/btb_inst/btb_reg[12][TAG][24]/D
                                0.76           1.14 f        -0.38  (VIOLATED)
   if_stage_inst/btb_inst/btb_reg[12][TARGET][16]/D
                                0.76           1.14 f        -0.38  (VIOLATED)
   if_stage_inst/btb_inst/btb_reg[12][TARGET][14]/D
                                0.76           1.14 f        -0.38  (VIOLATED)
   if_stage_inst/btb_inst/btb_reg[12][TAG][25]/D
                                0.76           1.14 f        -0.38  (VIOLATED)
   if_stage_inst/btb_inst/btb_reg[12][TARGET][9]/D
                                0.76           1.14 f        -0.38  (VIOLATED)
   if_stage_inst/btb_inst/btb_reg[12][TAG][0]/D
                                0.76           1.14 f        -0.38  (VIOLATED)
   if_stage_inst/btb_inst/btb_reg[12][TAG][2]/D
                                0.76           1.14 f        -0.38  (VIOLATED)
   if_stage_inst/btb_inst/btb_reg[12][TAG][6]/D
                                0.76           1.14 f        -0.38  (VIOLATED)
   if_stage_inst/btb_inst/btb_reg[7][TAG][16]/D
                                0.76           1.14 f        -0.38  (VIOLATED)
   if_stage_inst/btb_inst/btb_reg[7][TAG][17]/D
                                0.76           1.14 f        -0.38  (VIOLATED)
   if_stage_inst/btb_inst/btb_reg[7][TAG][12]/D
                                0.76           1.14 f        -0.38  (VIOLATED)
   if_stage_inst/btb_inst/btb_reg[7][TAG][15]/D
                                0.76           1.14 f        -0.38  (VIOLATED)
   if_stage_inst/btb_inst/btb_reg[7][TAG][9]/D
                                0.76           1.14 f        -0.38  (VIOLATED)
   if_stage_inst/btb_inst/btb_reg[7][TARGET][17]/D
                                0.76           1.14 f        -0.38  (VIOLATED)
   if_stage_inst/btb_inst/btb_reg[7][TARGET][9]/D
                                0.76           1.14 f        -0.38  (VIOLATED)
   if_stage_inst/btb_inst/btb_reg[7][TAG][4]/D
                                0.76           1.14 f        -0.38  (VIOLATED)
   if_stage_inst/btb_inst/btb_reg[7][TAG][6]/D
                                0.76           1.14 f        -0.38  (VIOLATED)
   if_stage_inst/btb_inst/btb_reg[7][TARGET][10]/D
                                0.76           1.14 f        -0.38  (VIOLATED)
   R_2377/D                     0.76           1.14 f        -0.38  (VIOLATED)
   id_stage_inst/reg_file_inst/reg_file_reg[19][1]/D
                                0.76           1.14 f        -0.38  (VIOLATED)
   id_stage_inst/reg_file_inst/reg_file_reg[19][2]/D
                                0.76           1.14 f        -0.38  (VIOLATED)
   id_stage_inst/reg_file_inst/reg_file_reg[19][3]/D
                                0.76           1.14 f        -0.38  (VIOLATED)
   id_stage_inst/reg_file_inst/reg_file_reg[19][4]/D
                                0.76           1.14 f        -0.38  (VIOLATED)
   id_stage_inst/reg_file_inst/reg_file_reg[19][5]/D
                                0.76           1.14 f        -0.38  (VIOLATED)
   id_stage_inst/reg_file_inst/reg_file_reg[19][6]/D
                                0.76           1.14 f        -0.38  (VIOLATED)
   id_stage_inst/reg_file_inst/reg_file_reg[19][7]/D
                                0.76           1.14 f        -0.38  (VIOLATED)
   id_stage_inst/reg_file_inst/reg_file_reg[19][8]/D
                                0.76           1.14 f        -0.38  (VIOLATED)
   id_stage_inst/reg_file_inst/reg_file_reg[19][9]/D
                                0.76           1.14 f        -0.38  (VIOLATED)
   id_stage_inst/reg_file_inst/reg_file_reg[19][10]/D
                                0.76           1.14 f        -0.38  (VIOLATED)
   id_stage_inst/reg_file_inst/reg_file_reg[19][11]/D
                                0.76           1.14 f        -0.38  (VIOLATED)
   id_stage_inst/reg_file_inst/reg_file_reg[19][12]/D
                                0.76           1.14 f        -0.38  (VIOLATED)
   id_stage_inst/reg_file_inst/reg_file_reg[19][13]/D
                                0.76           1.14 f        -0.38  (VIOLATED)
   id_stage_inst/reg_file_inst/reg_file_reg[19][14]/D
                                0.76           1.14 f        -0.38  (VIOLATED)
   id_stage_inst/reg_file_inst/reg_file_reg[19][15]/D
                                0.76           1.14 f        -0.38  (VIOLATED)
   id_stage_inst/reg_file_inst/reg_file_reg[19][16]/D
                                0.76           1.14 f        -0.38  (VIOLATED)
   id_stage_inst/reg_file_inst/reg_file_reg[19][17]/D
                                0.76           1.14 f        -0.38  (VIOLATED)
   id_stage_inst/reg_file_inst/reg_file_reg[19][18]/D
                                0.76           1.14 f        -0.38  (VIOLATED)
   id_stage_inst/reg_file_inst/reg_file_reg[19][19]/D
                                0.76           1.14 f        -0.38  (VIOLATED)
   id_stage_inst/reg_file_inst/reg_file_reg[19][20]/D
                                0.76           1.14 f        -0.38  (VIOLATED)
   id_stage_inst/reg_file_inst/reg_file_reg[19][21]/D
                                0.76           1.14 f        -0.38  (VIOLATED)
   id_stage_inst/reg_file_inst/reg_file_reg[19][22]/D
                                0.76           1.14 f        -0.38  (VIOLATED)
   id_stage_inst/reg_file_inst/reg_file_reg[19][23]/D
                                0.76           1.14 f        -0.38  (VIOLATED)
   id_stage_inst/reg_file_inst/reg_file_reg[19][24]/D
                                0.76           1.14 f        -0.38  (VIOLATED)
   id_stage_inst/reg_file_inst/reg_file_reg[19][25]/D
                                0.76           1.14 f        -0.38  (VIOLATED)
   id_stage_inst/reg_file_inst/reg_file_reg[19][26]/D
                                0.76           1.14 f        -0.38  (VIOLATED)
   id_stage_inst/reg_file_inst/reg_file_reg[19][27]/D
                                0.76           1.14 f        -0.38  (VIOLATED)
   id_stage_inst/reg_file_inst/reg_file_reg[19][28]/D
                                0.76           1.14 f        -0.38  (VIOLATED)
   id_stage_inst/reg_file_inst/reg_file_reg[19][29]/D
                                0.76           1.14 f        -0.38  (VIOLATED)
   id_stage_inst/reg_file_inst/reg_file_reg[19][30]/D
                                0.76           1.14 f        -0.38  (VIOLATED)
   id_stage_inst/reg_file_inst/reg_file_reg[19][31]/D
                                0.76           1.14 f        -0.38  (VIOLATED)
   if_stage_inst/btb_inst/btb_reg[12][TARGET][12]/D
                                0.76           1.14 f        -0.38  (VIOLATED)
   if_stage_inst/btb_inst/btb_reg[12][TAG][22]/D
                                0.76           1.14 f        -0.38  (VIOLATED)
   if_stage_inst/btb_inst/btb_reg[12][TAG][23]/D
                                0.76           1.14 f        -0.38  (VIOLATED)
   if_stage_inst/btb_inst/btb_reg[12][TAG][12]/D
                                0.76           1.14 f        -0.38  (VIOLATED)
   if_stage_inst/btb_inst/btb_reg[12][TAG][13]/D
                                0.76           1.14 f        -0.38  (VIOLATED)
   if_stage_inst/btb_inst/btb_reg[12][TAG][14]/D
                                0.76           1.14 f        -0.38  (VIOLATED)
   if_stage_inst/btb_inst/btb_reg[12][TAG][3]/D
                                0.76           1.14 f        -0.38  (VIOLATED)
   if_stage_inst/btb_inst/btb_reg[12][TARGET][17]/D
                                0.76           1.14 f        -0.38  (VIOLATED)
   if_stage_inst/btb_inst/btb_reg[12][TAG][1]/D
                                0.76           1.14 f        -0.38  (VIOLATED)
   if_stage_inst/btb_inst/btb_reg[12][TAG][7]/D
                                0.76           1.14 f        -0.38  (VIOLATED)
   if_stage_inst/btb_inst/btb_reg[12][TARGET][10]/D
                                0.76           1.14 f        -0.38  (VIOLATED)
   if_stage_inst/btb_inst/btb_reg[7][TAG][10]/D
                                0.76           1.14 f        -0.38  (VIOLATED)
   if_stage_inst/btb_inst/btb_reg[7][TAG][18]/D
                                0.76           1.14 f        -0.38  (VIOLATED)
   if_stage_inst/btb_inst/btb_reg[7][TAG][21]/D
                                0.76           1.14 f        -0.38  (VIOLATED)
   if_stage_inst/btb_inst/btb_reg[7][TAG][13]/D
                                0.76           1.14 f        -0.38  (VIOLATED)
   if_stage_inst/btb_inst/btb_reg[7][TAG][14]/D
                                0.76           1.14 f        -0.38  (VIOLATED)
   if_stage_inst/btb_inst/btb_reg[7][TAG][20]/D
                                0.76           1.14 f        -0.38  (VIOLATED)
   if_stage_inst/btb_inst/btb_reg[7][TAG][24]/D
                                0.76           1.14 f        -0.38  (VIOLATED)
   if_stage_inst/btb_inst/btb_reg[7][TAG][2]/D
                                0.76           1.14 f        -0.38  (VIOLATED)
   if_stage_inst/btb_inst/btb_reg[7][TAG][5]/D
                                0.76           1.14 f        -0.38  (VIOLATED)
   if_stage_inst/btb_inst/btb_reg[7][TAG][7]/D
                                0.76           1.14 f        -0.38  (VIOLATED)
   R_1845/D                     0.75           1.13 f        -0.38  (VIOLATED)
   R_2587/D                     0.76           1.13 f        -0.38  (VIOLATED)
   if_stage_inst/btb_inst/btb_reg[1][TARGET][14]/D
                                0.76           1.14 f        -0.38  (VIOLATED)
   if_stage_inst/btb_inst/btb_reg[3][TARGET][14]/D
                                0.76           1.14 f        -0.38  (VIOLATED)
   if_stage_inst/btb_inst/btb_reg[4][TARGET][14]/D
                                0.76           1.14 f        -0.38  (VIOLATED)
   if_stage_inst/btb_inst/btb_reg[14][TARGET][14]/D
                                0.76           1.14 f        -0.38  (VIOLATED)
   if_stage_inst/btb_inst/btb_reg[15][TARGET][14]/D
                                0.76           1.14 f        -0.38  (VIOLATED)
   R_1705/D                     0.77           1.15 r        -0.38  (VIOLATED)
   R_2225/D                     0.76           1.13 f        -0.38  (VIOLATED)
   R_1867/D                     0.77           1.14 r        -0.38  (VIOLATED)
   if_stage_inst/btb_inst/btb_reg[10][TAG][11]/D
                                0.76           1.14 f        -0.38  (VIOLATED)
   if_stage_inst/btb_inst/btb_reg[10][TAG][21]/D
                                0.76           1.14 f        -0.38  (VIOLATED)
   if_stage_inst/btb_inst/btb_reg[10][TAG][23]/D
                                0.76           1.14 f        -0.38  (VIOLATED)
   if_stage_inst/btb_inst/btb_reg[10][TAG][1]/D
                                0.76           1.14 f        -0.38  (VIOLATED)
   if_stage_inst/btb_inst/btb_reg[10][TAG][3]/D
                                0.76           1.14 f        -0.38  (VIOLATED)
   if_stage_inst/btb_inst/btb_reg[10][TAG][5]/D
                                0.76           1.14 f        -0.38  (VIOLATED)
   if_stage_inst/btb_inst/btb_reg[10][TAG][6]/D
                                0.76           1.14 f        -0.38  (VIOLATED)
   if_stage_inst/btb_inst/btb_reg[10][TAG][7]/D
                                0.76           1.14 f        -0.38  (VIOLATED)
   if_stage_inst/btb_inst/btb_reg[10][TAG][8]/D
                                0.76           1.14 f        -0.38  (VIOLATED)
   if_stage_inst/btb_inst/btb_reg[10][TAG][13]/D
                                0.76           1.14 f        -0.38  (VIOLATED)
   if_stage_inst/btb_inst/btb_reg[10][TAG][15]/D
                                0.76           1.14 f        -0.38  (VIOLATED)
   if_stage_inst/btb_inst/btb_reg[10][TAG][16]/D
                                0.76           1.14 f        -0.38  (VIOLATED)
   if_stage_inst/btb_inst/btb_reg[10][TAG][19]/D
                                0.76           1.14 f        -0.38  (VIOLATED)
   if_stage_inst/btb_inst/btb_reg[10][TAG][20]/D
                                0.76           1.14 f        -0.38  (VIOLATED)
   if_stage_inst/btb_inst/btb_reg[10][TAG][24]/D
                                0.76           1.14 f        -0.38  (VIOLATED)
   if_stage_inst/btb_inst/btb_reg[10][TARGET][9]/D
                                0.76           1.14 f        -0.38  (VIOLATED)
   if_stage_inst/btb_inst/btb_reg[10][TARGET][10]/D
                                0.76           1.14 f        -0.38  (VIOLATED)
   R_1700/D                     0.76           1.14 r        -0.38  (VIOLATED)
   R_1668/D                     0.76           1.14 f        -0.38  (VIOLATED)
   R_1784/D                     0.77           1.14 r        -0.38  (VIOLATED)
   if_stage_inst/btb_inst/btb_reg[14][TAG][22]/D
                                0.76           1.13 f        -0.38  (VIOLATED)
   if_stage_inst/btb_inst/btb_reg[14][TAG][8]/D
                                0.76           1.13 f        -0.38  (VIOLATED)
   if_stage_inst/btb_inst/btb_reg[14][TAG][12]/D
                                0.76           1.13 f        -0.38  (VIOLATED)
   if_stage_inst/btb_inst/btb_reg[14][TAG][20]/D
                                0.76           1.13 f        -0.38  (VIOLATED)
   if_stage_inst/btb_inst/btb_reg[14][TAG][25]/D
                                0.76           1.13 f        -0.38  (VIOLATED)
   if_stage_inst/btb_inst/btb_reg[14][TAG][0]/D
                                0.76           1.13 f        -0.38  (VIOLATED)
   if_stage_inst/btb_inst/btb_reg[14][TAG][5]/D
                                0.76           1.13 f        -0.38  (VIOLATED)
   if_stage_inst/btb_inst/btb_reg[3][TAG][22]/D
                                0.76           1.13 f        -0.38  (VIOLATED)
   if_stage_inst/btb_inst/btb_reg[3][TAG][11]/D
                                0.76           1.13 f        -0.38  (VIOLATED)
   if_stage_inst/btb_inst/btb_reg[3][TAG][16]/D
                                0.76           1.13 f        -0.38  (VIOLATED)
   if_stage_inst/btb_inst/btb_reg[3][TAG][17]/D
                                0.76           1.13 f        -0.38  (VIOLATED)
   if_stage_inst/btb_inst/btb_reg[3][TAG][14]/D
                                0.76           1.13 f        -0.38  (VIOLATED)
   if_stage_inst/btb_inst/btb_reg[3][TARGET][16]/D
                                0.76           1.13 f        -0.38  (VIOLATED)
   if_stage_inst/btb_inst/btb_reg[3][TAG][3]/D
                                0.76           1.13 f        -0.38  (VIOLATED)
   if_stage_inst/btb_inst/btb_reg[3][TAG][5]/D
                                0.76           1.13 f        -0.38  (VIOLATED)
   R_1162/D                     0.76           1.13 f        -0.38  (VIOLATED)
   R_1735/D                     0.77           1.14 r        -0.38  (VIOLATED)
   if_stage_inst/btb_inst/btb_reg[2][TARGET][9]/D
                                0.76           1.13 f        -0.37  (VIOLATED)
   if_stage_inst/btb_inst/btb_reg[8][TARGET][9]/D
                                0.76           1.13 f        -0.37  (VIOLATED)
   if_stage_inst/btb_inst/btb_reg[14][TARGET][9]/D
                                0.76           1.13 f        -0.37  (VIOLATED)
   if_stage_inst/btb_inst/btb_reg[15][TARGET][9]/D
                                0.76           1.13 f        -0.37  (VIOLATED)
   R_2547/D                     0.77           1.14 r        -0.37  (VIOLATED)
   R_2333/D                     0.76           1.14 f        -0.37  (VIOLATED)
   R_2553/D                     0.75           1.13 f        -0.37  (VIOLATED)
   if_stage_inst/btb_inst/btb_reg[14][TAG][10]/D
                                0.76           1.13 f        -0.37  (VIOLATED)
   if_stage_inst/btb_inst/btb_reg[14][TAG][18]/D
                                0.76           1.13 f        -0.37  (VIOLATED)
   if_stage_inst/btb_inst/btb_reg[14][TAG][21]/D
                                0.76           1.13 f        -0.37  (VIOLATED)
   if_stage_inst/btb_inst/btb_reg[14][TAG][17]/D
                                0.76           1.13 f        -0.37  (VIOLATED)
   if_stage_inst/btb_inst/btb_reg[14][TAG][13]/D
                                0.76           1.13 f        -0.37  (VIOLATED)
   if_stage_inst/btb_inst/btb_reg[14][TAG][24]/D
                                0.76           1.13 f        -0.37  (VIOLATED)
   if_stage_inst/btb_inst/btb_reg[14][TAG][2]/D
                                0.76           1.13 f        -0.37  (VIOLATED)
   if_stage_inst/btb_inst/btb_reg[3][TAG][21]/D
                                0.76           1.13 f        -0.37  (VIOLATED)
   if_stage_inst/btb_inst/btb_reg[3][TAG][8]/D
                                0.76           1.13 f        -0.37  (VIOLATED)
   if_stage_inst/btb_inst/btb_reg[3][TAG][19]/D
                                0.76           1.13 f        -0.37  (VIOLATED)
   if_stage_inst/btb_inst/btb_reg[3][TAG][9]/D
                                0.76           1.13 f        -0.37  (VIOLATED)
   if_stage_inst/btb_inst/btb_reg[3][TARGET][17]/D
                                0.76           1.13 f        -0.37  (VIOLATED)
   if_stage_inst/btb_inst/btb_reg[3][TAG][0]/D
                                0.76           1.13 f        -0.37  (VIOLATED)
   if_stage_inst/btb_inst/btb_reg[3][TAG][2]/D
                                0.76           1.13 f        -0.37  (VIOLATED)
   if_stage_inst/btb_inst/btb_reg[3][TAG][6]/D
                                0.76           1.13 f        -0.37  (VIOLATED)
   R_1764/D                     0.76           1.14 r        -0.37  (VIOLATED)
   R_1126/D                     0.77           1.14 r        -0.37  (VIOLATED)
   R_1707/D                     0.77           1.14 r        -0.37  (VIOLATED)
   R_1731/D                     0.76           1.13 f        -0.37  (VIOLATED)
   if_stage_inst/pc_plus4_reg/reg_data_reg[30]/D
                                0.77           1.14 r        -0.37  (VIOLATED)
   R_2552/D                     0.76           1.13 r        -0.37  (VIOLATED)
   R_1136/D                     0.76           1.13 f        -0.37  (VIOLATED)
   ex_stage_inst/mult_pp_inst/tree_i/layer_4_r_reg[1][9]/D
                                0.77           1.14 r        -0.37  (VIOLATED)
   R_2233/D                     0.76           1.13 f        -0.37  (VIOLATED)
   R_1566/D                     0.76           1.13 r        -0.37  (VIOLATED)
   R_72/D                       0.76           1.13 f        -0.37  (VIOLATED)
   if_stage_inst/btb_inst/btb_reg[8][TAG][10]/D
                                0.76           1.13 f        -0.37  (VIOLATED)
   if_stage_inst/btb_inst/btb_reg[8][TAG][22]/D
                                0.76           1.13 f        -0.37  (VIOLATED)
   if_stage_inst/btb_inst/btb_reg[1][TAG][11]/D
                                0.76           1.13 f        -0.37  (VIOLATED)
   if_stage_inst/btb_inst/btb_reg[1][TAG][23]/D
                                0.76           1.13 f        -0.37  (VIOLATED)
   if_stage_inst/btb_inst/btb_reg[8][TAG][21]/D
                                0.76           1.13 f        -0.37  (VIOLATED)
   if_stage_inst/btb_inst/btb_reg[8][TAG][17]/D
                                0.76           1.13 f        -0.37  (VIOLATED)
   if_stage_inst/btb_inst/btb_reg[1][TAG][24]/D
                                0.76           1.13 f        -0.37  (VIOLATED)
   if_stage_inst/btb_inst/btb_reg[8][TAG][8]/D
                                0.76           1.13 f        -0.37  (VIOLATED)
   if_stage_inst/btb_inst/btb_reg[1][TARGET][16]/D
                                0.76           1.13 f        -0.37  (VIOLATED)
   if_stage_inst/btb_inst/btb_reg[1][TAG][9]/D
                                0.76           1.13 f        -0.37  (VIOLATED)
   if_stage_inst/btb_inst/btb_reg[8][TAG][9]/D
                                0.76           1.13 f        -0.37  (VIOLATED)
   if_stage_inst/btb_inst/btb_reg[1][TAG][25]/D
                                0.76           1.13 f        -0.37  (VIOLATED)
   if_stage_inst/btb_inst/btb_reg[1][TAG][3]/D
                                0.76           1.13 f        -0.37  (VIOLATED)
   if_stage_inst/btb_inst/btb_reg[1][TARGET][17]/D
                                0.76           1.13 f        -0.37  (VIOLATED)
   if_stage_inst/btb_inst/btb_reg[8][TAG][0]/D
                                0.76           1.13 f        -0.37  (VIOLATED)
   if_stage_inst/btb_inst/btb_reg[1][TAG][2]/D
                                0.76           1.13 f        -0.37  (VIOLATED)
   if_stage_inst/btb_inst/btb_reg[1][TAG][4]/D
                                0.76           1.13 f        -0.37  (VIOLATED)
   if_stage_inst/btb_inst/btb_reg[8][TAG][4]/D
                                0.76           1.13 f        -0.37  (VIOLATED)
   if_stage_inst/btb_inst/btb_reg[1][TAG][5]/D
                                0.76           1.13 f        -0.37  (VIOLATED)
   if_stage_inst/btb_inst/btb_reg[8][TAG][5]/D
                                0.76           1.13 f        -0.37  (VIOLATED)
   R_1130/D                     0.76           1.13 f        -0.37  (VIOLATED)
   if_stage_inst/btb_inst/btb_reg[4][TAG][10]/D
                                0.76           1.13 f        -0.37  (VIOLATED)
   if_stage_inst/btb_inst/btb_reg[4][TAG][11]/D
                                0.76           1.13 f        -0.37  (VIOLATED)
   if_stage_inst/btb_inst/btb_reg[4][TAG][16]/D
                                0.76           1.13 f        -0.37  (VIOLATED)
   if_stage_inst/btb_inst/btb_reg[4][TAG][3]/D
                                0.76           1.13 f        -0.37  (VIOLATED)
   if_stage_inst/btb_inst/btb_reg[4][TAG][0]/D
                                0.76           1.13 f        -0.37  (VIOLATED)
   ex_stage_inst/mult_pp_inst/tree_i/layer_4_r_reg[2][21]/D
                                0.76           1.13 f        -0.37  (VIOLATED)
   R_2326/SE                    0.71           1.08 r        -0.37  (VIOLATED)
   ex_stage_inst/mult_pp_inst/tree_i/layer_4_r_reg[1][12]/D
                                0.77           1.14 r        -0.37  (VIOLATED)
   if_stage_inst/btb_inst/btb_reg[6][TAG][18]/D
                                0.76           1.13 f        -0.37  (VIOLATED)
   if_stage_inst/btb_inst/btb_reg[6][TARGET][16]/D
                                0.76           1.13 f        -0.37  (VIOLATED)
   if_stage_inst/btb_inst/btb_reg[6][TAG][9]/D
                                0.76           1.13 f        -0.37  (VIOLATED)
   if_stage_inst/btb_inst/btb_reg[6][TAG][25]/D
                                0.76           1.13 f        -0.37  (VIOLATED)
   if_stage_inst/btb_inst/btb_reg[6][TARGET][17]/D
                                0.76           1.13 f        -0.37  (VIOLATED)
   if_stage_inst/btb_inst/btb_reg[6][TAG][0]/D
                                0.76           1.13 f        -0.37  (VIOLATED)
   R_1765/D                     0.76           1.12 f        -0.37  (VIOLATED)
   R_1565/D                     0.76           1.13 r        -0.37  (VIOLATED)
   R_2551/D                     0.76           1.12 r        -0.37  (VIOLATED)
   if_stage_inst/btb_inst/btb_reg[15][TARGET][12]/D
                                0.76           1.13 f        -0.37  (VIOLATED)
   R_2165/D                     0.76           1.12 f        -0.37  (VIOLATED)
   R_2259/D                     0.77           1.13 r        -0.37  (VIOLATED)
   if_stage_inst/btb_inst/btb_reg[15][TAG][10]/D
                                0.76           1.13 f        -0.37  (VIOLATED)
   if_stage_inst/btb_inst/btb_reg[15][TAG][22]/D
                                0.76           1.13 f        -0.37  (VIOLATED)
   if_stage_inst/btb_inst/btb_reg[15][TAG][11]/D
                                0.76           1.13 f        -0.37  (VIOLATED)
   if_stage_inst/btb_inst/btb_reg[15][TAG][16]/D
                                0.76           1.13 f        -0.37  (VIOLATED)
   if_stage_inst/btb_inst/btb_reg[15][TAG][17]/D
                                0.76           1.13 f        -0.37  (VIOLATED)
   if_stage_inst/btb_inst/btb_reg[15][TAG][8]/D
                                0.76           1.13 f        -0.37  (VIOLATED)
   if_stage_inst/btb_inst/btb_reg[15][TAG][14]/D
                                0.76           1.13 f        -0.37  (VIOLATED)
   if_stage_inst/btb_inst/btb_reg[15][TAG][15]/D
                                0.76           1.13 f        -0.37  (VIOLATED)
   if_stage_inst/btb_inst/btb_reg[15][TAG][20]/D
                                0.76           1.13 f        -0.37  (VIOLATED)
   if_stage_inst/btb_inst/btb_reg[15][TAG][24]/D
                                0.76           1.13 f        -0.37  (VIOLATED)
   if_stage_inst/btb_inst/btb_reg[15][TARGET][16]/D
                                0.76           1.13 f        -0.37  (VIOLATED)
   if_stage_inst/btb_inst/btb_reg[15][TAG][9]/D
                                0.76           1.13 f        -0.37  (VIOLATED)
   if_stage_inst/btb_inst/btb_reg[15][TARGET][24]/D
                                0.76           1.13 f        -0.37  (VIOLATED)
   if_stage_inst/btb_inst/btb_reg[15][TAG][25]/D
                                0.76           1.13 f        -0.37  (VIOLATED)
   if_stage_inst/btb_inst/btb_reg[15][TAG][3]/D
                                0.76           1.13 f        -0.37  (VIOLATED)
   if_stage_inst/btb_inst/btb_reg[15][TAG][0]/D
                                0.76           1.13 f        -0.37  (VIOLATED)
   if_stage_inst/btb_inst/btb_reg[15][TAG][4]/D
                                0.76           1.13 f        -0.37  (VIOLATED)
   if_stage_inst/btb_inst/btb_reg[15][TAG][5]/D
                                0.76           1.13 f        -0.37  (VIOLATED)
   if_stage_inst/btb_inst/btb_reg[15][TAG][6]/D
                                0.76           1.13 f        -0.37  (VIOLATED)
   if_stage_inst/btb_inst/btb_reg[15][TAG][7]/D
                                0.76           1.13 f        -0.37  (VIOLATED)
   if_stage_inst/btb_inst/btb_reg[1][TARGET][12]/D
                                0.76           1.12 f        -0.36  (VIOLATED)
   if_stage_inst/btb_inst/btb_reg[8][TARGET][12]/D
                                0.76           1.12 f        -0.36  (VIOLATED)
   if_stage_inst/btb_inst/btb_reg[1][TAG][10]/D
                                0.76           1.12 f        -0.36  (VIOLATED)
   if_stage_inst/btb_inst/btb_reg[1][TAG][22]/D
                                0.76           1.12 f        -0.36  (VIOLATED)
   if_stage_inst/btb_inst/btb_reg[1][TAG][21]/D
                                0.76           1.12 f        -0.36  (VIOLATED)
   if_stage_inst/btb_inst/btb_reg[1][TAG][16]/D
                                0.76           1.12 f        -0.36  (VIOLATED)
   if_stage_inst/btb_inst/btb_reg[1][TAG][17]/D
                                0.76           1.12 f        -0.36  (VIOLATED)
   if_stage_inst/btb_inst/btb_reg[1][TAG][8]/D
                                0.76           1.12 f        -0.36  (VIOLATED)
   if_stage_inst/btb_inst/btb_reg[1][TAG][13]/D
                                0.76           1.12 f        -0.36  (VIOLATED)
   if_stage_inst/btb_inst/btb_reg[1][TAG][14]/D
                                0.76           1.12 f        -0.36  (VIOLATED)
   if_stage_inst/btb_inst/btb_reg[1][TAG][19]/D
                                0.76           1.12 f        -0.36  (VIOLATED)
   if_stage_inst/btb_inst/btb_reg[8][TAG][13]/D
                                0.76           1.12 f        -0.36  (VIOLATED)
   if_stage_inst/btb_inst/btb_reg[8][TAG][14]/D
                                0.76           1.12 f        -0.36  (VIOLATED)
   if_stage_inst/btb_inst/btb_reg[8][TAG][19]/D
                                0.76           1.12 f        -0.36  (VIOLATED)
   if_stage_inst/btb_inst/btb_reg[8][TARGET][16]/D
                                0.76           1.12 f        -0.36  (VIOLATED)
   if_stage_inst/btb_inst/btb_reg[8][TARGET][17]/D
                                0.76           1.12 f        -0.36  (VIOLATED)
   if_stage_inst/btb_inst/btb_reg[1][TAG][0]/D
                                0.76           1.12 f        -0.36  (VIOLATED)
   if_stage_inst/btb_inst/btb_reg[8][TAG][2]/D
                                0.76           1.12 f        -0.36  (VIOLATED)
   if_stage_inst/btb_inst/btb_reg[8][TAG][6]/D
                                0.76           1.12 f        -0.36  (VIOLATED)
   if_stage_inst/btb_inst/btb_reg[8][TAG][7]/D
                                0.76           1.12 f        -0.36  (VIOLATED)
   ex_stage_inst/mult_pp_inst/tree_i/layer_4_r_reg[1][11]/D
                                0.77           1.13 r        -0.36  (VIOLATED)
   R_1852/D                     0.76           1.12 f        -0.36  (VIOLATED)
   if_stage_inst/btb_inst/btb_reg[2][TARGET][12]/D
                                0.76           1.12 f        -0.36  (VIOLATED)
   if_stage_inst/btb_inst/btb_reg[2][TAG][10]/D
                                0.76           1.12 f        -0.36  (VIOLATED)
   if_stage_inst/btb_inst/btb_reg[2][TAG][22]/D
                                0.76           1.12 f        -0.36  (VIOLATED)
   if_stage_inst/btb_inst/btb_reg[2][TAG][11]/D
                                0.76           1.12 f        -0.36  (VIOLATED)
   if_stage_inst/btb_inst/btb_reg[2][TAG][21]/D
                                0.76           1.12 f        -0.36  (VIOLATED)
   if_stage_inst/btb_inst/btb_reg[2][TAG][23]/D
                                0.76           1.12 f        -0.36  (VIOLATED)
   if_stage_inst/btb_inst/btb_reg[2][TAG][17]/D
                                0.76           1.12 f        -0.36  (VIOLATED)
   if_stage_inst/btb_inst/btb_reg[2][TAG][8]/D
                                0.76           1.12 f        -0.36  (VIOLATED)
   if_stage_inst/btb_inst/btb_reg[2][TAG][12]/D
                                0.76           1.12 f        -0.36  (VIOLATED)
   if_stage_inst/btb_inst/btb_reg[2][TAG][13]/D
                                0.76           1.12 f        -0.36  (VIOLATED)
   if_stage_inst/btb_inst/btb_reg[2][TAG][14]/D
                                0.76           1.12 f        -0.36  (VIOLATED)
   if_stage_inst/btb_inst/btb_reg[2][TAG][15]/D
                                0.76           1.12 f        -0.36  (VIOLATED)
   if_stage_inst/btb_inst/btb_reg[2][TAG][19]/D
                                0.76           1.12 f        -0.36  (VIOLATED)
   if_stage_inst/btb_inst/btb_reg[2][TAG][20]/D
                                0.76           1.12 f        -0.36  (VIOLATED)
   if_stage_inst/btb_inst/btb_reg[2][TARGET][16]/D
                                0.76           1.12 f        -0.36  (VIOLATED)
   if_stage_inst/btb_inst/btb_reg[2][TAG][9]/D
                                0.76           1.12 f        -0.36  (VIOLATED)
   if_stage_inst/btb_inst/btb_reg[2][TAG][25]/D
                                0.76           1.12 f        -0.36  (VIOLATED)
   if_stage_inst/btb_inst/btb_reg[2][TARGET][17]/D
                                0.76           1.12 f        -0.36  (VIOLATED)
   if_stage_inst/btb_inst/btb_reg[2][TAG][0]/D
                                0.76           1.12 f        -0.36  (VIOLATED)
   if_stage_inst/btb_inst/btb_reg[2][TAG][2]/D
                                0.76           1.12 f        -0.36  (VIOLATED)
   if_stage_inst/btb_inst/btb_reg[2][TAG][5]/D
                                0.76           1.12 f        -0.36  (VIOLATED)
   if_stage_inst/btb_inst/btb_reg[2][TAG][6]/D
                                0.76           1.12 f        -0.36  (VIOLATED)
   if_stage_inst/btb_inst/btb_reg[2][TAG][7]/D
                                0.76           1.12 f        -0.36  (VIOLATED)
   if_stage_inst/btb_inst/btb_reg[2][TARGET][10]/D
                                0.76           1.12 f        -0.36  (VIOLATED)
   if_stage_inst/btb_inst/btb_reg[10][TAG][18]/D
                                0.76           1.12 f        -0.36  (VIOLATED)
   if_stage_inst/btb_inst/btb_reg[10][TARGET][16]/D
                                0.76           1.12 f        -0.36  (VIOLATED)
   if_stage_inst/btb_inst/btb_reg[10][TAG][9]/D
                                0.76           1.12 f        -0.36  (VIOLATED)
   if_stage_inst/btb_inst/btb_reg[10][TAG][25]/D
                                0.76           1.12 f        -0.36  (VIOLATED)
   if_stage_inst/btb_inst/btb_reg[10][TARGET][17]/D
                                0.76           1.12 f        -0.36  (VIOLATED)
   if_stage_inst/btb_inst/btb_reg[10][TAG][0]/D
                                0.76           1.12 f        -0.36  (VIOLATED)
   R_2237/D                     0.76           1.12 f        -0.36  (VIOLATED)
   R_1132/D                     0.77           1.13 r        -0.36  (VIOLATED)
   if_stage_inst/btb_inst/btb_reg[14][TARGET][17]/D
                                0.77           1.13 r        -0.36  (VIOLATED)
   if_stage_inst/btb_inst/btb_reg[15][TARGET][17]/D
                                0.77           1.13 r        -0.36  (VIOLATED)
   if_stage_inst/btb_inst/btb_reg[4][TARGET][17]/D
                                0.77           1.13 r        -0.36  (VIOLATED)
   R_2559/D                     0.76           1.12 f        -0.36  (VIOLATED)
   R_2039/D                     0.77           1.13 r        -0.36  (VIOLATED)
   if_stage_inst/btb_inst/btb_reg[4][TARGET][12]/D
                                0.77           1.13 r        -0.36  (VIOLATED)
   if_stage_inst/btb_inst/btb_reg[4][TAG][21]/D
                                0.76           1.12 f        -0.36  (VIOLATED)
   if_stage_inst/btb_inst/btb_reg[4][TAG][23]/D
                                0.76           1.12 f        -0.36  (VIOLATED)
   if_stage_inst/btb_inst/btb_reg[4][TARGET][16]/D
                                0.76           1.12 f        -0.36  (VIOLATED)
   if_stage_inst/btb_inst/btb_reg[4][TAG][2]/D
                                0.76           1.12 f        -0.36  (VIOLATED)
   if_stage_inst/btb_inst/btb_reg[4][TARGET][10]/D
                                0.76           1.12 f        -0.36  (VIOLATED)
   ex_stage_inst/result_reg/reg_data_reg[16]/D
                                0.76           1.12 f        -0.36  (VIOLATED)
   if_stage_inst/btb_inst/btb_reg[0][TAG][21]/D
                                0.76           1.12 f        -0.36  (VIOLATED)
   if_stage_inst/btb_inst/btb_reg[0][TAG][23]/D
                                0.76           1.12 f        -0.36  (VIOLATED)
   if_stage_inst/btb_inst/btb_reg[0][TAG][0]/D
                                0.76           1.12 f        -0.36  (VIOLATED)
   if_stage_inst/btb_inst/btb_reg[0][TAG][1]/D
                                0.76           1.12 f        -0.36  (VIOLATED)
   if_stage_inst/btb_inst/btb_reg[0][TAG][5]/D
                                0.76           1.12 f        -0.36  (VIOLATED)
   if_stage_inst/btb_inst/btb_reg[0][TARGET][10]/D
                                0.76           1.12 f        -0.36  (VIOLATED)
   id_stage_inst/reg_file_inst/reg_file_reg[19][0]/D
                                0.76           1.12 f        -0.36  (VIOLATED)
   ex_stage_inst/mult_pp_inst/tree_i/layer_4_r_reg[2][22]/D
                                0.76           1.12 f        -0.36  (VIOLATED)
   id_stage_inst/reg_file_inst/reg_file_reg[24][0]/D
                                0.75           1.11 f        -0.36  (VIOLATED)
   R_1720/D                     0.77           1.13 r        -0.36  (VIOLATED)
   R_1740/D                     0.76           1.12 f        -0.36  (VIOLATED)
   R_2334/D                     0.76           1.12 f        -0.36  (VIOLATED)
   if_stage_inst/btb_inst/btb_reg[3][TAG][10]/D
                                0.76           1.12 f        -0.36  (VIOLATED)
   if_stage_inst/btb_inst/btb_reg[3][TAG][18]/D
                                0.76           1.12 f        -0.36  (VIOLATED)
   if_stage_inst/btb_inst/btb_reg[3][TAG][23]/D
                                0.76           1.12 f        -0.36  (VIOLATED)
   if_stage_inst/btb_inst/btb_reg[3][TAG][20]/D
                                0.76           1.12 f        -0.36  (VIOLATED)
   if_stage_inst/btb_inst/btb_reg[3][TAG][1]/D
                                0.76           1.12 f        -0.36  (VIOLATED)
   if_stage_inst/btb_inst/btb_reg[3][TARGET][10]/D
                                0.76           1.12 f        -0.36  (VIOLATED)
   R_2560/D                     0.76           1.12 r        -0.36  (VIOLATED)
   R_2526/D                     0.76           1.11 r        -0.36  (VIOLATED)
   R_1843/D                     0.75           1.11 f        -0.36  (VIOLATED)
   if_stage_inst/btb_inst/btb_reg[14][TAG][16]/D
                                0.76           1.11 f        -0.35  (VIOLATED)
   if_stage_inst/btb_inst/btb_reg[14][TAG][19]/D
                                0.76           1.11 f        -0.35  (VIOLATED)
   if_stage_inst/btb_inst/btb_reg[14][TAG][9]/D
                                0.76           1.11 f        -0.35  (VIOLATED)
   if_stage_inst/btb_inst/btb_reg[14][TAG][3]/D
                                0.76           1.11 f        -0.35  (VIOLATED)
   if_stage_inst/btb_inst/btb_reg[14][TAG][1]/D
                                0.76           1.11 f        -0.35  (VIOLATED)
   R_1782/D                     0.77           1.12 r        -0.35  (VIOLATED)
   R_1841/D                     0.76           1.12 r        -0.35  (VIOLATED)
   R_2566/D                     0.76           1.11 r        -0.35  (VIOLATED)
   ex_stage_inst/mult_pp_inst/tree_i/layer_4_r_reg[2][23]/D
                                0.77           1.12 r        -0.35  (VIOLATED)
   id_stage_inst/reg_file_inst/reg_file_reg[13][0]/D
                                0.75           1.11 f        -0.35  (VIOLATED)
   if_stage_inst/btb_inst/R_1558/D
                                0.75           1.10 f        -0.35  (VIOLATED)
   R_2606/D                     0.76           1.11 f        -0.35  (VIOLATED)
   R_1191/D                     0.76           1.11 r        -0.35  (VIOLATED)
   R_40/D                       0.77           1.12 r        -0.35  (VIOLATED)
   R_2040/D                     0.77           1.12 r        -0.35  (VIOLATED)
   R_39/D                       0.77           1.12 r        -0.35  (VIOLATED)
   if_stage_inst/current_pc_reg/reg_data_reg[1]/D
                                0.77           1.12 r        -0.35  (VIOLATED)
   if_stage_inst/pc_plus4_reg/reg_data_reg[1]/D
                                0.77           1.12 r        -0.35  (VIOLATED)
   if_stage_inst/pc_plus4_reg/reg_data_reg[29]/D
                                0.76           1.11 f        -0.35  (VIOLATED)
   ex_stage_inst/mult_pp_inst/tree_i/layer_4_r_reg[3][27]/D
                                0.76           1.11 f        -0.35  (VIOLATED)
   if_stage_inst/btb_inst/btb_reg[15][TAG][18]/D
                                0.76           1.11 f        -0.35  (VIOLATED)
   if_stage_inst/btb_inst/btb_reg[15][TAG][13]/D
                                0.76           1.11 f        -0.35  (VIOLATED)
   if_stage_inst/btb_inst/btb_reg[15][TAG][19]/D
                                0.76           1.11 f        -0.35  (VIOLATED)
   if_stage_inst/btb_inst/btb_reg[15][TAG][2]/D
                                0.76           1.11 f        -0.35  (VIOLATED)
   if_stage_inst/btb_inst/btb_reg[15][TAG][21]/D
                                0.76           1.11 f        -0.35  (VIOLATED)
   if_stage_inst/btb_inst/btb_reg[15][TAG][23]/D
                                0.76           1.11 f        -0.35  (VIOLATED)
   if_stage_inst/btb_inst/btb_reg[15][TAG][12]/D
                                0.76           1.11 f        -0.35  (VIOLATED)
   if_stage_inst/btb_inst/btb_reg[15][TAG][1]/D
                                0.76           1.11 f        -0.35  (VIOLATED)
   if_stage_inst/btb_inst/btb_reg[15][TARGET][10]/D
                                0.76           1.11 f        -0.35  (VIOLATED)
   if_stage_inst/btb_inst/btb_reg[11][TAG][11]/D
                                0.76           1.11 f        -0.35  (VIOLATED)
   if_stage_inst/btb_inst/btb_reg[11][TAG][17]/D
                                0.76           1.11 f        -0.35  (VIOLATED)
   if_stage_inst/btb_inst/btb_reg[11][TAG][12]/D
                                0.76           1.11 f        -0.35  (VIOLATED)
   if_stage_inst/btb_inst/btb_reg[11][TAG][20]/D
                                0.76           1.11 f        -0.35  (VIOLATED)
   if_stage_inst/btb_inst/btb_reg[11][TARGET][16]/D
                                0.76           1.11 f        -0.35  (VIOLATED)
   if_stage_inst/btb_inst/btb_reg[11][TAG][1]/D
                                0.76           1.11 f        -0.35  (VIOLATED)
   if_stage_inst/btb_inst/btb_reg[11][TAG][4]/D
                                0.76           1.11 f        -0.35  (VIOLATED)
   R_92/D                       0.77           1.12 r        -0.35  (VIOLATED)
   R_93/D                       0.77           1.12 r        -0.35  (VIOLATED)
   id_stage_inst/reg_file_inst/reg_file_reg[31][1]/D
                                0.76           1.11 f        -0.35  (VIOLATED)
   id_stage_inst/reg_file_inst/reg_file_reg[31][2]/D
                                0.76           1.11 f        -0.35  (VIOLATED)
   id_stage_inst/reg_file_inst/reg_file_reg[31][3]/D
                                0.76           1.11 f        -0.35  (VIOLATED)
   id_stage_inst/reg_file_inst/reg_file_reg[31][4]/D
                                0.76           1.11 f        -0.35  (VIOLATED)
   id_stage_inst/reg_file_inst/reg_file_reg[31][5]/D
                                0.76           1.11 f        -0.35  (VIOLATED)
   id_stage_inst/reg_file_inst/reg_file_reg[31][6]/D
                                0.76           1.11 f        -0.35  (VIOLATED)
   id_stage_inst/reg_file_inst/reg_file_reg[31][7]/D
                                0.76           1.11 f        -0.35  (VIOLATED)
   id_stage_inst/reg_file_inst/reg_file_reg[31][8]/D
                                0.76           1.11 f        -0.35  (VIOLATED)
   id_stage_inst/reg_file_inst/reg_file_reg[31][9]/D
                                0.76           1.11 f        -0.35  (VIOLATED)
   id_stage_inst/reg_file_inst/reg_file_reg[31][10]/D
                                0.76           1.11 f        -0.35  (VIOLATED)
   id_stage_inst/reg_file_inst/reg_file_reg[31][11]/D
                                0.76           1.11 f        -0.35  (VIOLATED)
   id_stage_inst/reg_file_inst/reg_file_reg[31][12]/D
                                0.76           1.11 f        -0.35  (VIOLATED)
   id_stage_inst/reg_file_inst/reg_file_reg[31][13]/D
                                0.76           1.11 f        -0.35  (VIOLATED)
   id_stage_inst/reg_file_inst/reg_file_reg[31][14]/D
                                0.76           1.11 f        -0.35  (VIOLATED)
   id_stage_inst/reg_file_inst/reg_file_reg[31][15]/D
                                0.76           1.11 f        -0.35  (VIOLATED)
   id_stage_inst/reg_file_inst/reg_file_reg[31][16]/D
                                0.76           1.11 f        -0.35  (VIOLATED)
   id_stage_inst/reg_file_inst/reg_file_reg[31][17]/D
                                0.76           1.11 f        -0.35  (VIOLATED)
   id_stage_inst/reg_file_inst/reg_file_reg[31][18]/D
                                0.76           1.11 f        -0.35  (VIOLATED)
   id_stage_inst/reg_file_inst/reg_file_reg[31][19]/D
                                0.76           1.11 f        -0.35  (VIOLATED)
   id_stage_inst/reg_file_inst/reg_file_reg[31][20]/D
                                0.76           1.11 f        -0.35  (VIOLATED)
   id_stage_inst/reg_file_inst/reg_file_reg[31][21]/D
                                0.76           1.11 f        -0.35  (VIOLATED)
   id_stage_inst/reg_file_inst/reg_file_reg[31][22]/D
                                0.76           1.11 f        -0.35  (VIOLATED)
   id_stage_inst/reg_file_inst/reg_file_reg[31][23]/D
                                0.76           1.11 f        -0.35  (VIOLATED)
   id_stage_inst/reg_file_inst/reg_file_reg[31][24]/D
                                0.76           1.11 f        -0.35  (VIOLATED)
   id_stage_inst/reg_file_inst/reg_file_reg[31][25]/D
                                0.76           1.11 f        -0.35  (VIOLATED)
   id_stage_inst/reg_file_inst/reg_file_reg[31][26]/D
                                0.76           1.11 f        -0.35  (VIOLATED)
   id_stage_inst/reg_file_inst/reg_file_reg[31][27]/D
                                0.76           1.11 f        -0.35  (VIOLATED)
   id_stage_inst/reg_file_inst/reg_file_reg[31][28]/D
                                0.76           1.11 f        -0.35  (VIOLATED)
   id_stage_inst/reg_file_inst/reg_file_reg[31][29]/D
                                0.76           1.11 f        -0.35  (VIOLATED)
   id_stage_inst/reg_file_inst/reg_file_reg[31][30]/D
                                0.76           1.11 f        -0.35  (VIOLATED)
   id_stage_inst/reg_file_inst/reg_file_reg[31][31]/D
                                0.76           1.11 f        -0.35  (VIOLATED)
   R_2387/D                     0.76           1.10 f        -0.35  (VIOLATED)
   ex_stage_inst/mult_pp_inst/tree_i/layer_4_r_reg[2][25]/D
                                0.76           1.11 r        -0.35  (VIOLATED)
   R_2339/D                     0.77           1.12 r        -0.35  (VIOLATED)
   R_399/D                      0.76           1.11 r        -0.35  (VIOLATED)
   R_1698/D                     0.76           1.11 f        -0.35  (VIOLATED)
   ex_stage_inst/result_reg/reg_data_reg[30]/D
                                0.76           1.11 f        -0.35  (VIOLATED)
   R_2567/D                     0.74           1.09 f        -0.35  (VIOLATED)
   if_stage_inst/current_pc_reg/reg_data_reg[0]/D
                                0.77           1.11 r        -0.35  (VIOLATED)
   if_stage_inst/pc_plus4_reg/reg_data_reg[0]/D
                                0.77           1.11 r        -0.35  (VIOLATED)
   R_1161/D                     0.77           1.11 r        -0.35  (VIOLATED)
   R_1647/D                     0.77           1.11 r        -0.35  (VIOLATED)
   id_stage_inst/rs2_reg/reg_data_reg[1]/D
                                0.75           1.10 f        -0.35  (VIOLATED)
   id_stage_inst/rs2_reg/reg_data_reg[2]/D
                                0.75           1.10 f        -0.35  (VIOLATED)
   id_stage_inst/rs2_reg/reg_data_reg[3]/D
                                0.75           1.10 f        -0.35  (VIOLATED)
   id_stage_inst/rs2_reg/reg_data_reg[5]/D
                                0.75           1.10 f        -0.35  (VIOLATED)
   id_stage_inst/rs2_reg/reg_data_reg[6]/D
                                0.75           1.10 f        -0.35  (VIOLATED)
   id_stage_inst/rs2_reg/reg_data_reg[8]/D
                                0.75           1.10 f        -0.35  (VIOLATED)
   id_stage_inst/rs2_reg/reg_data_reg[9]/D
                                0.75           1.10 f        -0.35  (VIOLATED)
   id_stage_inst/rs2_reg/reg_data_reg[10]/D
                                0.75           1.10 f        -0.35  (VIOLATED)
   id_stage_inst/rs2_reg/reg_data_reg[12]/D
                                0.75           1.10 f        -0.35  (VIOLATED)
   id_stage_inst/rs2_reg/reg_data_reg[13]/D
                                0.75           1.10 f        -0.35  (VIOLATED)
   id_stage_inst/rs2_reg/reg_data_reg[14]/D
                                0.75           1.10 f        -0.35  (VIOLATED)
   id_stage_inst/rs2_reg/reg_data_reg[15]/D
                                0.75           1.10 f        -0.35  (VIOLATED)
   id_stage_inst/rs2_reg/reg_data_reg[17]/D
                                0.75           1.10 f        -0.35  (VIOLATED)
   id_stage_inst/rs2_reg/reg_data_reg[18]/D
                                0.75           1.10 f        -0.35  (VIOLATED)
   id_stage_inst/rs2_reg/reg_data_reg[19]/D
                                0.75           1.10 f        -0.35  (VIOLATED)
   id_stage_inst/rs2_reg/reg_data_reg[20]/D
                                0.75           1.10 f        -0.35  (VIOLATED)
   id_stage_inst/rs2_reg/reg_data_reg[21]/D
                                0.75           1.10 f        -0.35  (VIOLATED)
   id_stage_inst/rs2_reg/reg_data_reg[23]/D
                                0.75           1.10 f        -0.35  (VIOLATED)
   id_stage_inst/rs2_reg/reg_data_reg[24]/D
                                0.75           1.10 f        -0.35  (VIOLATED)
   id_stage_inst/rs2_reg/reg_data_reg[26]/D
                                0.75           1.10 f        -0.35  (VIOLATED)
   id_stage_inst/rs2_reg/reg_data_reg[27]/D
                                0.75           1.10 f        -0.35  (VIOLATED)
   id_stage_inst/rs2_reg/reg_data_reg[28]/D
                                0.75           1.10 f        -0.35  (VIOLATED)
   if_stage_inst/current_pc_reg/reg_data_reg[4]/D
                                0.77           1.11 r        -0.35  (VIOLATED)
   if_stage_inst/current_pc_reg/reg_data_reg[5]/D
                                0.77           1.11 r        -0.35  (VIOLATED)
   if_stage_inst/current_pc_reg/reg_data_reg[24]/D
                                0.77           1.11 r        -0.35  (VIOLATED)
   if_stage_inst/current_pc_reg/reg_data_reg[26]/D
                                0.77           1.11 r        -0.35  (VIOLATED)
   if_stage_inst/current_pc_reg/reg_data_reg[27]/D
                                0.77           1.11 r        -0.35  (VIOLATED)
   if_stage_inst/current_pc_reg/reg_data_reg[28]/D
                                0.77           1.11 r        -0.35  (VIOLATED)
   if_stage_inst/instruction_reg/reg_data_reg[0]/D
                                0.77           1.11 r        -0.35  (VIOLATED)
   if_stage_inst/instruction_reg/reg_data_reg[1]/D
                                0.77           1.11 r        -0.35  (VIOLATED)
   if_stage_inst/instruction_reg/reg_data_reg[4]/D
                                0.77           1.11 r        -0.35  (VIOLATED)
   if_stage_inst/instruction_reg/reg_data_reg[5]/D
                                0.77           1.11 r        -0.35  (VIOLATED)
   if_stage_inst/instruction_reg/reg_data_reg[11]/D
                                0.77           1.11 r        -0.35  (VIOLATED)
   if_stage_inst/instruction_reg/reg_data_reg[12]/D
                                0.77           1.11 r        -0.35  (VIOLATED)
   if_stage_inst/instruction_reg/reg_data_reg[13]/D
                                0.77           1.11 r        -0.35  (VIOLATED)
   if_stage_inst/instruction_reg/reg_data_reg[14]/D
                                0.77           1.11 r        -0.35  (VIOLATED)
   if_stage_inst/instruction_reg/reg_data_reg[15]/D
                                0.77           1.11 r        -0.35  (VIOLATED)
   if_stage_inst/instruction_reg/reg_data_reg[16]/D
                                0.77           1.11 r        -0.35  (VIOLATED)
   if_stage_inst/instruction_reg/reg_data_reg[17]/D
                                0.77           1.11 r        -0.35  (VIOLATED)
   if_stage_inst/instruction_reg/reg_data_reg[18]/D
                                0.77           1.11 r        -0.35  (VIOLATED)
   if_stage_inst/instruction_reg/reg_data_reg[19]/D
                                0.77           1.11 r        -0.35  (VIOLATED)
   if_stage_inst/instruction_reg/reg_data_reg[20]/D
                                0.77           1.11 r        -0.35  (VIOLATED)
   if_stage_inst/instruction_reg/reg_data_reg[24]/D
                                0.77           1.11 r        -0.35  (VIOLATED)
   if_stage_inst/instruction_reg/reg_data_reg[25]/D
                                0.77           1.11 r        -0.35  (VIOLATED)
   if_stage_inst/instruction_reg/reg_data_reg[30]/D
                                0.77           1.11 r        -0.35  (VIOLATED)
   R_1869/D                     0.76           1.11 f        -0.35  (VIOLATED)
   if_stage_inst/pc_plus4_reg/reg_data_reg[2]/D
                                0.77           1.11 r        -0.35  (VIOLATED)
   id_stage_inst/rs2_reg/reg_data_reg[16]/D
                                0.75           1.10 f        -0.35  (VIOLATED)
   id_stage_inst/rs2_reg/reg_data_reg[22]/D
                                0.75           1.10 f        -0.35  (VIOLATED)
   id_stage_inst/rs2_reg/reg_data_reg[25]/D
                                0.75           1.10 f        -0.35  (VIOLATED)
   id_stage_inst/rs2_reg/reg_data_reg[29]/D
                                0.75           1.10 f        -0.35  (VIOLATED)
   id_stage_inst/rs2_reg/reg_data_reg[30]/D
                                0.75           1.10 f        -0.35  (VIOLATED)
   R_939/D                      0.76           1.10 f        -0.35  (VIOLATED)
   if_stage_inst/current_pc_reg/reg_data_reg[16]/D
                                0.77           1.11 r        -0.35  (VIOLATED)
   if_stage_inst/current_pc_reg/reg_data_reg[18]/D
                                0.77           1.11 r        -0.35  (VIOLATED)
   if_stage_inst/current_pc_reg/reg_data_reg[21]/D
                                0.77           1.11 r        -0.35  (VIOLATED)
   if_stage_inst/current_pc_reg/reg_data_reg[22]/D
                                0.77           1.11 r        -0.35  (VIOLATED)
   if_stage_inst/current_pc_reg/reg_data_reg[23]/D
                                0.77           1.11 r        -0.35  (VIOLATED)
   if_stage_inst/current_pc_reg/reg_data_reg[29]/D
                                0.77           1.11 r        -0.35  (VIOLATED)
   if_stage_inst/instruction_reg/reg_data_reg[2]/D
                                0.77           1.11 r        -0.35  (VIOLATED)
   if_stage_inst/instruction_reg/reg_data_reg[28]/D
                                0.77           1.11 r        -0.35  (VIOLATED)
   if_stage_inst/pc_plus4_reg/reg_data_reg[4]/D
                                0.77           1.11 r        -0.35  (VIOLATED)
   if_stage_inst/pc_plus4_reg/reg_data_reg[5]/D
                                0.77           1.11 r        -0.35  (VIOLATED)
   if_stage_inst/pc_plus4_reg/reg_data_reg[6]/D
                                0.77           1.11 r        -0.35  (VIOLATED)
   if_stage_inst/pc_plus4_reg/reg_data_reg[7]/D
                                0.77           1.11 r        -0.35  (VIOLATED)
   if_stage_inst/pc_plus4_reg/reg_data_reg[9]/D
                                0.77           1.11 r        -0.35  (VIOLATED)
   if_stage_inst/pc_plus4_reg/reg_data_reg[11]/D
                                0.77           1.11 r        -0.35  (VIOLATED)
   if_stage_inst/pc_plus4_reg/reg_data_reg[12]/D
                                0.77           1.11 r        -0.35  (VIOLATED)
   if_stage_inst/pc_plus4_reg/reg_data_reg[13]/D
                                0.77           1.11 r        -0.35  (VIOLATED)
   if_stage_inst/pc_plus4_reg/reg_data_reg[14]/D
                                0.77           1.11 r        -0.35  (VIOLATED)
   if_stage_inst/pc_plus4_reg/reg_data_reg[15]/D
                                0.77           1.11 r        -0.35  (VIOLATED)
   if_stage_inst/pc_plus4_reg/reg_data_reg[17]/D
                                0.77           1.11 r        -0.35  (VIOLATED)
   if_stage_inst/pc_plus4_reg/reg_data_reg[18]/D
                                0.77           1.11 r        -0.35  (VIOLATED)
   if_stage_inst/pc_plus4_reg/reg_data_reg[19]/D
                                0.77           1.11 r        -0.35  (VIOLATED)
   if_stage_inst/pc_plus4_reg/reg_data_reg[23]/D
                                0.77           1.11 r        -0.35  (VIOLATED)
   if_stage_inst/pc_plus4_reg/reg_data_reg[24]/D
                                0.77           1.11 r        -0.35  (VIOLATED)
   if_stage_inst/pc_plus4_reg/reg_data_reg[25]/D
                                0.77           1.11 r        -0.35  (VIOLATED)
   if_stage_inst/pc_plus4_reg/reg_data_reg[26]/D
                                0.77           1.11 r        -0.35  (VIOLATED)
   if_stage_inst/pc_plus4_reg/reg_data_reg[27]/D
                                0.77           1.11 r        -0.35  (VIOLATED)
   R_2590/D                     0.76           1.10 r        -0.34  (VIOLATED)
   R_1709/D                     0.77           1.11 r        -0.34  (VIOLATED)
   if_stage_inst/btb_inst/R_2588/D
                                0.76           1.10 r        -0.34  (VIOLATED)
   if_stage_inst/current_pc_reg/reg_data_reg[6]/D
                                0.77           1.11 r        -0.34  (VIOLATED)
   if_stage_inst/current_pc_reg/reg_data_reg[8]/D
                                0.77           1.11 r        -0.34  (VIOLATED)
   if_stage_inst/instruction_reg/reg_data_reg[21]/D
                                0.77           1.11 r        -0.34  (VIOLATED)
   if_stage_inst/instruction_reg/reg_data_reg[22]/D
                                0.77           1.11 r        -0.34  (VIOLATED)
   if_stage_inst/instruction_reg/reg_data_reg[23]/D
                                0.77           1.11 r        -0.34  (VIOLATED)
   if_stage_inst/current_pc_reg/reg_data_reg[10]/D
                                0.77           1.11 r        -0.34  (VIOLATED)
   if_stage_inst/current_pc_reg/reg_data_reg[11]/D
                                0.77           1.11 r        -0.34  (VIOLATED)
   if_stage_inst/current_pc_reg/reg_data_reg[13]/D
                                0.77           1.11 r        -0.34  (VIOLATED)
   id_stage_inst/rs2_reg/reg_data_reg[4]/D
                                0.75           1.10 f        -0.34  (VIOLATED)
   id_stage_inst/rs2_reg/reg_data_reg[7]/D
                                0.75           1.10 f        -0.34  (VIOLATED)
   id_stage_inst/rs2_reg/reg_data_reg[11]/D
                                0.75           1.10 f        -0.34  (VIOLATED)
   id_stage_inst/rs2_reg/reg_data_reg[31]/D
                                0.75           1.10 f        -0.34  (VIOLATED)
   R_1840/D                     0.74           1.09 f        -0.34  (VIOLATED)
   id_stage_inst/rs1_reg/reg_data_reg[31]/D
                                0.75           1.10 f        -0.34  (VIOLATED)
   R_2340/D                     0.76           1.10 r        -0.34  (VIOLATED)
   id_stage_inst/reg_file_inst/reg_file_reg[12][1]/D
                                0.76           1.10 f        -0.34  (VIOLATED)
   id_stage_inst/reg_file_inst/reg_file_reg[12][2]/D
                                0.76           1.10 f        -0.34  (VIOLATED)
   id_stage_inst/reg_file_inst/reg_file_reg[12][3]/D
                                0.76           1.10 f        -0.34  (VIOLATED)
   id_stage_inst/reg_file_inst/reg_file_reg[12][4]/D
                                0.76           1.10 f        -0.34  (VIOLATED)
   id_stage_inst/reg_file_inst/reg_file_reg[12][5]/D
                                0.76           1.10 f        -0.34  (VIOLATED)
   id_stage_inst/reg_file_inst/reg_file_reg[12][6]/D
                                0.76           1.10 f        -0.34  (VIOLATED)
   id_stage_inst/reg_file_inst/reg_file_reg[12][7]/D
                                0.76           1.10 f        -0.34  (VIOLATED)
   id_stage_inst/reg_file_inst/reg_file_reg[12][8]/D
                                0.76           1.10 f        -0.34  (VIOLATED)
   id_stage_inst/reg_file_inst/reg_file_reg[12][9]/D
                                0.76           1.10 f        -0.34  (VIOLATED)
   id_stage_inst/reg_file_inst/reg_file_reg[12][10]/D
                                0.76           1.10 f        -0.34  (VIOLATED)
   id_stage_inst/reg_file_inst/reg_file_reg[12][11]/D
                                0.76           1.10 f        -0.34  (VIOLATED)
   id_stage_inst/reg_file_inst/reg_file_reg[12][12]/D
                                0.76           1.10 f        -0.34  (VIOLATED)
   id_stage_inst/reg_file_inst/reg_file_reg[12][13]/D
                                0.76           1.10 f        -0.34  (VIOLATED)
   id_stage_inst/reg_file_inst/reg_file_reg[12][14]/D
                                0.76           1.10 f        -0.34  (VIOLATED)
   id_stage_inst/reg_file_inst/reg_file_reg[12][15]/D
                                0.76           1.10 f        -0.34  (VIOLATED)
   id_stage_inst/reg_file_inst/reg_file_reg[12][16]/D
                                0.76           1.10 f        -0.34  (VIOLATED)
   id_stage_inst/reg_file_inst/reg_file_reg[12][17]/D
                                0.76           1.10 f        -0.34  (VIOLATED)
   id_stage_inst/reg_file_inst/reg_file_reg[12][18]/D
                                0.76           1.10 f        -0.34  (VIOLATED)
   id_stage_inst/reg_file_inst/reg_file_reg[12][19]/D
                                0.76           1.10 f        -0.34  (VIOLATED)
   id_stage_inst/reg_file_inst/reg_file_reg[12][20]/D
                                0.76           1.10 f        -0.34  (VIOLATED)
   id_stage_inst/reg_file_inst/reg_file_reg[12][21]/D
                                0.76           1.10 f        -0.34  (VIOLATED)
   id_stage_inst/reg_file_inst/reg_file_reg[12][22]/D
                                0.76           1.10 f        -0.34  (VIOLATED)
   id_stage_inst/reg_file_inst/reg_file_reg[12][23]/D
                                0.76           1.10 f        -0.34  (VIOLATED)
   id_stage_inst/reg_file_inst/reg_file_reg[12][24]/D
                                0.76           1.10 f        -0.34  (VIOLATED)
   id_stage_inst/reg_file_inst/reg_file_reg[12][25]/D
                                0.76           1.10 f        -0.34  (VIOLATED)
   id_stage_inst/reg_file_inst/reg_file_reg[12][26]/D
                                0.76           1.10 f        -0.34  (VIOLATED)
   id_stage_inst/reg_file_inst/reg_file_reg[12][27]/D
                                0.76           1.10 f        -0.34  (VIOLATED)
   id_stage_inst/reg_file_inst/reg_file_reg[12][28]/D
                                0.76           1.10 f        -0.34  (VIOLATED)
   id_stage_inst/reg_file_inst/reg_file_reg[12][29]/D
                                0.76           1.10 f        -0.34  (VIOLATED)
   id_stage_inst/reg_file_inst/reg_file_reg[12][30]/D
                                0.76           1.10 f        -0.34  (VIOLATED)
   id_stage_inst/reg_file_inst/reg_file_reg[12][31]/D
                                0.76           1.10 f        -0.34  (VIOLATED)
   id_stage_inst/reg_file_inst/reg_file_reg[12][0]/D
                                0.76           1.10 f        -0.34  (VIOLATED)
   R_1776/D                     0.76           1.10 r        -0.34  (VIOLATED)
   if_stage_inst/btb_inst/btb_reg[0][VALID]/D
                                0.77           1.11 r        -0.34  (VIOLATED)
   id_stage_inst/rs1_reg/reg_data_reg[23]/D
                                0.76           1.10 f        -0.34  (VIOLATED)
   id_stage_inst/reg_file_inst/reg_file_reg[29][0]/D
                                0.76           1.10 f        -0.34  (VIOLATED)
   R_2563/D                     0.76           1.10 r        -0.34  (VIOLATED)
   if_stage_inst/current_pc_reg/reg_data_reg[9]/D
                                0.77           1.11 r        -0.34  (VIOLATED)
   if_stage_inst/current_pc_reg/reg_data_reg[14]/D
                                0.77           1.11 r        -0.34  (VIOLATED)
   if_stage_inst/current_pc_reg/reg_data_reg[15]/D
                                0.77           1.11 r        -0.34  (VIOLATED)
   if_stage_inst/current_pc_reg/reg_data_reg[17]/D
                                0.77           1.11 r        -0.34  (VIOLATED)
   if_stage_inst/current_pc_reg/reg_data_reg[19]/D
                                0.77           1.11 r        -0.34  (VIOLATED)
   if_stage_inst/current_pc_reg/reg_data_reg[20]/D
                                0.77           1.11 r        -0.34  (VIOLATED)
   if_stage_inst/current_pc_reg/reg_data_reg[25]/D
                                0.77           1.11 r        -0.34  (VIOLATED)
   if_stage_inst/current_pc_reg/reg_data_reg[30]/D
                                0.77           1.11 r        -0.34  (VIOLATED)
   if_stage_inst/current_pc_reg/reg_data_reg[31]/D
                                0.77           1.11 r        -0.34  (VIOLATED)
   if_stage_inst/instruction_reg/reg_data_reg[3]/D
                                0.77           1.11 r        -0.34  (VIOLATED)
   if_stage_inst/instruction_reg/reg_data_reg[6]/D
                                0.77           1.11 r        -0.34  (VIOLATED)
   if_stage_inst/instruction_reg/reg_data_reg[7]/D
                                0.77           1.11 r        -0.34  (VIOLATED)
   if_stage_inst/instruction_reg/reg_data_reg[8]/D
                                0.77           1.11 r        -0.34  (VIOLATED)
   if_stage_inst/instruction_reg/reg_data_reg[9]/D
                                0.77           1.11 r        -0.34  (VIOLATED)
   if_stage_inst/instruction_reg/reg_data_reg[10]/D
                                0.77           1.11 r        -0.34  (VIOLATED)
   if_stage_inst/pc_plus4_reg/reg_data_reg[3]/D
                                0.77           1.11 r        -0.34  (VIOLATED)
   if_stage_inst/pc_plus4_reg/reg_data_reg[8]/D
                                0.77           1.11 r        -0.34  (VIOLATED)
   if_stage_inst/pc_plus4_reg/reg_data_reg[10]/D
                                0.77           1.11 r        -0.34  (VIOLATED)
   if_stage_inst/pc_plus4_reg/reg_data_reg[16]/D
                                0.77           1.11 r        -0.34  (VIOLATED)
   if_stage_inst/pc_plus4_reg/reg_data_reg[20]/D
                                0.77           1.11 r        -0.34  (VIOLATED)
   if_stage_inst/pc_plus4_reg/reg_data_reg[21]/D
                                0.77           1.11 r        -0.34  (VIOLATED)
   if_stage_inst/pc_plus4_reg/reg_data_reg[22]/D
                                0.77           1.11 r        -0.34  (VIOLATED)
   if_stage_inst/pc_plus4_reg/reg_data_reg[28]/D
                                0.77           1.11 r        -0.34  (VIOLATED)
   R_59/D                       0.77           1.11 r        -0.34  (VIOLATED)
   R_2562/D                     0.76           1.10 r        -0.34  (VIOLATED)
   if_stage_inst/current_pc_reg/reg_data_reg[7]/D
                                0.77           1.11 r        -0.34  (VIOLATED)
   if_stage_inst/current_pc_reg/reg_data_reg[12]/D
                                0.77           1.11 r        -0.34  (VIOLATED)
   R_2565/D                     0.76           1.10 r        -0.34  (VIOLATED)
   R_2264/D                     0.76           1.10 f        -0.34  (VIOLATED)
   R_2545/D                     0.76           1.10 r        -0.34  (VIOLATED)
   id_stage_inst/reg_file_inst/reg_file_reg[27][1]/D
                                0.76           1.10 f        -0.34  (VIOLATED)
   id_stage_inst/reg_file_inst/reg_file_reg[27][2]/D
                                0.76           1.10 f        -0.34  (VIOLATED)
   id_stage_inst/reg_file_inst/reg_file_reg[27][3]/D
                                0.76           1.10 f        -0.34  (VIOLATED)
   id_stage_inst/reg_file_inst/reg_file_reg[27][4]/D
                                0.76           1.10 f        -0.34  (VIOLATED)
   id_stage_inst/reg_file_inst/reg_file_reg[27][5]/D
                                0.76           1.10 f        -0.34  (VIOLATED)
   id_stage_inst/reg_file_inst/reg_file_reg[27][6]/D
                                0.76           1.10 f        -0.34  (VIOLATED)
   id_stage_inst/reg_file_inst/reg_file_reg[27][7]/D
                                0.76           1.10 f        -0.34  (VIOLATED)
   id_stage_inst/reg_file_inst/reg_file_reg[27][8]/D
                                0.76           1.10 f        -0.34  (VIOLATED)
   id_stage_inst/reg_file_inst/reg_file_reg[27][9]/D
                                0.76           1.10 f        -0.34  (VIOLATED)
   id_stage_inst/reg_file_inst/reg_file_reg[27][10]/D
                                0.76           1.10 f        -0.34  (VIOLATED)
   id_stage_inst/reg_file_inst/reg_file_reg[27][11]/D
                                0.76           1.10 f        -0.34  (VIOLATED)
   id_stage_inst/reg_file_inst/reg_file_reg[27][12]/D
                                0.76           1.10 f        -0.34  (VIOLATED)
   id_stage_inst/reg_file_inst/reg_file_reg[27][13]/D
                                0.76           1.10 f        -0.34  (VIOLATED)
   id_stage_inst/reg_file_inst/reg_file_reg[27][14]/D
                                0.76           1.10 f        -0.34  (VIOLATED)
   id_stage_inst/reg_file_inst/reg_file_reg[27][15]/D
                                0.76           1.10 f        -0.34  (VIOLATED)
   id_stage_inst/reg_file_inst/reg_file_reg[27][16]/D
                                0.76           1.10 f        -0.34  (VIOLATED)
   id_stage_inst/reg_file_inst/reg_file_reg[27][17]/D
                                0.76           1.10 f        -0.34  (VIOLATED)
   id_stage_inst/reg_file_inst/reg_file_reg[27][18]/D
                                0.76           1.10 f        -0.34  (VIOLATED)
   id_stage_inst/reg_file_inst/reg_file_reg[27][19]/D
                                0.76           1.10 f        -0.34  (VIOLATED)
   id_stage_inst/reg_file_inst/reg_file_reg[27][20]/D
                                0.76           1.10 f        -0.34  (VIOLATED)
   id_stage_inst/reg_file_inst/reg_file_reg[27][21]/D
                                0.76           1.10 f        -0.34  (VIOLATED)
   id_stage_inst/reg_file_inst/reg_file_reg[27][22]/D
                                0.76           1.10 f        -0.34  (VIOLATED)
   id_stage_inst/reg_file_inst/reg_file_reg[27][23]/D
                                0.76           1.10 f        -0.34  (VIOLATED)
   id_stage_inst/reg_file_inst/reg_file_reg[27][24]/D
                                0.76           1.10 f        -0.34  (VIOLATED)
   id_stage_inst/reg_file_inst/reg_file_reg[27][25]/D
                                0.76           1.10 f        -0.34  (VIOLATED)
   id_stage_inst/reg_file_inst/reg_file_reg[27][26]/D
                                0.76           1.10 f        -0.34  (VIOLATED)
   id_stage_inst/reg_file_inst/reg_file_reg[27][27]/D
                                0.76           1.10 f        -0.34  (VIOLATED)
   id_stage_inst/reg_file_inst/reg_file_reg[27][28]/D
                                0.76           1.10 f        -0.34  (VIOLATED)
   id_stage_inst/reg_file_inst/reg_file_reg[27][29]/D
                                0.76           1.10 f        -0.34  (VIOLATED)
   id_stage_inst/reg_file_inst/reg_file_reg[27][30]/D
                                0.76           1.10 f        -0.34  (VIOLATED)
   id_stage_inst/reg_file_inst/reg_file_reg[27][31]/D
                                0.76           1.10 f        -0.34  (VIOLATED)
   hazard_unit_inst/status_table_reg[14][0]/D
                                0.76           1.09 f        -0.34  (VIOLATED)
   hazard_unit_inst/status_table_reg[20][0]/D
                                0.76           1.09 f        -0.34  (VIOLATED)
   if_stage_inst/btb_inst/R_2065/D
                                0.76           1.10 f        -0.34  (VIOLATED)
   hazard_unit_inst/status_table_reg[30][0]/D
                                0.76           1.09 f        -0.34  (VIOLATED)
   hazard_unit_inst/status_table_reg[12][0]/D
                                0.76           1.09 f        -0.34  (VIOLATED)
   hazard_unit_inst/status_table_reg[28][0]/D
                                0.76           1.09 f        -0.34  (VIOLATED)
   id_stage_inst/reg_file_inst/reg_file_reg[9][1]/D
                                0.76           1.10 f        -0.34  (VIOLATED)
   id_stage_inst/reg_file_inst/reg_file_reg[9][2]/D
                                0.76           1.10 f        -0.34  (VIOLATED)
   id_stage_inst/reg_file_inst/reg_file_reg[9][3]/D
                                0.76           1.10 f        -0.34  (VIOLATED)
   id_stage_inst/reg_file_inst/reg_file_reg[9][4]/D
                                0.76           1.10 f        -0.34  (VIOLATED)
   id_stage_inst/reg_file_inst/reg_file_reg[9][5]/D
                                0.76           1.10 f        -0.34  (VIOLATED)
   id_stage_inst/reg_file_inst/reg_file_reg[9][6]/D
                                0.76           1.10 f        -0.34  (VIOLATED)
   id_stage_inst/reg_file_inst/reg_file_reg[9][7]/D
                                0.76           1.10 f        -0.34  (VIOLATED)
   id_stage_inst/reg_file_inst/reg_file_reg[9][8]/D
                                0.76           1.10 f        -0.34  (VIOLATED)
   id_stage_inst/reg_file_inst/reg_file_reg[9][9]/D
                                0.76           1.10 f        -0.34  (VIOLATED)
   id_stage_inst/reg_file_inst/reg_file_reg[9][10]/D
                                0.76           1.10 f        -0.34  (VIOLATED)
   id_stage_inst/reg_file_inst/reg_file_reg[9][11]/D
                                0.76           1.10 f        -0.34  (VIOLATED)
   id_stage_inst/reg_file_inst/reg_file_reg[9][12]/D
                                0.76           1.10 f        -0.34  (VIOLATED)
   id_stage_inst/reg_file_inst/reg_file_reg[9][13]/D
                                0.76           1.10 f        -0.34  (VIOLATED)
   id_stage_inst/reg_file_inst/reg_file_reg[9][14]/D
                                0.76           1.10 f        -0.34  (VIOLATED)
   id_stage_inst/reg_file_inst/reg_file_reg[9][15]/D
                                0.76           1.10 f        -0.34  (VIOLATED)
   id_stage_inst/reg_file_inst/reg_file_reg[9][16]/D
                                0.76           1.10 f        -0.34  (VIOLATED)
   id_stage_inst/reg_file_inst/reg_file_reg[9][17]/D
                                0.76           1.10 f        -0.34  (VIOLATED)
   id_stage_inst/reg_file_inst/reg_file_reg[9][18]/D
                                0.76           1.10 f        -0.34  (VIOLATED)
   id_stage_inst/reg_file_inst/reg_file_reg[9][19]/D
                                0.76           1.10 f        -0.34  (VIOLATED)
   id_stage_inst/reg_file_inst/reg_file_reg[9][20]/D
                                0.76           1.10 f        -0.34  (VIOLATED)
   id_stage_inst/reg_file_inst/reg_file_reg[9][21]/D
                                0.76           1.10 f        -0.34  (VIOLATED)
   id_stage_inst/reg_file_inst/reg_file_reg[9][22]/D
                                0.76           1.10 f        -0.34  (VIOLATED)
   id_stage_inst/reg_file_inst/reg_file_reg[9][23]/D
                                0.76           1.10 f        -0.34  (VIOLATED)
   id_stage_inst/reg_file_inst/reg_file_reg[9][24]/D
                                0.76           1.10 f        -0.34  (VIOLATED)
   id_stage_inst/reg_file_inst/reg_file_reg[9][25]/D
                                0.76           1.10 f        -0.34  (VIOLATED)
   id_stage_inst/reg_file_inst/reg_file_reg[9][26]/D
                                0.76           1.10 f        -0.34  (VIOLATED)
   id_stage_inst/reg_file_inst/reg_file_reg[9][27]/D
                                0.76           1.10 f        -0.34  (VIOLATED)
   id_stage_inst/reg_file_inst/reg_file_reg[9][28]/D
                                0.76           1.10 f        -0.34  (VIOLATED)
   id_stage_inst/reg_file_inst/reg_file_reg[9][29]/D
                                0.76           1.10 f        -0.34  (VIOLATED)
   id_stage_inst/reg_file_inst/reg_file_reg[9][30]/D
                                0.76           1.10 f        -0.34  (VIOLATED)
   id_stage_inst/reg_file_inst/reg_file_reg[9][31]/D
                                0.76           1.10 f        -0.34  (VIOLATED)
   id_stage_inst/reg_file_inst/reg_file_reg[9][0]/D
                                0.76           1.10 f        -0.34  (VIOLATED)
   id_stage_inst/reg_file_inst/reg_file_reg[30][2]/D
                                0.76           1.10 f        -0.34  (VIOLATED)
   id_stage_inst/reg_file_inst/reg_file_reg[30][3]/D
                                0.76           1.10 f        -0.34  (VIOLATED)
   id_stage_inst/reg_file_inst/reg_file_reg[30][4]/D
                                0.76           1.10 f        -0.34  (VIOLATED)
   id_stage_inst/reg_file_inst/reg_file_reg[30][5]/D
                                0.76           1.10 f        -0.34  (VIOLATED)
   id_stage_inst/reg_file_inst/reg_file_reg[30][7]/D
                                0.76           1.10 f        -0.34  (VIOLATED)
   id_stage_inst/reg_file_inst/reg_file_reg[30][8]/D
                                0.76           1.10 f        -0.34  (VIOLATED)
   id_stage_inst/reg_file_inst/reg_file_reg[30][9]/D
                                0.76           1.10 f        -0.34  (VIOLATED)
   id_stage_inst/reg_file_inst/reg_file_reg[30][11]/D
                                0.76           1.10 f        -0.34  (VIOLATED)
   id_stage_inst/reg_file_inst/reg_file_reg[30][12]/D
                                0.76           1.10 f        -0.34  (VIOLATED)
   id_stage_inst/reg_file_inst/reg_file_reg[30][13]/D
                                0.76           1.10 f        -0.34  (VIOLATED)
   id_stage_inst/reg_file_inst/reg_file_reg[30][14]/D
                                0.76           1.10 f        -0.34  (VIOLATED)
   id_stage_inst/reg_file_inst/reg_file_reg[30][16]/D
                                0.76           1.10 f        -0.34  (VIOLATED)
   id_stage_inst/reg_file_inst/reg_file_reg[30][18]/D
                                0.76           1.10 f        -0.34  (VIOLATED)
   id_stage_inst/reg_file_inst/reg_file_reg[30][19]/D
                                0.76           1.10 f        -0.34  (VIOLATED)
   id_stage_inst/reg_file_inst/reg_file_reg[30][20]/D
                                0.76           1.10 f        -0.34  (VIOLATED)
   id_stage_inst/reg_file_inst/reg_file_reg[30][22]/D
                                0.76           1.10 f        -0.34  (VIOLATED)
   id_stage_inst/reg_file_inst/reg_file_reg[30][23]/D
                                0.76           1.10 f        -0.34  (VIOLATED)
   id_stage_inst/reg_file_inst/reg_file_reg[30][24]/D
                                0.76           1.10 f        -0.34  (VIOLATED)
   id_stage_inst/reg_file_inst/reg_file_reg[30][25]/D
                                0.76           1.10 f        -0.34  (VIOLATED)
   id_stage_inst/reg_file_inst/reg_file_reg[30][26]/D
                                0.76           1.10 f        -0.34  (VIOLATED)
   id_stage_inst/reg_file_inst/reg_file_reg[30][27]/D
                                0.76           1.10 f        -0.34  (VIOLATED)
   id_stage_inst/reg_file_inst/reg_file_reg[30][29]/D
                                0.76           1.10 f        -0.34  (VIOLATED)
   id_stage_inst/reg_file_inst/reg_file_reg[30][30]/D
                                0.76           1.10 f        -0.34  (VIOLATED)
   id_stage_inst/reg_file_inst/reg_file_reg[30][31]/D
                                0.76           1.10 f        -0.34  (VIOLATED)
   hazard_unit_inst/status_table_reg[16][0]/D
                                0.76           1.09 f        -0.34  (VIOLATED)
   id_stage_inst/reg_file_inst/reg_file_reg[30][0]/D
                                0.76           1.10 f        -0.34  (VIOLATED)
   id_stage_inst/reg_file_inst/reg_file_reg[30][10]/D
                                0.76           1.10 f        -0.34  (VIOLATED)
   id_stage_inst/reg_file_inst/reg_file_reg[30][6]/D
                                0.76           1.10 f        -0.34  (VIOLATED)
   id_stage_inst/reg_file_inst/reg_file_reg[30][21]/D
                                0.76           1.10 f        -0.34  (VIOLATED)
   id_stage_inst/reg_file_inst/reg_file_reg[30][28]/D
                                0.76           1.10 f        -0.34  (VIOLATED)
   id_stage_inst/reg_file_inst/reg_file_reg[30][15]/D
                                0.76           1.10 f        -0.34  (VIOLATED)
   id_stage_inst/reg_file_inst/reg_file_reg[30][17]/D
                                0.76           1.10 f        -0.34  (VIOLATED)
   id_stage_inst/reg_file_inst/reg_file_reg[30][1]/D
                                0.76           1.10 f        -0.34  (VIOLATED)
   hazard_unit_inst/status_table_reg[26][0]/D
                                0.76           1.09 f        -0.34  (VIOLATED)
   hazard_unit_inst/status_table_reg[29][0]/D
                                0.76           1.09 f        -0.34  (VIOLATED)
   hazard_unit_inst/status_table_reg[31][0]/D
                                0.76           1.09 f        -0.34  (VIOLATED)
   hazard_unit_inst/status_table_reg[18][0]/D
                                0.76           1.09 f        -0.34  (VIOLATED)
   hazard_unit_inst/status_table_reg[19][0]/D
                                0.76           1.09 f        -0.34  (VIOLATED)
   hazard_unit_inst/status_table_reg[22][0]/D
                                0.76           1.09 f        -0.34  (VIOLATED)
   hazard_unit_inst/status_table_reg[23][0]/D
                                0.76           1.09 f        -0.34  (VIOLATED)
   hazard_unit_inst/status_table_reg[8][0]/D
                                0.76           1.09 f        -0.34  (VIOLATED)
   hazard_unit_inst/status_table_reg[13][0]/D
                                0.76           1.09 f        -0.34  (VIOLATED)
   hazard_unit_inst/status_table_reg[15][0]/D
                                0.76           1.09 f        -0.34  (VIOLATED)
   hazard_unit_inst/status_table_reg[25][0]/D
                                0.76           1.09 f        -0.34  (VIOLATED)
   hazard_unit_inst/status_table_reg[27][0]/D
                                0.76           1.09 f        -0.34  (VIOLATED)
   hazard_unit_inst/status_table_reg[17][0]/D
                                0.76           1.09 f        -0.34  (VIOLATED)
   hazard_unit_inst/status_table_reg[21][0]/D
                                0.76           1.09 f        -0.34  (VIOLATED)
   hazard_unit_inst/status_table_reg[9][0]/D
                                0.76           1.09 f        -0.34  (VIOLATED)
   hazard_unit_inst/status_table_reg[10][0]/D
                                0.76           1.09 f        -0.34  (VIOLATED)
   hazard_unit_inst/status_table_reg[11][0]/D
                                0.76           1.09 f        -0.34  (VIOLATED)
   R_2554/D                     0.76           1.09 f        -0.34  (VIOLATED)
   R_2167/D                     0.77           1.10 r        -0.34  (VIOLATED)
   hazard_unit_inst/status_table_reg[24][0]/D
                                0.76           1.09 f        -0.34  (VIOLATED)
   R_1186/D                     0.76           1.09 f        -0.34  (VIOLATED)
   R_403/D                      0.76           1.09 f        -0.33  (VIOLATED)
   R_1842/D                     0.76           1.09 r        -0.33  (VIOLATED)
   id_stage_inst/reg_file_inst/reg_file_reg[17][1]/D
                                0.76           1.09 f        -0.33  (VIOLATED)
   id_stage_inst/reg_file_inst/reg_file_reg[17][2]/D
                                0.76           1.09 f        -0.33  (VIOLATED)
   id_stage_inst/reg_file_inst/reg_file_reg[17][3]/D
                                0.76           1.09 f        -0.33  (VIOLATED)
   id_stage_inst/reg_file_inst/reg_file_reg[17][4]/D
                                0.76           1.09 f        -0.33  (VIOLATED)
   id_stage_inst/reg_file_inst/reg_file_reg[17][5]/D
                                0.76           1.09 f        -0.33  (VIOLATED)
   id_stage_inst/reg_file_inst/reg_file_reg[17][6]/D
                                0.76           1.09 f        -0.33  (VIOLATED)
   id_stage_inst/reg_file_inst/reg_file_reg[17][7]/D
                                0.76           1.09 f        -0.33  (VIOLATED)
   id_stage_inst/reg_file_inst/reg_file_reg[17][8]/D
                                0.76           1.09 f        -0.33  (VIOLATED)
   id_stage_inst/reg_file_inst/reg_file_reg[17][9]/D
                                0.76           1.09 f        -0.33  (VIOLATED)
   id_stage_inst/reg_file_inst/reg_file_reg[17][10]/D
                                0.76           1.09 f        -0.33  (VIOLATED)
   id_stage_inst/reg_file_inst/reg_file_reg[17][11]/D
                                0.76           1.09 f        -0.33  (VIOLATED)
   id_stage_inst/reg_file_inst/reg_file_reg[17][12]/D
                                0.76           1.09 f        -0.33  (VIOLATED)
   id_stage_inst/reg_file_inst/reg_file_reg[17][13]/D
                                0.76           1.09 f        -0.33  (VIOLATED)
   id_stage_inst/reg_file_inst/reg_file_reg[17][14]/D
                                0.76           1.09 f        -0.33  (VIOLATED)
   id_stage_inst/reg_file_inst/reg_file_reg[17][15]/D
                                0.76           1.09 f        -0.33  (VIOLATED)
   id_stage_inst/reg_file_inst/reg_file_reg[17][16]/D
                                0.76           1.09 f        -0.33  (VIOLATED)
   id_stage_inst/reg_file_inst/reg_file_reg[17][17]/D
                                0.76           1.09 f        -0.33  (VIOLATED)
   id_stage_inst/reg_file_inst/reg_file_reg[17][18]/D
                                0.76           1.09 f        -0.33  (VIOLATED)
   id_stage_inst/reg_file_inst/reg_file_reg[17][19]/D
                                0.76           1.09 f        -0.33  (VIOLATED)
   id_stage_inst/reg_file_inst/reg_file_reg[17][20]/D
                                0.76           1.09 f        -0.33  (VIOLATED)
   id_stage_inst/reg_file_inst/reg_file_reg[17][21]/D
                                0.76           1.09 f        -0.33  (VIOLATED)
   id_stage_inst/reg_file_inst/reg_file_reg[17][22]/D
                                0.76           1.09 f        -0.33  (VIOLATED)
   id_stage_inst/reg_file_inst/reg_file_reg[17][23]/D
                                0.76           1.09 f        -0.33  (VIOLATED)
   id_stage_inst/reg_file_inst/reg_file_reg[17][24]/D
                                0.76           1.09 f        -0.33  (VIOLATED)
   id_stage_inst/reg_file_inst/reg_file_reg[17][25]/D
                                0.76           1.09 f        -0.33  (VIOLATED)
   id_stage_inst/reg_file_inst/reg_file_reg[17][26]/D
                                0.76           1.09 f        -0.33  (VIOLATED)
   id_stage_inst/reg_file_inst/reg_file_reg[17][27]/D
                                0.76           1.09 f        -0.33  (VIOLATED)
   id_stage_inst/reg_file_inst/reg_file_reg[17][28]/D
                                0.76           1.09 f        -0.33  (VIOLATED)
   id_stage_inst/reg_file_inst/reg_file_reg[17][29]/D
                                0.76           1.09 f        -0.33  (VIOLATED)
   id_stage_inst/reg_file_inst/reg_file_reg[17][30]/D
                                0.76           1.09 f        -0.33  (VIOLATED)
   id_stage_inst/reg_file_inst/reg_file_reg[17][31]/D
                                0.76           1.09 f        -0.33  (VIOLATED)
   id_stage_inst/reg_file_inst/reg_file_reg[21][0]/D
                                0.76           1.09 f        -0.33  (VIOLATED)
   id_stage_inst/reg_file_inst/reg_file_reg[21][1]/D
                                0.76           1.09 f        -0.33  (VIOLATED)
   id_stage_inst/reg_file_inst/reg_file_reg[21][2]/D
                                0.76           1.09 f        -0.33  (VIOLATED)
   id_stage_inst/reg_file_inst/reg_file_reg[21][3]/D
                                0.76           1.09 f        -0.33  (VIOLATED)
   id_stage_inst/reg_file_inst/reg_file_reg[21][4]/D
                                0.76           1.09 f        -0.33  (VIOLATED)
   id_stage_inst/reg_file_inst/reg_file_reg[21][5]/D
                                0.76           1.09 f        -0.33  (VIOLATED)
   id_stage_inst/reg_file_inst/reg_file_reg[21][6]/D
                                0.76           1.09 f        -0.33  (VIOLATED)
   id_stage_inst/reg_file_inst/reg_file_reg[21][7]/D
                                0.76           1.09 f        -0.33  (VIOLATED)
   id_stage_inst/reg_file_inst/reg_file_reg[21][8]/D
                                0.76           1.09 f        -0.33  (VIOLATED)
   id_stage_inst/reg_file_inst/reg_file_reg[21][9]/D
                                0.76           1.09 f        -0.33  (VIOLATED)
   id_stage_inst/reg_file_inst/reg_file_reg[21][10]/D
                                0.76           1.09 f        -0.33  (VIOLATED)
   id_stage_inst/reg_file_inst/reg_file_reg[21][11]/D
                                0.76           1.09 f        -0.33  (VIOLATED)
   id_stage_inst/reg_file_inst/reg_file_reg[21][12]/D
                                0.76           1.09 f        -0.33  (VIOLATED)
   id_stage_inst/reg_file_inst/reg_file_reg[21][13]/D
                                0.76           1.09 f        -0.33  (VIOLATED)
   id_stage_inst/reg_file_inst/reg_file_reg[21][14]/D
                                0.76           1.09 f        -0.33  (VIOLATED)
   id_stage_inst/reg_file_inst/reg_file_reg[21][15]/D
                                0.76           1.09 f        -0.33  (VIOLATED)
   id_stage_inst/reg_file_inst/reg_file_reg[21][16]/D
                                0.76           1.09 f        -0.33  (VIOLATED)
   id_stage_inst/reg_file_inst/reg_file_reg[21][17]/D
                                0.76           1.09 f        -0.33  (VIOLATED)
   id_stage_inst/reg_file_inst/reg_file_reg[21][18]/D
                                0.76           1.09 f        -0.33  (VIOLATED)
   id_stage_inst/reg_file_inst/reg_file_reg[21][19]/D
                                0.76           1.09 f        -0.33  (VIOLATED)
   id_stage_inst/reg_file_inst/reg_file_reg[21][20]/D
                                0.76           1.09 f        -0.33  (VIOLATED)
   id_stage_inst/reg_file_inst/reg_file_reg[21][21]/D
                                0.76           1.09 f        -0.33  (VIOLATED)
   id_stage_inst/reg_file_inst/reg_file_reg[21][22]/D
                                0.76           1.09 f        -0.33  (VIOLATED)
   id_stage_inst/reg_file_inst/reg_file_reg[21][23]/D
                                0.76           1.09 f        -0.33  (VIOLATED)
   id_stage_inst/reg_file_inst/reg_file_reg[21][24]/D
                                0.76           1.09 f        -0.33  (VIOLATED)
   id_stage_inst/reg_file_inst/reg_file_reg[21][25]/D
                                0.76           1.09 f        -0.33  (VIOLATED)
   id_stage_inst/reg_file_inst/reg_file_reg[21][26]/D
                                0.76           1.09 f        -0.33  (VIOLATED)
   id_stage_inst/reg_file_inst/reg_file_reg[21][27]/D
                                0.76           1.09 f        -0.33  (VIOLATED)
   id_stage_inst/reg_file_inst/reg_file_reg[21][28]/D
                                0.76           1.09 f        -0.33  (VIOLATED)
   id_stage_inst/reg_file_inst/reg_file_reg[21][29]/D
                                0.76           1.09 f        -0.33  (VIOLATED)
   id_stage_inst/reg_file_inst/reg_file_reg[21][30]/D
                                0.76           1.09 f        -0.33  (VIOLATED)
   id_stage_inst/reg_file_inst/reg_file_reg[21][31]/D
                                0.76           1.09 f        -0.33  (VIOLATED)
   id_stage_inst/reg_file_inst/reg_file_reg[23][0]/D
                                0.76           1.09 f        -0.33  (VIOLATED)
   id_stage_inst/reg_file_inst/reg_file_reg[23][1]/D
                                0.76           1.09 f        -0.33  (VIOLATED)
   id_stage_inst/reg_file_inst/reg_file_reg[23][2]/D
                                0.76           1.09 f        -0.33  (VIOLATED)
   id_stage_inst/reg_file_inst/reg_file_reg[23][3]/D
                                0.76           1.09 f        -0.33  (VIOLATED)
   id_stage_inst/reg_file_inst/reg_file_reg[23][4]/D
                                0.76           1.09 f        -0.33  (VIOLATED)
   id_stage_inst/reg_file_inst/reg_file_reg[23][5]/D
                                0.76           1.09 f        -0.33  (VIOLATED)
   id_stage_inst/reg_file_inst/reg_file_reg[23][6]/D
                                0.76           1.09 f        -0.33  (VIOLATED)
   id_stage_inst/reg_file_inst/reg_file_reg[23][7]/D
                                0.76           1.09 f        -0.33  (VIOLATED)
   id_stage_inst/reg_file_inst/reg_file_reg[23][8]/D
                                0.76           1.09 f        -0.33  (VIOLATED)
   id_stage_inst/reg_file_inst/reg_file_reg[23][9]/D
                                0.76           1.09 f        -0.33  (VIOLATED)
   id_stage_inst/reg_file_inst/reg_file_reg[23][10]/D
                                0.76           1.09 f        -0.33  (VIOLATED)
   id_stage_inst/reg_file_inst/reg_file_reg[23][11]/D
                                0.76           1.09 f        -0.33  (VIOLATED)
   id_stage_inst/reg_file_inst/reg_file_reg[23][12]/D
                                0.76           1.09 f        -0.33  (VIOLATED)
   id_stage_inst/reg_file_inst/reg_file_reg[23][13]/D
                                0.76           1.09 f        -0.33  (VIOLATED)
   id_stage_inst/reg_file_inst/reg_file_reg[23][14]/D
                                0.76           1.09 f        -0.33  (VIOLATED)
   id_stage_inst/reg_file_inst/reg_file_reg[23][15]/D
                                0.76           1.09 f        -0.33  (VIOLATED)
   id_stage_inst/reg_file_inst/reg_file_reg[23][16]/D
                                0.76           1.09 f        -0.33  (VIOLATED)
   id_stage_inst/reg_file_inst/reg_file_reg[23][17]/D
                                0.76           1.09 f        -0.33  (VIOLATED)
   id_stage_inst/reg_file_inst/reg_file_reg[23][18]/D
                                0.76           1.09 f        -0.33  (VIOLATED)
   id_stage_inst/reg_file_inst/reg_file_reg[23][19]/D
                                0.76           1.09 f        -0.33  (VIOLATED)
   id_stage_inst/reg_file_inst/reg_file_reg[23][20]/D
                                0.76           1.09 f        -0.33  (VIOLATED)
   id_stage_inst/reg_file_inst/reg_file_reg[23][21]/D
                                0.76           1.09 f        -0.33  (VIOLATED)
   id_stage_inst/reg_file_inst/reg_file_reg[23][22]/D
                                0.76           1.09 f        -0.33  (VIOLATED)
   id_stage_inst/reg_file_inst/reg_file_reg[23][23]/D
                                0.76           1.09 f        -0.33  (VIOLATED)
   id_stage_inst/reg_file_inst/reg_file_reg[23][24]/D
                                0.76           1.09 f        -0.33  (VIOLATED)
   id_stage_inst/reg_file_inst/reg_file_reg[23][25]/D
                                0.76           1.09 f        -0.33  (VIOLATED)
   id_stage_inst/reg_file_inst/reg_file_reg[23][26]/D
                                0.76           1.09 f        -0.33  (VIOLATED)
   id_stage_inst/reg_file_inst/reg_file_reg[23][27]/D
                                0.76           1.09 f        -0.33  (VIOLATED)
   id_stage_inst/reg_file_inst/reg_file_reg[23][28]/D
                                0.76           1.09 f        -0.33  (VIOLATED)
   id_stage_inst/reg_file_inst/reg_file_reg[23][29]/D
                                0.76           1.09 f        -0.33  (VIOLATED)
   id_stage_inst/reg_file_inst/reg_file_reg[23][30]/D
                                0.76           1.09 f        -0.33  (VIOLATED)
   id_stage_inst/reg_file_inst/reg_file_reg[23][31]/D
                                0.76           1.09 f        -0.33  (VIOLATED)
   R_1725/D                     0.76           1.09 f        -0.33  (VIOLATED)
   R_2234/D                     0.77           1.10 r        -0.33  (VIOLATED)
   R_1775/D                     0.76           1.09 f        -0.33  (VIOLATED)
   id_stage_inst/reg_file_inst/reg_file_reg[25][1]/D
                                0.76           1.09 f        -0.33  (VIOLATED)
   id_stage_inst/reg_file_inst/reg_file_reg[25][2]/D
                                0.76           1.09 f        -0.33  (VIOLATED)
   id_stage_inst/reg_file_inst/reg_file_reg[25][3]/D
                                0.76           1.09 f        -0.33  (VIOLATED)
   id_stage_inst/reg_file_inst/reg_file_reg[25][4]/D
                                0.76           1.09 f        -0.33  (VIOLATED)
   id_stage_inst/reg_file_inst/reg_file_reg[25][5]/D
                                0.76           1.09 f        -0.33  (VIOLATED)
   id_stage_inst/reg_file_inst/reg_file_reg[25][6]/D
                                0.76           1.09 f        -0.33  (VIOLATED)
   id_stage_inst/reg_file_inst/reg_file_reg[25][7]/D
                                0.76           1.09 f        -0.33  (VIOLATED)
   id_stage_inst/reg_file_inst/reg_file_reg[25][8]/D
                                0.76           1.09 f        -0.33  (VIOLATED)
   id_stage_inst/reg_file_inst/reg_file_reg[25][9]/D
                                0.76           1.09 f        -0.33  (VIOLATED)
   id_stage_inst/reg_file_inst/reg_file_reg[25][10]/D
                                0.76           1.09 f        -0.33  (VIOLATED)
   id_stage_inst/reg_file_inst/reg_file_reg[25][11]/D
                                0.76           1.09 f        -0.33  (VIOLATED)
   id_stage_inst/reg_file_inst/reg_file_reg[25][12]/D
                                0.76           1.09 f        -0.33  (VIOLATED)
   id_stage_inst/reg_file_inst/reg_file_reg[25][13]/D
                                0.76           1.09 f        -0.33  (VIOLATED)
   id_stage_inst/reg_file_inst/reg_file_reg[25][14]/D
                                0.76           1.09 f        -0.33  (VIOLATED)
   id_stage_inst/reg_file_inst/reg_file_reg[25][15]/D
                                0.76           1.09 f        -0.33  (VIOLATED)
   id_stage_inst/reg_file_inst/reg_file_reg[25][16]/D
                                0.76           1.09 f        -0.33  (VIOLATED)
   id_stage_inst/reg_file_inst/reg_file_reg[25][17]/D
                                0.76           1.09 f        -0.33  (VIOLATED)
   id_stage_inst/reg_file_inst/reg_file_reg[25][18]/D
                                0.76           1.09 f        -0.33  (VIOLATED)
   id_stage_inst/reg_file_inst/reg_file_reg[25][19]/D
                                0.76           1.09 f        -0.33  (VIOLATED)
   id_stage_inst/reg_file_inst/reg_file_reg[25][20]/D
                                0.76           1.09 f        -0.33  (VIOLATED)
   id_stage_inst/reg_file_inst/reg_file_reg[25][21]/D
                                0.76           1.09 f        -0.33  (VIOLATED)
   id_stage_inst/reg_file_inst/reg_file_reg[25][22]/D
                                0.76           1.09 f        -0.33  (VIOLATED)
   id_stage_inst/reg_file_inst/reg_file_reg[25][23]/D
                                0.76           1.09 f        -0.33  (VIOLATED)
   id_stage_inst/reg_file_inst/reg_file_reg[25][24]/D
                                0.76           1.09 f        -0.33  (VIOLATED)
   id_stage_inst/reg_file_inst/reg_file_reg[25][25]/D
                                0.76           1.09 f        -0.33  (VIOLATED)
   id_stage_inst/reg_file_inst/reg_file_reg[25][26]/D
                                0.76           1.09 f        -0.33  (VIOLATED)
   id_stage_inst/reg_file_inst/reg_file_reg[25][27]/D
                                0.76           1.09 f        -0.33  (VIOLATED)
   id_stage_inst/reg_file_inst/reg_file_reg[25][28]/D
                                0.76           1.09 f        -0.33  (VIOLATED)
   id_stage_inst/reg_file_inst/reg_file_reg[25][29]/D
                                0.76           1.09 f        -0.33  (VIOLATED)
   id_stage_inst/reg_file_inst/reg_file_reg[25][30]/D
                                0.76           1.09 f        -0.33  (VIOLATED)
   id_stage_inst/reg_file_inst/reg_file_reg[25][31]/D
                                0.76           1.09 f        -0.33  (VIOLATED)
   R_2337/D                     0.75           1.08 f        -0.33  (VIOLATED)
   R_2570/D                     0.77           1.10 r        -0.33  (VIOLATED)
   id_stage_inst/rs1_reg/reg_data_reg[28]/D
                                0.77           1.10 r        -0.33  (VIOLATED)
   hazard_unit_inst/status_table_reg[4][0]/D
                                0.76           1.09 f        -0.33  (VIOLATED)
   hazard_unit_inst/status_table_reg[1][0]/D
                                0.76           1.08 f        -0.33  (VIOLATED)
   hazard_unit_inst/status_table_reg[5][0]/D
                                0.76           1.08 f        -0.33  (VIOLATED)
   hazard_unit_inst/status_table_reg[2][0]/D
                                0.76           1.08 f        -0.33  (VIOLATED)
   hazard_unit_inst/status_table_reg[3][0]/D
                                0.76           1.08 f        -0.33  (VIOLATED)
   hazard_unit_inst/status_table_reg[6][0]/D
                                0.76           1.08 f        -0.33  (VIOLATED)
   hazard_unit_inst/status_table_reg[7][0]/D
                                0.76           1.08 f        -0.33  (VIOLATED)
   if_stage_inst/btb_inst/R_2062/D
                                0.77           1.10 r        -0.33  (VIOLATED)
   if_stage_inst/btb_inst/R_1528/D
                                0.74           1.07 f        -0.33  (VIOLATED)
   ex_stage_inst/result_reg/reg_data_reg[31]/D
                                0.76           1.09 r        -0.33  (VIOLATED)
   R_965/D                      0.76           1.08 f        -0.32  (VIOLATED)
   if_stage_inst/btb_inst/R_1531/D
                                0.75           1.07 f        -0.32  (VIOLATED)
   id_stage_inst/rs1_reg/reg_data_reg[18]/D
                                0.77           1.09 r        -0.32  (VIOLATED)
   id_stage_inst/rs1_reg/reg_data_reg[15]/D
                                0.76           1.08 f        -0.32  (VIOLATED)
   id_stage_inst/rs1_reg/reg_data_reg[22]/D
                                0.77           1.09 r        -0.32  (VIOLATED)
   R_2561/D                     0.76           1.08 r        -0.32  (VIOLATED)
   R_2256/D                     0.77           1.08 r        -0.32  (VIOLATED)
   R_2556/D                     0.76           1.07 r        -0.32  (VIOLATED)
   id_stage_inst/reg_file_inst/reg_file_reg[4][8]/D
                                0.76           1.08 r        -0.32  (VIOLATED)
   id_stage_inst/reg_file_inst/reg_file_reg[4][9]/D
                                0.76           1.08 r        -0.32  (VIOLATED)
   id_stage_inst/reg_file_inst/reg_file_reg[4][10]/D
                                0.76           1.08 r        -0.32  (VIOLATED)
   id_stage_inst/reg_file_inst/reg_file_reg[4][11]/D
                                0.76           1.08 r        -0.32  (VIOLATED)
   id_stage_inst/reg_file_inst/reg_file_reg[4][12]/D
                                0.76           1.08 r        -0.32  (VIOLATED)
   id_stage_inst/reg_file_inst/reg_file_reg[4][13]/D
                                0.76           1.08 r        -0.32  (VIOLATED)
   id_stage_inst/reg_file_inst/reg_file_reg[4][14]/D
                                0.76           1.08 r        -0.32  (VIOLATED)
   id_stage_inst/reg_file_inst/reg_file_reg[4][15]/D
                                0.76           1.08 r        -0.32  (VIOLATED)
   id_stage_inst/reg_file_inst/reg_file_reg[4][16]/D
                                0.76           1.08 r        -0.32  (VIOLATED)
   id_stage_inst/reg_file_inst/reg_file_reg[4][17]/D
                                0.76           1.08 r        -0.32  (VIOLATED)
   id_stage_inst/reg_file_inst/reg_file_reg[4][18]/D
                                0.76           1.08 r        -0.32  (VIOLATED)
   id_stage_inst/reg_file_inst/reg_file_reg[4][19]/D
                                0.76           1.08 r        -0.32  (VIOLATED)
   id_stage_inst/reg_file_inst/reg_file_reg[4][20]/D
                                0.76           1.08 r        -0.32  (VIOLATED)
   id_stage_inst/reg_file_inst/reg_file_reg[4][21]/D
                                0.76           1.08 r        -0.32  (VIOLATED)
   id_stage_inst/reg_file_inst/reg_file_reg[4][22]/D
                                0.76           1.08 r        -0.32  (VIOLATED)
   id_stage_inst/reg_file_inst/reg_file_reg[4][23]/D
                                0.76           1.08 r        -0.32  (VIOLATED)
   id_stage_inst/reg_file_inst/reg_file_reg[4][24]/D
                                0.76           1.08 r        -0.32  (VIOLATED)
   id_stage_inst/reg_file_inst/reg_file_reg[4][25]/D
                                0.76           1.08 r        -0.32  (VIOLATED)
   id_stage_inst/reg_file_inst/reg_file_reg[4][26]/D
                                0.76           1.08 r        -0.32  (VIOLATED)
   id_stage_inst/reg_file_inst/reg_file_reg[4][27]/D
                                0.76           1.08 r        -0.32  (VIOLATED)
   id_stage_inst/reg_file_inst/reg_file_reg[4][28]/D
                                0.76           1.08 r        -0.32  (VIOLATED)
   id_stage_inst/reg_file_inst/reg_file_reg[4][29]/D
                                0.76           1.08 r        -0.32  (VIOLATED)
   id_stage_inst/reg_file_inst/reg_file_reg[4][30]/D
                                0.76           1.08 r        -0.32  (VIOLATED)
   id_stage_inst/reg_file_inst/reg_file_reg[4][31]/D
                                0.76           1.08 r        -0.32  (VIOLATED)
   id_stage_inst/reg_file_inst/reg_file_reg[5][8]/D
                                0.76           1.08 r        -0.32  (VIOLATED)
   id_stage_inst/reg_file_inst/reg_file_reg[5][9]/D
                                0.76           1.08 r        -0.32  (VIOLATED)
   id_stage_inst/reg_file_inst/reg_file_reg[5][10]/D
                                0.76           1.08 r        -0.32  (VIOLATED)
   id_stage_inst/reg_file_inst/reg_file_reg[5][11]/D
                                0.76           1.08 r        -0.32  (VIOLATED)
   id_stage_inst/reg_file_inst/reg_file_reg[5][12]/D
                                0.76           1.08 r        -0.32  (VIOLATED)
   id_stage_inst/reg_file_inst/reg_file_reg[5][13]/D
                                0.76           1.08 r        -0.32  (VIOLATED)
   id_stage_inst/reg_file_inst/reg_file_reg[5][14]/D
                                0.76           1.08 r        -0.32  (VIOLATED)
   id_stage_inst/reg_file_inst/reg_file_reg[5][15]/D
                                0.76           1.08 r        -0.32  (VIOLATED)
   id_stage_inst/reg_file_inst/reg_file_reg[5][16]/D
                                0.76           1.08 r        -0.32  (VIOLATED)
   id_stage_inst/reg_file_inst/reg_file_reg[5][17]/D
                                0.76           1.08 r        -0.32  (VIOLATED)
   id_stage_inst/reg_file_inst/reg_file_reg[5][18]/D
                                0.76           1.08 r        -0.32  (VIOLATED)
   id_stage_inst/reg_file_inst/reg_file_reg[5][19]/D
                                0.76           1.08 r        -0.32  (VIOLATED)
   id_stage_inst/reg_file_inst/reg_file_reg[5][20]/D
                                0.76           1.08 r        -0.32  (VIOLATED)
   id_stage_inst/reg_file_inst/reg_file_reg[5][21]/D
                                0.76           1.08 r        -0.32  (VIOLATED)
   id_stage_inst/reg_file_inst/reg_file_reg[5][22]/D
                                0.76           1.08 r        -0.32  (VIOLATED)
   id_stage_inst/reg_file_inst/reg_file_reg[5][23]/D
                                0.76           1.08 r        -0.32  (VIOLATED)
   id_stage_inst/reg_file_inst/reg_file_reg[5][24]/D
                                0.76           1.08 r        -0.32  (VIOLATED)
   id_stage_inst/reg_file_inst/reg_file_reg[5][25]/D
                                0.76           1.08 r        -0.32  (VIOLATED)
   id_stage_inst/reg_file_inst/reg_file_reg[5][26]/D
                                0.76           1.08 r        -0.32  (VIOLATED)
   id_stage_inst/reg_file_inst/reg_file_reg[5][27]/D
                                0.76           1.08 r        -0.32  (VIOLATED)
   id_stage_inst/reg_file_inst/reg_file_reg[5][28]/D
                                0.76           1.08 r        -0.32  (VIOLATED)
   id_stage_inst/reg_file_inst/reg_file_reg[5][29]/D
                                0.76           1.08 r        -0.32  (VIOLATED)
   id_stage_inst/reg_file_inst/reg_file_reg[5][30]/D
                                0.76           1.08 r        -0.32  (VIOLATED)
   id_stage_inst/reg_file_inst/reg_file_reg[5][31]/D
                                0.76           1.08 r        -0.32  (VIOLATED)
   id_stage_inst/rs1_reg/reg_data_reg[29]/D
                                0.75           1.07 f        -0.32  (VIOLATED)
   id_stage_inst/reg_file_inst/reg_file_reg[31][0]/D
                                0.75           1.07 f        -0.32  (VIOLATED)
   if_stage_inst/btb_inst/R_1552/D
                                0.75           1.06 f        -0.32  (VIOLATED)
   if_stage_inst/btb_inst/R_1546/D
                                0.75           1.06 f        -0.32  (VIOLATED)
   R_1742/D                     0.77           1.08 r        -0.32  (VIOLATED)
   id_stage_inst/reg_file_inst/reg_file_reg[22][0]/D
                                0.76           1.07 f        -0.31  (VIOLATED)
   id_stage_inst/reg_file_inst/reg_file_reg[22][2]/D
                                0.76           1.07 f        -0.31  (VIOLATED)
   id_stage_inst/reg_file_inst/reg_file_reg[22][3]/D
                                0.76           1.07 f        -0.31  (VIOLATED)
   id_stage_inst/reg_file_inst/reg_file_reg[22][4]/D
                                0.76           1.07 f        -0.31  (VIOLATED)
   id_stage_inst/reg_file_inst/reg_file_reg[22][5]/D
                                0.76           1.07 f        -0.31  (VIOLATED)
   id_stage_inst/reg_file_inst/reg_file_reg[22][6]/D
                                0.76           1.07 f        -0.31  (VIOLATED)
   id_stage_inst/reg_file_inst/reg_file_reg[22][7]/D
                                0.76           1.07 f        -0.31  (VIOLATED)
   id_stage_inst/reg_file_inst/reg_file_reg[22][8]/D
                                0.76           1.07 f        -0.31  (VIOLATED)
   id_stage_inst/reg_file_inst/reg_file_reg[22][9]/D
                                0.76           1.07 f        -0.31  (VIOLATED)
   id_stage_inst/reg_file_inst/reg_file_reg[22][10]/D
                                0.76           1.07 f        -0.31  (VIOLATED)
   id_stage_inst/reg_file_inst/reg_file_reg[22][11]/D
                                0.76           1.07 f        -0.31  (VIOLATED)
   id_stage_inst/reg_file_inst/reg_file_reg[22][12]/D
                                0.76           1.07 f        -0.31  (VIOLATED)
   id_stage_inst/reg_file_inst/reg_file_reg[22][13]/D
                                0.76           1.07 f        -0.31  (VIOLATED)
   id_stage_inst/reg_file_inst/reg_file_reg[22][14]/D
                                0.76           1.07 f        -0.31  (VIOLATED)
   id_stage_inst/reg_file_inst/reg_file_reg[22][15]/D
                                0.76           1.07 f        -0.31  (VIOLATED)
   id_stage_inst/reg_file_inst/reg_file_reg[22][16]/D
                                0.76           1.07 f        -0.31  (VIOLATED)
   id_stage_inst/reg_file_inst/reg_file_reg[22][17]/D
                                0.76           1.07 f        -0.31  (VIOLATED)
   id_stage_inst/reg_file_inst/reg_file_reg[22][18]/D
                                0.76           1.07 f        -0.31  (VIOLATED)
   id_stage_inst/reg_file_inst/reg_file_reg[22][19]/D
                                0.76           1.07 f        -0.31  (VIOLATED)
   id_stage_inst/reg_file_inst/reg_file_reg[22][20]/D
                                0.76           1.07 f        -0.31  (VIOLATED)
   id_stage_inst/reg_file_inst/reg_file_reg[22][21]/D
                                0.76           1.07 f        -0.31  (VIOLATED)
   id_stage_inst/reg_file_inst/reg_file_reg[22][22]/D
                                0.76           1.07 f        -0.31  (VIOLATED)
   id_stage_inst/reg_file_inst/reg_file_reg[22][23]/D
                                0.76           1.07 f        -0.31  (VIOLATED)
   id_stage_inst/reg_file_inst/reg_file_reg[22][24]/D
                                0.76           1.07 f        -0.31  (VIOLATED)
   id_stage_inst/reg_file_inst/reg_file_reg[22][25]/D
                                0.76           1.07 f        -0.31  (VIOLATED)
   id_stage_inst/reg_file_inst/reg_file_reg[22][26]/D
                                0.76           1.07 f        -0.31  (VIOLATED)
   id_stage_inst/reg_file_inst/reg_file_reg[22][27]/D
                                0.76           1.07 f        -0.31  (VIOLATED)
   id_stage_inst/reg_file_inst/reg_file_reg[22][28]/D
                                0.76           1.07 f        -0.31  (VIOLATED)
   id_stage_inst/reg_file_inst/reg_file_reg[22][29]/D
                                0.76           1.07 f        -0.31  (VIOLATED)
   id_stage_inst/reg_file_inst/reg_file_reg[22][30]/D
                                0.76           1.07 f        -0.31  (VIOLATED)
   id_stage_inst/reg_file_inst/reg_file_reg[22][31]/D
                                0.76           1.07 f        -0.31  (VIOLATED)
   if_stage_inst/btb_inst/R_1555/D
                                0.75           1.06 f        -0.31  (VIOLATED)
   if_stage_inst/btb_inst/R_1543/D
                                0.75           1.06 f        -0.31  (VIOLATED)
   R_2527/D                     0.75           1.06 f        -0.31  (VIOLATED)
   if_stage_inst/btb_inst/R_1561/D
                                0.75           1.06 f        -0.31  (VIOLATED)
   if_stage_inst/btb_inst/R_1534/D
                                0.75           1.06 f        -0.31  (VIOLATED)
   R_2324/D                     0.77           1.08 r        -0.31  (VIOLATED)
   id_stage_inst/rs1_reg/reg_data_reg[10]/D
                                0.77           1.08 r        -0.31  (VIOLATED)
   ex_stage_inst/result_reg/reg_data_reg[17]/D
                                0.76           1.07 f        -0.31  (VIOLATED)
   if_stage_inst/btb_inst/btb_reg[15][VALID]/D
                                0.77           1.08 r        -0.31  (VIOLATED)
   R_2525/D                     0.76           1.06 r        -0.31  (VIOLATED)
   R_2550/D                     0.76           1.06 f        -0.31  (VIOLATED)
   if_stage_inst/btb_inst/R_1540/D
                                0.75           1.05 f        -0.30  (VIOLATED)
   if_stage_inst/btb_inst/R_2099/D
                                0.75           1.06 f        -0.30  (VIOLATED)
   if_stage_inst/btb_inst/R_2507/D
                                0.75           1.06 f        -0.30  (VIOLATED)
   id_stage_inst/reg_file_inst/reg_file_reg[27][0]/D
                                0.75           1.06 f        -0.30  (VIOLATED)
   ex_stage_inst/mult_pp_inst/tree_i/layer_4_r_reg[3][21]/D
                                0.76           1.06 f        -0.30  (VIOLATED)
   id_stage_inst/rs1_reg/reg_data_reg[21]/D
                                0.77           1.07 r        -0.30  (VIOLATED)
   id_stage_inst/rs1_reg/reg_data_reg[11]/D
                                0.77           1.07 r        -0.30  (VIOLATED)
   ex_stage_inst/result_reg/reg_data_reg[29]/D
                                0.76           1.06 f        -0.30  (VIOLATED)
   if_stage_inst/btb_inst/R_1549/D
                                0.75           1.05 f        -0.30  (VIOLATED)
   id_stage_inst/reg_file_inst/reg_file_reg[29][1]/D
                                0.75           1.05 f        -0.30  (VIOLATED)
   id_stage_inst/reg_file_inst/reg_file_reg[29][2]/D
                                0.75           1.05 f        -0.30  (VIOLATED)
   id_stage_inst/reg_file_inst/reg_file_reg[29][3]/D
                                0.75           1.05 f        -0.30  (VIOLATED)
   id_stage_inst/reg_file_inst/reg_file_reg[29][4]/D
                                0.75           1.05 f        -0.30  (VIOLATED)
   id_stage_inst/reg_file_inst/reg_file_reg[29][5]/D
                                0.75           1.05 f        -0.30  (VIOLATED)
   id_stage_inst/reg_file_inst/reg_file_reg[29][6]/D
                                0.75           1.05 f        -0.30  (VIOLATED)
   id_stage_inst/reg_file_inst/reg_file_reg[29][7]/D
                                0.75           1.05 f        -0.30  (VIOLATED)
   id_stage_inst/reg_file_inst/reg_file_reg[29][8]/D
                                0.75           1.05 f        -0.30  (VIOLATED)
   id_stage_inst/reg_file_inst/reg_file_reg[29][9]/D
                                0.75           1.05 f        -0.30  (VIOLATED)
   id_stage_inst/reg_file_inst/reg_file_reg[29][10]/D
                                0.75           1.05 f        -0.30  (VIOLATED)
   id_stage_inst/reg_file_inst/reg_file_reg[29][11]/D
                                0.75           1.05 f        -0.30  (VIOLATED)
   id_stage_inst/reg_file_inst/reg_file_reg[29][12]/D
                                0.75           1.05 f        -0.30  (VIOLATED)
   id_stage_inst/reg_file_inst/reg_file_reg[29][13]/D
                                0.75           1.05 f        -0.30  (VIOLATED)
   id_stage_inst/reg_file_inst/reg_file_reg[29][14]/D
                                0.75           1.05 f        -0.30  (VIOLATED)
   id_stage_inst/reg_file_inst/reg_file_reg[29][15]/D
                                0.75           1.05 f        -0.30  (VIOLATED)
   id_stage_inst/reg_file_inst/reg_file_reg[29][16]/D
                                0.75           1.05 f        -0.30  (VIOLATED)
   id_stage_inst/reg_file_inst/reg_file_reg[29][17]/D
                                0.75           1.05 f        -0.30  (VIOLATED)
   id_stage_inst/reg_file_inst/reg_file_reg[29][18]/D
                                0.75           1.05 f        -0.30  (VIOLATED)
   id_stage_inst/reg_file_inst/reg_file_reg[29][19]/D
                                0.75           1.05 f        -0.30  (VIOLATED)
   id_stage_inst/reg_file_inst/reg_file_reg[29][20]/D
                                0.75           1.05 f        -0.30  (VIOLATED)
   id_stage_inst/reg_file_inst/reg_file_reg[29][21]/D
                                0.75           1.05 f        -0.30  (VIOLATED)
   id_stage_inst/reg_file_inst/reg_file_reg[29][22]/D
                                0.75           1.05 f        -0.30  (VIOLATED)
   id_stage_inst/reg_file_inst/reg_file_reg[29][23]/D
                                0.75           1.05 f        -0.30  (VIOLATED)
   id_stage_inst/reg_file_inst/reg_file_reg[29][24]/D
                                0.75           1.05 f        -0.30  (VIOLATED)
   id_stage_inst/reg_file_inst/reg_file_reg[29][25]/D
                                0.75           1.05 f        -0.30  (VIOLATED)
   id_stage_inst/reg_file_inst/reg_file_reg[29][26]/D
                                0.75           1.05 f        -0.30  (VIOLATED)
   id_stage_inst/reg_file_inst/reg_file_reg[29][27]/D
                                0.75           1.05 f        -0.30  (VIOLATED)
   id_stage_inst/reg_file_inst/reg_file_reg[29][28]/D
                                0.75           1.05 f        -0.30  (VIOLATED)
   id_stage_inst/reg_file_inst/reg_file_reg[29][29]/D
                                0.75           1.05 f        -0.30  (VIOLATED)
   id_stage_inst/reg_file_inst/reg_file_reg[29][30]/D
                                0.75           1.05 f        -0.30  (VIOLATED)
   id_stage_inst/reg_file_inst/reg_file_reg[29][31]/D
                                0.75           1.05 f        -0.30  (VIOLATED)
   R_2564/D                     0.76           1.06 f        -0.30  (VIOLATED)
   ex_stage_inst/mult_pp_inst/tree_i/layer_4_r_reg[3][23]/D
                                0.76           1.06 f        -0.30  (VIOLATED)
   id_stage_inst/reg_file_inst/reg_file_reg[7][0]/D
                                0.76           1.06 f        -0.30  (VIOLATED)
   id_stage_inst/reg_file_inst/reg_file_reg[7][1]/D
                                0.76           1.06 f        -0.30  (VIOLATED)
   id_stage_inst/reg_file_inst/reg_file_reg[7][2]/D
                                0.76           1.06 f        -0.30  (VIOLATED)
   id_stage_inst/reg_file_inst/reg_file_reg[7][3]/D
                                0.76           1.06 f        -0.30  (VIOLATED)
   id_stage_inst/reg_file_inst/reg_file_reg[7][4]/D
                                0.76           1.06 f        -0.30  (VIOLATED)
   id_stage_inst/reg_file_inst/reg_file_reg[7][5]/D
                                0.76           1.06 f        -0.30  (VIOLATED)
   id_stage_inst/reg_file_inst/reg_file_reg[7][6]/D
                                0.76           1.06 f        -0.30  (VIOLATED)
   id_stage_inst/reg_file_inst/reg_file_reg[7][7]/D
                                0.76           1.06 f        -0.30  (VIOLATED)
   id_stage_inst/reg_file_inst/reg_file_reg[7][8]/D
                                0.76           1.06 f        -0.30  (VIOLATED)
   id_stage_inst/reg_file_inst/reg_file_reg[7][9]/D
                                0.76           1.06 f        -0.30  (VIOLATED)
   id_stage_inst/reg_file_inst/reg_file_reg[7][10]/D
                                0.76           1.06 f        -0.30  (VIOLATED)
   id_stage_inst/reg_file_inst/reg_file_reg[7][11]/D
                                0.76           1.06 f        -0.30  (VIOLATED)
   id_stage_inst/reg_file_inst/reg_file_reg[7][12]/D
                                0.76           1.06 f        -0.30  (VIOLATED)
   id_stage_inst/reg_file_inst/reg_file_reg[7][13]/D
                                0.76           1.06 f        -0.30  (VIOLATED)
   id_stage_inst/reg_file_inst/reg_file_reg[7][15]/D
                                0.76           1.06 f        -0.30  (VIOLATED)
   id_stage_inst/reg_file_inst/reg_file_reg[7][16]/D
                                0.76           1.06 f        -0.30  (VIOLATED)
   id_stage_inst/reg_file_inst/reg_file_reg[7][17]/D
                                0.76           1.06 f        -0.30  (VIOLATED)
   id_stage_inst/reg_file_inst/reg_file_reg[7][18]/D
                                0.76           1.06 f        -0.30  (VIOLATED)
   id_stage_inst/reg_file_inst/reg_file_reg[7][19]/D
                                0.76           1.06 f        -0.30  (VIOLATED)
   id_stage_inst/reg_file_inst/reg_file_reg[7][20]/D
                                0.76           1.06 f        -0.30  (VIOLATED)
   id_stage_inst/reg_file_inst/reg_file_reg[7][21]/D
                                0.76           1.06 f        -0.30  (VIOLATED)
   id_stage_inst/reg_file_inst/reg_file_reg[7][22]/D
                                0.76           1.06 f        -0.30  (VIOLATED)
   id_stage_inst/reg_file_inst/reg_file_reg[7][23]/D
                                0.76           1.06 f        -0.30  (VIOLATED)
   id_stage_inst/reg_file_inst/reg_file_reg[7][24]/D
                                0.76           1.06 f        -0.30  (VIOLATED)
   id_stage_inst/reg_file_inst/reg_file_reg[7][25]/D
                                0.76           1.06 f        -0.30  (VIOLATED)
   id_stage_inst/reg_file_inst/reg_file_reg[7][26]/D
                                0.76           1.06 f        -0.30  (VIOLATED)
   id_stage_inst/reg_file_inst/reg_file_reg[7][27]/D
                                0.76           1.06 f        -0.30  (VIOLATED)
   id_stage_inst/reg_file_inst/reg_file_reg[7][28]/D
                                0.76           1.06 f        -0.30  (VIOLATED)
   id_stage_inst/reg_file_inst/reg_file_reg[7][29]/D
                                0.76           1.06 f        -0.30  (VIOLATED)
   id_stage_inst/reg_file_inst/reg_file_reg[7][30]/D
                                0.76           1.06 f        -0.30  (VIOLATED)
   id_stage_inst/reg_file_inst/reg_file_reg[7][31]/D
                                0.76           1.06 f        -0.30  (VIOLATED)
   id_stage_inst/reg_file_inst/reg_file_reg[7][14]/SE
                                0.72           1.01 f        -0.30  (VIOLATED)
   id_stage_inst/rs1_reg/reg_data_reg[26]/D
                                0.77           1.07 r        -0.30  (VIOLATED)
   id_stage_inst/reg_file_inst/reg_file_reg[17][0]/D
                                0.76           1.06 f        -0.30  (VIOLATED)
   if_stage_inst/btb_inst/R_1525/D
                                0.75           1.05 f        -0.30  (VIOLATED)
   id_stage_inst/reg_file_inst/reg_file_reg[22][1]/D
                                0.76           1.06 f        -0.30  (VIOLATED)
   if_stage_inst/btb_inst/R_1968/D
                                0.76           1.05 f        -0.30  (VIOLATED)
   if_stage_inst/btb_inst/R_2508/D
                                0.75           1.05 f        -0.30  (VIOLATED)
   id_stage_inst/reg_file_inst/reg_file_reg[25][0]/D
                                0.76           1.05 f        -0.29  (VIOLATED)
   R_1694/D                     0.77           1.06 r        -0.29  (VIOLATED)
   R_2546/D                     0.76           1.05 f        -0.29  (VIOLATED)
   ex_stage_inst/result_reg/reg_data_reg[28]/D
                                0.76           1.05 f        -0.29  (VIOLATED)
   if_stage_inst/btb_inst/R_1967/D
                                0.76           1.05 f        -0.29  (VIOLATED)
   hazard_unit_inst/status_table_reg[20][1]/D
                                0.76           1.05 f        -0.29  (VIOLATED)
   hazard_unit_inst/status_table_reg[12][1]/D
                                0.76           1.05 f        -0.29  (VIOLATED)
   hazard_unit_inst/status_table_reg[28][1]/D
                                0.76           1.05 f        -0.29  (VIOLATED)
   hazard_unit_inst/status_table_reg[18][1]/D
                                0.76           1.05 f        -0.29  (VIOLATED)
   hazard_unit_inst/status_table_reg[21][1]/D
                                0.76           1.05 f        -0.29  (VIOLATED)
   hazard_unit_inst/status_table_reg[11][1]/D
                                0.76           1.05 f        -0.29  (VIOLATED)
   hazard_unit_inst/status_table_reg[13][1]/D
                                0.76           1.05 f        -0.29  (VIOLATED)
   hazard_unit_inst/status_table_reg[27][1]/D
                                0.76           1.05 f        -0.29  (VIOLATED)
   hazard_unit_inst/status_table_reg[29][1]/D
                                0.76           1.05 f        -0.29  (VIOLATED)
   hazard_unit_inst/status_table_reg[17][1]/D
                                0.76           1.05 f        -0.29  (VIOLATED)
   hazard_unit_inst/status_table_reg[23][1]/D
                                0.76           1.05 f        -0.29  (VIOLATED)
   hazard_unit_inst/status_table_reg[8][1]/D
                                0.76           1.05 f        -0.29  (VIOLATED)
   hazard_unit_inst/status_table_reg[9][1]/D
                                0.76           1.05 f        -0.29  (VIOLATED)
   hazard_unit_inst/status_table_reg[15][1]/D
                                0.76           1.05 f        -0.29  (VIOLATED)
   hazard_unit_inst/status_table_reg[25][1]/D
                                0.76           1.05 f        -0.29  (VIOLATED)
   hazard_unit_inst/status_table_reg[31][1]/D
                                0.76           1.05 f        -0.29  (VIOLATED)
   ex_stage_inst/result_reg/reg_data_reg[19]/D
                                0.76           1.05 f        -0.29  (VIOLATED)
   hazard_unit_inst/status_table_reg[19][1]/D
                                0.76           1.05 f        -0.29  (VIOLATED)
   hazard_unit_inst/status_table_reg[10][1]/D
                                0.76           1.05 f        -0.29  (VIOLATED)
   hazard_unit_inst/status_table_reg[26][1]/D
                                0.76           1.05 f        -0.29  (VIOLATED)
   hazard_unit_inst/status_table_reg[16][1]/D
                                0.76           1.05 f        -0.29  (VIOLATED)
   hazard_unit_inst/status_table_reg[22][1]/D
                                0.76           1.05 f        -0.29  (VIOLATED)
   hazard_unit_inst/status_table_reg[14][1]/D
                                0.76           1.05 f        -0.29  (VIOLATED)
   hazard_unit_inst/status_table_reg[24][1]/D
                                0.76           1.05 f        -0.29  (VIOLATED)
   hazard_unit_inst/status_table_reg[30][1]/D
                                0.76           1.05 f        -0.29  (VIOLATED)
   R_2258/D                     0.77           1.06 r        -0.29  (VIOLATED)
   if_stage_inst/btb_inst/R_1564/D
                                0.75           1.04 f        -0.29  (VIOLATED)
   ex_stage_inst/mult_pp_inst/tree_i/layer_4_r_reg[2][19]/D
                                0.77           1.05 r        -0.29  (VIOLATED)
   R_69/D                       0.76           1.05 f        -0.29  (VIOLATED)
   R_437/D                      0.76           1.05 r        -0.29  (VIOLATED)
   R_1138/D                     0.77           1.05 r        -0.29  (VIOLATED)
   R_1812/D                     0.77           1.05 r        -0.29  (VIOLATED)
   R_42/D                       0.76           1.05 f        -0.29  (VIOLATED)
   R_2329/D                     0.76           1.05 f        -0.29  (VIOLATED)
   if_stage_inst/btb_inst/btb_reg[9][VALID]/D
                                0.77           1.05 r        -0.28  (VIOLATED)
   hazard_unit_inst/status_table_reg[4][1]/D
                                0.76           1.04 f        -0.28  (VIOLATED)
   id_stage_inst/rs1_reg/reg_data_reg[6]/D
                                0.76           1.04 f        -0.28  (VIOLATED)
   ex_stage_inst/result_reg/reg_data_reg[24]/D
                                0.76           1.04 f        -0.28  (VIOLATED)
   hazard_unit_inst/status_table_reg[2][1]/D
                                0.76           1.04 f        -0.28  (VIOLATED)
   hazard_unit_inst/status_table_reg[3][1]/D
                                0.76           1.04 f        -0.28  (VIOLATED)
   hazard_unit_inst/status_table_reg[5][1]/D
                                0.76           1.04 f        -0.28  (VIOLATED)
   R_1699/D                     0.76           1.04 f        -0.28  (VIOLATED)
   id_stage_inst/rs1_reg/reg_data_reg[5]/D
                                0.77           1.05 r        -0.28  (VIOLATED)
   if_stage_inst/btb_inst/R_2003/D
                                0.77           1.05 r        -0.28  (VIOLATED)
   if_stage_inst/btb_inst/R_2064/D
                                0.77           1.04 r        -0.28  (VIOLATED)
   if_stage_inst/btb_inst/R_2509/D
                                0.76           1.04 f        -0.28  (VIOLATED)
   if_stage_inst/btb_inst/R_2510/D
                                0.76           1.04 f        -0.28  (VIOLATED)
   if_stage_inst/btb_inst/btb_reg[5][VALID]/D
                                0.77           1.05 r        -0.28  (VIOLATED)
   id_stage_inst/reg_file_inst/reg_file_reg[7][14]/D
                                0.73           1.01 r        -0.28  (VIOLATED)
   ex_stage_inst/result_reg/reg_data_reg[27]/D
                                0.76           1.03 f        -0.27  (VIOLATED)
   R_1777/D                     0.76           1.04 r        -0.27  (VIOLATED)
   id_stage_inst/reg_file_inst/reg_file_reg[28][10]/D
                                0.76           1.03 f        -0.27  (VIOLATED)
   id_stage_inst/reg_file_inst/reg_file_reg[28][0]/D
                                0.76           1.03 f        -0.27  (VIOLATED)
   id_stage_inst/reg_file_inst/reg_file_reg[28][2]/D
                                0.76           1.03 f        -0.27  (VIOLATED)
   id_stage_inst/reg_file_inst/reg_file_reg[28][3]/D
                                0.76           1.03 f        -0.27  (VIOLATED)
   id_stage_inst/reg_file_inst/reg_file_reg[28][4]/D
                                0.76           1.03 f        -0.27  (VIOLATED)
   id_stage_inst/reg_file_inst/reg_file_reg[28][5]/D
                                0.76           1.03 f        -0.27  (VIOLATED)
   id_stage_inst/reg_file_inst/reg_file_reg[28][6]/D
                                0.76           1.03 f        -0.27  (VIOLATED)
   id_stage_inst/reg_file_inst/reg_file_reg[28][7]/D
                                0.76           1.03 f        -0.27  (VIOLATED)
   id_stage_inst/reg_file_inst/reg_file_reg[28][8]/D
                                0.76           1.03 f        -0.27  (VIOLATED)
   id_stage_inst/reg_file_inst/reg_file_reg[28][9]/D
                                0.76           1.03 f        -0.27  (VIOLATED)
   id_stage_inst/reg_file_inst/reg_file_reg[28][11]/D
                                0.76           1.03 f        -0.27  (VIOLATED)
   id_stage_inst/reg_file_inst/reg_file_reg[28][12]/D
                                0.76           1.03 f        -0.27  (VIOLATED)
   id_stage_inst/reg_file_inst/reg_file_reg[28][13]/D
                                0.76           1.03 f        -0.27  (VIOLATED)
   id_stage_inst/reg_file_inst/reg_file_reg[28][14]/D
                                0.76           1.03 f        -0.27  (VIOLATED)
   id_stage_inst/reg_file_inst/reg_file_reg[28][15]/D
                                0.76           1.03 f        -0.27  (VIOLATED)
   id_stage_inst/reg_file_inst/reg_file_reg[28][16]/D
                                0.76           1.03 f        -0.27  (VIOLATED)
   id_stage_inst/reg_file_inst/reg_file_reg[28][17]/D
                                0.76           1.03 f        -0.27  (VIOLATED)
   id_stage_inst/reg_file_inst/reg_file_reg[28][18]/D
                                0.76           1.03 f        -0.27  (VIOLATED)
   id_stage_inst/reg_file_inst/reg_file_reg[28][19]/D
                                0.76           1.03 f        -0.27  (VIOLATED)
   id_stage_inst/reg_file_inst/reg_file_reg[28][20]/D
                                0.76           1.03 f        -0.27  (VIOLATED)
   id_stage_inst/reg_file_inst/reg_file_reg[28][21]/D
                                0.76           1.03 f        -0.27  (VIOLATED)
   id_stage_inst/reg_file_inst/reg_file_reg[28][22]/D
                                0.76           1.03 f        -0.27  (VIOLATED)
   id_stage_inst/reg_file_inst/reg_file_reg[28][23]/D
                                0.76           1.03 f        -0.27  (VIOLATED)
   id_stage_inst/reg_file_inst/reg_file_reg[28][24]/D
                                0.76           1.03 f        -0.27  (VIOLATED)
   id_stage_inst/reg_file_inst/reg_file_reg[28][25]/D
                                0.76           1.03 f        -0.27  (VIOLATED)
   id_stage_inst/reg_file_inst/reg_file_reg[28][26]/D
                                0.76           1.03 f        -0.27  (VIOLATED)
   id_stage_inst/reg_file_inst/reg_file_reg[28][27]/D
                                0.76           1.03 f        -0.27  (VIOLATED)
   id_stage_inst/reg_file_inst/reg_file_reg[28][28]/D
                                0.76           1.03 f        -0.27  (VIOLATED)
   id_stage_inst/reg_file_inst/reg_file_reg[28][29]/D
                                0.76           1.03 f        -0.27  (VIOLATED)
   id_stage_inst/reg_file_inst/reg_file_reg[28][30]/D
                                0.76           1.03 f        -0.27  (VIOLATED)
   id_stage_inst/reg_file_inst/reg_file_reg[28][31]/D
                                0.76           1.03 f        -0.27  (VIOLATED)
   hazard_unit_inst/status_table_reg[7][1]/D
                                0.76           1.03 f        -0.27  (VIOLATED)
   id_stage_inst/reg_file_inst/reg_file_reg[28][1]/D
                                0.76           1.03 f        -0.27  (VIOLATED)
   hazard_unit_inst/status_table_reg[1][1]/D
                                0.76           1.03 f        -0.27  (VIOLATED)
   hazard_unit_inst/status_table_reg[6][1]/D
                                0.76           1.03 f        -0.27  (VIOLATED)
   id_stage_inst/rs1_reg/reg_data_reg[4]/D
                                0.76           1.03 f        -0.27  (VIOLATED)
   mem_stage_inst/rd_data_reg/reg_data_reg[8]/D
                                0.76           1.04 r        -0.27  (VIOLATED)
   mem_stage_inst/rd_data_reg/reg_data_reg[10]/D
                                0.76           1.04 r        -0.27  (VIOLATED)
   mem_stage_inst/rd_data_reg/reg_data_reg[11]/D
                                0.76           1.04 r        -0.27  (VIOLATED)
   mem_stage_inst/rd_data_reg/reg_data_reg[12]/D
                                0.76           1.04 r        -0.27  (VIOLATED)
   mem_stage_inst/rd_data_reg/reg_data_reg[14]/D
                                0.76           1.04 r        -0.27  (VIOLATED)
   mem_stage_inst/rd_data_reg/reg_data_reg[15]/D
                                0.76           1.04 r        -0.27  (VIOLATED)
   mem_stage_inst/rd_data_reg/reg_data_reg[16]/D
                                0.76           1.04 r        -0.27  (VIOLATED)
   mem_stage_inst/rd_data_reg/reg_data_reg[17]/D
                                0.76           1.04 r        -0.27  (VIOLATED)
   mem_stage_inst/rd_data_reg/reg_data_reg[18]/D
                                0.76           1.04 r        -0.27  (VIOLATED)
   mem_stage_inst/rd_data_reg/reg_data_reg[19]/D
                                0.76           1.04 r        -0.27  (VIOLATED)
   mem_stage_inst/rd_data_reg/reg_data_reg[21]/D
                                0.76           1.04 r        -0.27  (VIOLATED)
   mem_stage_inst/rd_data_reg/reg_data_reg[22]/D
                                0.76           1.04 r        -0.27  (VIOLATED)
   mem_stage_inst/rd_data_reg/reg_data_reg[23]/D
                                0.76           1.04 r        -0.27  (VIOLATED)
   mem_stage_inst/rd_data_reg/reg_data_reg[24]/D
                                0.76           1.04 r        -0.27  (VIOLATED)
   mem_stage_inst/rd_data_reg/reg_data_reg[26]/D
                                0.76           1.04 r        -0.27  (VIOLATED)
   mem_stage_inst/rd_data_reg/reg_data_reg[27]/D
                                0.76           1.04 r        -0.27  (VIOLATED)
   mem_stage_inst/rd_data_reg/reg_data_reg[28]/D
                                0.76           1.04 r        -0.27  (VIOLATED)
   mem_stage_inst/rd_data_reg/reg_data_reg[29]/D
                                0.76           1.04 r        -0.27  (VIOLATED)
   mem_stage_inst/rd_data_reg/reg_data_reg[30]/D
                                0.76           1.04 r        -0.27  (VIOLATED)
   mem_stage_inst/rd_data_reg/reg_data_reg[31]/D
                                0.76           1.04 r        -0.27  (VIOLATED)
   id_stage_inst/reg_file_inst/reg_file_reg[18][2]/D
                                0.76           1.03 f        -0.27  (VIOLATED)
   id_stage_inst/reg_file_inst/reg_file_reg[18][3]/D
                                0.76           1.03 f        -0.27  (VIOLATED)
   id_stage_inst/reg_file_inst/reg_file_reg[18][4]/D
                                0.76           1.03 f        -0.27  (VIOLATED)
   id_stage_inst/reg_file_inst/reg_file_reg[18][5]/D
                                0.76           1.03 f        -0.27  (VIOLATED)
   id_stage_inst/reg_file_inst/reg_file_reg[18][7]/D
                                0.76           1.03 f        -0.27  (VIOLATED)
   id_stage_inst/reg_file_inst/reg_file_reg[18][8]/D
                                0.76           1.03 f        -0.27  (VIOLATED)
   id_stage_inst/reg_file_inst/reg_file_reg[18][9]/D
                                0.76           1.03 f        -0.27  (VIOLATED)
   id_stage_inst/reg_file_inst/reg_file_reg[18][10]/D
                                0.76           1.03 f        -0.27  (VIOLATED)
   id_stage_inst/reg_file_inst/reg_file_reg[18][11]/D
                                0.76           1.03 f        -0.27  (VIOLATED)
   id_stage_inst/reg_file_inst/reg_file_reg[18][12]/D
                                0.76           1.03 f        -0.27  (VIOLATED)
   id_stage_inst/reg_file_inst/reg_file_reg[18][13]/D
                                0.76           1.03 f        -0.27  (VIOLATED)
   id_stage_inst/reg_file_inst/reg_file_reg[18][16]/D
                                0.76           1.03 f        -0.27  (VIOLATED)
   id_stage_inst/reg_file_inst/reg_file_reg[18][17]/D
                                0.76           1.03 f        -0.27  (VIOLATED)
   id_stage_inst/reg_file_inst/reg_file_reg[18][18]/D
                                0.76           1.03 f        -0.27  (VIOLATED)
   id_stage_inst/reg_file_inst/reg_file_reg[18][19]/D
                                0.76           1.03 f        -0.27  (VIOLATED)
   id_stage_inst/reg_file_inst/reg_file_reg[18][20]/D
                                0.76           1.03 f        -0.27  (VIOLATED)
   id_stage_inst/reg_file_inst/reg_file_reg[18][21]/D
                                0.76           1.03 f        -0.27  (VIOLATED)
   id_stage_inst/reg_file_inst/reg_file_reg[18][22]/D
                                0.76           1.03 f        -0.27  (VIOLATED)
   id_stage_inst/reg_file_inst/reg_file_reg[18][23]/D
                                0.76           1.03 f        -0.27  (VIOLATED)
   id_stage_inst/reg_file_inst/reg_file_reg[18][24]/D
                                0.76           1.03 f        -0.27  (VIOLATED)
   id_stage_inst/reg_file_inst/reg_file_reg[18][25]/D
                                0.76           1.03 f        -0.27  (VIOLATED)
   id_stage_inst/reg_file_inst/reg_file_reg[18][26]/D
                                0.76           1.03 f        -0.27  (VIOLATED)
   id_stage_inst/reg_file_inst/reg_file_reg[18][27]/D
                                0.76           1.03 f        -0.27  (VIOLATED)
   id_stage_inst/reg_file_inst/reg_file_reg[18][28]/D
                                0.76           1.03 f        -0.27  (VIOLATED)
   id_stage_inst/reg_file_inst/reg_file_reg[18][29]/D
                                0.76           1.03 f        -0.27  (VIOLATED)
   id_stage_inst/reg_file_inst/reg_file_reg[18][30]/D
                                0.76           1.03 f        -0.27  (VIOLATED)
   id_stage_inst/reg_file_inst/reg_file_reg[18][31]/D
                                0.76           1.03 f        -0.27  (VIOLATED)
   id_stage_inst/reg_file_inst/reg_file_reg[18][1]/D
                                0.76           1.03 f        -0.27  (VIOLATED)
   id_stage_inst/reg_file_inst/reg_file_reg[18][6]/D
                                0.76           1.03 f        -0.27  (VIOLATED)
   id_stage_inst/reg_file_inst/reg_file_reg[18][14]/D
                                0.76           1.03 f        -0.27  (VIOLATED)
   id_stage_inst/reg_file_inst/reg_file_reg[18][15]/D
                                0.76           1.03 f        -0.27  (VIOLATED)
   id_stage_inst/rs1_reg/reg_data_reg[17]/D
                                0.76           1.03 f        -0.27  (VIOLATED)
   mem_stage_inst/rd_data_reg/reg_data_reg[20]/D
                                0.77           1.04 r        -0.27  (VIOLATED)
   mem_stage_inst/rd_data_reg/reg_data_reg[25]/D
                                0.77           1.04 r        -0.27  (VIOLATED)
   id_stage_inst/reg_file_inst/reg_file_reg[20][10]/D
                                0.76           1.03 f        -0.27  (VIOLATED)
   id_stage_inst/reg_file_inst/reg_file_reg[20][1]/D
                                0.76           1.03 f        -0.27  (VIOLATED)
   id_stage_inst/reg_file_inst/reg_file_reg[20][2]/D
                                0.76           1.03 f        -0.27  (VIOLATED)
   id_stage_inst/reg_file_inst/reg_file_reg[20][3]/D
                                0.76           1.03 f        -0.27  (VIOLATED)
   id_stage_inst/reg_file_inst/reg_file_reg[20][4]/D
                                0.76           1.03 f        -0.27  (VIOLATED)
   id_stage_inst/reg_file_inst/reg_file_reg[20][5]/D
                                0.76           1.03 f        -0.27  (VIOLATED)
   id_stage_inst/reg_file_inst/reg_file_reg[20][6]/D
                                0.76           1.03 f        -0.27  (VIOLATED)
   id_stage_inst/reg_file_inst/reg_file_reg[20][7]/D
                                0.76           1.03 f        -0.27  (VIOLATED)
   id_stage_inst/reg_file_inst/reg_file_reg[20][8]/D
                                0.76           1.03 f        -0.27  (VIOLATED)
   id_stage_inst/reg_file_inst/reg_file_reg[20][9]/D
                                0.76           1.03 f        -0.27  (VIOLATED)
   id_stage_inst/reg_file_inst/reg_file_reg[20][11]/D
                                0.76           1.03 f        -0.27  (VIOLATED)
   id_stage_inst/reg_file_inst/reg_file_reg[20][12]/D
                                0.76           1.03 f        -0.27  (VIOLATED)
   id_stage_inst/reg_file_inst/reg_file_reg[20][13]/D
                                0.76           1.03 f        -0.27  (VIOLATED)
   id_stage_inst/reg_file_inst/reg_file_reg[20][14]/D
                                0.76           1.03 f        -0.27  (VIOLATED)
   id_stage_inst/reg_file_inst/reg_file_reg[20][15]/D
                                0.76           1.03 f        -0.27  (VIOLATED)
   id_stage_inst/reg_file_inst/reg_file_reg[20][16]/D
                                0.76           1.03 f        -0.27  (VIOLATED)
   id_stage_inst/reg_file_inst/reg_file_reg[20][17]/D
                                0.76           1.03 f        -0.27  (VIOLATED)
   id_stage_inst/reg_file_inst/reg_file_reg[20][18]/D
                                0.76           1.03 f        -0.27  (VIOLATED)
   id_stage_inst/reg_file_inst/reg_file_reg[20][19]/D
                                0.76           1.03 f        -0.27  (VIOLATED)
   id_stage_inst/reg_file_inst/reg_file_reg[20][20]/D
                                0.76           1.03 f        -0.27  (VIOLATED)
   id_stage_inst/reg_file_inst/reg_file_reg[20][21]/D
                                0.76           1.03 f        -0.27  (VIOLATED)
   id_stage_inst/reg_file_inst/reg_file_reg[20][22]/D
                                0.76           1.03 f        -0.27  (VIOLATED)
   id_stage_inst/reg_file_inst/reg_file_reg[20][23]/D
                                0.76           1.03 f        -0.27  (VIOLATED)
   id_stage_inst/reg_file_inst/reg_file_reg[20][24]/D
                                0.76           1.03 f        -0.27  (VIOLATED)
   id_stage_inst/reg_file_inst/reg_file_reg[20][25]/D
                                0.76           1.03 f        -0.27  (VIOLATED)
   id_stage_inst/reg_file_inst/reg_file_reg[20][26]/D
                                0.76           1.03 f        -0.27  (VIOLATED)
   id_stage_inst/reg_file_inst/reg_file_reg[20][27]/D
                                0.76           1.03 f        -0.27  (VIOLATED)
   id_stage_inst/reg_file_inst/reg_file_reg[20][28]/D
                                0.76           1.03 f        -0.27  (VIOLATED)
   id_stage_inst/reg_file_inst/reg_file_reg[20][29]/D
                                0.76           1.03 f        -0.27  (VIOLATED)
   id_stage_inst/reg_file_inst/reg_file_reg[20][30]/D
                                0.76           1.03 f        -0.27  (VIOLATED)
   id_stage_inst/reg_file_inst/reg_file_reg[20][31]/D
                                0.76           1.03 f        -0.27  (VIOLATED)
   id_stage_inst/rs1_reg/reg_data_reg[24]/D
                                0.75           1.02 f        -0.27  (VIOLATED)
   R_2568/D                     0.75           1.02 f        -0.27  (VIOLATED)
   id_stage_inst/reg_file_inst/reg_file_reg[20][0]/D
                                0.76           1.03 f        -0.27  (VIOLATED)
   R_2589/D                     0.76           1.03 f        -0.27  (VIOLATED)
   ex_stage_inst/result_reg/reg_data_reg[4]/D
                                0.76           1.03 f        -0.27  (VIOLATED)
   id_stage_inst/rs1_reg/reg_data_reg[25]/D
                                0.76           1.03 f        -0.27  (VIOLATED)
   id_stage_inst/reg_file_inst/reg_file_reg[26][1]/D
                                0.76           1.03 f        -0.27  (VIOLATED)
   id_stage_inst/reg_file_inst/reg_file_reg[26][2]/D
                                0.76           1.03 f        -0.27  (VIOLATED)
   id_stage_inst/reg_file_inst/reg_file_reg[26][4]/D
                                0.76           1.03 f        -0.27  (VIOLATED)
   id_stage_inst/reg_file_inst/reg_file_reg[26][5]/D
                                0.76           1.03 f        -0.27  (VIOLATED)
   id_stage_inst/reg_file_inst/reg_file_reg[26][6]/D
                                0.76           1.03 f        -0.27  (VIOLATED)
   id_stage_inst/reg_file_inst/reg_file_reg[26][7]/D
                                0.76           1.03 f        -0.27  (VIOLATED)
   id_stage_inst/reg_file_inst/reg_file_reg[26][8]/D
                                0.76           1.03 f        -0.27  (VIOLATED)
   id_stage_inst/reg_file_inst/reg_file_reg[26][9]/D
                                0.76           1.03 f        -0.27  (VIOLATED)
   id_stage_inst/reg_file_inst/reg_file_reg[26][11]/D
                                0.76           1.03 f        -0.27  (VIOLATED)
   id_stage_inst/reg_file_inst/reg_file_reg[26][12]/D
                                0.76           1.03 f        -0.27  (VIOLATED)
   id_stage_inst/reg_file_inst/reg_file_reg[26][13]/D
                                0.76           1.03 f        -0.27  (VIOLATED)
   id_stage_inst/reg_file_inst/reg_file_reg[26][14]/D
                                0.76           1.03 f        -0.27  (VIOLATED)
   id_stage_inst/reg_file_inst/reg_file_reg[26][15]/D
                                0.76           1.03 f        -0.27  (VIOLATED)
   id_stage_inst/reg_file_inst/reg_file_reg[26][16]/D
                                0.76           1.03 f        -0.27  (VIOLATED)
   id_stage_inst/reg_file_inst/reg_file_reg[26][17]/D
                                0.76           1.03 f        -0.27  (VIOLATED)
   id_stage_inst/reg_file_inst/reg_file_reg[26][18]/D
                                0.76           1.03 f        -0.27  (VIOLATED)
   id_stage_inst/reg_file_inst/reg_file_reg[26][19]/D
                                0.76           1.03 f        -0.27  (VIOLATED)
   id_stage_inst/reg_file_inst/reg_file_reg[26][20]/D
                                0.76           1.03 f        -0.27  (VIOLATED)
   id_stage_inst/reg_file_inst/reg_file_reg[26][21]/D
                                0.76           1.03 f        -0.27  (VIOLATED)
   id_stage_inst/reg_file_inst/reg_file_reg[26][22]/D
                                0.76           1.03 f        -0.27  (VIOLATED)
   id_stage_inst/reg_file_inst/reg_file_reg[26][24]/D
                                0.76           1.03 f        -0.27  (VIOLATED)
   id_stage_inst/reg_file_inst/reg_file_reg[26][25]/D
                                0.76           1.03 f        -0.27  (VIOLATED)
   id_stage_inst/reg_file_inst/reg_file_reg[26][26]/D
                                0.76           1.03 f        -0.27  (VIOLATED)
   id_stage_inst/reg_file_inst/reg_file_reg[26][27]/D
                                0.76           1.03 f        -0.27  (VIOLATED)
   id_stage_inst/reg_file_inst/reg_file_reg[26][28]/D
                                0.76           1.03 f        -0.27  (VIOLATED)
   id_stage_inst/reg_file_inst/reg_file_reg[26][29]/D
                                0.76           1.03 f        -0.27  (VIOLATED)
   id_stage_inst/reg_file_inst/reg_file_reg[26][30]/D
                                0.76           1.03 f        -0.27  (VIOLATED)
   id_stage_inst/reg_file_inst/reg_file_reg[26][31]/D
                                0.76           1.03 f        -0.27  (VIOLATED)
   id_stage_inst/reg_file_inst/reg_file_reg[26][10]/D
                                0.76           1.03 f        -0.27  (VIOLATED)
   id_stage_inst/reg_file_inst/reg_file_reg[26][23]/D
                                0.76           1.03 f        -0.27  (VIOLATED)
   if_stage_inst/btb_inst/R_749/D
                                0.77           1.03 r        -0.27  (VIOLATED)
   if_stage_inst/btb_inst/R_767/D
                                0.77           1.03 r        -0.27  (VIOLATED)
   if_stage_inst/btb_inst/R_771/D
                                0.77           1.03 r        -0.27  (VIOLATED)
   if_stage_inst/btb_inst/R_745/D
                                0.77           1.03 r        -0.27  (VIOLATED)
   if_stage_inst/btb_inst/R_747/D
                                0.77           1.03 r        -0.27  (VIOLATED)
   if_stage_inst/btb_inst/R_751/D
                                0.77           1.03 r        -0.27  (VIOLATED)
   if_stage_inst/btb_inst/R_753/D
                                0.77           1.03 r        -0.27  (VIOLATED)
   if_stage_inst/btb_inst/R_757/D
                                0.77           1.03 r        -0.27  (VIOLATED)
   if_stage_inst/btb_inst/R_759/D
                                0.77           1.03 r        -0.27  (VIOLATED)
   if_stage_inst/btb_inst/R_761/D
                                0.77           1.03 r        -0.27  (VIOLATED)
   if_stage_inst/btb_inst/R_763/D
                                0.77           1.03 r        -0.27  (VIOLATED)
   if_stage_inst/btb_inst/R_765/D
                                0.77           1.03 r        -0.27  (VIOLATED)
   if_stage_inst/btb_inst/R_769/D
                                0.77           1.03 r        -0.27  (VIOLATED)
   if_stage_inst/btb_inst/R_773/D
                                0.77           1.03 r        -0.27  (VIOLATED)
   if_stage_inst/btb_inst/R_777/D
                                0.77           1.03 r        -0.27  (VIOLATED)
   if_stage_inst/btb_inst/R_779/D
                                0.77           1.03 r        -0.27  (VIOLATED)
   if_stage_inst/btb_inst/R_783/D
                                0.77           1.03 r        -0.27  (VIOLATED)
   if_stage_inst/btb_inst/R_787/D
                                0.77           1.03 r        -0.27  (VIOLATED)
   if_stage_inst/btb_inst/R_791/D
                                0.77           1.03 r        -0.27  (VIOLATED)
   if_stage_inst/btb_inst/R_798/D
                                0.77           1.03 r        -0.27  (VIOLATED)
   if_stage_inst/btb_inst/R_800/D
                                0.77           1.03 r        -0.27  (VIOLATED)
   if_stage_inst/btb_inst/R_802/D
                                0.77           1.03 r        -0.27  (VIOLATED)
   if_stage_inst/btb_inst/R_814/D
                                0.77           1.03 r        -0.27  (VIOLATED)
   if_stage_inst/btb_inst/R_822/D
                                0.77           1.03 r        -0.27  (VIOLATED)
   id_stage_inst/rs1_reg/reg_data_reg[20]/D
                                0.76           1.03 f        -0.27  (VIOLATED)
   id_stage_inst/rs1_reg/reg_data_reg[3]/D
                                0.76           1.03 r        -0.27  (VIOLATED)
   id_stage_inst/reg_file_inst/reg_file_reg[4][0]/D
                                0.75           1.02 f        -0.27  (VIOLATED)
   id_stage_inst/reg_file_inst/reg_file_reg[5][0]/D
                                0.75           1.02 f        -0.27  (VIOLATED)
   id_stage_inst/rs1_reg/reg_data_reg[27]/D
                                0.77           1.03 r        -0.26  (VIOLATED)
   ex_stage_inst/result_reg/reg_data_reg[23]/D
                                0.75           1.02 f        -0.26  (VIOLATED)
   id_stage_inst/reg_file_inst/reg_file_reg[26][3]/SE
                                0.72           0.99 f        -0.26  (VIOLATED)
   if_stage_inst/btb_inst/R_775/D
                                0.77           1.03 r        -0.26  (VIOLATED)
   if_stage_inst/btb_inst/R_785/D
                                0.77           1.03 r        -0.26  (VIOLATED)
   if_stage_inst/btb_inst/R_789/D
                                0.77           1.03 r        -0.26  (VIOLATED)
   if_stage_inst/btb_inst/R_793/D
                                0.77           1.03 r        -0.26  (VIOLATED)
   if_stage_inst/btb_inst/R_804/D
                                0.77           1.03 r        -0.26  (VIOLATED)
   if_stage_inst/btb_inst/R_806/D
                                0.77           1.03 r        -0.26  (VIOLATED)
   if_stage_inst/btb_inst/R_810/D
                                0.77           1.03 r        -0.26  (VIOLATED)
   if_stage_inst/btb_inst/R_812/D
                                0.77           1.03 r        -0.26  (VIOLATED)
   id_stage_inst/immediate_reg/reg_data_reg[8]/D
                                0.76           1.02 f        -0.26  (VIOLATED)
   id_stage_inst/immediate_reg/reg_data_reg[20]/D
                                0.76           1.02 f        -0.26  (VIOLATED)
   id_stage_inst/immediate_reg/reg_data_reg[23]/D
                                0.76           1.02 f        -0.26  (VIOLATED)
   id_stage_inst/immediate_reg/reg_data_reg[24]/D
                                0.76           1.02 f        -0.26  (VIOLATED)
   id_stage_inst/pc_plus4_reg/reg_data_reg[3]/D
                                0.76           1.02 f        -0.26  (VIOLATED)
   id_stage_inst/pc_plus4_reg/reg_data_reg[4]/D
                                0.76           1.02 f        -0.26  (VIOLATED)
   id_stage_inst/pc_plus4_reg/reg_data_reg[6]/D
                                0.76           1.02 f        -0.26  (VIOLATED)
   id_stage_inst/pc_plus4_reg/reg_data_reg[12]/D
                                0.76           1.02 f        -0.26  (VIOLATED)
   id_stage_inst/pc_plus4_reg/reg_data_reg[13]/D
                                0.76           1.02 f        -0.26  (VIOLATED)
   id_stage_inst/pc_plus4_reg/reg_data_reg[15]/D
                                0.76           1.02 f        -0.26  (VIOLATED)
   id_stage_inst/pc_plus4_reg/reg_data_reg[18]/D
                                0.76           1.02 f        -0.26  (VIOLATED)
   id_stage_inst/pc_plus4_reg/reg_data_reg[20]/D
                                0.76           1.02 f        -0.26  (VIOLATED)
   id_stage_inst/pc_plus4_reg/reg_data_reg[27]/D
                                0.76           1.02 f        -0.26  (VIOLATED)
   id_stage_inst/rs1_reg/reg_data_reg[19]/D
                                0.77           1.03 r        -0.26  (VIOLATED)
   id_stage_inst/reg_file_inst/reg_file_reg[5][1]/D
                                0.75           1.01 f        -0.26  (VIOLATED)
   id_stage_inst/reg_file_inst/reg_file_reg[5][3]/D
                                0.75           1.01 f        -0.26  (VIOLATED)
   id_stage_inst/reg_file_inst/reg_file_reg[5][4]/D
                                0.75           1.01 f        -0.26  (VIOLATED)
   id_stage_inst/reg_file_inst/reg_file_reg[5][5]/D
                                0.75           1.01 f        -0.26  (VIOLATED)
   id_stage_inst/reg_file_inst/reg_file_reg[5][6]/D
                                0.75           1.01 f        -0.26  (VIOLATED)
   id_stage_inst/reg_file_inst/reg_file_reg[5][7]/D
                                0.75           1.01 f        -0.26  (VIOLATED)
   id_stage_inst/reg_file_inst/reg_file_reg[4][1]/D
                                0.75           1.01 f        -0.26  (VIOLATED)
   id_stage_inst/reg_file_inst/reg_file_reg[4][2]/D
                                0.75           1.01 f        -0.26  (VIOLATED)
   id_stage_inst/reg_file_inst/reg_file_reg[4][3]/D
                                0.75           1.01 f        -0.26  (VIOLATED)
   id_stage_inst/reg_file_inst/reg_file_reg[4][4]/D
                                0.75           1.01 f        -0.26  (VIOLATED)
   id_stage_inst/reg_file_inst/reg_file_reg[4][5]/D
                                0.75           1.01 f        -0.26  (VIOLATED)
   id_stage_inst/reg_file_inst/reg_file_reg[4][6]/D
                                0.75           1.01 f        -0.26  (VIOLATED)
   id_stage_inst/reg_file_inst/reg_file_reg[4][7]/D
                                0.75           1.01 f        -0.26  (VIOLATED)
   id_stage_inst/rs1_reg/reg_data_reg[2]/D
                                0.77           1.03 r        -0.26  (VIOLATED)
   id_stage_inst/reg_file_inst/reg_file_reg[5][2]/D
                                0.76           1.01 f        -0.26  (VIOLATED)
   id_stage_inst/rs1_reg/reg_data_reg[7]/D
                                0.77           1.03 r        -0.26  (VIOLATED)
   id_stage_inst/rs1_reg/reg_data_reg[9]/D
                                0.76           1.02 f        -0.26  (VIOLATED)
   R_2609/D                     0.76           1.01 r        -0.26  (VIOLATED)
   if_stage_inst/btb_inst/btb_reg[4][VALID]/D
                                0.77           1.03 r        -0.26  (VIOLATED)
   id_stage_inst/reg_file_inst/R_675/D
                                0.76           1.02 f        -0.26  (VIOLATED)
   id_stage_inst/reg_file_inst/reg_file_reg[10][1]/D
                                0.76           1.01 f        -0.26  (VIOLATED)
   id_stage_inst/reg_file_inst/reg_file_reg[10][2]/D
                                0.76           1.01 f        -0.26  (VIOLATED)
   id_stage_inst/reg_file_inst/reg_file_reg[10][3]/D
                                0.76           1.01 f        -0.26  (VIOLATED)
   id_stage_inst/reg_file_inst/reg_file_reg[10][5]/D
                                0.76           1.01 f        -0.26  (VIOLATED)
   id_stage_inst/reg_file_inst/reg_file_reg[10][7]/D
                                0.76           1.01 f        -0.26  (VIOLATED)
   id_stage_inst/reg_file_inst/reg_file_reg[10][8]/D
                                0.76           1.01 f        -0.26  (VIOLATED)
   id_stage_inst/reg_file_inst/reg_file_reg[10][9]/D
                                0.76           1.01 f        -0.26  (VIOLATED)
   id_stage_inst/reg_file_inst/reg_file_reg[10][11]/D
                                0.76           1.01 f        -0.26  (VIOLATED)
   id_stage_inst/reg_file_inst/reg_file_reg[10][12]/D
                                0.76           1.01 f        -0.26  (VIOLATED)
   id_stage_inst/reg_file_inst/reg_file_reg[10][14]/D
                                0.76           1.01 f        -0.26  (VIOLATED)
   id_stage_inst/reg_file_inst/reg_file_reg[10][15]/D
                                0.76           1.01 f        -0.26  (VIOLATED)
   id_stage_inst/reg_file_inst/reg_file_reg[10][16]/D
                                0.76           1.01 f        -0.26  (VIOLATED)
   id_stage_inst/reg_file_inst/reg_file_reg[10][18]/D
                                0.76           1.01 f        -0.26  (VIOLATED)
   id_stage_inst/reg_file_inst/reg_file_reg[10][19]/D
                                0.76           1.01 f        -0.26  (VIOLATED)
   id_stage_inst/reg_file_inst/reg_file_reg[10][20]/D
                                0.76           1.01 f        -0.26  (VIOLATED)
   id_stage_inst/reg_file_inst/reg_file_reg[10][21]/D
                                0.76           1.01 f        -0.26  (VIOLATED)
   id_stage_inst/reg_file_inst/reg_file_reg[10][23]/D
                                0.76           1.01 f        -0.26  (VIOLATED)
   id_stage_inst/reg_file_inst/reg_file_reg[10][24]/D
                                0.76           1.01 f        -0.26  (VIOLATED)
   id_stage_inst/reg_file_inst/reg_file_reg[10][26]/D
                                0.76           1.01 f        -0.26  (VIOLATED)
   id_stage_inst/reg_file_inst/reg_file_reg[10][27]/D
                                0.76           1.01 f        -0.26  (VIOLATED)
   id_stage_inst/reg_file_inst/reg_file_reg[10][28]/D
                                0.76           1.01 f        -0.26  (VIOLATED)
   id_stage_inst/reg_file_inst/reg_file_reg[10][29]/D
                                0.76           1.01 f        -0.26  (VIOLATED)
   id_stage_inst/reg_file_inst/reg_file_reg[10][30]/D
                                0.76           1.01 f        -0.26  (VIOLATED)
   id_stage_inst/reg_file_inst/reg_file_reg[10][31]/D
                                0.76           1.01 f        -0.26  (VIOLATED)
   id_stage_inst/reg_file_inst/reg_file_reg[10][4]/D
                                0.76           1.01 f        -0.26  (VIOLATED)
   id_stage_inst/reg_file_inst/reg_file_reg[10][6]/D
                                0.76           1.01 f        -0.26  (VIOLATED)
   id_stage_inst/reg_file_inst/reg_file_reg[10][10]/D
                                0.76           1.01 f        -0.26  (VIOLATED)
   id_stage_inst/reg_file_inst/reg_file_reg[10][13]/D
                                0.76           1.01 f        -0.26  (VIOLATED)
   id_stage_inst/reg_file_inst/reg_file_reg[10][17]/D
                                0.76           1.01 f        -0.26  (VIOLATED)
   id_stage_inst/reg_file_inst/reg_file_reg[10][22]/D
                                0.76           1.01 f        -0.26  (VIOLATED)
   id_stage_inst/reg_file_inst/reg_file_reg[10][25]/D
                                0.76           1.01 f        -0.26  (VIOLATED)
   if_stage_inst/btb_inst/R_2511/D
                                0.76           1.02 r        -0.26  (VIOLATED)
   if_stage_inst/btb_inst/R_2512/D
                                0.76           1.02 r        -0.26  (VIOLATED)
   if_stage_inst/btb_inst/R_2513/D
                                0.76           1.02 r        -0.26  (VIOLATED)
   if_stage_inst/btb_inst/btb_reg[6][VALID]/D
                                0.77           1.02 r        -0.25  (VIOLATED)
   if_stage_inst/btb_inst/R_2007/D
                                0.77           1.02 r        -0.25  (VIOLATED)
   R_2328/D                     0.76           1.01 f        -0.25  (VIOLATED)
   R_2610/D                     0.76           1.01 r        -0.25  (VIOLATED)
   R_423/D                      0.76           1.01 r        -0.25  (VIOLATED)
   ex_stage_inst/result_reg/reg_data_reg[21]/D
                                0.76           1.01 f        -0.25  (VIOLATED)
   if_stage_inst/btb_inst/btb_reg[14][VALID]/D
                                0.77           1.02 r        -0.25  (VIOLATED)
   if_stage_inst/btb_inst/btb_reg[3][VALID]/D
                                0.77           1.02 r        -0.25  (VIOLATED)
   if_stage_inst/btb_inst/btb_reg[2][VALID]/D
                                0.77           1.02 r        -0.25  (VIOLATED)
   if_stage_inst/btb_inst/R_1595/D
                                0.76           1.01 r        -0.25  (VIOLATED)
   R_1166/D                     0.77           1.01 r        -0.25  (VIOLATED)
   R_1374/D                     0.77           1.01 r        -0.25  (VIOLATED)
   R_2272/D                     0.77           1.02 r        -0.25  (VIOLATED)
   ex_stage_inst/result_reg/reg_data_reg[25]/D
                                0.76           1.01 f        -0.25  (VIOLATED)
   id_stage_inst/reg_file_inst/reg_file_reg[10][0]/D
                                0.77           1.01 r        -0.25  (VIOLATED)
   id_stage_inst/immediate_reg/reg_data_reg[0]/D
                                0.76           1.01 r        -0.25  (VIOLATED)
   id_stage_inst/immediate_reg/reg_data_reg[5]/D
                                0.76           1.01 r        -0.25  (VIOLATED)
   id_stage_inst/immediate_reg/reg_data_reg[6]/D
                                0.76           1.01 r        -0.25  (VIOLATED)
   id_stage_inst/immediate_reg/reg_data_reg[7]/D
                                0.76           1.01 r        -0.25  (VIOLATED)
   id_stage_inst/immediate_reg/reg_data_reg[9]/D
                                0.76           1.01 r        -0.25  (VIOLATED)
   id_stage_inst/immediate_reg/reg_data_reg[12]/D
                                0.76           1.01 r        -0.25  (VIOLATED)
   id_stage_inst/immediate_reg/reg_data_reg[14]/D
                                0.76           1.01 r        -0.25  (VIOLATED)
   id_stage_inst/immediate_reg/reg_data_reg[4]/D
                                0.76           1.01 r        -0.25  (VIOLATED)
   id_stage_inst/immediate_reg/reg_data_reg[11]/D
                                0.76           1.01 r        -0.25  (VIOLATED)
   id_stage_inst/immediate_reg/reg_data_reg[2]/D
                                0.76           1.01 r        -0.25  (VIOLATED)
   id_stage_inst/immediate_reg/reg_data_reg[10]/D
                                0.76           1.01 r        -0.25  (VIOLATED)
   id_stage_inst/immediate_reg/reg_data_reg[13]/D
                                0.76           1.01 r        -0.25  (VIOLATED)
   if_stage_inst/btb_inst/btb_reg[12][VALID]/D
                                0.77           1.01 r        -0.25  (VIOLATED)
   if_stage_inst/btb_inst/btb_reg[7][VALID]/D
                                0.77           1.01 r        -0.25  (VIOLATED)
   if_stage_inst/btb_inst/R_2077/D
                                0.76           1.01 r        -0.24  (VIOLATED)
   id_stage_inst/immediate_reg/reg_data_reg[18]/D
                                0.76           1.00 f        -0.24  (VIOLATED)
   id_stage_inst/immediate_reg/reg_data_reg[19]/D
                                0.76           1.00 f        -0.24  (VIOLATED)
   id_stage_inst/immediate_reg/reg_data_reg[21]/D
                                0.76           1.00 f        -0.24  (VIOLATED)
   id_stage_inst/immediate_reg/reg_data_reg[22]/D
                                0.76           1.00 f        -0.24  (VIOLATED)
   id_stage_inst/immediate_reg/reg_data_reg[25]/D
                                0.76           1.00 f        -0.24  (VIOLATED)
   id_stage_inst/immediate_reg/reg_data_reg[26]/D
                                0.76           1.00 f        -0.24  (VIOLATED)
   id_stage_inst/immediate_reg/reg_data_reg[27]/D
                                0.76           1.00 f        -0.24  (VIOLATED)
   id_stage_inst/immediate_reg/reg_data_reg[28]/D
                                0.76           1.00 f        -0.24  (VIOLATED)
   id_stage_inst/immediate_reg/reg_data_reg[29]/D
                                0.76           1.00 f        -0.24  (VIOLATED)
   id_stage_inst/immediate_reg/reg_data_reg[31]/D
                                0.76           1.00 f        -0.24  (VIOLATED)
   id_stage_inst/pc_plus4_reg/reg_data_reg[7]/D
                                0.76           1.00 f        -0.24  (VIOLATED)
   id_stage_inst/pc_plus4_reg/reg_data_reg[8]/D
                                0.76           1.00 f        -0.24  (VIOLATED)
   id_stage_inst/pc_plus4_reg/reg_data_reg[11]/D
                                0.76           1.00 f        -0.24  (VIOLATED)
   id_stage_inst/pc_plus4_reg/reg_data_reg[16]/D
                                0.76           1.00 f        -0.24  (VIOLATED)
   id_stage_inst/pc_plus4_reg/reg_data_reg[19]/D
                                0.76           1.00 f        -0.24  (VIOLATED)
   id_stage_inst/pc_plus4_reg/reg_data_reg[21]/D
                                0.76           1.00 f        -0.24  (VIOLATED)
   id_stage_inst/pc_plus4_reg/reg_data_reg[23]/D
                                0.76           1.00 f        -0.24  (VIOLATED)
   id_stage_inst/pc_plus4_reg/reg_data_reg[24]/D
                                0.76           1.00 f        -0.24  (VIOLATED)
   id_stage_inst/pc_plus4_reg/reg_data_reg[25]/D
                                0.76           1.00 f        -0.24  (VIOLATED)
   id_stage_inst/pc_plus4_reg/reg_data_reg[26]/D
                                0.76           1.00 f        -0.24  (VIOLATED)
   id_stage_inst/pc_plus4_reg/reg_data_reg[28]/D
                                0.76           1.00 f        -0.24  (VIOLATED)
   id_stage_inst/pc_plus4_reg/reg_data_reg[30]/D
                                0.76           1.00 f        -0.24  (VIOLATED)
   id_stage_inst/pc_plus4_reg/reg_data_reg[31]/D
                                0.76           1.00 f        -0.24  (VIOLATED)
   id_stage_inst/rd_addr_reg/reg_data_reg[0]/D
                                0.76           1.00 f        -0.24  (VIOLATED)
   id_stage_inst/rd_addr_reg/reg_data_reg[1]/D
                                0.76           1.00 f        -0.24  (VIOLATED)
   id_stage_inst/rd_addr_reg/reg_data_reg[2]/D
                                0.76           1.00 f        -0.24  (VIOLATED)
   id_stage_inst/rd_addr_reg/reg_data_reg[3]/D
                                0.76           1.00 f        -0.24  (VIOLATED)
   id_stage_inst/rd_addr_reg/reg_data_reg[4]/D
                                0.76           1.00 f        -0.24  (VIOLATED)
   id_stage_inst/immediate_reg/reg_data_reg[15]/D
                                0.76           1.00 f        -0.24  (VIOLATED)
   id_stage_inst/immediate_reg/reg_data_reg[16]/D
                                0.76           1.00 f        -0.24  (VIOLATED)
   id_stage_inst/immediate_reg/reg_data_reg[17]/D
                                0.76           1.00 f        -0.24  (VIOLATED)
   id_stage_inst/immediate_reg/reg_data_reg[30]/D
                                0.76           1.00 f        -0.24  (VIOLATED)
   id_stage_inst/pc_plus4_reg/reg_data_reg[0]/D
                                0.76           1.00 f        -0.24  (VIOLATED)
   id_stage_inst/pc_plus4_reg/reg_data_reg[1]/D
                                0.76           1.00 f        -0.24  (VIOLATED)
   id_stage_inst/pc_plus4_reg/reg_data_reg[2]/D
                                0.76           1.00 f        -0.24  (VIOLATED)
   id_stage_inst/pc_plus4_reg/reg_data_reg[5]/D
                                0.76           1.00 f        -0.24  (VIOLATED)
   id_stage_inst/pc_plus4_reg/reg_data_reg[9]/D
                                0.76           1.00 f        -0.24  (VIOLATED)
   id_stage_inst/pc_plus4_reg/reg_data_reg[10]/D
                                0.76           1.00 f        -0.24  (VIOLATED)
   id_stage_inst/pc_plus4_reg/reg_data_reg[14]/D
                                0.76           1.00 f        -0.24  (VIOLATED)
   id_stage_inst/pc_plus4_reg/reg_data_reg[17]/D
                                0.76           1.00 f        -0.24  (VIOLATED)
   id_stage_inst/pc_plus4_reg/reg_data_reg[22]/D
                                0.76           1.00 f        -0.24  (VIOLATED)
   id_stage_inst/pc_plus4_reg/reg_data_reg[29]/D
                                0.76           1.00 f        -0.24  (VIOLATED)
   id_stage_inst/reg_file_inst/reg_file_reg[1][29]/D
                                0.77           1.01 r        -0.24  (VIOLATED)
   if_stage_inst/btb_inst/btb_reg[11][VALID]/D
                                0.77           1.01 r        -0.24  (VIOLATED)
   if_stage_inst/btb_inst/btb_reg[10][VALID]/D
                                0.77           1.01 r        -0.24  (VIOLATED)
   id_stage_inst/reg_file_inst/reg_file_reg[1][17]/D
                                0.77           1.01 r        -0.24  (VIOLATED)
   if_stage_inst/btb_inst/btb_reg[1][VALID]/D
                                0.77           1.01 r        -0.24  (VIOLATED)
   if_stage_inst/btb_inst/btb_reg[8][VALID]/D
                                0.77           1.01 r        -0.24  (VIOLATED)
   id_stage_inst/reg_file_inst/reg_file_reg[1][31]/D
                                0.77           1.01 r        -0.24  (VIOLATED)
   id_stage_inst/reg_file_inst/reg_file_reg[1][15]/D
                                0.77           1.01 r        -0.24  (VIOLATED)
   id_stage_inst/reg_file_inst/reg_file_reg[1][9]/D
                                0.77           1.01 r        -0.24  (VIOLATED)
   id_stage_inst/reg_file_inst/reg_file_reg[1][3]/D
                                0.77           1.01 r        -0.24  (VIOLATED)
   id_stage_inst/reg_file_inst/reg_file_reg[1][5]/D
                                0.77           1.01 r        -0.24  (VIOLATED)
   id_stage_inst/reg_file_inst/reg_file_reg[1][16]/D
                                0.77           1.01 r        -0.24  (VIOLATED)
   id_stage_inst/reg_file_inst/reg_file_reg[1][19]/D
                                0.77           1.01 r        -0.24  (VIOLATED)
   id_stage_inst/reg_file_inst/reg_file_reg[1][24]/D
                                0.77           1.01 r        -0.24  (VIOLATED)
   id_stage_inst/reg_file_inst/reg_file_reg[1][10]/D
                                0.77           1.01 r        -0.24  (VIOLATED)
   id_stage_inst/reg_file_inst/reg_file_reg[1][11]/D
                                0.77           1.01 r        -0.24  (VIOLATED)
   id_stage_inst/reg_file_inst/reg_file_reg[1][7]/D
                                0.77           1.01 r        -0.24  (VIOLATED)
   id_stage_inst/reg_file_inst/reg_file_reg[1][21]/D
                                0.77           1.01 r        -0.24  (VIOLATED)
   id_stage_inst/reg_file_inst/reg_file_reg[1][1]/D
                                0.77           1.01 r        -0.24  (VIOLATED)
   id_stage_inst/reg_file_inst/reg_file_reg[1][2]/D
                                0.77           1.01 r        -0.24  (VIOLATED)
   id_stage_inst/reg_file_inst/reg_file_reg[1][4]/D
                                0.77           1.01 r        -0.24  (VIOLATED)
   id_stage_inst/reg_file_inst/reg_file_reg[1][6]/D
                                0.77           1.01 r        -0.24  (VIOLATED)
   id_stage_inst/reg_file_inst/reg_file_reg[1][8]/D
                                0.77           1.01 r        -0.24  (VIOLATED)
   id_stage_inst/reg_file_inst/reg_file_reg[1][12]/D
                                0.77           1.01 r        -0.24  (VIOLATED)
   id_stage_inst/reg_file_inst/reg_file_reg[1][13]/D
                                0.77           1.01 r        -0.24  (VIOLATED)
   id_stage_inst/reg_file_inst/reg_file_reg[1][14]/D
                                0.77           1.01 r        -0.24  (VIOLATED)
   id_stage_inst/reg_file_inst/reg_file_reg[1][18]/D
                                0.77           1.01 r        -0.24  (VIOLATED)
   id_stage_inst/reg_file_inst/reg_file_reg[1][20]/D
                                0.77           1.01 r        -0.24  (VIOLATED)
   id_stage_inst/reg_file_inst/reg_file_reg[1][22]/D
                                0.77           1.01 r        -0.24  (VIOLATED)
   id_stage_inst/reg_file_inst/reg_file_reg[1][23]/D
                                0.77           1.01 r        -0.24  (VIOLATED)
   id_stage_inst/reg_file_inst/reg_file_reg[1][25]/D
                                0.77           1.01 r        -0.24  (VIOLATED)
   id_stage_inst/reg_file_inst/reg_file_reg[1][26]/D
                                0.77           1.01 r        -0.24  (VIOLATED)
   id_stage_inst/reg_file_inst/reg_file_reg[1][27]/D
                                0.77           1.01 r        -0.24  (VIOLATED)
   id_stage_inst/reg_file_inst/reg_file_reg[1][28]/D
                                0.77           1.01 r        -0.24  (VIOLATED)
   id_stage_inst/reg_file_inst/reg_file_reg[1][30]/D
                                0.77           1.01 r        -0.24  (VIOLATED)
   ex_stage_inst/result_reg/reg_data_reg[18]/D
                                0.77           1.01 r        -0.24  (VIOLATED)
   ex_stage_inst/result_reg/reg_data_reg[12]/D
                                0.76           1.00 f        -0.24  (VIOLATED)
   id_stage_inst/reg_file_inst/reg_file_reg[18][0]/D
                                0.76           1.00 f        -0.24  (VIOLATED)
   R_73/D                       0.77           1.01 r        -0.24  (VIOLATED)
   ex_stage_inst/result_reg/reg_data_reg[20]/D
                                0.76           1.00 f        -0.24  (VIOLATED)
   mem_stage_inst/rd_data_reg/reg_data_reg[1]/D
                                0.77           1.01 r        -0.24  (VIOLATED)
   R_2341/D                     0.77           1.01 r        -0.24  (VIOLATED)
   R_2239/D                     0.77           1.01 r        -0.24  (VIOLATED)
   id_stage_inst/reg_file_inst/reg_file_reg[26][0]/D
                                0.76           1.00 f        -0.24  (VIOLATED)
   R_433/D                      0.76           1.00 r        -0.24  (VIOLATED)
   id_stage_inst/rs1_reg/reg_data_reg[12]/D
                                0.77           1.00 r        -0.24  (VIOLATED)
   id_stage_inst/reg_file_inst/reg_file_reg[3][10]/D
                                0.76           1.00 f        -0.24  (VIOLATED)
   id_stage_inst/reg_file_inst/reg_file_reg[3][29]/D
                                0.76           1.00 f        -0.24  (VIOLATED)
   id_stage_inst/reg_file_inst/reg_file_reg[3][9]/D
                                0.76           1.00 f        -0.24  (VIOLATED)
   id_stage_inst/reg_file_inst/reg_file_reg[3][17]/D
                                0.76           1.00 f        -0.24  (VIOLATED)
   id_stage_inst/reg_file_inst/reg_file_reg[3][31]/D
                                0.76           1.00 f        -0.24  (VIOLATED)
   id_stage_inst/reg_file_inst/reg_file_reg[3][15]/D
                                0.76           1.00 f        -0.24  (VIOLATED)
   id_stage_inst/reg_file_inst/reg_file_reg[3][24]/D
                                0.76           1.00 f        -0.24  (VIOLATED)
   id_stage_inst/reg_file_inst/reg_file_reg[3][3]/D
                                0.76           1.00 f        -0.24  (VIOLATED)
   id_stage_inst/reg_file_inst/reg_file_reg[3][5]/D
                                0.76           1.00 f        -0.24  (VIOLATED)
   id_stage_inst/reg_file_inst/reg_file_reg[3][16]/D
                                0.76           1.00 f        -0.24  (VIOLATED)
   id_stage_inst/reg_file_inst/reg_file_reg[3][19]/D
                                0.76           1.00 f        -0.24  (VIOLATED)
   if_stage_inst/btb_inst/btb_reg[13][VALID]/D
                                0.77           1.00 r        -0.24  (VIOLATED)
   id_stage_inst/reg_file_inst/reg_file_reg[3][11]/D
                                0.76           1.00 f        -0.24  (VIOLATED)
   id_stage_inst/reg_file_inst/reg_file_reg[3][7]/D
                                0.76           1.00 f        -0.24  (VIOLATED)
   id_stage_inst/reg_file_inst/reg_file_reg[3][21]/D
                                0.76           1.00 f        -0.24  (VIOLATED)
   id_stage_inst/reg_file_inst/reg_file_reg[3][2]/D
                                0.76           1.00 f        -0.24  (VIOLATED)
   id_stage_inst/reg_file_inst/reg_file_reg[3][4]/D
                                0.76           1.00 f        -0.24  (VIOLATED)
   id_stage_inst/reg_file_inst/reg_file_reg[3][6]/D
                                0.76           1.00 f        -0.24  (VIOLATED)
   id_stage_inst/reg_file_inst/reg_file_reg[3][8]/D
                                0.76           1.00 f        -0.24  (VIOLATED)
   id_stage_inst/reg_file_inst/reg_file_reg[3][12]/D
                                0.76           1.00 f        -0.24  (VIOLATED)
   id_stage_inst/reg_file_inst/reg_file_reg[3][14]/D
                                0.76           1.00 f        -0.24  (VIOLATED)
   id_stage_inst/reg_file_inst/reg_file_reg[3][18]/D
                                0.76           1.00 f        -0.24  (VIOLATED)
   id_stage_inst/reg_file_inst/reg_file_reg[3][22]/D
                                0.76           1.00 f        -0.24  (VIOLATED)
   id_stage_inst/reg_file_inst/reg_file_reg[3][23]/D
                                0.76           1.00 f        -0.24  (VIOLATED)
   id_stage_inst/reg_file_inst/reg_file_reg[3][26]/D
                                0.76           1.00 f        -0.24  (VIOLATED)
   id_stage_inst/reg_file_inst/reg_file_reg[3][27]/D
                                0.76           1.00 f        -0.24  (VIOLATED)
   id_stage_inst/reg_file_inst/reg_file_reg[3][28]/D
                                0.76           1.00 f        -0.24  (VIOLATED)
   id_stage_inst/reg_file_inst/reg_file_reg[3][30]/D
                                0.76           1.00 f        -0.24  (VIOLATED)
   id_stage_inst/reg_file_inst/reg_file_reg[3][1]/D
                                0.76           1.00 f        -0.24  (VIOLATED)
   id_stage_inst/reg_file_inst/reg_file_reg[3][13]/D
                                0.76           1.00 f        -0.24  (VIOLATED)
   id_stage_inst/reg_file_inst/reg_file_reg[3][20]/D
                                0.76           1.00 f        -0.24  (VIOLATED)
   id_stage_inst/reg_file_inst/reg_file_reg[3][25]/D
                                0.76           1.00 f        -0.24  (VIOLATED)
   ex_stage_inst/result_reg/reg_data_reg[6]/D
                                0.76           0.99 f        -0.24  (VIOLATED)
   ex_stage_inst/result_reg/reg_data_reg[10]/D
                                0.76           0.99 f        -0.23  (VIOLATED)
   id_stage_inst/reg_file_inst/reg_file_reg[3][0]/D
                                0.76           1.00 f        -0.23  (VIOLATED)
   id_stage_inst/reg_file_inst/reg_file_reg[8][1]/D
                                0.76           1.00 r        -0.23  (VIOLATED)
   id_stage_inst/reg_file_inst/reg_file_reg[8][2]/D
                                0.76           1.00 r        -0.23  (VIOLATED)
   id_stage_inst/reg_file_inst/reg_file_reg[8][3]/D
                                0.76           1.00 r        -0.23  (VIOLATED)
   id_stage_inst/reg_file_inst/reg_file_reg[8][4]/D
                                0.76           1.00 r        -0.23  (VIOLATED)
   id_stage_inst/reg_file_inst/reg_file_reg[8][5]/D
                                0.76           1.00 r        -0.23  (VIOLATED)
   id_stage_inst/reg_file_inst/reg_file_reg[8][6]/D
                                0.76           1.00 r        -0.23  (VIOLATED)
   id_stage_inst/reg_file_inst/reg_file_reg[8][7]/D
                                0.76           1.00 r        -0.23  (VIOLATED)
   id_stage_inst/reg_file_inst/reg_file_reg[8][8]/D
                                0.76           1.00 r        -0.23  (VIOLATED)
   id_stage_inst/reg_file_inst/reg_file_reg[8][9]/D
                                0.76           1.00 r        -0.23  (VIOLATED)
   id_stage_inst/reg_file_inst/reg_file_reg[8][10]/D
                                0.76           1.00 r        -0.23  (VIOLATED)
   id_stage_inst/reg_file_inst/reg_file_reg[8][11]/D
                                0.76           1.00 r        -0.23  (VIOLATED)
   id_stage_inst/reg_file_inst/reg_file_reg[8][12]/D
                                0.76           1.00 r        -0.23  (VIOLATED)
   id_stage_inst/reg_file_inst/reg_file_reg[8][13]/D
                                0.76           1.00 r        -0.23  (VIOLATED)
   id_stage_inst/reg_file_inst/reg_file_reg[8][14]/D
                                0.76           1.00 r        -0.23  (VIOLATED)
   id_stage_inst/reg_file_inst/reg_file_reg[8][15]/D
                                0.76           1.00 r        -0.23  (VIOLATED)
   id_stage_inst/reg_file_inst/reg_file_reg[8][16]/D
                                0.76           1.00 r        -0.23  (VIOLATED)
   id_stage_inst/reg_file_inst/reg_file_reg[8][17]/D
                                0.76           1.00 r        -0.23  (VIOLATED)
   id_stage_inst/reg_file_inst/reg_file_reg[8][18]/D
                                0.76           1.00 r        -0.23  (VIOLATED)
   id_stage_inst/reg_file_inst/reg_file_reg[8][19]/D
                                0.76           1.00 r        -0.23  (VIOLATED)
   id_stage_inst/reg_file_inst/reg_file_reg[8][20]/D
                                0.76           1.00 r        -0.23  (VIOLATED)
   id_stage_inst/reg_file_inst/reg_file_reg[8][21]/D
                                0.76           1.00 r        -0.23  (VIOLATED)
   id_stage_inst/reg_file_inst/reg_file_reg[8][22]/D
                                0.76           1.00 r        -0.23  (VIOLATED)
   id_stage_inst/reg_file_inst/reg_file_reg[8][23]/D
                                0.76           1.00 r        -0.23  (VIOLATED)
   id_stage_inst/reg_file_inst/reg_file_reg[8][24]/D
                                0.76           1.00 r        -0.23  (VIOLATED)
   id_stage_inst/reg_file_inst/reg_file_reg[8][25]/D
                                0.76           1.00 r        -0.23  (VIOLATED)
   id_stage_inst/reg_file_inst/reg_file_reg[8][26]/D
                                0.76           1.00 r        -0.23  (VIOLATED)
   id_stage_inst/reg_file_inst/reg_file_reg[8][27]/D
                                0.76           1.00 r        -0.23  (VIOLATED)
   id_stage_inst/reg_file_inst/reg_file_reg[8][28]/D
                                0.76           1.00 r        -0.23  (VIOLATED)
   id_stage_inst/reg_file_inst/reg_file_reg[8][29]/D
                                0.76           1.00 r        -0.23  (VIOLATED)
   id_stage_inst/reg_file_inst/reg_file_reg[8][30]/D
                                0.76           1.00 r        -0.23  (VIOLATED)
   id_stage_inst/reg_file_inst/reg_file_reg[8][31]/D
                                0.76           1.00 r        -0.23  (VIOLATED)
   ex_stage_inst/result_reg/reg_data_reg[15]/D
                                0.76           0.99 f        -0.23  (VIOLATED)
   mem_stage_inst/rd_data_reg/reg_data_reg[2]/D
                                0.77           1.00 r        -0.23  (VIOLATED)
   mem_stage_inst/rd_data_reg/reg_data_reg[5]/D
                                0.77           1.00 r        -0.23  (VIOLATED)
   mem_stage_inst/rd_data_reg/reg_data_reg[6]/D
                                0.77           1.00 r        -0.23  (VIOLATED)
   mem_stage_inst/rd_data_reg/reg_data_reg[0]/D
                                0.77           1.00 r        -0.23  (VIOLATED)
   id_stage_inst/reg_file_inst/reg_file_reg[8][0]/D
                                0.77           1.00 r        -0.23  (VIOLATED)
   if_stage_inst/btb_inst/R_2010/D
                                0.77           1.00 r        -0.23  (VIOLATED)
   ex_stage_inst/result_reg/reg_data_reg[5]/D
                                0.77           1.00 r        -0.23  (VIOLATED)
   id_stage_inst/rs1_reg/reg_data_reg[16]/D
                                0.75           0.98 f        -0.23  (VIOLATED)
   ex_stage_inst/result_reg/reg_data_reg[22]/D
                                0.77           1.00 r        -0.23  (VIOLATED)
   id_stage_inst/reg_file_inst/R_541/D
                                0.77           1.00 r        -0.23  (VIOLATED)
   id_stage_inst/reg_file_inst/R_543/D
                                0.77           1.00 r        -0.23  (VIOLATED)
   id_stage_inst/reg_file_inst/R_545/D
                                0.77           1.00 r        -0.23  (VIOLATED)
   id_stage_inst/reg_file_inst/R_547/D
                                0.77           1.00 r        -0.23  (VIOLATED)
   id_stage_inst/reg_file_inst/R_549/D
                                0.77           1.00 r        -0.23  (VIOLATED)
   id_stage_inst/reg_file_inst/R_551/D
                                0.77           1.00 r        -0.23  (VIOLATED)
   id_stage_inst/reg_file_inst/R_553/D
                                0.77           1.00 r        -0.23  (VIOLATED)
   id_stage_inst/reg_file_inst/R_555/D
                                0.77           1.00 r        -0.23  (VIOLATED)
   id_stage_inst/reg_file_inst/R_557/D
                                0.77           1.00 r        -0.23  (VIOLATED)
   id_stage_inst/reg_file_inst/R_559/D
                                0.77           1.00 r        -0.23  (VIOLATED)
   id_stage_inst/reg_file_inst/R_561/D
                                0.77           1.00 r        -0.23  (VIOLATED)
   id_stage_inst/reg_file_inst/R_563/D
                                0.77           1.00 r        -0.23  (VIOLATED)
   id_stage_inst/reg_file_inst/R_565/D
                                0.77           1.00 r        -0.23  (VIOLATED)
   id_stage_inst/reg_file_inst/R_567/D
                                0.77           1.00 r        -0.23  (VIOLATED)
   id_stage_inst/reg_file_inst/R_569/D
                                0.77           1.00 r        -0.23  (VIOLATED)
   id_stage_inst/reg_file_inst/R_573/D
                                0.77           1.00 r        -0.23  (VIOLATED)
   id_stage_inst/reg_file_inst/R_575/D
                                0.77           1.00 r        -0.23  (VIOLATED)
   id_stage_inst/reg_file_inst/R_577/D
                                0.77           1.00 r        -0.23  (VIOLATED)
   id_stage_inst/reg_file_inst/R_579/D
                                0.77           1.00 r        -0.23  (VIOLATED)
   id_stage_inst/reg_file_inst/R_581/D
                                0.77           1.00 r        -0.23  (VIOLATED)
   id_stage_inst/reg_file_inst/R_583/D
                                0.77           1.00 r        -0.23  (VIOLATED)
   id_stage_inst/reg_file_inst/R_585/D
                                0.77           1.00 r        -0.23  (VIOLATED)
   id_stage_inst/reg_file_inst/R_587/D
                                0.77           1.00 r        -0.23  (VIOLATED)
   id_stage_inst/reg_file_inst/R_589/D
                                0.77           1.00 r        -0.23  (VIOLATED)
   id_stage_inst/reg_file_inst/R_591/D
                                0.77           1.00 r        -0.23  (VIOLATED)
   id_stage_inst/reg_file_inst/R_593/D
                                0.77           1.00 r        -0.23  (VIOLATED)
   id_stage_inst/reg_file_inst/R_595/D
                                0.77           1.00 r        -0.23  (VIOLATED)
   id_stage_inst/reg_file_inst/R_597/D
                                0.77           1.00 r        -0.23  (VIOLATED)
   id_stage_inst/reg_file_inst/R_599/D
                                0.77           1.00 r        -0.23  (VIOLATED)
   id_stage_inst/reg_file_inst/R_601/D
                                0.77           1.00 r        -0.23  (VIOLATED)
   id_stage_inst/reg_file_inst/reg_file_reg[6][29]/D
                                0.77           1.00 r        -0.23  (VIOLATED)
   id_stage_inst/rs1_reg/reg_data_reg[1]/D
                                0.75           0.98 f        -0.23  (VIOLATED)
   id_stage_inst/reg_file_inst/reg_file_reg[6][17]/D
                                0.77           1.00 r        -0.23  (VIOLATED)
   id_stage_inst/reg_file_inst/reg_file_reg[6][31]/D
                                0.77           1.00 r        -0.23  (VIOLATED)
   id_stage_inst/reg_file_inst/reg_file_reg[6][15]/D
                                0.77           1.00 r        -0.23  (VIOLATED)
   id_stage_inst/reg_file_inst/reg_file_reg[6][9]/D
                                0.77           1.00 r        -0.23  (VIOLATED)
   id_stage_inst/reg_file_inst/reg_file_reg[6][3]/D
                                0.77           1.00 r        -0.23  (VIOLATED)
   id_stage_inst/reg_file_inst/reg_file_reg[6][5]/D
                                0.77           1.00 r        -0.23  (VIOLATED)
   id_stage_inst/reg_file_inst/reg_file_reg[6][16]/D
                                0.77           1.00 r        -0.23  (VIOLATED)
   id_stage_inst/reg_file_inst/reg_file_reg[6][19]/D
                                0.77           1.00 r        -0.23  (VIOLATED)
   id_stage_inst/reg_file_inst/reg_file_reg[6][24]/D
                                0.77           1.00 r        -0.23  (VIOLATED)
   id_stage_inst/reg_file_inst/reg_file_reg[6][10]/D
                                0.77           1.00 r        -0.23  (VIOLATED)
   id_stage_inst/reg_file_inst/reg_file_reg[6][11]/D
                                0.77           1.00 r        -0.23  (VIOLATED)
   id_stage_inst/reg_file_inst/reg_file_reg[6][0]/D
                                0.77           1.00 r        -0.23  (VIOLATED)
   id_stage_inst/reg_file_inst/reg_file_reg[6][1]/D
                                0.77           1.00 r        -0.23  (VIOLATED)
   id_stage_inst/reg_file_inst/reg_file_reg[6][2]/D
                                0.77           1.00 r        -0.23  (VIOLATED)
   id_stage_inst/reg_file_inst/reg_file_reg[6][4]/D
                                0.77           1.00 r        -0.23  (VIOLATED)
   id_stage_inst/reg_file_inst/reg_file_reg[6][6]/D
                                0.77           1.00 r        -0.23  (VIOLATED)
   id_stage_inst/reg_file_inst/reg_file_reg[6][7]/D
                                0.77           1.00 r        -0.23  (VIOLATED)
   id_stage_inst/reg_file_inst/reg_file_reg[6][8]/D
                                0.77           1.00 r        -0.23  (VIOLATED)
   id_stage_inst/reg_file_inst/reg_file_reg[6][12]/D
                                0.77           1.00 r        -0.23  (VIOLATED)
   id_stage_inst/reg_file_inst/reg_file_reg[6][13]/D
                                0.77           1.00 r        -0.23  (VIOLATED)
   id_stage_inst/reg_file_inst/reg_file_reg[6][14]/D
                                0.77           1.00 r        -0.23  (VIOLATED)
   id_stage_inst/reg_file_inst/reg_file_reg[6][18]/D
                                0.77           1.00 r        -0.23  (VIOLATED)
   id_stage_inst/reg_file_inst/reg_file_reg[6][20]/D
                                0.77           1.00 r        -0.23  (VIOLATED)
   id_stage_inst/reg_file_inst/reg_file_reg[6][21]/D
                                0.77           1.00 r        -0.23  (VIOLATED)
   id_stage_inst/reg_file_inst/reg_file_reg[6][22]/D
                                0.77           1.00 r        -0.23  (VIOLATED)
   id_stage_inst/reg_file_inst/reg_file_reg[6][23]/D
                                0.77           1.00 r        -0.23  (VIOLATED)
   id_stage_inst/reg_file_inst/reg_file_reg[6][25]/D
                                0.77           1.00 r        -0.23  (VIOLATED)
   id_stage_inst/reg_file_inst/reg_file_reg[6][26]/D
                                0.77           1.00 r        -0.23  (VIOLATED)
   id_stage_inst/reg_file_inst/reg_file_reg[6][27]/D
                                0.77           1.00 r        -0.23  (VIOLATED)
   id_stage_inst/reg_file_inst/reg_file_reg[6][28]/D
                                0.77           1.00 r        -0.23  (VIOLATED)
   id_stage_inst/reg_file_inst/reg_file_reg[6][30]/D
                                0.77           1.00 r        -0.23  (VIOLATED)
   if_stage_inst/btb_inst/R_2081/D
                                0.77           1.00 r        -0.23  (VIOLATED)
   id_stage_inst/reg_file_inst/R_571/D
                                0.77           1.00 r        -0.23  (VIOLATED)
   id_stage_inst/rs1_reg/reg_data_reg[13]/D
                                0.75           0.98 f        -0.23  (VIOLATED)
   ex_stage_inst/result_reg/reg_data_reg[3]/D
                                0.76           0.99 f        -0.23  (VIOLATED)
   id_stage_inst/reg_file_inst/reg_file_reg[13][10]/D
                                0.73           0.96 r        -0.23  (VIOLATED)
   if_stage_inst/btb_inst/R_1592/D
                                0.77           0.99 r        -0.23  (VIOLATED)
   ex_stage_inst/result_reg/reg_data_reg[13]/D
                                0.76           0.99 f        -0.23  (VIOLATED)
   id_stage_inst/reg_file_inst/reg_file_reg[26][3]/D
                                0.73           0.96 r        -0.23  (VIOLATED)
   if_stage_inst/btb_inst/R_1598/D
                                0.76           0.98 r        -0.22  (VIOLATED)
   ex_stage_inst/mult_pp_inst/tree_i/layer_4_r_reg[0][5]/D
                                0.75           0.98 f        -0.22  (VIOLATED)
   R_431/D                      0.76           0.98 f        -0.22  (VIOLATED)
   if_stage_inst/btb_inst/R_1367/D
                                0.76           0.98 r        -0.22  (VIOLATED)
   if_stage_inst/btb_inst/R_1622/D
                                0.76           0.98 r        -0.22  (VIOLATED)
   if_stage_inst/btb_inst/R_1589/D
                                0.76           0.98 r        -0.22  (VIOLATED)
   if_stage_inst/btb_inst/R_1586/D
                                0.76           0.98 r        -0.22  (VIOLATED)
   id_stage_inst/immediate_reg/reg_data_reg[1]/D
                                0.75           0.97 f        -0.22  (VIOLATED)
   id_stage_inst/reg_file_inst/R_2506/D
                                0.77           0.99 r        -0.22  (VIOLATED)
   ex_stage_inst/result_reg/reg_data_reg[1]/D
                                0.75           0.97 f        -0.22  (VIOLATED)
   if_stage_inst/btb_inst/R_1625/D
                                0.76           0.98 r        -0.22  (VIOLATED)
   if_stage_inst/btb_inst/R_1616/D
                                0.76           0.98 r        -0.22  (VIOLATED)
   if_stage_inst/btb_inst/R_1601/D
                                0.76           0.98 r        -0.22  (VIOLATED)
   id_stage_inst/rs1_reg/reg_data_reg[8]/D
                                0.76           0.98 f        -0.22  (VIOLATED)
   R_2386/D                     0.76           0.97 f        -0.22  (VIOLATED)
   if_stage_inst/btb_inst/R_1613/D
                                0.76           0.98 r        -0.21  (VIOLATED)
   if_stage_inst/btb_inst/R_1610/D
                                0.76           0.98 r        -0.21  (VIOLATED)
   if_stage_inst/btb_inst/R_1583/D
                                0.76           0.98 r        -0.21  (VIOLATED)
   if_stage_inst/btb_inst/R_1604/D
                                0.76           0.98 r        -0.21  (VIOLATED)
   ex_stage_inst/result_reg/reg_data_reg[9]/D
                                0.76           0.97 f        -0.21  (VIOLATED)
   id_stage_inst/rs1_reg/reg_data_reg[14]/D
                                0.75           0.97 f        -0.21  (VIOLATED)
   R_2270/D                     0.76           0.97 r        -0.21  (VIOLATED)
   ex_stage_inst/result_reg/reg_data_reg[26]/D
                                0.76           0.97 f        -0.21  (VIOLATED)
   R_189/D                      0.76           0.97 f        -0.21  (VIOLATED)
   R_1170/D                     0.76           0.97 f        -0.21  (VIOLATED)
   R_1351/D                     0.76           0.97 f        -0.21  (VIOLATED)
   R_1357/D                     0.76           0.97 f        -0.21  (VIOLATED)
   R_1508/D                     0.76           0.97 f        -0.21  (VIOLATED)
   if_stage_inst/btb_inst/R_1619/D
                                0.76           0.97 r        -0.21  (VIOLATED)
   ex_stage_inst/result_reg/reg_data_reg[7]/D
                                0.76           0.96 f        -0.20  (VIOLATED)
   R_1963/D                     0.76           0.96 f        -0.20  (VIOLATED)
   R_1701/D                     0.76           0.96 f        -0.20  (VIOLATED)
   R_2549/D                     0.77           0.97 r        -0.20  (VIOLATED)
   R_419/D                      0.76           0.96 f        -0.20  (VIOLATED)
   R_427/D                      0.76           0.96 f        -0.20  (VIOLATED)
   id_stage_inst/reg_file_inst/reg_file_reg[2][29]/D
                                0.77           0.96 r        -0.20  (VIOLATED)
   id_stage_inst/reg_file_inst/reg_file_reg[2][0]/D
                                0.77           0.96 r        -0.20  (VIOLATED)
   id_stage_inst/reg_file_inst/reg_file_reg[2][1]/D
                                0.77           0.96 r        -0.20  (VIOLATED)
   id_stage_inst/reg_file_inst/reg_file_reg[2][2]/D
                                0.77           0.96 r        -0.20  (VIOLATED)
   id_stage_inst/reg_file_inst/reg_file_reg[2][3]/D
                                0.77           0.96 r        -0.20  (VIOLATED)
   id_stage_inst/reg_file_inst/reg_file_reg[2][4]/D
                                0.77           0.96 r        -0.20  (VIOLATED)
   id_stage_inst/reg_file_inst/reg_file_reg[2][5]/D
                                0.77           0.96 r        -0.20  (VIOLATED)
   id_stage_inst/reg_file_inst/reg_file_reg[2][6]/D
                                0.77           0.96 r        -0.20  (VIOLATED)
   id_stage_inst/reg_file_inst/reg_file_reg[2][7]/D
                                0.77           0.96 r        -0.20  (VIOLATED)
   id_stage_inst/reg_file_inst/reg_file_reg[2][8]/D
                                0.77           0.96 r        -0.20  (VIOLATED)
   id_stage_inst/reg_file_inst/reg_file_reg[2][9]/D
                                0.77           0.96 r        -0.20  (VIOLATED)
   id_stage_inst/reg_file_inst/reg_file_reg[2][11]/D
                                0.77           0.96 r        -0.20  (VIOLATED)
   id_stage_inst/reg_file_inst/reg_file_reg[2][12]/D
                                0.77           0.96 r        -0.20  (VIOLATED)
   id_stage_inst/reg_file_inst/reg_file_reg[2][13]/D
                                0.77           0.96 r        -0.20  (VIOLATED)
   id_stage_inst/reg_file_inst/reg_file_reg[2][14]/D
                                0.77           0.96 r        -0.20  (VIOLATED)
   id_stage_inst/reg_file_inst/reg_file_reg[2][15]/D
                                0.77           0.96 r        -0.20  (VIOLATED)
   id_stage_inst/reg_file_inst/reg_file_reg[2][16]/D
                                0.77           0.96 r        -0.20  (VIOLATED)
   id_stage_inst/reg_file_inst/reg_file_reg[2][17]/D
                                0.77           0.96 r        -0.20  (VIOLATED)
   id_stage_inst/reg_file_inst/reg_file_reg[2][18]/D
                                0.77           0.96 r        -0.20  (VIOLATED)
   id_stage_inst/reg_file_inst/reg_file_reg[2][20]/D
                                0.77           0.96 r        -0.20  (VIOLATED)
   id_stage_inst/reg_file_inst/reg_file_reg[2][21]/D
                                0.77           0.96 r        -0.20  (VIOLATED)
   id_stage_inst/reg_file_inst/reg_file_reg[2][22]/D
                                0.77           0.96 r        -0.20  (VIOLATED)
   id_stage_inst/reg_file_inst/reg_file_reg[2][23]/D
                                0.77           0.96 r        -0.20  (VIOLATED)
   id_stage_inst/reg_file_inst/reg_file_reg[2][24]/D
                                0.77           0.96 r        -0.20  (VIOLATED)
   id_stage_inst/reg_file_inst/reg_file_reg[2][25]/D
                                0.77           0.96 r        -0.20  (VIOLATED)
   id_stage_inst/reg_file_inst/reg_file_reg[2][26]/D
                                0.77           0.96 r        -0.20  (VIOLATED)
   id_stage_inst/reg_file_inst/reg_file_reg[2][27]/D
                                0.77           0.96 r        -0.20  (VIOLATED)
   id_stage_inst/reg_file_inst/reg_file_reg[2][28]/D
                                0.77           0.96 r        -0.20  (VIOLATED)
   id_stage_inst/reg_file_inst/reg_file_reg[2][30]/D
                                0.77           0.96 r        -0.20  (VIOLATED)
   id_stage_inst/reg_file_inst/reg_file_reg[2][31]/D
                                0.77           0.96 r        -0.20  (VIOLATED)
   ex_stage_inst/result_reg/reg_data_reg[2]/D
                                0.77           0.96 r        -0.19  (VIOLATED)
   R_193/D                      0.76           0.95 f        -0.19  (VIOLATED)
   R_1159/D                     0.76           0.95 f        -0.19  (VIOLATED)
   R_1334/D                     0.76           0.95 f        -0.19  (VIOLATED)
   R_1336/D                     0.76           0.95 f        -0.19  (VIOLATED)
   R_1340/D                     0.76           0.95 f        -0.19  (VIOLATED)
   R_1376/D                     0.76           0.95 f        -0.19  (VIOLATED)
   R_1497/D                     0.76           0.95 f        -0.19  (VIOLATED)
   R_1513/D                     0.76           0.95 f        -0.19  (VIOLATED)
   R_1518/D                     0.76           0.95 f        -0.19  (VIOLATED)
   id_stage_inst/reg_file_inst/reg_file_reg[1][0]/D
                                0.76           0.95 f        -0.19  (VIOLATED)
   ex_stage_inst/result_reg/reg_data_reg[11]/D
                                0.77           0.96 r        -0.19  (VIOLATED)
   ex_stage_inst/result_reg/reg_data_reg[14]/D
                                0.76           0.95 f        -0.19  (VIOLATED)
   R_417/D                      0.76           0.95 f        -0.19  (VIOLATED)
   R_2144/D                     0.75           0.94 f        -0.18  (VIOLATED)
   R_2059/D                     0.76           0.94 f        -0.18  (VIOLATED)
   R_1164/D                     0.76           0.94 f        -0.18  (VIOLATED)
   R_1168/D                     0.76           0.94 f        -0.18  (VIOLATED)
   R_1172/D                     0.76           0.94 f        -0.18  (VIOLATED)
   R_1338/D                     0.76           0.94 f        -0.18  (VIOLATED)
   R_1342/D                     0.76           0.94 f        -0.18  (VIOLATED)
   R_1347/D                     0.76           0.94 f        -0.18  (VIOLATED)
   R_1349/D                     0.76           0.94 f        -0.18  (VIOLATED)
   R_1353/D                     0.76           0.94 f        -0.18  (VIOLATED)
   R_1355/D                     0.76           0.94 f        -0.18  (VIOLATED)
   R_1473/D                     0.76           0.94 f        -0.18  (VIOLATED)
   R_1490/D                     0.76           0.94 f        -0.18  (VIOLATED)
   R_1495/D                     0.76           0.94 f        -0.18  (VIOLATED)
   R_1499/D                     0.76           0.94 f        -0.18  (VIOLATED)
   R_1501/D                     0.76           0.94 f        -0.18  (VIOLATED)
   R_1503/D                     0.76           0.94 f        -0.18  (VIOLATED)
   R_421/D                      0.76           0.94 r        -0.18  (VIOLATED)
   R_415/D                      0.76           0.94 r        -0.18  (VIOLATED)
   R_2150/D                     0.75           0.93 f        -0.18  (VIOLATED)
   R_2068/D                     0.76           0.93 f        -0.18  (VIOLATED)
   R_2053/D                     0.76           0.93 f        -0.18  (VIOLATED)
   R_2147/D                     0.76           0.93 f        -0.18  (VIOLATED)
   R_2057/D                     0.76           0.93 f        -0.17  (VIOLATED)
   R_2170/D                     0.76           0.93 f        -0.17  (VIOLATED)
   R_435/D                      0.76           0.93 r        -0.17  (VIOLATED)
   R_1903/D                     0.76           0.93 f        -0.17  (VIOLATED)
   R_445/D                      0.76           0.93 r        -0.17  (VIOLATED)
   R_397/D                      0.76           0.93 r        -0.17  (VIOLATED)
   R_447/D                      0.76           0.93 r        -0.17  (VIOLATED)
   R_425/D                      0.76           0.93 r        -0.17  (VIOLATED)
   R_81/D                       0.76           0.93 f        -0.17  (VIOLATED)
   id_stage_inst/reg_file_inst/R_842/D
                                0.75           0.92 f        -0.17  (VIOLATED)
   id_stage_inst/reg_file_inst/R_844/D
                                0.75           0.92 f        -0.17  (VIOLATED)
   id_stage_inst/reg_file_inst/R_846/D
                                0.75           0.92 f        -0.17  (VIOLATED)
   id_stage_inst/reg_file_inst/R_848/D
                                0.75           0.92 f        -0.17  (VIOLATED)
   id_stage_inst/reg_file_inst/R_850/D
                                0.75           0.92 f        -0.17  (VIOLATED)
   id_stage_inst/reg_file_inst/R_852/D
                                0.75           0.92 f        -0.17  (VIOLATED)
   id_stage_inst/reg_file_inst/R_854/D
                                0.75           0.92 f        -0.17  (VIOLATED)
   id_stage_inst/reg_file_inst/R_873/D
                                0.75           0.92 f        -0.17  (VIOLATED)
   id_stage_inst/reg_file_inst/R_883/D
                                0.75           0.92 f        -0.17  (VIOLATED)
   id_stage_inst/reg_file_inst/R_885/D
                                0.75           0.92 f        -0.17  (VIOLATED)
   id_stage_inst/reg_file_inst/R_887/D
                                0.75           0.92 f        -0.17  (VIOLATED)
   id_stage_inst/reg_file_inst/R_889/D
                                0.75           0.92 f        -0.17  (VIOLATED)
   id_stage_inst/reg_file_inst/R_891/D
                                0.75           0.92 f        -0.17  (VIOLATED)
   id_stage_inst/reg_file_inst/R_893/D
                                0.75           0.92 f        -0.17  (VIOLATED)
   id_stage_inst/reg_file_inst/R_899/D
                                0.75           0.92 f        -0.17  (VIOLATED)
   id_stage_inst/reg_file_inst/R_901/D
                                0.75           0.92 f        -0.17  (VIOLATED)
   id_stage_inst/reg_file_inst/R_903/D
                                0.75           0.92 f        -0.17  (VIOLATED)
   id_stage_inst/reg_file_inst/R_905/D
                                0.75           0.92 f        -0.17  (VIOLATED)
   id_stage_inst/reg_file_inst/R_919/D
                                0.75           0.92 f        -0.17  (VIOLATED)
   id_stage_inst/reg_file_inst/reg_file_reg[2][10]/D
                                0.76           0.93 f        -0.17  (VIOLATED)
   id_stage_inst/reg_file_inst/reg_file_reg[2][19]/D
                                0.76           0.93 f        -0.17  (VIOLATED)
   R_439/D                      0.76           0.93 r        -0.16  (VIOLATED)
   R_1993/D                     0.75           0.91 f        -0.16  (VIOLATED)
   R_2016/D                     0.76           0.91 r        -0.15  (VIOLATED)
   ex_stage_inst/mult_pp_inst/tree_i/layer_4_r_reg[0][4]/D
                                0.75           0.90 f        -0.15  (VIOLATED)
   mem_stage_inst/rd_data_reg/reg_data_reg[7]/D
                                0.77           0.90 r        -0.13  (VIOLATED)
   R_449/D                      0.76           0.89 r        -0.13  (VIOLATED)
   R_391/D                      0.76           0.88 f        -0.12  (VIOLATED)
   id_stage_inst/reg_file_inst/R_877/D
                                0.76           0.88 f        -0.12  (VIOLATED)
   id_stage_inst/reg_file_inst/R_915/D
                                0.76           0.88 f        -0.12  (VIOLATED)
   id_stage_inst/reg_file_inst/R_909/D
                                0.76           0.88 f        -0.12  (VIOLATED)
   id_stage_inst/reg_file_inst/R_881/D
                                0.76           0.88 f        -0.12  (VIOLATED)
   id_stage_inst/reg_file_inst/R_917/D
                                0.76           0.88 f        -0.12  (VIOLATED)
   id_stage_inst/reg_file_inst/R_875/D
                                0.76           0.88 f        -0.12  (VIOLATED)
   id_stage_inst/reg_file_inst/R_895/D
                                0.76           0.88 f        -0.12  (VIOLATED)
   id_stage_inst/reg_file_inst/R_879/D
                                0.76           0.88 f        -0.12  (VIOLATED)
   id_stage_inst/reg_file_inst/R_897/D
                                0.76           0.88 f        -0.12  (VIOLATED)
   id_stage_inst/reg_file_inst/R_907/D
                                0.76           0.88 f        -0.12  (VIOLATED)
   id_stage_inst/reg_file_inst/R_911/D
                                0.76           0.88 f        -0.12  (VIOLATED)
   id_stage_inst/reg_file_inst/R_913/D
                                0.76           0.88 f        -0.12  (VIOLATED)
   R_389/D                      0.76           0.88 f        -0.12  (VIOLATED)
   id_stage_inst/reg_file_inst/R_2503/D
                                0.77           0.88 r        -0.12  (VIOLATED)
   R_2224/D                     0.77           0.88 r        -0.11  (VIOLATED)
   R_393/D                      0.76           0.87 f        -0.11  (VIOLATED)
   R_2092/D                     0.76           0.87 f        -0.11  (VIOLATED)
   control_unit_inst/ctrl_ID_EX_reg[ALU_SEL][4]/D
                                0.76           0.87 f        -0.11  (VIOLATED)
   R_2029/D                     0.76           0.86 r        -0.10  (VIOLATED)
   R_2226/D                     0.77           0.86 r        -0.10  (VIOLATED)
   R_405/D                      0.76           0.86 r        -0.10  (VIOLATED)
   ex_stage_inst/mult_pp_inst/tree_i/layer_4_r_reg[0][3]/D
                                0.76           0.85 f        -0.09  (VIOLATED)
   R_441/D                      0.76           0.85 f        -0.09  (VIOLATED)
   if_stage_inst/btb_inst/R_2614/D
                                0.76           0.85 f        -0.09  (VIOLATED)
   R_2327/D                     0.76           0.85 r        -0.09  (VIOLATED)
   R_2385/D                     0.76           0.85 r        -0.09  (VIOLATED)
   R_38/D                       0.77           0.85 r        -0.09  (VIOLATED)
   R_2035/D                     0.76           0.84 f        -0.08  (VIOLATED)
   R_1958/D                     0.76           0.83 f        -0.07  (VIOLATED)
   hazard_unit_inst/mul_reservation_s_reg/D
                                0.77           0.84 r        -0.07  (VIOLATED)
   R_401/D                      0.76           0.83 r        -0.07  (VIOLATED)
   R_2607/D                     0.77           0.83 r        -0.07  (VIOLATED)
   ex_stage_inst/store_data_reg/reg_data_reg[1]/D
                                0.77           0.83 r        -0.06  (VIOLATED)
   ex_stage_inst/store_data_reg/reg_data_reg[3]/D
                                0.77           0.83 r        -0.06  (VIOLATED)
   ex_stage_inst/store_data_reg/reg_data_reg[4]/D
                                0.77           0.83 r        -0.06  (VIOLATED)
   ex_stage_inst/store_data_reg/reg_data_reg[5]/D
                                0.77           0.83 r        -0.06  (VIOLATED)
   ex_stage_inst/store_data_reg/reg_data_reg[6]/D
                                0.77           0.83 r        -0.06  (VIOLATED)
   ex_stage_inst/store_data_reg/reg_data_reg[8]/D
                                0.77           0.83 r        -0.06  (VIOLATED)
   ex_stage_inst/store_data_reg/reg_data_reg[9]/D
                                0.77           0.83 r        -0.06  (VIOLATED)
   ex_stage_inst/store_data_reg/reg_data_reg[23]/D
                                0.77           0.83 r        -0.06  (VIOLATED)
   ex_stage_inst/store_data_reg/reg_data_reg[24]/D
                                0.77           0.83 r        -0.06  (VIOLATED)
   ex_stage_inst/store_data_reg/reg_data_reg[25]/D
                                0.77           0.83 r        -0.06  (VIOLATED)
   ex_stage_inst/store_data_reg/reg_data_reg[26]/D
                                0.77           0.83 r        -0.06  (VIOLATED)
   ex_stage_inst/store_data_reg/reg_data_reg[29]/D
                                0.77           0.83 r        -0.06  (VIOLATED)
   ex_stage_inst/store_data_reg/reg_data_reg[30]/D
                                0.77           0.83 r        -0.06  (VIOLATED)
   ex_stage_inst/store_data_reg/reg_data_reg[11]/D
                                0.77           0.83 r        -0.06  (VIOLATED)
   ex_stage_inst/store_data_reg/reg_data_reg[12]/D
                                0.77           0.83 r        -0.06  (VIOLATED)
   ex_stage_inst/store_data_reg/reg_data_reg[13]/D
                                0.77           0.83 r        -0.06  (VIOLATED)
   ex_stage_inst/store_data_reg/reg_data_reg[14]/D
                                0.77           0.83 r        -0.06  (VIOLATED)
   ex_stage_inst/store_data_reg/reg_data_reg[15]/D
                                0.77           0.83 r        -0.06  (VIOLATED)
   ex_stage_inst/store_data_reg/reg_data_reg[16]/D
                                0.77           0.83 r        -0.06  (VIOLATED)
   ex_stage_inst/store_data_reg/reg_data_reg[17]/D
                                0.77           0.83 r        -0.06  (VIOLATED)
   ex_stage_inst/store_data_reg/reg_data_reg[18]/D
                                0.77           0.83 r        -0.06  (VIOLATED)
   ex_stage_inst/store_data_reg/reg_data_reg[19]/D
                                0.77           0.83 r        -0.06  (VIOLATED)
   ex_stage_inst/store_data_reg/reg_data_reg[20]/D
                                0.77           0.83 r        -0.06  (VIOLATED)
   ex_stage_inst/store_data_reg/reg_data_reg[21]/D
                                0.77           0.83 r        -0.06  (VIOLATED)
   ex_stage_inst/store_data_reg/reg_data_reg[22]/D
                                0.77           0.83 r        -0.06  (VIOLATED)
   ex_stage_inst/store_data_reg/reg_data_reg[27]/D
                                0.77           0.83 r        -0.06  (VIOLATED)
   ex_stage_inst/store_data_reg/reg_data_reg[28]/D
                                0.77           0.83 r        -0.06  (VIOLATED)
   ex_stage_inst/store_data_reg/reg_data_reg[0]/D
                                0.77           0.83 r        -0.06  (VIOLATED)
   ex_stage_inst/store_data_reg/reg_data_reg[2]/D
                                0.77           0.83 r        -0.06  (VIOLATED)
   ex_stage_inst/store_data_reg/reg_data_reg[7]/D
                                0.77           0.83 r        -0.06  (VIOLATED)
   ex_stage_inst/store_data_reg/reg_data_reg[10]/D
                                0.77           0.83 r        -0.06  (VIOLATED)
   ex_stage_inst/store_data_reg/reg_data_reg[31]/D
                                0.77           0.83 r        -0.06  (VIOLATED)
   R_443/D                      0.76           0.82 r        -0.05  (VIOLATED)
   R_672/D                      0.76           0.81 f        -0.05  (VIOLATED)
   R_2171/D                     0.75           0.80 f        -0.05  (VIOLATED)
   R_2271/D                     0.75           0.80 f        -0.05  (VIOLATED)
   R_2091/D                     0.76           0.81 f        -0.05  (VIOLATED)
   R_36/D                       0.76           0.81 r        -0.05  (VIOLATED)
   R_51/D                       0.77           0.82 r        -0.05  (VIOLATED)
   R_37/D                       0.76           0.81 r        -0.05  (VIOLATED)
   id_stage_inst/reg_file_inst/R_948/D
                                0.76           0.80 f        -0.04  (VIOLATED)
   ex_stage_inst/mult_pp_inst/tree_i/layer_4_r_reg[2][14]/D
                                0.76           0.80 r        -0.04  (VIOLATED)
   ex_stage_inst/mult_pp_inst/tree_i/layer_4_r_reg[0][1]/D
                                0.77           0.80 r        -0.04  (VIOLATED)
   R_2014/D                     0.76           0.80 r        -0.04  (VIOLATED)
   control_unit_inst/ctrl_ID_EX_reg[WB_EN]/D
                                0.77           0.80 r        -0.03  (VIOLATED)
   ex_stage_inst/mult_pp_inst/tree_i/layer_4_r_reg[2][4]/D
                                0.77           0.80 r        -0.03  (VIOLATED)
   ex_stage_inst/mult_pp_inst/tree_i/layer_4_r_reg[2][6]/D
                                0.77           0.80 r        -0.03  (VIOLATED)
   ex_stage_inst/mult_pp_inst/tree_i/layer_4_r_reg[2][8]/D
                                0.77           0.80 r        -0.03  (VIOLATED)
   ex_stage_inst/mult_pp_inst/tree_i/layer_4_r_reg[2][16]/D
                                0.77           0.80 r        -0.03  (VIOLATED)
   R_2265/D                     0.76           0.79 f        -0.03  (VIOLATED)
   R_2338/D                     0.76           0.79 f        -0.03  (VIOLATED)
   control_unit_inst/ctrl_EX_MM_reg[MEM_SEL][0]/SE
                                0.71           0.74 f        -0.03  (VIOLATED)
   control_unit_inst/ctrl_EX_MM_reg[MEM_SEL][2]/SE
                                0.71           0.74 f        -0.03  (VIOLATED)
   control_unit_inst/ctrl_ID_EX_reg[MEM_WRT_EN]/SI
                                0.71           0.73 f        -0.03  (VIOLATED)
   R_46/D                       0.76           0.78 f        -0.02  (VIOLATED)
   control_unit_inst/ctrl_ID_EX_reg[MEM_SEL][0]/D
                                0.76           0.78 f        -0.02  (VIOLATED)
   R_1210/D                     0.76           0.78 f        -0.02  (VIOLATED)
   R_49/D                       0.76           0.78 r        -0.02  (VIOLATED)
   control_unit_inst/ctrl_ID_EX_reg[MEM_SEL][2]/D
                                0.75           0.77 f        -0.01  (VIOLATED)
   R_22/D                       0.77           0.78 r        -0.01  (VIOLATED)
   R_79/D                       0.77           0.78 r        -0.01  (VIOLATED)
   R_1959/D                     0.77           0.78 r        -0.01  (VIOLATED)
   R_64/D                       0.77           0.78 r        -0.01  (VIOLATED)
   R_648/D                      0.75           0.76 f        -0.01  (VIOLATED)
   R_654/D                      0.75           0.76 f        -0.01  (VIOLATED)
   R_669/D                      0.75           0.76 f        -0.01  (VIOLATED)
   R_817/D                      0.75           0.76 f        -0.01  (VIOLATED)
   R_964/D                      0.75           0.76 f        -0.01  (VIOLATED)
   R_1025/D                     0.75           0.76 f        -0.01  (VIOLATED)
   R_1102/D                     0.75           0.76 f        -0.01  (VIOLATED)
   R_1135/D                     0.75           0.76 f        -0.01  (VIOLATED)
   R_1141/D                     0.75           0.76 f        -0.01  (VIOLATED)
   R_1188/D                     0.75           0.76 f        -0.01  (VIOLATED)
   R_1714/D                     0.75           0.76 f        -0.01  (VIOLATED)
   R_1793/D                     0.75           0.76 f        -0.01  (VIOLATED)
   R_1801/D                     0.75           0.76 f        -0.01  (VIOLATED)
   R_2321/D                     0.75           0.76 f        -0.01  (VIOLATED)
   R_2323/D                     0.75           0.76 f        -0.01  (VIOLATED)
   control_unit_inst/ctrl_ID_EX_reg[WB_SEL]/D
                                0.76           0.77 f        -0.01  (VIOLATED)
   R_395/D                      0.76           0.76 f        -0.01  (VIOLATED)
   ex_stage_inst/mult_pp_inst/tree_i/layer_4_r_reg[2][12]/D
                                0.77           0.77 r         0.00  (VIOLATED: increase significant digits)
   ex_stage_inst/mult_pp_inst/tree_i/layer_4_r_reg[2][18]/D
                                0.77           0.77 r         0.00  (VIOLATED: increase significant digits)
   R_50/D                       0.77           0.77 r         0.00  (VIOLATED: increase significant digits)


   max_leakage_power

                             Required        Actual
   Design                   Leakage Power  Leakage Power     Slack
   -----------------------------------------------------------------
   dlx                          0.00       749706.88      -749706.88
                                                                    (VIOLATED)


1
