 
****************************************
Report : constraint
        -all_violators
Design : dlx
Version: W-2024.09-SP2
Date   : Wed Sep 16 04:41:17 2026
****************************************


   max_delay/setup ('clk' group)

                             Required        Actual
   Endpoint                 Path Delay     Path Delay        Slack
   -----------------------------------------------------------------
   if_stage_inst/pc_reg_inst/reg_data_reg[1]/D
                                0.67           1.73 r        -1.06  (VIOLATED)
   if_stage_inst/pc_reg_inst/reg_data_reg[4]/D
                                0.67           1.73 r        -1.06  (VIOLATED)
   if_stage_inst/pc_reg_inst/reg_data_reg[7]/D
                                0.67           1.73 r        -1.06  (VIOLATED)
   if_stage_inst/pc_reg_inst/reg_data_reg[9]/D
                                0.67           1.73 r        -1.06  (VIOLATED)
   if_stage_inst/pc_reg_inst/reg_data_reg[13]/D
                                0.67           1.73 r        -1.06  (VIOLATED)
   if_stage_inst/pc_reg_inst/reg_data_reg[15]/D
                                0.67           1.73 r        -1.06  (VIOLATED)
   if_stage_inst/pc_reg_inst/reg_data_reg[17]/D
                                0.67           1.73 r        -1.06  (VIOLATED)
   if_stage_inst/pc_reg_inst/reg_data_reg[18]/D
                                0.67           1.73 r        -1.06  (VIOLATED)
   if_stage_inst/pc_reg_inst/reg_data_reg[19]/D
                                0.67           1.73 r        -1.06  (VIOLATED)
   if_stage_inst/pc_reg_inst/reg_data_reg[20]/D
                                0.67           1.73 r        -1.06  (VIOLATED)
   if_stage_inst/pc_reg_inst/reg_data_reg[27]/D
                                0.67           1.73 r        -1.06  (VIOLATED)
   if_stage_inst/pc_reg_inst/reg_data_reg[28]/D
                                0.67           1.73 r        -1.06  (VIOLATED)
   if_stage_inst/pc_reg_inst/reg_data_reg[30]/D
                                0.67           1.73 r        -1.06  (VIOLATED)
   if_stage_inst/predicted_target_reg/reg_data_reg[1]/D
                                0.67           1.73 r        -1.06  (VIOLATED)
   if_stage_inst/predicted_target_reg/reg_data_reg[4]/D
                                0.67           1.73 r        -1.06  (VIOLATED)
   if_stage_inst/predicted_target_reg/reg_data_reg[7]/D
                                0.67           1.73 r        -1.06  (VIOLATED)
   if_stage_inst/predicted_target_reg/reg_data_reg[9]/D
                                0.67           1.73 r        -1.06  (VIOLATED)
   if_stage_inst/predicted_target_reg/reg_data_reg[13]/D
                                0.67           1.73 r        -1.06  (VIOLATED)
   if_stage_inst/predicted_target_reg/reg_data_reg[15]/D
                                0.67           1.73 r        -1.06  (VIOLATED)
   if_stage_inst/predicted_target_reg/reg_data_reg[17]/D
                                0.67           1.73 r        -1.06  (VIOLATED)
   if_stage_inst/predicted_target_reg/reg_data_reg[18]/D
                                0.67           1.73 r        -1.06  (VIOLATED)
   if_stage_inst/predicted_target_reg/reg_data_reg[19]/D
                                0.67           1.73 r        -1.06  (VIOLATED)
   if_stage_inst/predicted_target_reg/reg_data_reg[20]/D
                                0.67           1.73 r        -1.06  (VIOLATED)
   if_stage_inst/predicted_target_reg/reg_data_reg[27]/D
                                0.67           1.73 r        -1.06  (VIOLATED)
   if_stage_inst/predicted_target_reg/reg_data_reg[28]/D
                                0.67           1.73 r        -1.06  (VIOLATED)
   if_stage_inst/predicted_target_reg/reg_data_reg[30]/D
                                0.67           1.73 r        -1.06  (VIOLATED)
   if_stage_inst/pc_reg_inst/reg_data_reg[2]/D
                                0.67           1.73 r        -1.06  (VIOLATED)
   if_stage_inst/pc_reg_inst/reg_data_reg[24]/D
                                0.67           1.73 r        -1.06  (VIOLATED)
   if_stage_inst/predicted_target_reg/reg_data_reg[2]/D
                                0.67           1.73 r        -1.06  (VIOLATED)
   if_stage_inst/predicted_target_reg/reg_data_reg[24]/D
                                0.67           1.73 r        -1.06  (VIOLATED)
   ex_stage_inst/mult_pp_inst/tree_i/layer_4_r_reg[0][27]/D
                                0.66           1.72 f        -1.06  (VIOLATED)
   if_stage_inst/pc_reg_inst/reg_data_reg[5]/D
                                0.67           1.73 r        -1.06  (VIOLATED)
   if_stage_inst/pc_reg_inst/reg_data_reg[6]/D
                                0.67           1.73 r        -1.06  (VIOLATED)
   if_stage_inst/pc_reg_inst/reg_data_reg[10]/D
                                0.67           1.73 r        -1.06  (VIOLATED)
   if_stage_inst/pc_reg_inst/reg_data_reg[11]/D
                                0.67           1.73 r        -1.06  (VIOLATED)
   if_stage_inst/pc_reg_inst/reg_data_reg[14]/D
                                0.67           1.73 r        -1.06  (VIOLATED)
   if_stage_inst/pc_reg_inst/reg_data_reg[22]/D
                                0.67           1.73 r        -1.06  (VIOLATED)
   if_stage_inst/pc_reg_inst/reg_data_reg[25]/D
                                0.67           1.73 r        -1.06  (VIOLATED)
   if_stage_inst/pc_reg_inst/reg_data_reg[26]/D
                                0.67           1.73 r        -1.06  (VIOLATED)
   if_stage_inst/predicted_target_reg/reg_data_reg[5]/D
                                0.67           1.73 r        -1.06  (VIOLATED)
   if_stage_inst/predicted_target_reg/reg_data_reg[6]/D
                                0.67           1.73 r        -1.06  (VIOLATED)
   if_stage_inst/predicted_target_reg/reg_data_reg[10]/D
                                0.67           1.73 r        -1.06  (VIOLATED)
   if_stage_inst/predicted_target_reg/reg_data_reg[11]/D
                                0.67           1.73 r        -1.06  (VIOLATED)
   if_stage_inst/predicted_target_reg/reg_data_reg[14]/D
                                0.67           1.73 r        -1.06  (VIOLATED)
   if_stage_inst/predicted_target_reg/reg_data_reg[22]/D
                                0.67           1.73 r        -1.06  (VIOLATED)
   if_stage_inst/predicted_target_reg/reg_data_reg[25]/D
                                0.67           1.73 r        -1.06  (VIOLATED)
   if_stage_inst/predicted_target_reg/reg_data_reg[26]/D
                                0.67           1.73 r        -1.06  (VIOLATED)
   if_stage_inst/pc_reg_inst/reg_data_reg[8]/D
                                0.67           1.73 r        -1.06  (VIOLATED)
   if_stage_inst/pc_reg_inst/reg_data_reg[12]/D
                                0.67           1.73 r        -1.06  (VIOLATED)
   if_stage_inst/pc_reg_inst/reg_data_reg[16]/D
                                0.67           1.73 r        -1.06  (VIOLATED)
   if_stage_inst/pc_reg_inst/reg_data_reg[21]/D
                                0.67           1.73 r        -1.06  (VIOLATED)
   if_stage_inst/pc_reg_inst/reg_data_reg[23]/D
                                0.67           1.73 r        -1.06  (VIOLATED)
   if_stage_inst/pc_reg_inst/reg_data_reg[29]/D
                                0.67           1.73 r        -1.06  (VIOLATED)
   if_stage_inst/pc_reg_inst/reg_data_reg[31]/D
                                0.67           1.73 r        -1.06  (VIOLATED)
   if_stage_inst/predicted_target_reg/reg_data_reg[8]/D
                                0.67           1.73 r        -1.06  (VIOLATED)
   if_stage_inst/predicted_target_reg/reg_data_reg[12]/D
                                0.67           1.73 r        -1.06  (VIOLATED)
   if_stage_inst/predicted_target_reg/reg_data_reg[16]/D
                                0.67           1.73 r        -1.06  (VIOLATED)
   if_stage_inst/predicted_target_reg/reg_data_reg[21]/D
                                0.67           1.73 r        -1.06  (VIOLATED)
   if_stage_inst/predicted_target_reg/reg_data_reg[23]/D
                                0.67           1.73 r        -1.06  (VIOLATED)
   if_stage_inst/predicted_target_reg/reg_data_reg[29]/D
                                0.67           1.73 r        -1.06  (VIOLATED)
   if_stage_inst/predicted_target_reg/reg_data_reg[31]/D
                                0.67           1.73 r        -1.06  (VIOLATED)
   if_stage_inst/pc_reg_inst/reg_data_reg[3]/D
                                0.67           1.73 r        -1.06  (VIOLATED)
   if_stage_inst/predicted_target_reg/reg_data_reg[3]/D
                                0.67           1.73 r        -1.06  (VIOLATED)
   ex_stage_inst/mult_pp_inst/tree_i/layer_4_r_reg[0][24]/D
                                0.67           1.73 r        -1.06  (VIOLATED)
   if_stage_inst/pc_reg_inst/reg_data_reg[0]/D
                                0.67           1.73 r        -1.06  (VIOLATED)
   if_stage_inst/predicted_target_reg/reg_data_reg[0]/D
                                0.67           1.73 r        -1.06  (VIOLATED)
   if_stage_inst/btb_inst/btb_reg[0][COUNTER][0]/D
                                0.66           1.71 f        -1.05  (VIOLATED)
   if_stage_inst/btb_inst/btb_reg[1][COUNTER][0]/D
                                0.66           1.71 f        -1.05  (VIOLATED)
   if_stage_inst/btb_inst/btb_reg[13][COUNTER][0]/D
                                0.66           1.71 f        -1.05  (VIOLATED)
   ex_stage_inst/mult_pp_inst/tree_i/layer_4_r_reg[0][28]/D
                                0.67           1.72 r        -1.05  (VIOLATED)
   if_stage_inst/btb_inst/btb_reg[0][COUNTER][1]/D
                                0.66           1.71 r        -1.05  (VIOLATED)
   if_stage_inst/btb_inst/btb_reg[1][COUNTER][1]/D
                                0.66           1.71 r        -1.05  (VIOLATED)
   if_stage_inst/btb_inst/btb_reg[2][COUNTER][1]/D
                                0.66           1.71 r        -1.05  (VIOLATED)
   if_stage_inst/btb_inst/btb_reg[3][COUNTER][1]/D
                                0.66           1.71 r        -1.05  (VIOLATED)
   if_stage_inst/btb_inst/btb_reg[4][COUNTER][1]/D
                                0.66           1.71 r        -1.05  (VIOLATED)
   if_stage_inst/btb_inst/btb_reg[5][COUNTER][1]/D
                                0.66           1.71 r        -1.05  (VIOLATED)
   if_stage_inst/btb_inst/btb_reg[6][COUNTER][1]/D
                                0.66           1.71 r        -1.05  (VIOLATED)
   if_stage_inst/btb_inst/btb_reg[7][COUNTER][1]/D
                                0.66           1.71 r        -1.05  (VIOLATED)
   if_stage_inst/btb_inst/btb_reg[8][COUNTER][1]/D
                                0.66           1.71 r        -1.05  (VIOLATED)
   if_stage_inst/btb_inst/btb_reg[9][COUNTER][1]/D
                                0.66           1.71 r        -1.05  (VIOLATED)
   if_stage_inst/btb_inst/btb_reg[10][COUNTER][1]/D
                                0.66           1.71 r        -1.05  (VIOLATED)
   if_stage_inst/btb_inst/btb_reg[11][COUNTER][1]/D
                                0.66           1.71 r        -1.05  (VIOLATED)
   if_stage_inst/btb_inst/btb_reg[12][COUNTER][1]/D
                                0.66           1.71 r        -1.05  (VIOLATED)
   if_stage_inst/btb_inst/btb_reg[13][COUNTER][1]/D
                                0.66           1.71 r        -1.05  (VIOLATED)
   if_stage_inst/btb_inst/btb_reg[14][COUNTER][1]/D
                                0.66           1.71 r        -1.05  (VIOLATED)
   if_stage_inst/btb_inst/btb_reg[15][COUNTER][1]/D
                                0.66           1.71 r        -1.05  (VIOLATED)
   ex_stage_inst/mult_pp_inst/tree_i/layer_4_r_reg[1][20]/D
                                0.66           1.69 f        -1.03  (VIOLATED)
   ex_stage_inst/mult_pp_inst/tree_i/layer_4_r_reg[0][26]/D
                                0.67           1.70 r        -1.03  (VIOLATED)
   ex_stage_inst/mult_pp_inst/tree_i/layer_4_r_reg[0][31]/D
                                0.67           1.70 r        -1.03  (VIOLATED)
   ex_stage_inst/mult_pp_inst/tree_i/layer_4_r_reg[0][18]/D
                                0.67           1.69 r        -1.02  (VIOLATED)
   ex_stage_inst/mult_pp_inst/tree_i/layer_4_r_reg[0][17]/D
                                0.67           1.69 r        -1.02  (VIOLATED)
   if_stage_inst/btb_inst/btb_reg[2][COUNTER][0]/D
                                0.62           1.64 r        -1.02  (VIOLATED)
   if_stage_inst/btb_inst/btb_reg[3][COUNTER][0]/D
                                0.62           1.64 r        -1.02  (VIOLATED)
   if_stage_inst/btb_inst/btb_reg[4][COUNTER][0]/D
                                0.62           1.64 r        -1.02  (VIOLATED)
   if_stage_inst/btb_inst/btb_reg[5][COUNTER][0]/D
                                0.62           1.64 r        -1.02  (VIOLATED)
   if_stage_inst/btb_inst/btb_reg[6][COUNTER][0]/D
                                0.62           1.64 r        -1.02  (VIOLATED)
   if_stage_inst/btb_inst/btb_reg[7][COUNTER][0]/D
                                0.62           1.64 r        -1.02  (VIOLATED)
   if_stage_inst/btb_inst/btb_reg[8][COUNTER][0]/D
                                0.62           1.64 r        -1.02  (VIOLATED)
   if_stage_inst/btb_inst/btb_reg[9][COUNTER][0]/D
                                0.62           1.64 r        -1.02  (VIOLATED)
   if_stage_inst/btb_inst/btb_reg[10][COUNTER][0]/D
                                0.62           1.64 r        -1.02  (VIOLATED)
   if_stage_inst/btb_inst/btb_reg[11][COUNTER][0]/D
                                0.62           1.64 r        -1.02  (VIOLATED)
   if_stage_inst/btb_inst/btb_reg[12][COUNTER][0]/D
                                0.62           1.64 r        -1.02  (VIOLATED)
   if_stage_inst/btb_inst/btb_reg[14][COUNTER][0]/D
                                0.62           1.64 r        -1.02  (VIOLATED)
   if_stage_inst/btb_inst/btb_reg[15][COUNTER][0]/D
                                0.62           1.64 r        -1.02  (VIOLATED)
   ex_stage_inst/mult_pp_inst/tree_i/layer_4_r_reg[1][19]/D
                                0.67           1.69 r        -1.02  (VIOLATED)
   ex_stage_inst/mult_pp_inst/tree_i/layer_4_r_reg[1][31]/D
                                0.66           1.67 f        -1.01  (VIOLATED)
   ex_stage_inst/mult_pp_inst/tree_i/layer_4_r_reg[0][19]/D
                                0.67           1.68 r        -1.01  (VIOLATED)
   ex_stage_inst/mult_pp_inst/tree_i/layer_4_r_reg[1][23]/D
                                0.66           1.67 r        -1.01  (VIOLATED)
   ex_stage_inst/mult_pp_inst/tree_i/layer_4_r_reg[0][29]/D
                                0.67           1.67 r        -1.00  (VIOLATED)
   ex_stage_inst/mult_pp_inst/tree_i/layer_4_r_reg[1][21]/D
                                0.66           1.66 f        -1.00  (VIOLATED)
   ex_stage_inst/mult_pp_inst/tree_i/layer_4_r_reg[0][25]/D
                                0.67           1.67 r        -1.00  (VIOLATED)
   ex_stage_inst/mult_pp_inst/tree_i/layer_4_r_reg[0][22]/D
                                0.67           1.67 r        -1.00  (VIOLATED)
   if_stage_inst/if_id_valid_reg/reg_data_reg[0]/D
                                0.66           1.66 f        -1.00  (VIOLATED)
   if_stage_inst/pc_reg_inst/clk_gate_reg_data_reg/latch/D
                                0.65           1.65 f        -1.00  (VIOLATED)
   ex_stage_inst/mult_pp_inst/tree_i/layer_4_r_reg[1][18]/D
                                0.67           1.67 r        -1.00  (VIOLATED)
   ex_stage_inst/mult_pp_inst/tree_i/layer_4_r_reg[1][22]/D
                                0.66           1.66 r        -0.99  (VIOLATED)
   ex_stage_inst/mult_pp_inst/tree_i/layer_4_r_reg[0][21]/D
                                0.66           1.65 f        -0.99  (VIOLATED)
   ex_stage_inst/mult_pp_inst/tree_i/layer_4_r_reg[0][20]/D
                                0.67           1.65 r        -0.99  (VIOLATED)
   ex_stage_inst/mult_pp_inst/tree_i/layer_4_r_reg[1][24]/D
                                0.66           1.64 f        -0.98  (VIOLATED)
   ex_stage_inst/mult_pp_inst/tree_i/layer_4_r_reg[1][28]/D
                                0.67           1.65 r        -0.98  (VIOLATED)
   ex_stage_inst/mult_pp_inst/tree_i/layer_4_r_reg[0][23]/D
                                0.66           1.64 f        -0.98  (VIOLATED)
   ex_stage_inst/mult_pp_inst/tree_i/layer_4_r_reg[1][15]/D
                                0.66           1.64 f        -0.98  (VIOLATED)
   ex_stage_inst/mult_pp_inst/tree_i/layer_4_r_reg[0][30]/D
                                0.67           1.65 r        -0.98  (VIOLATED)
   ex_stage_inst/mult_pp_inst/tree_i/layer_4_r_reg[1][25]/D
                                0.66           1.64 f        -0.98  (VIOLATED)
   ex_stage_inst/mult_pp_inst/tree_i/layer_4_r_reg[1][27]/D
                                0.66           1.64 f        -0.98  (VIOLATED)
   ex_stage_inst/mult_pp_inst/tree_i/layer_4_r_reg[1][26]/D
                                0.66           1.64 f        -0.98  (VIOLATED)
   ex_stage_inst/mult_pp_inst/tree_i/layer_4_r_reg[0][13]/D
                                0.67           1.64 r        -0.97  (VIOLATED)
   ex_stage_inst/mult_pp_inst/tree_i/layer_4_r_reg[1][29]/D
                                0.66           1.63 f        -0.97  (VIOLATED)
   ex_stage_inst/mult_pp_inst/tree_i/layer_4_r_reg[0][15]/D
                                0.67           1.63 r        -0.97  (VIOLATED)
   ex_stage_inst/mult_pp_inst/tree_i/layer_4_r_reg[1][14]/D
                                0.66           1.63 r        -0.96  (VIOLATED)
   ex_stage_inst/mult_pp_inst/tree_i/layer_4_r_reg[0][14]/D
                                0.66           1.61 r        -0.94  (VIOLATED)
   ex_stage_inst/mult_pp_inst/tree_i/layer_4_r_reg[2][26]/D
                                0.66           1.60 f        -0.94  (VIOLATED)
   ex_stage_inst/mult_pp_inst/tree_i/layer_4_r_reg[0][16]/D
                                0.67           1.60 r        -0.94  (VIOLATED)
   ex_stage_inst/mult_pp_inst/tree_i/layer_4_r_reg[1][30]/D
                                0.66           1.59 f        -0.93  (VIOLATED)
   ex_stage_inst/mult_pp_inst/tree_i/layer_4_r_reg[0][12]/D
                                0.66           1.59 f        -0.93  (VIOLATED)
   ex_stage_inst/mult_pp_inst/tree_i/layer_4_r_reg[1][17]/D
                                0.67           1.60 r        -0.93  (VIOLATED)
   ex_stage_inst/mult_pp_inst/tree_i/layer_4_r_reg[2][31]/D
                                0.66           1.58 f        -0.92  (VIOLATED)
   if_stage_inst/btb_inst/btb_reg[1][VALID]/D
                                0.67           1.59 r        -0.92  (VIOLATED)
   if_stage_inst/btb_inst/btb_reg[2][VALID]/D
                                0.67           1.59 r        -0.92  (VIOLATED)
   if_stage_inst/btb_inst/btb_reg[3][VALID]/D
                                0.67           1.59 r        -0.92  (VIOLATED)
   if_stage_inst/btb_inst/btb_reg[4][VALID]/D
                                0.67           1.59 r        -0.92  (VIOLATED)
   if_stage_inst/btb_inst/btb_reg[5][VALID]/D
                                0.67           1.59 r        -0.92  (VIOLATED)
   if_stage_inst/btb_inst/btb_reg[6][VALID]/D
                                0.67           1.59 r        -0.92  (VIOLATED)
   if_stage_inst/btb_inst/btb_reg[7][VALID]/D
                                0.67           1.59 r        -0.92  (VIOLATED)
   if_stage_inst/btb_inst/btb_reg[8][VALID]/D
                                0.67           1.59 r        -0.92  (VIOLATED)
   if_stage_inst/btb_inst/btb_reg[9][VALID]/D
                                0.67           1.59 r        -0.92  (VIOLATED)
   if_stage_inst/btb_inst/btb_reg[10][VALID]/D
                                0.67           1.59 r        -0.92  (VIOLATED)
   if_stage_inst/btb_inst/btb_reg[11][VALID]/D
                                0.67           1.59 r        -0.92  (VIOLATED)
   if_stage_inst/btb_inst/btb_reg[12][VALID]/D
                                0.67           1.59 r        -0.92  (VIOLATED)
   if_stage_inst/btb_inst/btb_reg[13][VALID]/D
                                0.67           1.59 r        -0.92  (VIOLATED)
   if_stage_inst/btb_inst/btb_reg[14][VALID]/D
                                0.67           1.59 r        -0.92  (VIOLATED)
   if_stage_inst/btb_inst/btb_reg[15][VALID]/D
                                0.67           1.59 r        -0.92  (VIOLATED)
   ex_stage_inst/mult_pp_inst/tree_i/layer_4_r_reg[1][16]/D
                                0.66           1.58 f        -0.92  (VIOLATED)
   if_stage_inst/btb_inst/btb_reg[0][TARGET][7]/D
                                0.66           1.57 r        -0.92  (VIOLATED)
   if_stage_inst/btb_inst/btb_reg[0][TARGET][8]/D
                                0.66           1.57 r        -0.92  (VIOLATED)
   if_stage_inst/btb_inst/btb_reg[0][TARGET][14]/D
                                0.66           1.57 r        -0.92  (VIOLATED)
   if_stage_inst/btb_inst/btb_reg[0][TARGET][20]/D
                                0.66           1.57 r        -0.92  (VIOLATED)
   if_stage_inst/btb_inst/btb_reg[0][TARGET][21]/D
                                0.66           1.57 r        -0.92  (VIOLATED)
   if_stage_inst/btb_inst/btb_reg[1][TARGET][7]/D
                                0.66           1.57 r        -0.92  (VIOLATED)
   if_stage_inst/btb_inst/btb_reg[1][TARGET][8]/D
                                0.66           1.57 r        -0.92  (VIOLATED)
   if_stage_inst/btb_inst/btb_reg[1][TARGET][14]/D
                                0.66           1.57 r        -0.92  (VIOLATED)
   if_stage_inst/btb_inst/btb_reg[1][TARGET][20]/D
                                0.66           1.57 r        -0.92  (VIOLATED)
   if_stage_inst/btb_inst/btb_reg[1][TARGET][21]/D
                                0.66           1.57 r        -0.92  (VIOLATED)
   if_stage_inst/btb_inst/btb_reg[2][TARGET][7]/D
                                0.66           1.57 r        -0.92  (VIOLATED)
   if_stage_inst/btb_inst/btb_reg[2][TARGET][8]/D
                                0.66           1.57 r        -0.92  (VIOLATED)
   if_stage_inst/btb_inst/btb_reg[2][TARGET][14]/D
                                0.66           1.57 r        -0.92  (VIOLATED)
   if_stage_inst/btb_inst/btb_reg[2][TARGET][20]/D
                                0.66           1.57 r        -0.92  (VIOLATED)
   if_stage_inst/btb_inst/btb_reg[2][TARGET][21]/D
                                0.66           1.57 r        -0.92  (VIOLATED)
   if_stage_inst/btb_inst/btb_reg[3][TARGET][7]/D
                                0.66           1.57 r        -0.92  (VIOLATED)
   if_stage_inst/btb_inst/btb_reg[3][TARGET][8]/D
                                0.66           1.57 r        -0.92  (VIOLATED)
   if_stage_inst/btb_inst/btb_reg[3][TARGET][14]/D
                                0.66           1.57 r        -0.92  (VIOLATED)
   if_stage_inst/btb_inst/btb_reg[3][TARGET][20]/D
                                0.66           1.57 r        -0.92  (VIOLATED)
   if_stage_inst/btb_inst/btb_reg[3][TARGET][21]/D
                                0.66           1.57 r        -0.92  (VIOLATED)
   if_stage_inst/btb_inst/btb_reg[4][TARGET][7]/D
                                0.66           1.57 r        -0.92  (VIOLATED)
   if_stage_inst/btb_inst/btb_reg[4][TARGET][8]/D
                                0.66           1.57 r        -0.92  (VIOLATED)
   if_stage_inst/btb_inst/btb_reg[4][TARGET][14]/D
                                0.66           1.57 r        -0.92  (VIOLATED)
   if_stage_inst/btb_inst/btb_reg[4][TARGET][20]/D
                                0.66           1.57 r        -0.92  (VIOLATED)
   if_stage_inst/btb_inst/btb_reg[4][TARGET][21]/D
                                0.66           1.57 r        -0.92  (VIOLATED)
   if_stage_inst/btb_inst/btb_reg[5][TARGET][7]/D
                                0.66           1.57 r        -0.92  (VIOLATED)
   if_stage_inst/btb_inst/btb_reg[5][TARGET][8]/D
                                0.66           1.57 r        -0.92  (VIOLATED)
   if_stage_inst/btb_inst/btb_reg[5][TARGET][14]/D
                                0.66           1.57 r        -0.92  (VIOLATED)
   if_stage_inst/btb_inst/btb_reg[5][TARGET][20]/D
                                0.66           1.57 r        -0.92  (VIOLATED)
   if_stage_inst/btb_inst/btb_reg[5][TARGET][21]/D
                                0.66           1.57 r        -0.92  (VIOLATED)
   if_stage_inst/btb_inst/btb_reg[6][TARGET][7]/D
                                0.66           1.57 r        -0.92  (VIOLATED)
   if_stage_inst/btb_inst/btb_reg[6][TARGET][8]/D
                                0.66           1.57 r        -0.92  (VIOLATED)
   if_stage_inst/btb_inst/btb_reg[6][TARGET][14]/D
                                0.66           1.57 r        -0.92  (VIOLATED)
   if_stage_inst/btb_inst/btb_reg[6][TARGET][20]/D
                                0.66           1.57 r        -0.92  (VIOLATED)
   if_stage_inst/btb_inst/btb_reg[6][TARGET][21]/D
                                0.66           1.57 r        -0.92  (VIOLATED)
   if_stage_inst/btb_inst/btb_reg[7][TARGET][7]/D
                                0.66           1.57 r        -0.92  (VIOLATED)
   if_stage_inst/btb_inst/btb_reg[7][TARGET][8]/D
                                0.66           1.57 r        -0.92  (VIOLATED)
   if_stage_inst/btb_inst/btb_reg[7][TARGET][14]/D
                                0.66           1.57 r        -0.92  (VIOLATED)
   if_stage_inst/btb_inst/btb_reg[7][TARGET][20]/D
                                0.66           1.57 r        -0.92  (VIOLATED)
   if_stage_inst/btb_inst/btb_reg[7][TARGET][21]/D
                                0.66           1.57 r        -0.92  (VIOLATED)
   if_stage_inst/btb_inst/btb_reg[8][TARGET][7]/D
                                0.66           1.57 r        -0.92  (VIOLATED)
   if_stage_inst/btb_inst/btb_reg[8][TARGET][8]/D
                                0.66           1.57 r        -0.92  (VIOLATED)
   if_stage_inst/btb_inst/btb_reg[8][TARGET][14]/D
                                0.66           1.57 r        -0.92  (VIOLATED)
   if_stage_inst/btb_inst/btb_reg[8][TARGET][20]/D
                                0.66           1.57 r        -0.92  (VIOLATED)
   if_stage_inst/btb_inst/btb_reg[8][TARGET][21]/D
                                0.66           1.57 r        -0.92  (VIOLATED)
   if_stage_inst/btb_inst/btb_reg[9][TARGET][7]/D
                                0.66           1.57 r        -0.92  (VIOLATED)
   if_stage_inst/btb_inst/btb_reg[9][TARGET][8]/D
                                0.66           1.57 r        -0.92  (VIOLATED)
   if_stage_inst/btb_inst/btb_reg[9][TARGET][14]/D
                                0.66           1.57 r        -0.92  (VIOLATED)
   if_stage_inst/btb_inst/btb_reg[9][TARGET][20]/D
                                0.66           1.57 r        -0.92  (VIOLATED)
   if_stage_inst/btb_inst/btb_reg[9][TARGET][21]/D
                                0.66           1.57 r        -0.92  (VIOLATED)
   if_stage_inst/btb_inst/btb_reg[10][TARGET][7]/D
                                0.66           1.57 r        -0.92  (VIOLATED)
   if_stage_inst/btb_inst/btb_reg[10][TARGET][8]/D
                                0.66           1.57 r        -0.92  (VIOLATED)
   if_stage_inst/btb_inst/btb_reg[10][TARGET][14]/D
                                0.66           1.57 r        -0.92  (VIOLATED)
   if_stage_inst/btb_inst/btb_reg[10][TARGET][20]/D
                                0.66           1.57 r        -0.92  (VIOLATED)
   if_stage_inst/btb_inst/btb_reg[10][TARGET][21]/D
                                0.66           1.57 r        -0.92  (VIOLATED)
   if_stage_inst/btb_inst/btb_reg[11][TARGET][7]/D
                                0.66           1.57 r        -0.92  (VIOLATED)
   if_stage_inst/btb_inst/btb_reg[11][TARGET][8]/D
                                0.66           1.57 r        -0.92  (VIOLATED)
   if_stage_inst/btb_inst/btb_reg[11][TARGET][14]/D
                                0.66           1.57 r        -0.92  (VIOLATED)
   if_stage_inst/btb_inst/btb_reg[11][TARGET][20]/D
                                0.66           1.57 r        -0.92  (VIOLATED)
   if_stage_inst/btb_inst/btb_reg[11][TARGET][21]/D
                                0.66           1.57 r        -0.92  (VIOLATED)
   if_stage_inst/btb_inst/btb_reg[12][TARGET][7]/D
                                0.66           1.57 r        -0.92  (VIOLATED)
   if_stage_inst/btb_inst/btb_reg[12][TARGET][8]/D
                                0.66           1.57 r        -0.92  (VIOLATED)
   if_stage_inst/btb_inst/btb_reg[12][TARGET][14]/D
                                0.66           1.57 r        -0.92  (VIOLATED)
   if_stage_inst/btb_inst/btb_reg[12][TARGET][20]/D
                                0.66           1.57 r        -0.92  (VIOLATED)
   if_stage_inst/btb_inst/btb_reg[12][TARGET][21]/D
                                0.66           1.57 r        -0.92  (VIOLATED)
   if_stage_inst/btb_inst/btb_reg[13][TARGET][7]/D
                                0.66           1.57 r        -0.92  (VIOLATED)
   if_stage_inst/btb_inst/btb_reg[13][TARGET][8]/D
                                0.66           1.57 r        -0.92  (VIOLATED)
   if_stage_inst/btb_inst/btb_reg[13][TARGET][14]/D
                                0.66           1.57 r        -0.92  (VIOLATED)
   if_stage_inst/btb_inst/btb_reg[13][TARGET][20]/D
                                0.66           1.57 r        -0.92  (VIOLATED)
   if_stage_inst/btb_inst/btb_reg[13][TARGET][21]/D
                                0.66           1.57 r        -0.92  (VIOLATED)
   if_stage_inst/btb_inst/btb_reg[14][TARGET][7]/D
                                0.66           1.57 r        -0.92  (VIOLATED)
   if_stage_inst/btb_inst/btb_reg[14][TARGET][8]/D
                                0.66           1.57 r        -0.92  (VIOLATED)
   if_stage_inst/btb_inst/btb_reg[14][TARGET][14]/D
                                0.66           1.57 r        -0.92  (VIOLATED)
   if_stage_inst/btb_inst/btb_reg[14][TARGET][20]/D
                                0.66           1.57 r        -0.92  (VIOLATED)
   if_stage_inst/btb_inst/btb_reg[14][TARGET][21]/D
                                0.66           1.57 r        -0.92  (VIOLATED)
   if_stage_inst/btb_inst/btb_reg[15][TARGET][7]/D
                                0.66           1.57 r        -0.92  (VIOLATED)
   if_stage_inst/btb_inst/btb_reg[15][TARGET][8]/D
                                0.66           1.57 r        -0.92  (VIOLATED)
   if_stage_inst/btb_inst/btb_reg[15][TARGET][14]/D
                                0.66           1.57 r        -0.92  (VIOLATED)
   if_stage_inst/btb_inst/btb_reg[15][TARGET][20]/D
                                0.66           1.57 r        -0.92  (VIOLATED)
   if_stage_inst/btb_inst/btb_reg[15][TARGET][21]/D
                                0.66           1.57 r        -0.92  (VIOLATED)
   if_stage_inst/btb_inst/btb_reg[0][TARGET][19]/D
                                0.66           1.55 r        -0.89  (VIOLATED)
   if_stage_inst/btb_inst/btb_reg[1][TARGET][19]/D
                                0.66           1.55 r        -0.89  (VIOLATED)
   if_stage_inst/btb_inst/btb_reg[2][TARGET][19]/D
                                0.66           1.55 r        -0.89  (VIOLATED)
   if_stage_inst/btb_inst/btb_reg[3][TARGET][19]/D
                                0.66           1.55 r        -0.89  (VIOLATED)
   if_stage_inst/btb_inst/btb_reg[4][TARGET][19]/D
                                0.66           1.55 r        -0.89  (VIOLATED)
   if_stage_inst/btb_inst/btb_reg[5][TARGET][19]/D
                                0.66           1.55 r        -0.89  (VIOLATED)
   if_stage_inst/btb_inst/btb_reg[6][TARGET][19]/D
                                0.66           1.55 r        -0.89  (VIOLATED)
   if_stage_inst/btb_inst/btb_reg[7][TARGET][19]/D
                                0.66           1.55 r        -0.89  (VIOLATED)
   if_stage_inst/btb_inst/btb_reg[8][TARGET][19]/D
                                0.66           1.55 r        -0.89  (VIOLATED)
   if_stage_inst/btb_inst/btb_reg[9][TARGET][19]/D
                                0.66           1.55 r        -0.89  (VIOLATED)
   if_stage_inst/btb_inst/btb_reg[10][TARGET][19]/D
                                0.66           1.55 r        -0.89  (VIOLATED)
   if_stage_inst/btb_inst/btb_reg[11][TARGET][19]/D
                                0.66           1.55 r        -0.89  (VIOLATED)
   if_stage_inst/btb_inst/btb_reg[12][TARGET][19]/D
                                0.66           1.55 r        -0.89  (VIOLATED)
   if_stage_inst/btb_inst/btb_reg[13][TARGET][19]/D
                                0.66           1.55 r        -0.89  (VIOLATED)
   if_stage_inst/btb_inst/btb_reg[14][TARGET][19]/D
                                0.66           1.55 r        -0.89  (VIOLATED)
   if_stage_inst/btb_inst/btb_reg[15][TARGET][19]/D
                                0.66           1.55 r        -0.89  (VIOLATED)
   ex_stage_inst/mult_pp_inst/tree_i/layer_4_r_reg[2][28]/D
                                0.66           1.55 f        -0.89  (VIOLATED)
   ex_stage_inst/mult_pp_inst/tree_i/layer_4_r_reg[3][27]/D
                                0.66           1.55 f        -0.89  (VIOLATED)
   ex_stage_inst/mult_pp_inst/tree_i/layer_4_r_reg[2][29]/D
                                0.66           1.54 f        -0.88  (VIOLATED)
   ex_stage_inst/mult_pp_inst/tree_i/layer_4_r_reg[3][30]/D
                                0.66           1.54 f        -0.88  (VIOLATED)
   ex_stage_inst/mult_pp_inst/tree_i/layer_4_r_reg[1][13]/D
                                0.66           1.54 f        -0.88  (VIOLATED)
   ex_stage_inst/mult_pp_inst/tree_i/layer_4_r_reg[0][11]/D
                                0.67           1.54 r        -0.88  (VIOLATED)
   if_stage_inst/btb_inst/btb_reg[2][TARGET][2]/D
                                0.65           1.52 f        -0.88  (VIOLATED)
   if_stage_inst/btb_inst/btb_reg[0][TARGET][2]/D
                                0.66           1.53 r        -0.87  (VIOLATED)
   if_stage_inst/btb_inst/btb_reg[1][TARGET][2]/D
                                0.66           1.53 r        -0.87  (VIOLATED)
   if_stage_inst/btb_inst/btb_reg[3][TARGET][2]/D
                                0.66           1.53 r        -0.87  (VIOLATED)
   if_stage_inst/btb_inst/btb_reg[4][TARGET][2]/D
                                0.66           1.53 r        -0.87  (VIOLATED)
   if_stage_inst/btb_inst/btb_reg[5][TARGET][2]/D
                                0.66           1.53 r        -0.87  (VIOLATED)
   if_stage_inst/btb_inst/btb_reg[6][TARGET][2]/D
                                0.66           1.53 r        -0.87  (VIOLATED)
   if_stage_inst/btb_inst/btb_reg[7][TARGET][2]/D
                                0.66           1.53 r        -0.87  (VIOLATED)
   if_stage_inst/btb_inst/btb_reg[8][TARGET][2]/D
                                0.66           1.53 r        -0.87  (VIOLATED)
   if_stage_inst/btb_inst/btb_reg[9][TARGET][2]/D
                                0.66           1.53 r        -0.87  (VIOLATED)
   if_stage_inst/btb_inst/btb_reg[10][TARGET][2]/D
                                0.66           1.53 r        -0.87  (VIOLATED)
   if_stage_inst/btb_inst/btb_reg[11][TARGET][2]/D
                                0.66           1.53 r        -0.87  (VIOLATED)
   if_stage_inst/btb_inst/btb_reg[12][TARGET][2]/D
                                0.66           1.53 r        -0.87  (VIOLATED)
   if_stage_inst/btb_inst/btb_reg[13][TARGET][2]/D
                                0.66           1.53 r        -0.87  (VIOLATED)
   if_stage_inst/btb_inst/btb_reg[14][TARGET][2]/D
                                0.66           1.53 r        -0.87  (VIOLATED)
   if_stage_inst/btb_inst/btb_reg[15][TARGET][2]/D
                                0.66           1.53 r        -0.87  (VIOLATED)
   if_stage_inst/btb_inst/btb_reg[0][TARGET][4]/D
                                0.66           1.53 r        -0.87  (VIOLATED)
   if_stage_inst/btb_inst/btb_reg[0][TARGET][5]/D
                                0.66           1.53 r        -0.87  (VIOLATED)
   if_stage_inst/btb_inst/btb_reg[0][TARGET][15]/D
                                0.66           1.53 r        -0.87  (VIOLATED)
   if_stage_inst/btb_inst/btb_reg[0][TARGET][16]/D
                                0.66           1.53 r        -0.87  (VIOLATED)
   if_stage_inst/btb_inst/btb_reg[0][TARGET][17]/D
                                0.66           1.53 r        -0.87  (VIOLATED)
   if_stage_inst/btb_inst/btb_reg[0][TARGET][18]/D
                                0.66           1.53 r        -0.87  (VIOLATED)
   if_stage_inst/btb_inst/btb_reg[0][TARGET][22]/D
                                0.66           1.53 r        -0.87  (VIOLATED)
   if_stage_inst/btb_inst/btb_reg[0][TARGET][23]/D
                                0.66           1.53 r        -0.87  (VIOLATED)
   if_stage_inst/btb_inst/btb_reg[0][TARGET][24]/D
                                0.66           1.53 r        -0.87  (VIOLATED)
   if_stage_inst/btb_inst/btb_reg[0][TARGET][25]/D
                                0.66           1.53 r        -0.87  (VIOLATED)
   if_stage_inst/btb_inst/btb_reg[0][TARGET][26]/D
                                0.66           1.53 r        -0.87  (VIOLATED)
   if_stage_inst/btb_inst/btb_reg[0][TARGET][29]/D
                                0.66           1.53 r        -0.87  (VIOLATED)
   if_stage_inst/btb_inst/btb_reg[0][TARGET][30]/D
                                0.66           1.53 r        -0.87  (VIOLATED)
   if_stage_inst/btb_inst/btb_reg[1][TARGET][4]/D
                                0.66           1.53 r        -0.87  (VIOLATED)
   if_stage_inst/btb_inst/btb_reg[1][TARGET][5]/D
                                0.66           1.53 r        -0.87  (VIOLATED)
   if_stage_inst/btb_inst/btb_reg[1][TARGET][15]/D
                                0.66           1.53 r        -0.87  (VIOLATED)
   if_stage_inst/btb_inst/btb_reg[1][TARGET][16]/D
                                0.66           1.53 r        -0.87  (VIOLATED)
   if_stage_inst/btb_inst/btb_reg[1][TARGET][17]/D
                                0.66           1.53 r        -0.87  (VIOLATED)
   if_stage_inst/btb_inst/btb_reg[1][TARGET][18]/D
                                0.66           1.53 r        -0.87  (VIOLATED)
   if_stage_inst/btb_inst/btb_reg[1][TARGET][22]/D
                                0.66           1.53 r        -0.87  (VIOLATED)
   if_stage_inst/btb_inst/btb_reg[1][TARGET][23]/D
                                0.66           1.53 r        -0.87  (VIOLATED)
   if_stage_inst/btb_inst/btb_reg[1][TARGET][24]/D
                                0.66           1.53 r        -0.87  (VIOLATED)
   if_stage_inst/btb_inst/btb_reg[1][TARGET][25]/D
                                0.66           1.53 r        -0.87  (VIOLATED)
   if_stage_inst/btb_inst/btb_reg[1][TARGET][26]/D
                                0.66           1.53 r        -0.87  (VIOLATED)
   if_stage_inst/btb_inst/btb_reg[1][TARGET][29]/D
                                0.66           1.53 r        -0.87  (VIOLATED)
   if_stage_inst/btb_inst/btb_reg[1][TARGET][30]/D
                                0.66           1.53 r        -0.87  (VIOLATED)
   if_stage_inst/btb_inst/btb_reg[2][TARGET][4]/D
                                0.66           1.53 r        -0.87  (VIOLATED)
   if_stage_inst/btb_inst/btb_reg[2][TARGET][5]/D
                                0.66           1.53 r        -0.87  (VIOLATED)
   if_stage_inst/btb_inst/btb_reg[2][TARGET][15]/D
                                0.66           1.53 r        -0.87  (VIOLATED)
   if_stage_inst/btb_inst/btb_reg[2][TARGET][16]/D
                                0.66           1.53 r        -0.87  (VIOLATED)
   if_stage_inst/btb_inst/btb_reg[2][TARGET][17]/D
                                0.66           1.53 r        -0.87  (VIOLATED)
   if_stage_inst/btb_inst/btb_reg[2][TARGET][18]/D
                                0.66           1.53 r        -0.87  (VIOLATED)
   if_stage_inst/btb_inst/btb_reg[2][TARGET][22]/D
                                0.66           1.53 r        -0.87  (VIOLATED)
   if_stage_inst/btb_inst/btb_reg[2][TARGET][23]/D
                                0.66           1.53 r        -0.87  (VIOLATED)
   if_stage_inst/btb_inst/btb_reg[2][TARGET][24]/D
                                0.66           1.53 r        -0.87  (VIOLATED)
   if_stage_inst/btb_inst/btb_reg[2][TARGET][25]/D
                                0.66           1.53 r        -0.87  (VIOLATED)
   if_stage_inst/btb_inst/btb_reg[2][TARGET][26]/D
                                0.66           1.53 r        -0.87  (VIOLATED)
   if_stage_inst/btb_inst/btb_reg[2][TARGET][29]/D
                                0.66           1.53 r        -0.87  (VIOLATED)
   if_stage_inst/btb_inst/btb_reg[2][TARGET][30]/D
                                0.66           1.53 r        -0.87  (VIOLATED)
   if_stage_inst/btb_inst/btb_reg[3][TARGET][4]/D
                                0.66           1.53 r        -0.87  (VIOLATED)
   if_stage_inst/btb_inst/btb_reg[3][TARGET][5]/D
                                0.66           1.53 r        -0.87  (VIOLATED)
   if_stage_inst/btb_inst/btb_reg[3][TARGET][15]/D
                                0.66           1.53 r        -0.87  (VIOLATED)
   if_stage_inst/btb_inst/btb_reg[3][TARGET][16]/D
                                0.66           1.53 r        -0.87  (VIOLATED)
   if_stage_inst/btb_inst/btb_reg[3][TARGET][17]/D
                                0.66           1.53 r        -0.87  (VIOLATED)
   if_stage_inst/btb_inst/btb_reg[3][TARGET][18]/D
                                0.66           1.53 r        -0.87  (VIOLATED)
   if_stage_inst/btb_inst/btb_reg[3][TARGET][22]/D
                                0.66           1.53 r        -0.87  (VIOLATED)
   if_stage_inst/btb_inst/btb_reg[3][TARGET][23]/D
                                0.66           1.53 r        -0.87  (VIOLATED)
   if_stage_inst/btb_inst/btb_reg[3][TARGET][24]/D
                                0.66           1.53 r        -0.87  (VIOLATED)
   if_stage_inst/btb_inst/btb_reg[3][TARGET][25]/D
                                0.66           1.53 r        -0.87  (VIOLATED)
   if_stage_inst/btb_inst/btb_reg[3][TARGET][26]/D
                                0.66           1.53 r        -0.87  (VIOLATED)
   if_stage_inst/btb_inst/btb_reg[3][TARGET][29]/D
                                0.66           1.53 r        -0.87  (VIOLATED)
   if_stage_inst/btb_inst/btb_reg[3][TARGET][30]/D
                                0.66           1.53 r        -0.87  (VIOLATED)
   if_stage_inst/btb_inst/btb_reg[4][TARGET][4]/D
                                0.66           1.53 r        -0.87  (VIOLATED)
   if_stage_inst/btb_inst/btb_reg[4][TARGET][5]/D
                                0.66           1.53 r        -0.87  (VIOLATED)
   if_stage_inst/btb_inst/btb_reg[4][TARGET][15]/D
                                0.66           1.53 r        -0.87  (VIOLATED)
   if_stage_inst/btb_inst/btb_reg[4][TARGET][16]/D
                                0.66           1.53 r        -0.87  (VIOLATED)
   if_stage_inst/btb_inst/btb_reg[4][TARGET][17]/D
                                0.66           1.53 r        -0.87  (VIOLATED)
   if_stage_inst/btb_inst/btb_reg[4][TARGET][18]/D
                                0.66           1.53 r        -0.87  (VIOLATED)
   if_stage_inst/btb_inst/btb_reg[4][TARGET][22]/D
                                0.66           1.53 r        -0.87  (VIOLATED)
   if_stage_inst/btb_inst/btb_reg[4][TARGET][23]/D
                                0.66           1.53 r        -0.87  (VIOLATED)
   if_stage_inst/btb_inst/btb_reg[4][TARGET][24]/D
                                0.66           1.53 r        -0.87  (VIOLATED)
   if_stage_inst/btb_inst/btb_reg[4][TARGET][25]/D
                                0.66           1.53 r        -0.87  (VIOLATED)
   if_stage_inst/btb_inst/btb_reg[4][TARGET][26]/D
                                0.66           1.53 r        -0.87  (VIOLATED)
   if_stage_inst/btb_inst/btb_reg[4][TARGET][29]/D
                                0.66           1.53 r        -0.87  (VIOLATED)
   if_stage_inst/btb_inst/btb_reg[4][TARGET][30]/D
                                0.66           1.53 r        -0.87  (VIOLATED)
   if_stage_inst/btb_inst/btb_reg[5][TARGET][4]/D
                                0.66           1.53 r        -0.87  (VIOLATED)
   if_stage_inst/btb_inst/btb_reg[5][TARGET][5]/D
                                0.66           1.53 r        -0.87  (VIOLATED)
   if_stage_inst/btb_inst/btb_reg[5][TARGET][15]/D
                                0.66           1.53 r        -0.87  (VIOLATED)
   if_stage_inst/btb_inst/btb_reg[5][TARGET][16]/D
                                0.66           1.53 r        -0.87  (VIOLATED)
   if_stage_inst/btb_inst/btb_reg[5][TARGET][17]/D
                                0.66           1.53 r        -0.87  (VIOLATED)
   if_stage_inst/btb_inst/btb_reg[5][TARGET][18]/D
                                0.66           1.53 r        -0.87  (VIOLATED)
   if_stage_inst/btb_inst/btb_reg[5][TARGET][22]/D
                                0.66           1.53 r        -0.87  (VIOLATED)
   if_stage_inst/btb_inst/btb_reg[5][TARGET][23]/D
                                0.66           1.53 r        -0.87  (VIOLATED)
   if_stage_inst/btb_inst/btb_reg[5][TARGET][24]/D
                                0.66           1.53 r        -0.87  (VIOLATED)
   if_stage_inst/btb_inst/btb_reg[5][TARGET][25]/D
                                0.66           1.53 r        -0.87  (VIOLATED)
   if_stage_inst/btb_inst/btb_reg[5][TARGET][26]/D
                                0.66           1.53 r        -0.87  (VIOLATED)
   if_stage_inst/btb_inst/btb_reg[5][TARGET][29]/D
                                0.66           1.53 r        -0.87  (VIOLATED)
   if_stage_inst/btb_inst/btb_reg[5][TARGET][30]/D
                                0.66           1.53 r        -0.87  (VIOLATED)
   if_stage_inst/btb_inst/btb_reg[6][TARGET][4]/D
                                0.66           1.53 r        -0.87  (VIOLATED)
   if_stage_inst/btb_inst/btb_reg[6][TARGET][5]/D
                                0.66           1.53 r        -0.87  (VIOLATED)
   if_stage_inst/btb_inst/btb_reg[6][TARGET][15]/D
                                0.66           1.53 r        -0.87  (VIOLATED)
   if_stage_inst/btb_inst/btb_reg[6][TARGET][16]/D
                                0.66           1.53 r        -0.87  (VIOLATED)
   if_stage_inst/btb_inst/btb_reg[6][TARGET][17]/D
                                0.66           1.53 r        -0.87  (VIOLATED)
   if_stage_inst/btb_inst/btb_reg[6][TARGET][18]/D
                                0.66           1.53 r        -0.87  (VIOLATED)
   if_stage_inst/btb_inst/btb_reg[6][TARGET][22]/D
                                0.66           1.53 r        -0.87  (VIOLATED)
   if_stage_inst/btb_inst/btb_reg[6][TARGET][23]/D
                                0.66           1.53 r        -0.87  (VIOLATED)
   if_stage_inst/btb_inst/btb_reg[6][TARGET][24]/D
                                0.66           1.53 r        -0.87  (VIOLATED)
   if_stage_inst/btb_inst/btb_reg[6][TARGET][25]/D
                                0.66           1.53 r        -0.87  (VIOLATED)
   if_stage_inst/btb_inst/btb_reg[6][TARGET][26]/D
                                0.66           1.53 r        -0.87  (VIOLATED)
   if_stage_inst/btb_inst/btb_reg[6][TARGET][29]/D
                                0.66           1.53 r        -0.87  (VIOLATED)
   if_stage_inst/btb_inst/btb_reg[6][TARGET][30]/D
                                0.66           1.53 r        -0.87  (VIOLATED)
   if_stage_inst/btb_inst/btb_reg[7][TARGET][4]/D
                                0.66           1.53 r        -0.87  (VIOLATED)
   if_stage_inst/btb_inst/btb_reg[7][TARGET][5]/D
                                0.66           1.53 r        -0.87  (VIOLATED)
   if_stage_inst/btb_inst/btb_reg[7][TARGET][15]/D
                                0.66           1.53 r        -0.87  (VIOLATED)
   if_stage_inst/btb_inst/btb_reg[7][TARGET][16]/D
                                0.66           1.53 r        -0.87  (VIOLATED)
   if_stage_inst/btb_inst/btb_reg[7][TARGET][17]/D
                                0.66           1.53 r        -0.87  (VIOLATED)
   if_stage_inst/btb_inst/btb_reg[7][TARGET][18]/D
                                0.66           1.53 r        -0.87  (VIOLATED)
   if_stage_inst/btb_inst/btb_reg[7][TARGET][22]/D
                                0.66           1.53 r        -0.87  (VIOLATED)
   if_stage_inst/btb_inst/btb_reg[7][TARGET][23]/D
                                0.66           1.53 r        -0.87  (VIOLATED)
   if_stage_inst/btb_inst/btb_reg[7][TARGET][24]/D
                                0.66           1.53 r        -0.87  (VIOLATED)
   if_stage_inst/btb_inst/btb_reg[7][TARGET][25]/D
                                0.66           1.53 r        -0.87  (VIOLATED)
   if_stage_inst/btb_inst/btb_reg[7][TARGET][26]/D
                                0.66           1.53 r        -0.87  (VIOLATED)
   if_stage_inst/btb_inst/btb_reg[7][TARGET][29]/D
                                0.66           1.53 r        -0.87  (VIOLATED)
   if_stage_inst/btb_inst/btb_reg[7][TARGET][30]/D
                                0.66           1.53 r        -0.87  (VIOLATED)
   if_stage_inst/btb_inst/btb_reg[8][TARGET][4]/D
                                0.66           1.53 r        -0.87  (VIOLATED)
   if_stage_inst/btb_inst/btb_reg[8][TARGET][5]/D
                                0.66           1.53 r        -0.87  (VIOLATED)
   if_stage_inst/btb_inst/btb_reg[8][TARGET][15]/D
                                0.66           1.53 r        -0.87  (VIOLATED)
   if_stage_inst/btb_inst/btb_reg[8][TARGET][16]/D
                                0.66           1.53 r        -0.87  (VIOLATED)
   if_stage_inst/btb_inst/btb_reg[8][TARGET][17]/D
                                0.66           1.53 r        -0.87  (VIOLATED)
   if_stage_inst/btb_inst/btb_reg[8][TARGET][18]/D
                                0.66           1.53 r        -0.87  (VIOLATED)
   if_stage_inst/btb_inst/btb_reg[8][TARGET][22]/D
                                0.66           1.53 r        -0.87  (VIOLATED)
   if_stage_inst/btb_inst/btb_reg[8][TARGET][23]/D
                                0.66           1.53 r        -0.87  (VIOLATED)
   if_stage_inst/btb_inst/btb_reg[8][TARGET][24]/D
                                0.66           1.53 r        -0.87  (VIOLATED)
   if_stage_inst/btb_inst/btb_reg[8][TARGET][25]/D
                                0.66           1.53 r        -0.87  (VIOLATED)
   if_stage_inst/btb_inst/btb_reg[8][TARGET][26]/D
                                0.66           1.53 r        -0.87  (VIOLATED)
   if_stage_inst/btb_inst/btb_reg[8][TARGET][29]/D
                                0.66           1.53 r        -0.87  (VIOLATED)
   if_stage_inst/btb_inst/btb_reg[8][TARGET][30]/D
                                0.66           1.53 r        -0.87  (VIOLATED)
   if_stage_inst/btb_inst/btb_reg[9][TARGET][4]/D
                                0.66           1.53 r        -0.87  (VIOLATED)
   if_stage_inst/btb_inst/btb_reg[9][TARGET][5]/D
                                0.66           1.53 r        -0.87  (VIOLATED)
   if_stage_inst/btb_inst/btb_reg[9][TARGET][15]/D
                                0.66           1.53 r        -0.87  (VIOLATED)
   if_stage_inst/btb_inst/btb_reg[9][TARGET][16]/D
                                0.66           1.53 r        -0.87  (VIOLATED)
   if_stage_inst/btb_inst/btb_reg[9][TARGET][17]/D
                                0.66           1.53 r        -0.87  (VIOLATED)
   if_stage_inst/btb_inst/btb_reg[9][TARGET][18]/D
                                0.66           1.53 r        -0.87  (VIOLATED)
   if_stage_inst/btb_inst/btb_reg[9][TARGET][22]/D
                                0.66           1.53 r        -0.87  (VIOLATED)
   if_stage_inst/btb_inst/btb_reg[9][TARGET][23]/D
                                0.66           1.53 r        -0.87  (VIOLATED)
   if_stage_inst/btb_inst/btb_reg[9][TARGET][24]/D
                                0.66           1.53 r        -0.87  (VIOLATED)
   if_stage_inst/btb_inst/btb_reg[9][TARGET][25]/D
                                0.66           1.53 r        -0.87  (VIOLATED)
   if_stage_inst/btb_inst/btb_reg[9][TARGET][26]/D
                                0.66           1.53 r        -0.87  (VIOLATED)
   if_stage_inst/btb_inst/btb_reg[9][TARGET][29]/D
                                0.66           1.53 r        -0.87  (VIOLATED)
   if_stage_inst/btb_inst/btb_reg[9][TARGET][30]/D
                                0.66           1.53 r        -0.87  (VIOLATED)
   if_stage_inst/btb_inst/btb_reg[10][TARGET][4]/D
                                0.66           1.53 r        -0.87  (VIOLATED)
   if_stage_inst/btb_inst/btb_reg[10][TARGET][5]/D
                                0.66           1.53 r        -0.87  (VIOLATED)
   if_stage_inst/btb_inst/btb_reg[10][TARGET][15]/D
                                0.66           1.53 r        -0.87  (VIOLATED)
   if_stage_inst/btb_inst/btb_reg[10][TARGET][16]/D
                                0.66           1.53 r        -0.87  (VIOLATED)
   if_stage_inst/btb_inst/btb_reg[10][TARGET][17]/D
                                0.66           1.53 r        -0.87  (VIOLATED)
   if_stage_inst/btb_inst/btb_reg[10][TARGET][18]/D
                                0.66           1.53 r        -0.87  (VIOLATED)
   if_stage_inst/btb_inst/btb_reg[10][TARGET][22]/D
                                0.66           1.53 r        -0.87  (VIOLATED)
   if_stage_inst/btb_inst/btb_reg[10][TARGET][23]/D
                                0.66           1.53 r        -0.87  (VIOLATED)
   if_stage_inst/btb_inst/btb_reg[10][TARGET][24]/D
                                0.66           1.53 r        -0.87  (VIOLATED)
   if_stage_inst/btb_inst/btb_reg[10][TARGET][25]/D
                                0.66           1.53 r        -0.87  (VIOLATED)
   if_stage_inst/btb_inst/btb_reg[10][TARGET][26]/D
                                0.66           1.53 r        -0.87  (VIOLATED)
   if_stage_inst/btb_inst/btb_reg[10][TARGET][29]/D
                                0.66           1.53 r        -0.87  (VIOLATED)
   if_stage_inst/btb_inst/btb_reg[10][TARGET][30]/D
                                0.66           1.53 r        -0.87  (VIOLATED)
   if_stage_inst/btb_inst/btb_reg[11][TARGET][4]/D
                                0.66           1.53 r        -0.87  (VIOLATED)
   if_stage_inst/btb_inst/btb_reg[11][TARGET][5]/D
                                0.66           1.53 r        -0.87  (VIOLATED)
   if_stage_inst/btb_inst/btb_reg[11][TARGET][15]/D
                                0.66           1.53 r        -0.87  (VIOLATED)
   if_stage_inst/btb_inst/btb_reg[11][TARGET][16]/D
                                0.66           1.53 r        -0.87  (VIOLATED)
   if_stage_inst/btb_inst/btb_reg[11][TARGET][17]/D
                                0.66           1.53 r        -0.87  (VIOLATED)
   if_stage_inst/btb_inst/btb_reg[11][TARGET][18]/D
                                0.66           1.53 r        -0.87  (VIOLATED)
   if_stage_inst/btb_inst/btb_reg[11][TARGET][22]/D
                                0.66           1.53 r        -0.87  (VIOLATED)
   if_stage_inst/btb_inst/btb_reg[11][TARGET][23]/D
                                0.66           1.53 r        -0.87  (VIOLATED)
   if_stage_inst/btb_inst/btb_reg[11][TARGET][24]/D
                                0.66           1.53 r        -0.87  (VIOLATED)
   if_stage_inst/btb_inst/btb_reg[11][TARGET][25]/D
                                0.66           1.53 r        -0.87  (VIOLATED)
   if_stage_inst/btb_inst/btb_reg[11][TARGET][26]/D
                                0.66           1.53 r        -0.87  (VIOLATED)
   if_stage_inst/btb_inst/btb_reg[11][TARGET][29]/D
                                0.66           1.53 r        -0.87  (VIOLATED)
   if_stage_inst/btb_inst/btb_reg[11][TARGET][30]/D
                                0.66           1.53 r        -0.87  (VIOLATED)
   if_stage_inst/btb_inst/btb_reg[12][TARGET][4]/D
                                0.66           1.53 r        -0.87  (VIOLATED)
   if_stage_inst/btb_inst/btb_reg[12][TARGET][5]/D
                                0.66           1.53 r        -0.87  (VIOLATED)
   if_stage_inst/btb_inst/btb_reg[12][TARGET][15]/D
                                0.66           1.53 r        -0.87  (VIOLATED)
   if_stage_inst/btb_inst/btb_reg[12][TARGET][16]/D
                                0.66           1.53 r        -0.87  (VIOLATED)
   if_stage_inst/btb_inst/btb_reg[12][TARGET][17]/D
                                0.66           1.53 r        -0.87  (VIOLATED)
   if_stage_inst/btb_inst/btb_reg[12][TARGET][18]/D
                                0.66           1.53 r        -0.87  (VIOLATED)
   if_stage_inst/btb_inst/btb_reg[12][TARGET][22]/D
                                0.66           1.53 r        -0.87  (VIOLATED)
   if_stage_inst/btb_inst/btb_reg[12][TARGET][23]/D
                                0.66           1.53 r        -0.87  (VIOLATED)
   if_stage_inst/btb_inst/btb_reg[12][TARGET][24]/D
                                0.66           1.53 r        -0.87  (VIOLATED)
   if_stage_inst/btb_inst/btb_reg[12][TARGET][25]/D
                                0.66           1.53 r        -0.87  (VIOLATED)
   if_stage_inst/btb_inst/btb_reg[12][TARGET][26]/D
                                0.66           1.53 r        -0.87  (VIOLATED)
   if_stage_inst/btb_inst/btb_reg[12][TARGET][29]/D
                                0.66           1.53 r        -0.87  (VIOLATED)
   if_stage_inst/btb_inst/btb_reg[12][TARGET][30]/D
                                0.66           1.53 r        -0.87  (VIOLATED)
   if_stage_inst/btb_inst/btb_reg[13][TARGET][4]/D
                                0.66           1.53 r        -0.87  (VIOLATED)
   if_stage_inst/btb_inst/btb_reg[13][TARGET][5]/D
                                0.66           1.53 r        -0.87  (VIOLATED)
   if_stage_inst/btb_inst/btb_reg[13][TARGET][15]/D
                                0.66           1.53 r        -0.87  (VIOLATED)
   if_stage_inst/btb_inst/btb_reg[13][TARGET][16]/D
                                0.66           1.53 r        -0.87  (VIOLATED)
   if_stage_inst/btb_inst/btb_reg[13][TARGET][17]/D
                                0.66           1.53 r        -0.87  (VIOLATED)
   if_stage_inst/btb_inst/btb_reg[13][TARGET][18]/D
                                0.66           1.53 r        -0.87  (VIOLATED)
   if_stage_inst/btb_inst/btb_reg[13][TARGET][22]/D
                                0.66           1.53 r        -0.87  (VIOLATED)
   if_stage_inst/btb_inst/btb_reg[13][TARGET][23]/D
                                0.66           1.53 r        -0.87  (VIOLATED)
   if_stage_inst/btb_inst/btb_reg[13][TARGET][24]/D
                                0.66           1.53 r        -0.87  (VIOLATED)
   if_stage_inst/btb_inst/btb_reg[13][TARGET][25]/D
                                0.66           1.53 r        -0.87  (VIOLATED)
   if_stage_inst/btb_inst/btb_reg[13][TARGET][26]/D
                                0.66           1.53 r        -0.87  (VIOLATED)
   if_stage_inst/btb_inst/btb_reg[13][TARGET][29]/D
                                0.66           1.53 r        -0.87  (VIOLATED)
   if_stage_inst/btb_inst/btb_reg[13][TARGET][30]/D
                                0.66           1.53 r        -0.87  (VIOLATED)
   if_stage_inst/btb_inst/btb_reg[14][TARGET][4]/D
                                0.66           1.53 r        -0.87  (VIOLATED)
   if_stage_inst/btb_inst/btb_reg[14][TARGET][5]/D
                                0.66           1.53 r        -0.87  (VIOLATED)
   if_stage_inst/btb_inst/btb_reg[14][TARGET][15]/D
                                0.66           1.53 r        -0.87  (VIOLATED)
   if_stage_inst/btb_inst/btb_reg[14][TARGET][16]/D
                                0.66           1.53 r        -0.87  (VIOLATED)
   if_stage_inst/btb_inst/btb_reg[14][TARGET][17]/D
                                0.66           1.53 r        -0.87  (VIOLATED)
   if_stage_inst/btb_inst/btb_reg[14][TARGET][18]/D
                                0.66           1.53 r        -0.87  (VIOLATED)
   if_stage_inst/btb_inst/btb_reg[14][TARGET][22]/D
                                0.66           1.53 r        -0.87  (VIOLATED)
   if_stage_inst/btb_inst/btb_reg[14][TARGET][23]/D
                                0.66           1.53 r        -0.87  (VIOLATED)
   if_stage_inst/btb_inst/btb_reg[14][TARGET][24]/D
                                0.66           1.53 r        -0.87  (VIOLATED)
   if_stage_inst/btb_inst/btb_reg[14][TARGET][25]/D
                                0.66           1.53 r        -0.87  (VIOLATED)
   if_stage_inst/btb_inst/btb_reg[14][TARGET][26]/D
                                0.66           1.53 r        -0.87  (VIOLATED)
   if_stage_inst/btb_inst/btb_reg[14][TARGET][29]/D
                                0.66           1.53 r        -0.87  (VIOLATED)
   if_stage_inst/btb_inst/btb_reg[14][TARGET][30]/D
                                0.66           1.53 r        -0.87  (VIOLATED)
   if_stage_inst/btb_inst/btb_reg[15][TARGET][4]/D
                                0.66           1.53 r        -0.87  (VIOLATED)
   if_stage_inst/btb_inst/btb_reg[15][TARGET][5]/D
                                0.66           1.53 r        -0.87  (VIOLATED)
   if_stage_inst/btb_inst/btb_reg[15][TARGET][15]/D
                                0.66           1.53 r        -0.87  (VIOLATED)
   if_stage_inst/btb_inst/btb_reg[15][TARGET][16]/D
                                0.66           1.53 r        -0.87  (VIOLATED)
   if_stage_inst/btb_inst/btb_reg[15][TARGET][17]/D
                                0.66           1.53 r        -0.87  (VIOLATED)
   if_stage_inst/btb_inst/btb_reg[15][TARGET][18]/D
                                0.66           1.53 r        -0.87  (VIOLATED)
   if_stage_inst/btb_inst/btb_reg[15][TARGET][22]/D
                                0.66           1.53 r        -0.87  (VIOLATED)
   if_stage_inst/btb_inst/btb_reg[15][TARGET][23]/D
                                0.66           1.53 r        -0.87  (VIOLATED)
   if_stage_inst/btb_inst/btb_reg[15][TARGET][24]/D
                                0.66           1.53 r        -0.87  (VIOLATED)
   if_stage_inst/btb_inst/btb_reg[15][TARGET][25]/D
                                0.66           1.53 r        -0.87  (VIOLATED)
   if_stage_inst/btb_inst/btb_reg[15][TARGET][26]/D
                                0.66           1.53 r        -0.87  (VIOLATED)
   if_stage_inst/btb_inst/btb_reg[15][TARGET][29]/D
                                0.66           1.53 r        -0.87  (VIOLATED)
   if_stage_inst/btb_inst/btb_reg[15][TARGET][30]/D
                                0.66           1.53 r        -0.87  (VIOLATED)
   ex_stage_inst/mult_pp_inst/tree_i/layer_4_r_reg[0][10]/D
                                0.67           1.54 r        -0.87  (VIOLATED)
   if_stage_inst/btb_inst/btb_reg[0][VALID]/D
                                0.67           1.54 r        -0.87  (VIOLATED)
   ex_stage_inst/mult_pp_inst/tree_i/layer_4_r_reg[1][12]/D
                                0.67           1.53 r        -0.87  (VIOLATED)
   ex_stage_inst/mult_pp_inst/tree_i/layer_4_r_reg[0][9]/D
                                0.67           1.53 r        -0.87  (VIOLATED)
   if_stage_inst/btb_inst/btb_reg[0][TARGET][6]/D
                                0.66           1.51 r        -0.86  (VIOLATED)
   if_stage_inst/btb_inst/btb_reg[0][TARGET][10]/D
                                0.66           1.51 r        -0.86  (VIOLATED)
   if_stage_inst/btb_inst/btb_reg[0][TARGET][11]/D
                                0.66           1.51 r        -0.86  (VIOLATED)
   if_stage_inst/btb_inst/btb_reg[0][TARGET][12]/D
                                0.66           1.51 r        -0.86  (VIOLATED)
   if_stage_inst/btb_inst/btb_reg[0][TARGET][13]/D
                                0.66           1.51 r        -0.86  (VIOLATED)
   if_stage_inst/btb_inst/btb_reg[0][TARGET][27]/D
                                0.66           1.51 r        -0.86  (VIOLATED)
   if_stage_inst/btb_inst/btb_reg[0][TARGET][28]/D
                                0.66           1.51 r        -0.86  (VIOLATED)
   if_stage_inst/btb_inst/btb_reg[1][TARGET][6]/D
                                0.66           1.51 r        -0.86  (VIOLATED)
   if_stage_inst/btb_inst/btb_reg[1][TARGET][10]/D
                                0.66           1.51 r        -0.86  (VIOLATED)
   if_stage_inst/btb_inst/btb_reg[1][TARGET][11]/D
                                0.66           1.51 r        -0.86  (VIOLATED)
   if_stage_inst/btb_inst/btb_reg[1][TARGET][12]/D
                                0.66           1.51 r        -0.86  (VIOLATED)
   if_stage_inst/btb_inst/btb_reg[1][TARGET][13]/D
                                0.66           1.51 r        -0.86  (VIOLATED)
   if_stage_inst/btb_inst/btb_reg[1][TARGET][27]/D
                                0.66           1.51 r        -0.86  (VIOLATED)
   if_stage_inst/btb_inst/btb_reg[1][TARGET][28]/D
                                0.66           1.51 r        -0.86  (VIOLATED)
   if_stage_inst/btb_inst/btb_reg[2][TARGET][6]/D
                                0.66           1.51 r        -0.86  (VIOLATED)
   if_stage_inst/btb_inst/btb_reg[2][TARGET][10]/D
                                0.66           1.51 r        -0.86  (VIOLATED)
   if_stage_inst/btb_inst/btb_reg[2][TARGET][11]/D
                                0.66           1.51 r        -0.86  (VIOLATED)
   if_stage_inst/btb_inst/btb_reg[2][TARGET][12]/D
                                0.66           1.51 r        -0.86  (VIOLATED)
   if_stage_inst/btb_inst/btb_reg[2][TARGET][13]/D
                                0.66           1.51 r        -0.86  (VIOLATED)
   if_stage_inst/btb_inst/btb_reg[2][TARGET][27]/D
                                0.66           1.51 r        -0.86  (VIOLATED)
   if_stage_inst/btb_inst/btb_reg[2][TARGET][28]/D
                                0.66           1.51 r        -0.86  (VIOLATED)
   if_stage_inst/btb_inst/btb_reg[3][TARGET][6]/D
                                0.66           1.51 r        -0.86  (VIOLATED)
   if_stage_inst/btb_inst/btb_reg[3][TARGET][10]/D
                                0.66           1.51 r        -0.86  (VIOLATED)
   if_stage_inst/btb_inst/btb_reg[3][TARGET][11]/D
                                0.66           1.51 r        -0.86  (VIOLATED)
   if_stage_inst/btb_inst/btb_reg[3][TARGET][12]/D
                                0.66           1.51 r        -0.86  (VIOLATED)
   if_stage_inst/btb_inst/btb_reg[3][TARGET][13]/D
                                0.66           1.51 r        -0.86  (VIOLATED)
   if_stage_inst/btb_inst/btb_reg[3][TARGET][27]/D
                                0.66           1.51 r        -0.86  (VIOLATED)
   if_stage_inst/btb_inst/btb_reg[3][TARGET][28]/D
                                0.66           1.51 r        -0.86  (VIOLATED)
   if_stage_inst/btb_inst/btb_reg[4][TARGET][6]/D
                                0.66           1.51 r        -0.86  (VIOLATED)
   if_stage_inst/btb_inst/btb_reg[4][TARGET][10]/D
                                0.66           1.51 r        -0.86  (VIOLATED)
   if_stage_inst/btb_inst/btb_reg[4][TARGET][11]/D
                                0.66           1.51 r        -0.86  (VIOLATED)
   if_stage_inst/btb_inst/btb_reg[4][TARGET][12]/D
                                0.66           1.51 r        -0.86  (VIOLATED)
   if_stage_inst/btb_inst/btb_reg[4][TARGET][13]/D
                                0.66           1.51 r        -0.86  (VIOLATED)
   if_stage_inst/btb_inst/btb_reg[4][TARGET][27]/D
                                0.66           1.51 r        -0.86  (VIOLATED)
   if_stage_inst/btb_inst/btb_reg[4][TARGET][28]/D
                                0.66           1.51 r        -0.86  (VIOLATED)
   if_stage_inst/btb_inst/btb_reg[5][TARGET][6]/D
                                0.66           1.51 r        -0.86  (VIOLATED)
   if_stage_inst/btb_inst/btb_reg[5][TARGET][10]/D
                                0.66           1.51 r        -0.86  (VIOLATED)
   if_stage_inst/btb_inst/btb_reg[5][TARGET][11]/D
                                0.66           1.51 r        -0.86  (VIOLATED)
   if_stage_inst/btb_inst/btb_reg[5][TARGET][12]/D
                                0.66           1.51 r        -0.86  (VIOLATED)
   if_stage_inst/btb_inst/btb_reg[5][TARGET][13]/D
                                0.66           1.51 r        -0.86  (VIOLATED)
   if_stage_inst/btb_inst/btb_reg[5][TARGET][27]/D
                                0.66           1.51 r        -0.86  (VIOLATED)
   if_stage_inst/btb_inst/btb_reg[5][TARGET][28]/D
                                0.66           1.51 r        -0.86  (VIOLATED)
   if_stage_inst/btb_inst/btb_reg[6][TARGET][6]/D
                                0.66           1.51 r        -0.86  (VIOLATED)
   if_stage_inst/btb_inst/btb_reg[6][TARGET][10]/D
                                0.66           1.51 r        -0.86  (VIOLATED)
   if_stage_inst/btb_inst/btb_reg[6][TARGET][11]/D
                                0.66           1.51 r        -0.86  (VIOLATED)
   if_stage_inst/btb_inst/btb_reg[6][TARGET][12]/D
                                0.66           1.51 r        -0.86  (VIOLATED)
   if_stage_inst/btb_inst/btb_reg[6][TARGET][13]/D
                                0.66           1.51 r        -0.86  (VIOLATED)
   if_stage_inst/btb_inst/btb_reg[6][TARGET][27]/D
                                0.66           1.51 r        -0.86  (VIOLATED)
   if_stage_inst/btb_inst/btb_reg[6][TARGET][28]/D
                                0.66           1.51 r        -0.86  (VIOLATED)
   if_stage_inst/btb_inst/btb_reg[7][TARGET][6]/D
                                0.66           1.51 r        -0.86  (VIOLATED)
   if_stage_inst/btb_inst/btb_reg[7][TARGET][10]/D
                                0.66           1.51 r        -0.86  (VIOLATED)
   if_stage_inst/btb_inst/btb_reg[7][TARGET][11]/D
                                0.66           1.51 r        -0.86  (VIOLATED)
   if_stage_inst/btb_inst/btb_reg[7][TARGET][12]/D
                                0.66           1.51 r        -0.86  (VIOLATED)
   if_stage_inst/btb_inst/btb_reg[7][TARGET][13]/D
                                0.66           1.51 r        -0.86  (VIOLATED)
   if_stage_inst/btb_inst/btb_reg[7][TARGET][27]/D
                                0.66           1.51 r        -0.86  (VIOLATED)
   if_stage_inst/btb_inst/btb_reg[7][TARGET][28]/D
                                0.66           1.51 r        -0.86  (VIOLATED)
   if_stage_inst/btb_inst/btb_reg[8][TARGET][6]/D
                                0.66           1.51 r        -0.86  (VIOLATED)
   if_stage_inst/btb_inst/btb_reg[8][TARGET][10]/D
                                0.66           1.51 r        -0.86  (VIOLATED)
   if_stage_inst/btb_inst/btb_reg[8][TARGET][11]/D
                                0.66           1.51 r        -0.86  (VIOLATED)
   if_stage_inst/btb_inst/btb_reg[8][TARGET][12]/D
                                0.66           1.51 r        -0.86  (VIOLATED)
   if_stage_inst/btb_inst/btb_reg[8][TARGET][13]/D
                                0.66           1.51 r        -0.86  (VIOLATED)
   if_stage_inst/btb_inst/btb_reg[8][TARGET][27]/D
                                0.66           1.51 r        -0.86  (VIOLATED)
   if_stage_inst/btb_inst/btb_reg[8][TARGET][28]/D
                                0.66           1.51 r        -0.86  (VIOLATED)
   if_stage_inst/btb_inst/btb_reg[9][TARGET][6]/D
                                0.66           1.51 r        -0.86  (VIOLATED)
   if_stage_inst/btb_inst/btb_reg[9][TARGET][10]/D
                                0.66           1.51 r        -0.86  (VIOLATED)
   if_stage_inst/btb_inst/btb_reg[9][TARGET][11]/D
                                0.66           1.51 r        -0.86  (VIOLATED)
   if_stage_inst/btb_inst/btb_reg[9][TARGET][12]/D
                                0.66           1.51 r        -0.86  (VIOLATED)
   if_stage_inst/btb_inst/btb_reg[9][TARGET][13]/D
                                0.66           1.51 r        -0.86  (VIOLATED)
   if_stage_inst/btb_inst/btb_reg[9][TARGET][27]/D
                                0.66           1.51 r        -0.86  (VIOLATED)
   if_stage_inst/btb_inst/btb_reg[9][TARGET][28]/D
                                0.66           1.51 r        -0.86  (VIOLATED)
   if_stage_inst/btb_inst/btb_reg[10][TARGET][6]/D
                                0.66           1.51 r        -0.86  (VIOLATED)
   if_stage_inst/btb_inst/btb_reg[10][TARGET][10]/D
                                0.66           1.51 r        -0.86  (VIOLATED)
   if_stage_inst/btb_inst/btb_reg[10][TARGET][11]/D
                                0.66           1.51 r        -0.86  (VIOLATED)
   if_stage_inst/btb_inst/btb_reg[10][TARGET][12]/D
                                0.66           1.51 r        -0.86  (VIOLATED)
   if_stage_inst/btb_inst/btb_reg[10][TARGET][13]/D
                                0.66           1.51 r        -0.86  (VIOLATED)
   if_stage_inst/btb_inst/btb_reg[10][TARGET][27]/D
                                0.66           1.51 r        -0.86  (VIOLATED)
   if_stage_inst/btb_inst/btb_reg[10][TARGET][28]/D
                                0.66           1.51 r        -0.86  (VIOLATED)
   if_stage_inst/btb_inst/btb_reg[11][TARGET][6]/D
                                0.66           1.51 r        -0.86  (VIOLATED)
   if_stage_inst/btb_inst/btb_reg[11][TARGET][10]/D
                                0.66           1.51 r        -0.86  (VIOLATED)
   if_stage_inst/btb_inst/btb_reg[11][TARGET][11]/D
                                0.66           1.51 r        -0.86  (VIOLATED)
   if_stage_inst/btb_inst/btb_reg[11][TARGET][12]/D
                                0.66           1.51 r        -0.86  (VIOLATED)
   if_stage_inst/btb_inst/btb_reg[11][TARGET][13]/D
                                0.66           1.51 r        -0.86  (VIOLATED)
   if_stage_inst/btb_inst/btb_reg[11][TARGET][27]/D
                                0.66           1.51 r        -0.86  (VIOLATED)
   if_stage_inst/btb_inst/btb_reg[11][TARGET][28]/D
                                0.66           1.51 r        -0.86  (VIOLATED)
   if_stage_inst/btb_inst/btb_reg[12][TARGET][6]/D
                                0.66           1.51 r        -0.86  (VIOLATED)
   if_stage_inst/btb_inst/btb_reg[12][TARGET][10]/D
                                0.66           1.51 r        -0.86  (VIOLATED)
   if_stage_inst/btb_inst/btb_reg[12][TARGET][11]/D
                                0.66           1.51 r        -0.86  (VIOLATED)
   if_stage_inst/btb_inst/btb_reg[12][TARGET][12]/D
                                0.66           1.51 r        -0.86  (VIOLATED)
   if_stage_inst/btb_inst/btb_reg[12][TARGET][13]/D
                                0.66           1.51 r        -0.86  (VIOLATED)
   if_stage_inst/btb_inst/btb_reg[12][TARGET][27]/D
                                0.66           1.51 r        -0.86  (VIOLATED)
   if_stage_inst/btb_inst/btb_reg[12][TARGET][28]/D
                                0.66           1.51 r        -0.86  (VIOLATED)
   if_stage_inst/btb_inst/btb_reg[13][TARGET][6]/D
                                0.66           1.51 r        -0.86  (VIOLATED)
   if_stage_inst/btb_inst/btb_reg[13][TARGET][10]/D
                                0.66           1.51 r        -0.86  (VIOLATED)
   if_stage_inst/btb_inst/btb_reg[13][TARGET][11]/D
                                0.66           1.51 r        -0.86  (VIOLATED)
   if_stage_inst/btb_inst/btb_reg[13][TARGET][12]/D
                                0.66           1.51 r        -0.86  (VIOLATED)
   if_stage_inst/btb_inst/btb_reg[13][TARGET][13]/D
                                0.66           1.51 r        -0.86  (VIOLATED)
   if_stage_inst/btb_inst/btb_reg[13][TARGET][27]/D
                                0.66           1.51 r        -0.86  (VIOLATED)
   if_stage_inst/btb_inst/btb_reg[13][TARGET][28]/D
                                0.66           1.51 r        -0.86  (VIOLATED)
   if_stage_inst/btb_inst/btb_reg[14][TARGET][6]/D
                                0.66           1.51 r        -0.86  (VIOLATED)
   if_stage_inst/btb_inst/btb_reg[14][TARGET][10]/D
                                0.66           1.51 r        -0.86  (VIOLATED)
   if_stage_inst/btb_inst/btb_reg[14][TARGET][11]/D
                                0.66           1.51 r        -0.86  (VIOLATED)
   if_stage_inst/btb_inst/btb_reg[14][TARGET][12]/D
                                0.66           1.51 r        -0.86  (VIOLATED)
   if_stage_inst/btb_inst/btb_reg[14][TARGET][13]/D
                                0.66           1.51 r        -0.86  (VIOLATED)
   if_stage_inst/btb_inst/btb_reg[14][TARGET][27]/D
                                0.66           1.51 r        -0.86  (VIOLATED)
   if_stage_inst/btb_inst/btb_reg[14][TARGET][28]/D
                                0.66           1.51 r        -0.86  (VIOLATED)
   if_stage_inst/btb_inst/btb_reg[15][TARGET][6]/D
                                0.66           1.51 r        -0.86  (VIOLATED)
   if_stage_inst/btb_inst/btb_reg[15][TARGET][10]/D
                                0.66           1.51 r        -0.86  (VIOLATED)
   if_stage_inst/btb_inst/btb_reg[15][TARGET][11]/D
                                0.66           1.51 r        -0.86  (VIOLATED)
   if_stage_inst/btb_inst/btb_reg[15][TARGET][12]/D
                                0.66           1.51 r        -0.86  (VIOLATED)
   if_stage_inst/btb_inst/btb_reg[15][TARGET][13]/D
                                0.66           1.51 r        -0.86  (VIOLATED)
   if_stage_inst/btb_inst/btb_reg[15][TARGET][27]/D
                                0.66           1.51 r        -0.86  (VIOLATED)
   if_stage_inst/btb_inst/btb_reg[15][TARGET][28]/D
                                0.66           1.51 r        -0.86  (VIOLATED)
   ex_stage_inst/mult_pp_inst/tree_i/layer_4_r_reg[3][29]/D
                                0.66           1.52 r        -0.85  (VIOLATED)
   ex_stage_inst/mult_pp_inst/tree_i/layer_4_r_reg[2][27]/D
                                0.67           1.52 r        -0.85  (VIOLATED)
   ex_stage_inst/mult_pp_inst/tree_i/layer_4_r_reg[1][11]/D
                                0.67           1.52 r        -0.85  (VIOLATED)
   if_stage_inst/btb_inst/btb_reg[1][TARGET][0]/D
                                0.65           1.50 f        -0.85  (VIOLATED)
   if_stage_inst/btb_inst/btb_reg[4][TARGET][0]/D
                                0.65           1.50 f        -0.85  (VIOLATED)
   if_stage_inst/btb_inst/btb_reg[6][TARGET][0]/D
                                0.65           1.50 f        -0.85  (VIOLATED)
   if_stage_inst/btb_inst/btb_reg[9][TARGET][0]/D
                                0.65           1.50 f        -0.85  (VIOLATED)
   if_stage_inst/btb_inst/btb_reg[10][TARGET][0]/D
                                0.65           1.50 f        -0.85  (VIOLATED)
   if_stage_inst/btb_inst/btb_reg[12][TARGET][0]/D
                                0.65           1.50 f        -0.85  (VIOLATED)
   if_stage_inst/btb_inst/btb_reg[15][TARGET][0]/D
                                0.65           1.50 f        -0.85  (VIOLATED)
   if_stage_inst/btb_inst/btb_reg[0][TARGET][0]/D
                                0.65           1.50 f        -0.85  (VIOLATED)
   if_stage_inst/btb_inst/btb_reg[2][TARGET][0]/D
                                0.65           1.50 f        -0.85  (VIOLATED)
   if_stage_inst/btb_inst/btb_reg[3][TARGET][0]/D
                                0.65           1.50 f        -0.85  (VIOLATED)
   if_stage_inst/btb_inst/btb_reg[7][TARGET][0]/D
                                0.65           1.50 f        -0.85  (VIOLATED)
   if_stage_inst/btb_inst/btb_reg[8][TARGET][0]/D
                                0.65           1.50 f        -0.85  (VIOLATED)
   if_stage_inst/btb_inst/btb_reg[11][TARGET][0]/D
                                0.65           1.50 f        -0.85  (VIOLATED)
   if_stage_inst/btb_inst/btb_reg[13][TARGET][0]/D
                                0.65           1.50 f        -0.85  (VIOLATED)
   if_stage_inst/btb_inst/btb_reg[14][TARGET][0]/D
                                0.65           1.50 f        -0.85  (VIOLATED)
   if_stage_inst/btb_inst/btb_reg[5][TARGET][0]/D
                                0.66           1.50 f        -0.85  (VIOLATED)
   if_stage_inst/btb_inst/clk_gate_btb_reg[0][TAG]/latch/D
                                0.67           1.50 r        -0.84  (VIOLATED)
   ex_stage_inst/mult_pp_inst/tree_i/layer_4_r_reg[0][7]/D
                                0.66           1.50 f        -0.84  (VIOLATED)
   ex_stage_inst/mult_pp_inst/tree_i/layer_4_r_reg[2][30]/D
                                0.66           1.49 f        -0.83  (VIOLATED)
   ex_stage_inst/mult_pp_inst/tree_i/layer_4_r_reg[1][8]/D
                                0.67           1.50 r        -0.83  (VIOLATED)
   ex_stage_inst/mult_pp_inst/tree_i/layer_4_r_reg[0][6]/D
                                0.66           1.49 f        -0.83  (VIOLATED)
   ex_stage_inst/mult_pp_inst/tree_i/layer_4_r_reg[2][24]/D
                                0.67           1.49 r        -0.82  (VIOLATED)
   ex_stage_inst/mult_pp_inst/tree_i/layer_4_r_reg[0][8]/D
                                0.66           1.48 f        -0.82  (VIOLATED)
   ex_stage_inst/mult_pp_inst/tree_i/layer_4_r_reg[1][10]/D
                                0.67           1.49 r        -0.82  (VIOLATED)
   ex_stage_inst/mult_pp_inst/tree_i/layer_4_r_reg[1][9]/D
                                0.67           1.48 r        -0.82  (VIOLATED)
   ex_stage_inst/mult_pp_inst/tree_i/layer_4_r_reg[2][20]/D
                                0.66           1.47 f        -0.81  (VIOLATED)
   if_stage_inst/btb_inst/clk_gate_btb_reg[2][TAG]/latch/D
                                0.67           1.48 r        -0.81  (VIOLATED)
   if_stage_inst/btb_inst/clk_gate_btb_reg[3][TAG]/latch/D
                                0.67           1.48 r        -0.81  (VIOLATED)
   if_stage_inst/btb_inst/clk_gate_btb_reg[4][TAG]/latch/D
                                0.67           1.48 r        -0.81  (VIOLATED)
   if_stage_inst/btb_inst/clk_gate_btb_reg[5][TAG]/latch/D
                                0.67           1.48 r        -0.81  (VIOLATED)
   if_stage_inst/btb_inst/clk_gate_btb_reg[6][TAG]/latch/D
                                0.67           1.48 r        -0.81  (VIOLATED)
   if_stage_inst/btb_inst/clk_gate_btb_reg[7][TAG]/latch/D
                                0.67           1.48 r        -0.81  (VIOLATED)
   if_stage_inst/btb_inst/clk_gate_btb_reg[10][TAG]/latch/D
                                0.67           1.48 r        -0.81  (VIOLATED)
   if_stage_inst/btb_inst/clk_gate_btb_reg[11][TAG]/latch/D
                                0.67           1.48 r        -0.81  (VIOLATED)
   if_stage_inst/btb_inst/clk_gate_btb_reg[12][TAG]/latch/D
                                0.67           1.48 r        -0.81  (VIOLATED)
   if_stage_inst/btb_inst/clk_gate_btb_reg[13][TAG]/latch/D
                                0.67           1.48 r        -0.81  (VIOLATED)
   if_stage_inst/btb_inst/clk_gate_btb_reg[14][TAG]/latch/D
                                0.67           1.48 r        -0.81  (VIOLATED)
   if_stage_inst/btb_inst/clk_gate_btb_reg[15][TAG]/latch/D
                                0.67           1.48 r        -0.81  (VIOLATED)
   if_stage_inst/btb_inst/clk_gate_btb_reg[1][TAG]/latch/D
                                0.67           1.48 r        -0.81  (VIOLATED)
   if_stage_inst/btb_inst/clk_gate_btb_reg[8][TAG]/latch/D
                                0.67           1.48 r        -0.81  (VIOLATED)
   if_stage_inst/btb_inst/clk_gate_btb_reg[9][TAG]/latch/D
                                0.67           1.48 r        -0.81  (VIOLATED)
   ex_stage_inst/mult_pp_inst/tree_i/layer_4_r_reg[3][21]/D
                                0.67           1.48 r        -0.81  (VIOLATED)
   ex_stage_inst/mult_pp_inst/tree_i/layer_4_r_reg[3][25]/D
                                0.66           1.46 f        -0.80  (VIOLATED)
   ex_stage_inst/mult_pp_inst/tree_i/layer_4_r_reg[3][31]/D
                                0.67           1.46 r        -0.80  (VIOLATED)
   if_stage_inst/btb_inst/btb_reg[0][TARGET][31]/D
                                0.65           1.45 f        -0.80  (VIOLATED)
   if_stage_inst/btb_inst/btb_reg[1][TARGET][31]/D
                                0.65           1.45 f        -0.80  (VIOLATED)
   if_stage_inst/btb_inst/btb_reg[2][TARGET][31]/D
                                0.65           1.45 f        -0.80  (VIOLATED)
   if_stage_inst/btb_inst/btb_reg[3][TARGET][31]/D
                                0.65           1.45 f        -0.80  (VIOLATED)
   if_stage_inst/btb_inst/btb_reg[4][TARGET][31]/D
                                0.65           1.45 f        -0.80  (VIOLATED)
   if_stage_inst/btb_inst/btb_reg[5][TARGET][31]/D
                                0.65           1.45 f        -0.80  (VIOLATED)
   if_stage_inst/btb_inst/btb_reg[6][TARGET][31]/D
                                0.65           1.45 f        -0.80  (VIOLATED)
   if_stage_inst/btb_inst/btb_reg[7][TARGET][31]/D
                                0.65           1.45 f        -0.80  (VIOLATED)
   if_stage_inst/btb_inst/btb_reg[8][TARGET][31]/D
                                0.65           1.45 f        -0.80  (VIOLATED)
   if_stage_inst/btb_inst/btb_reg[9][TARGET][31]/D
                                0.65           1.45 f        -0.80  (VIOLATED)
   if_stage_inst/btb_inst/btb_reg[10][TARGET][31]/D
                                0.65           1.45 f        -0.80  (VIOLATED)
   if_stage_inst/btb_inst/btb_reg[11][TARGET][31]/D
                                0.65           1.45 f        -0.80  (VIOLATED)
   if_stage_inst/btb_inst/btb_reg[12][TARGET][31]/D
                                0.65           1.45 f        -0.80  (VIOLATED)
   if_stage_inst/btb_inst/btb_reg[13][TARGET][31]/D
                                0.65           1.45 f        -0.80  (VIOLATED)
   if_stage_inst/btb_inst/btb_reg[14][TARGET][31]/D
                                0.65           1.45 f        -0.80  (VIOLATED)
   if_stage_inst/btb_inst/btb_reg[15][TARGET][31]/D
                                0.65           1.45 f        -0.80  (VIOLATED)
   id_stage_inst/rs1_reg/reg_data_reg[0]/D
                                0.66           1.45 f        -0.79  (VIOLATED)
   ex_stage_inst/mult_pp_inst/tree_i/layer_4_r_reg[3][28]/D
                                0.66           1.45 f        -0.79  (VIOLATED)
   ex_stage_inst/mult_pp_inst/tree_i/layer_4_r_reg[2][19]/D
                                0.67           1.45 r        -0.79  (VIOLATED)
   ex_stage_inst/result_reg/reg_data_reg[0]/D
                                0.66           1.43 f        -0.77  (VIOLATED)
   ex_stage_inst/mult_pp_inst/tree_i/layer_4_r_reg[1][7]/D
                                0.67           1.42 r        -0.76  (VIOLATED)
   ex_stage_inst/mult_pp_inst/tree_i/layer_4_r_reg[0][5]/D
                                0.67           1.42 r        -0.75  (VIOLATED)
   ex_stage_inst/mult_pp_inst/tree_i/layer_4_r_reg[2][25]/D
                                0.66           1.41 f        -0.75  (VIOLATED)
   ex_stage_inst/mult_pp_inst/tree_i/layer_4_r_reg[2][21]/D
                                0.66           1.40 r        -0.74  (VIOLATED)
   if_stage_inst/btb_inst/btb_reg[0][TAG][0]/D
                                0.66           1.39 r        -0.74  (VIOLATED)
   if_stage_inst/btb_inst/btb_reg[0][TAG][2]/D
                                0.66           1.39 r        -0.74  (VIOLATED)
   if_stage_inst/btb_inst/btb_reg[0][TAG][3]/D
                                0.66           1.39 r        -0.74  (VIOLATED)
   if_stage_inst/btb_inst/btb_reg[0][TAG][4]/D
                                0.66           1.39 r        -0.74  (VIOLATED)
   if_stage_inst/btb_inst/btb_reg[0][TAG][7]/D
                                0.66           1.39 r        -0.74  (VIOLATED)
   if_stage_inst/btb_inst/btb_reg[0][TAG][8]/D
                                0.66           1.39 r        -0.74  (VIOLATED)
   if_stage_inst/btb_inst/btb_reg[0][TAG][9]/D
                                0.66           1.39 r        -0.74  (VIOLATED)
   if_stage_inst/btb_inst/btb_reg[0][TAG][10]/D
                                0.66           1.39 r        -0.74  (VIOLATED)
   if_stage_inst/btb_inst/btb_reg[0][TAG][11]/D
                                0.66           1.39 r        -0.74  (VIOLATED)
   if_stage_inst/btb_inst/btb_reg[0][TAG][12]/D
                                0.66           1.39 r        -0.74  (VIOLATED)
   if_stage_inst/btb_inst/btb_reg[0][TAG][13]/D
                                0.66           1.39 r        -0.74  (VIOLATED)
   if_stage_inst/btb_inst/btb_reg[0][TAG][14]/D
                                0.66           1.39 r        -0.74  (VIOLATED)
   if_stage_inst/btb_inst/btb_reg[0][TAG][15]/D
                                0.66           1.39 r        -0.74  (VIOLATED)
   if_stage_inst/btb_inst/btb_reg[0][TAG][16]/D
                                0.66           1.39 r        -0.74  (VIOLATED)
   if_stage_inst/btb_inst/btb_reg[0][TAG][17]/D
                                0.66           1.39 r        -0.74  (VIOLATED)
   if_stage_inst/btb_inst/btb_reg[0][TAG][18]/D
                                0.66           1.39 r        -0.74  (VIOLATED)
   if_stage_inst/btb_inst/btb_reg[0][TAG][19]/D
                                0.66           1.39 r        -0.74  (VIOLATED)
   if_stage_inst/btb_inst/btb_reg[0][TAG][20]/D
                                0.66           1.39 r        -0.74  (VIOLATED)
   if_stage_inst/btb_inst/btb_reg[0][TAG][21]/D
                                0.66           1.39 r        -0.74  (VIOLATED)
   if_stage_inst/btb_inst/btb_reg[0][TAG][22]/D
                                0.66           1.39 r        -0.74  (VIOLATED)
   if_stage_inst/btb_inst/btb_reg[0][TAG][24]/D
                                0.66           1.39 r        -0.74  (VIOLATED)
   if_stage_inst/btb_inst/btb_reg[0][TAG][25]/D
                                0.66           1.39 r        -0.74  (VIOLATED)
   if_stage_inst/btb_inst/btb_reg[0][TARGET][1]/D
                                0.66           1.39 r        -0.74  (VIOLATED)
   if_stage_inst/btb_inst/btb_reg[0][TARGET][3]/D
                                0.66           1.39 r        -0.74  (VIOLATED)
   if_stage_inst/btb_inst/btb_reg[0][TARGET][9]/D
                                0.66           1.39 r        -0.74  (VIOLATED)
   if_stage_inst/btb_inst/btb_reg[1][TAG][0]/D
                                0.66           1.39 r        -0.74  (VIOLATED)
   if_stage_inst/btb_inst/btb_reg[1][TAG][2]/D
                                0.66           1.39 r        -0.74  (VIOLATED)
   if_stage_inst/btb_inst/btb_reg[1][TAG][3]/D
                                0.66           1.39 r        -0.74  (VIOLATED)
   if_stage_inst/btb_inst/btb_reg[1][TAG][4]/D
                                0.66           1.39 r        -0.74  (VIOLATED)
   if_stage_inst/btb_inst/btb_reg[1][TAG][7]/D
                                0.66           1.39 r        -0.74  (VIOLATED)
   if_stage_inst/btb_inst/btb_reg[1][TAG][8]/D
                                0.66           1.39 r        -0.74  (VIOLATED)
   if_stage_inst/btb_inst/btb_reg[1][TAG][9]/D
                                0.66           1.39 r        -0.74  (VIOLATED)
   if_stage_inst/btb_inst/btb_reg[1][TAG][10]/D
                                0.66           1.39 r        -0.74  (VIOLATED)
   if_stage_inst/btb_inst/btb_reg[1][TAG][11]/D
                                0.66           1.39 r        -0.74  (VIOLATED)
   if_stage_inst/btb_inst/btb_reg[1][TAG][12]/D
                                0.66           1.39 r        -0.74  (VIOLATED)
   if_stage_inst/btb_inst/btb_reg[1][TAG][13]/D
                                0.66           1.39 r        -0.74  (VIOLATED)
   if_stage_inst/btb_inst/btb_reg[1][TAG][14]/D
                                0.66           1.39 r        -0.74  (VIOLATED)
   if_stage_inst/btb_inst/btb_reg[1][TAG][15]/D
                                0.66           1.39 r        -0.74  (VIOLATED)
   if_stage_inst/btb_inst/btb_reg[1][TAG][16]/D
                                0.66           1.39 r        -0.74  (VIOLATED)
   if_stage_inst/btb_inst/btb_reg[1][TAG][17]/D
                                0.66           1.39 r        -0.74  (VIOLATED)
   if_stage_inst/btb_inst/btb_reg[1][TAG][18]/D
                                0.66           1.39 r        -0.74  (VIOLATED)
   if_stage_inst/btb_inst/btb_reg[1][TAG][19]/D
                                0.66           1.39 r        -0.74  (VIOLATED)
   if_stage_inst/btb_inst/btb_reg[1][TAG][20]/D
                                0.66           1.39 r        -0.74  (VIOLATED)
   if_stage_inst/btb_inst/btb_reg[1][TAG][21]/D
                                0.66           1.39 r        -0.74  (VIOLATED)
   if_stage_inst/btb_inst/btb_reg[1][TAG][22]/D
                                0.66           1.39 r        -0.74  (VIOLATED)
   if_stage_inst/btb_inst/btb_reg[1][TAG][24]/D
                                0.66           1.39 r        -0.74  (VIOLATED)
   if_stage_inst/btb_inst/btb_reg[1][TAG][25]/D
                                0.66           1.39 r        -0.74  (VIOLATED)
   if_stage_inst/btb_inst/btb_reg[1][TARGET][1]/D
                                0.66           1.39 r        -0.74  (VIOLATED)
   if_stage_inst/btb_inst/btb_reg[1][TARGET][3]/D
                                0.66           1.39 r        -0.74  (VIOLATED)
   if_stage_inst/btb_inst/btb_reg[1][TARGET][9]/D
                                0.66           1.39 r        -0.74  (VIOLATED)
   if_stage_inst/btb_inst/btb_reg[2][TAG][0]/D
                                0.66           1.39 r        -0.74  (VIOLATED)
   if_stage_inst/btb_inst/btb_reg[2][TAG][2]/D
                                0.66           1.39 r        -0.74  (VIOLATED)
   if_stage_inst/btb_inst/btb_reg[2][TAG][3]/D
                                0.66           1.39 r        -0.74  (VIOLATED)
   if_stage_inst/btb_inst/btb_reg[2][TAG][4]/D
                                0.66           1.39 r        -0.74  (VIOLATED)
   if_stage_inst/btb_inst/btb_reg[2][TAG][7]/D
                                0.66           1.39 r        -0.74  (VIOLATED)
   if_stage_inst/btb_inst/btb_reg[2][TAG][8]/D
                                0.66           1.39 r        -0.74  (VIOLATED)
   if_stage_inst/btb_inst/btb_reg[2][TAG][9]/D
                                0.66           1.39 r        -0.74  (VIOLATED)
   if_stage_inst/btb_inst/btb_reg[2][TAG][10]/D
                                0.66           1.39 r        -0.74  (VIOLATED)
   if_stage_inst/btb_inst/btb_reg[2][TAG][11]/D
                                0.66           1.39 r        -0.74  (VIOLATED)
   if_stage_inst/btb_inst/btb_reg[2][TAG][12]/D
                                0.66           1.39 r        -0.74  (VIOLATED)
   if_stage_inst/btb_inst/btb_reg[2][TAG][13]/D
                                0.66           1.39 r        -0.74  (VIOLATED)
   if_stage_inst/btb_inst/btb_reg[2][TAG][14]/D
                                0.66           1.39 r        -0.74  (VIOLATED)
   if_stage_inst/btb_inst/btb_reg[2][TAG][15]/D
                                0.66           1.39 r        -0.74  (VIOLATED)
   if_stage_inst/btb_inst/btb_reg[2][TAG][16]/D
                                0.66           1.39 r        -0.74  (VIOLATED)
   if_stage_inst/btb_inst/btb_reg[2][TAG][17]/D
                                0.66           1.39 r        -0.74  (VIOLATED)
   if_stage_inst/btb_inst/btb_reg[2][TAG][18]/D
                                0.66           1.39 r        -0.74  (VIOLATED)
   if_stage_inst/btb_inst/btb_reg[2][TAG][19]/D
                                0.66           1.39 r        -0.74  (VIOLATED)
   if_stage_inst/btb_inst/btb_reg[2][TAG][20]/D
                                0.66           1.39 r        -0.74  (VIOLATED)
   if_stage_inst/btb_inst/btb_reg[2][TAG][21]/D
                                0.66           1.39 r        -0.74  (VIOLATED)
   if_stage_inst/btb_inst/btb_reg[2][TAG][22]/D
                                0.66           1.39 r        -0.74  (VIOLATED)
   if_stage_inst/btb_inst/btb_reg[2][TAG][24]/D
                                0.66           1.39 r        -0.74  (VIOLATED)
   if_stage_inst/btb_inst/btb_reg[2][TAG][25]/D
                                0.66           1.39 r        -0.74  (VIOLATED)
   if_stage_inst/btb_inst/btb_reg[2][TARGET][1]/D
                                0.66           1.39 r        -0.74  (VIOLATED)
   if_stage_inst/btb_inst/btb_reg[2][TARGET][3]/D
                                0.66           1.39 r        -0.74  (VIOLATED)
   if_stage_inst/btb_inst/btb_reg[2][TARGET][9]/D
                                0.66           1.39 r        -0.74  (VIOLATED)
   if_stage_inst/btb_inst/btb_reg[3][TAG][0]/D
                                0.66           1.39 r        -0.74  (VIOLATED)
   if_stage_inst/btb_inst/btb_reg[3][TAG][2]/D
                                0.66           1.39 r        -0.74  (VIOLATED)
   if_stage_inst/btb_inst/btb_reg[3][TAG][3]/D
                                0.66           1.39 r        -0.74  (VIOLATED)
   if_stage_inst/btb_inst/btb_reg[3][TAG][4]/D
                                0.66           1.39 r        -0.74  (VIOLATED)
   if_stage_inst/btb_inst/btb_reg[3][TAG][7]/D
                                0.66           1.39 r        -0.74  (VIOLATED)
   if_stage_inst/btb_inst/btb_reg[3][TAG][8]/D
                                0.66           1.39 r        -0.74  (VIOLATED)
   if_stage_inst/btb_inst/btb_reg[3][TAG][9]/D
                                0.66           1.39 r        -0.74  (VIOLATED)
   if_stage_inst/btb_inst/btb_reg[3][TAG][10]/D
                                0.66           1.39 r        -0.74  (VIOLATED)
   if_stage_inst/btb_inst/btb_reg[3][TAG][11]/D
                                0.66           1.39 r        -0.74  (VIOLATED)
   if_stage_inst/btb_inst/btb_reg[3][TAG][12]/D
                                0.66           1.39 r        -0.74  (VIOLATED)
   if_stage_inst/btb_inst/btb_reg[3][TAG][13]/D
                                0.66           1.39 r        -0.74  (VIOLATED)
   if_stage_inst/btb_inst/btb_reg[3][TAG][14]/D
                                0.66           1.39 r        -0.74  (VIOLATED)
   if_stage_inst/btb_inst/btb_reg[3][TAG][15]/D
                                0.66           1.39 r        -0.74  (VIOLATED)
   if_stage_inst/btb_inst/btb_reg[3][TAG][16]/D
                                0.66           1.39 r        -0.74  (VIOLATED)
   if_stage_inst/btb_inst/btb_reg[3][TAG][17]/D
                                0.66           1.39 r        -0.74  (VIOLATED)
   if_stage_inst/btb_inst/btb_reg[3][TAG][18]/D
                                0.66           1.39 r        -0.74  (VIOLATED)
   if_stage_inst/btb_inst/btb_reg[3][TAG][19]/D
                                0.66           1.39 r        -0.74  (VIOLATED)
   if_stage_inst/btb_inst/btb_reg[3][TAG][20]/D
                                0.66           1.39 r        -0.74  (VIOLATED)
   if_stage_inst/btb_inst/btb_reg[3][TAG][21]/D
                                0.66           1.39 r        -0.74  (VIOLATED)
   if_stage_inst/btb_inst/btb_reg[3][TAG][22]/D
                                0.66           1.39 r        -0.74  (VIOLATED)
   if_stage_inst/btb_inst/btb_reg[3][TAG][24]/D
                                0.66           1.39 r        -0.74  (VIOLATED)
   if_stage_inst/btb_inst/btb_reg[3][TAG][25]/D
                                0.66           1.39 r        -0.74  (VIOLATED)
   if_stage_inst/btb_inst/btb_reg[3][TARGET][1]/D
                                0.66           1.39 r        -0.74  (VIOLATED)
   if_stage_inst/btb_inst/btb_reg[3][TARGET][3]/D
                                0.66           1.39 r        -0.74  (VIOLATED)
   if_stage_inst/btb_inst/btb_reg[3][TARGET][9]/D
                                0.66           1.39 r        -0.74  (VIOLATED)
   if_stage_inst/btb_inst/btb_reg[4][TAG][0]/D
                                0.66           1.39 r        -0.74  (VIOLATED)
   if_stage_inst/btb_inst/btb_reg[4][TAG][2]/D
                                0.66           1.39 r        -0.74  (VIOLATED)
   if_stage_inst/btb_inst/btb_reg[4][TAG][3]/D
                                0.66           1.39 r        -0.74  (VIOLATED)
   if_stage_inst/btb_inst/btb_reg[4][TAG][4]/D
                                0.66           1.39 r        -0.74  (VIOLATED)
   if_stage_inst/btb_inst/btb_reg[4][TAG][7]/D
                                0.66           1.39 r        -0.74  (VIOLATED)
   if_stage_inst/btb_inst/btb_reg[4][TAG][8]/D
                                0.66           1.39 r        -0.74  (VIOLATED)
   if_stage_inst/btb_inst/btb_reg[4][TAG][9]/D
                                0.66           1.39 r        -0.74  (VIOLATED)
   if_stage_inst/btb_inst/btb_reg[4][TAG][10]/D
                                0.66           1.39 r        -0.74  (VIOLATED)
   if_stage_inst/btb_inst/btb_reg[4][TAG][11]/D
                                0.66           1.39 r        -0.74  (VIOLATED)
   if_stage_inst/btb_inst/btb_reg[4][TAG][12]/D
                                0.66           1.39 r        -0.74  (VIOLATED)
   if_stage_inst/btb_inst/btb_reg[4][TAG][13]/D
                                0.66           1.39 r        -0.74  (VIOLATED)
   if_stage_inst/btb_inst/btb_reg[4][TAG][14]/D
                                0.66           1.39 r        -0.74  (VIOLATED)
   if_stage_inst/btb_inst/btb_reg[4][TAG][15]/D
                                0.66           1.39 r        -0.74  (VIOLATED)
   if_stage_inst/btb_inst/btb_reg[4][TAG][16]/D
                                0.66           1.39 r        -0.74  (VIOLATED)
   if_stage_inst/btb_inst/btb_reg[4][TAG][17]/D
                                0.66           1.39 r        -0.74  (VIOLATED)
   if_stage_inst/btb_inst/btb_reg[4][TAG][18]/D
                                0.66           1.39 r        -0.74  (VIOLATED)
   if_stage_inst/btb_inst/btb_reg[4][TAG][19]/D
                                0.66           1.39 r        -0.74  (VIOLATED)
   if_stage_inst/btb_inst/btb_reg[4][TAG][20]/D
                                0.66           1.39 r        -0.74  (VIOLATED)
   if_stage_inst/btb_inst/btb_reg[4][TAG][21]/D
                                0.66           1.39 r        -0.74  (VIOLATED)
   if_stage_inst/btb_inst/btb_reg[4][TAG][22]/D
                                0.66           1.39 r        -0.74  (VIOLATED)
   if_stage_inst/btb_inst/btb_reg[4][TAG][24]/D
                                0.66           1.39 r        -0.74  (VIOLATED)
   if_stage_inst/btb_inst/btb_reg[4][TAG][25]/D
                                0.66           1.39 r        -0.74  (VIOLATED)
   if_stage_inst/btb_inst/btb_reg[4][TARGET][1]/D
                                0.66           1.39 r        -0.74  (VIOLATED)
   if_stage_inst/btb_inst/btb_reg[4][TARGET][3]/D
                                0.66           1.39 r        -0.74  (VIOLATED)
   if_stage_inst/btb_inst/btb_reg[4][TARGET][9]/D
                                0.66           1.39 r        -0.74  (VIOLATED)
   if_stage_inst/btb_inst/btb_reg[5][TAG][0]/D
                                0.66           1.39 r        -0.74  (VIOLATED)
   if_stage_inst/btb_inst/btb_reg[5][TAG][2]/D
                                0.66           1.39 r        -0.74  (VIOLATED)
   if_stage_inst/btb_inst/btb_reg[5][TAG][3]/D
                                0.66           1.39 r        -0.74  (VIOLATED)
   if_stage_inst/btb_inst/btb_reg[5][TAG][4]/D
                                0.66           1.39 r        -0.74  (VIOLATED)
   if_stage_inst/btb_inst/btb_reg[5][TAG][7]/D
                                0.66           1.39 r        -0.74  (VIOLATED)
   if_stage_inst/btb_inst/btb_reg[5][TAG][8]/D
                                0.66           1.39 r        -0.74  (VIOLATED)
   if_stage_inst/btb_inst/btb_reg[5][TAG][9]/D
                                0.66           1.39 r        -0.74  (VIOLATED)
   if_stage_inst/btb_inst/btb_reg[5][TAG][10]/D
                                0.66           1.39 r        -0.74  (VIOLATED)
   if_stage_inst/btb_inst/btb_reg[5][TAG][11]/D
                                0.66           1.39 r        -0.74  (VIOLATED)
   if_stage_inst/btb_inst/btb_reg[5][TAG][12]/D
                                0.66           1.39 r        -0.74  (VIOLATED)
   if_stage_inst/btb_inst/btb_reg[5][TAG][13]/D
                                0.66           1.39 r        -0.74  (VIOLATED)
   if_stage_inst/btb_inst/btb_reg[5][TAG][14]/D
                                0.66           1.39 r        -0.74  (VIOLATED)
   if_stage_inst/btb_inst/btb_reg[5][TAG][15]/D
                                0.66           1.39 r        -0.74  (VIOLATED)
   if_stage_inst/btb_inst/btb_reg[5][TAG][16]/D
                                0.66           1.39 r        -0.74  (VIOLATED)
   if_stage_inst/btb_inst/btb_reg[5][TAG][17]/D
                                0.66           1.39 r        -0.74  (VIOLATED)
   if_stage_inst/btb_inst/btb_reg[5][TAG][18]/D
                                0.66           1.39 r        -0.74  (VIOLATED)
   if_stage_inst/btb_inst/btb_reg[5][TAG][19]/D
                                0.66           1.39 r        -0.74  (VIOLATED)
   if_stage_inst/btb_inst/btb_reg[5][TAG][20]/D
                                0.66           1.39 r        -0.74  (VIOLATED)
   if_stage_inst/btb_inst/btb_reg[5][TAG][21]/D
                                0.66           1.39 r        -0.74  (VIOLATED)
   if_stage_inst/btb_inst/btb_reg[5][TAG][22]/D
                                0.66           1.39 r        -0.74  (VIOLATED)
   if_stage_inst/btb_inst/btb_reg[5][TAG][24]/D
                                0.66           1.39 r        -0.74  (VIOLATED)
   if_stage_inst/btb_inst/btb_reg[5][TAG][25]/D
                                0.66           1.39 r        -0.74  (VIOLATED)
   if_stage_inst/btb_inst/btb_reg[5][TARGET][1]/D
                                0.66           1.39 r        -0.74  (VIOLATED)
   if_stage_inst/btb_inst/btb_reg[5][TARGET][3]/D
                                0.66           1.39 r        -0.74  (VIOLATED)
   if_stage_inst/btb_inst/btb_reg[5][TARGET][9]/D
                                0.66           1.39 r        -0.74  (VIOLATED)
   if_stage_inst/btb_inst/btb_reg[6][TAG][0]/D
                                0.66           1.39 r        -0.74  (VIOLATED)
   if_stage_inst/btb_inst/btb_reg[6][TAG][2]/D
                                0.66           1.39 r        -0.74  (VIOLATED)
   if_stage_inst/btb_inst/btb_reg[6][TAG][3]/D
                                0.66           1.39 r        -0.74  (VIOLATED)
   if_stage_inst/btb_inst/btb_reg[6][TAG][4]/D
                                0.66           1.39 r        -0.74  (VIOLATED)
   if_stage_inst/btb_inst/btb_reg[6][TAG][7]/D
                                0.66           1.39 r        -0.74  (VIOLATED)
   if_stage_inst/btb_inst/btb_reg[6][TAG][8]/D
                                0.66           1.39 r        -0.74  (VIOLATED)
   if_stage_inst/btb_inst/btb_reg[6][TAG][9]/D
                                0.66           1.39 r        -0.74  (VIOLATED)
   if_stage_inst/btb_inst/btb_reg[6][TAG][10]/D
                                0.66           1.39 r        -0.74  (VIOLATED)
   if_stage_inst/btb_inst/btb_reg[6][TAG][11]/D
                                0.66           1.39 r        -0.74  (VIOLATED)
   if_stage_inst/btb_inst/btb_reg[6][TAG][12]/D
                                0.66           1.39 r        -0.74  (VIOLATED)
   if_stage_inst/btb_inst/btb_reg[6][TAG][13]/D
                                0.66           1.39 r        -0.74  (VIOLATED)
   if_stage_inst/btb_inst/btb_reg[6][TAG][14]/D
                                0.66           1.39 r        -0.74  (VIOLATED)
   if_stage_inst/btb_inst/btb_reg[6][TAG][15]/D
                                0.66           1.39 r        -0.74  (VIOLATED)
   if_stage_inst/btb_inst/btb_reg[6][TAG][16]/D
                                0.66           1.39 r        -0.74  (VIOLATED)
   if_stage_inst/btb_inst/btb_reg[6][TAG][17]/D
                                0.66           1.39 r        -0.74  (VIOLATED)
   if_stage_inst/btb_inst/btb_reg[6][TAG][18]/D
                                0.66           1.39 r        -0.74  (VIOLATED)
   if_stage_inst/btb_inst/btb_reg[6][TAG][19]/D
                                0.66           1.39 r        -0.74  (VIOLATED)
   if_stage_inst/btb_inst/btb_reg[6][TAG][20]/D
                                0.66           1.39 r        -0.74  (VIOLATED)
   if_stage_inst/btb_inst/btb_reg[6][TAG][21]/D
                                0.66           1.39 r        -0.74  (VIOLATED)
   if_stage_inst/btb_inst/btb_reg[6][TAG][22]/D
                                0.66           1.39 r        -0.74  (VIOLATED)
   if_stage_inst/btb_inst/btb_reg[6][TAG][24]/D
                                0.66           1.39 r        -0.74  (VIOLATED)
   if_stage_inst/btb_inst/btb_reg[6][TAG][25]/D
                                0.66           1.39 r        -0.74  (VIOLATED)
   if_stage_inst/btb_inst/btb_reg[6][TARGET][1]/D
                                0.66           1.39 r        -0.74  (VIOLATED)
   if_stage_inst/btb_inst/btb_reg[6][TARGET][3]/D
                                0.66           1.39 r        -0.74  (VIOLATED)
   if_stage_inst/btb_inst/btb_reg[6][TARGET][9]/D
                                0.66           1.39 r        -0.74  (VIOLATED)
   if_stage_inst/btb_inst/btb_reg[7][TAG][0]/D
                                0.66           1.39 r        -0.74  (VIOLATED)
   if_stage_inst/btb_inst/btb_reg[7][TAG][2]/D
                                0.66           1.39 r        -0.74  (VIOLATED)
   if_stage_inst/btb_inst/btb_reg[7][TAG][3]/D
                                0.66           1.39 r        -0.74  (VIOLATED)
   if_stage_inst/btb_inst/btb_reg[7][TAG][4]/D
                                0.66           1.39 r        -0.74  (VIOLATED)
   if_stage_inst/btb_inst/btb_reg[7][TAG][7]/D
                                0.66           1.39 r        -0.74  (VIOLATED)
   if_stage_inst/btb_inst/btb_reg[7][TAG][8]/D
                                0.66           1.39 r        -0.74  (VIOLATED)
   if_stage_inst/btb_inst/btb_reg[7][TAG][9]/D
                                0.66           1.39 r        -0.74  (VIOLATED)
   if_stage_inst/btb_inst/btb_reg[7][TAG][10]/D
                                0.66           1.39 r        -0.74  (VIOLATED)
   if_stage_inst/btb_inst/btb_reg[7][TAG][11]/D
                                0.66           1.39 r        -0.74  (VIOLATED)
   if_stage_inst/btb_inst/btb_reg[7][TAG][12]/D
                                0.66           1.39 r        -0.74  (VIOLATED)
   if_stage_inst/btb_inst/btb_reg[7][TAG][13]/D
                                0.66           1.39 r        -0.74  (VIOLATED)
   if_stage_inst/btb_inst/btb_reg[7][TAG][14]/D
                                0.66           1.39 r        -0.74  (VIOLATED)
   if_stage_inst/btb_inst/btb_reg[7][TAG][15]/D
                                0.66           1.39 r        -0.74  (VIOLATED)
   if_stage_inst/btb_inst/btb_reg[7][TAG][16]/D
                                0.66           1.39 r        -0.74  (VIOLATED)
   if_stage_inst/btb_inst/btb_reg[7][TAG][17]/D
                                0.66           1.39 r        -0.74  (VIOLATED)
   if_stage_inst/btb_inst/btb_reg[7][TAG][18]/D
                                0.66           1.39 r        -0.74  (VIOLATED)
   if_stage_inst/btb_inst/btb_reg[7][TAG][19]/D
                                0.66           1.39 r        -0.74  (VIOLATED)
   if_stage_inst/btb_inst/btb_reg[7][TAG][20]/D
                                0.66           1.39 r        -0.74  (VIOLATED)
   if_stage_inst/btb_inst/btb_reg[7][TAG][21]/D
                                0.66           1.39 r        -0.74  (VIOLATED)
   if_stage_inst/btb_inst/btb_reg[7][TAG][22]/D
                                0.66           1.39 r        -0.74  (VIOLATED)
   if_stage_inst/btb_inst/btb_reg[7][TAG][24]/D
                                0.66           1.39 r        -0.74  (VIOLATED)
   if_stage_inst/btb_inst/btb_reg[7][TAG][25]/D
                                0.66           1.39 r        -0.74  (VIOLATED)
   if_stage_inst/btb_inst/btb_reg[7][TARGET][1]/D
                                0.66           1.39 r        -0.74  (VIOLATED)
   if_stage_inst/btb_inst/btb_reg[7][TARGET][3]/D
                                0.66           1.39 r        -0.74  (VIOLATED)
   if_stage_inst/btb_inst/btb_reg[7][TARGET][9]/D
                                0.66           1.39 r        -0.74  (VIOLATED)
   if_stage_inst/btb_inst/btb_reg[8][TAG][0]/D
                                0.66           1.39 r        -0.74  (VIOLATED)
   if_stage_inst/btb_inst/btb_reg[8][TAG][2]/D
                                0.66           1.39 r        -0.74  (VIOLATED)
   if_stage_inst/btb_inst/btb_reg[8][TAG][3]/D
                                0.66           1.39 r        -0.74  (VIOLATED)
   if_stage_inst/btb_inst/btb_reg[8][TAG][4]/D
                                0.66           1.39 r        -0.74  (VIOLATED)
   if_stage_inst/btb_inst/btb_reg[8][TAG][7]/D
                                0.66           1.39 r        -0.74  (VIOLATED)
   if_stage_inst/btb_inst/btb_reg[8][TAG][8]/D
                                0.66           1.39 r        -0.74  (VIOLATED)
   if_stage_inst/btb_inst/btb_reg[8][TAG][9]/D
                                0.66           1.39 r        -0.74  (VIOLATED)
   if_stage_inst/btb_inst/btb_reg[8][TAG][10]/D
                                0.66           1.39 r        -0.74  (VIOLATED)
   if_stage_inst/btb_inst/btb_reg[8][TAG][11]/D
                                0.66           1.39 r        -0.74  (VIOLATED)
   if_stage_inst/btb_inst/btb_reg[8][TAG][12]/D
                                0.66           1.39 r        -0.74  (VIOLATED)
   if_stage_inst/btb_inst/btb_reg[8][TAG][13]/D
                                0.66           1.39 r        -0.74  (VIOLATED)
   if_stage_inst/btb_inst/btb_reg[8][TAG][14]/D
                                0.66           1.39 r        -0.74  (VIOLATED)
   if_stage_inst/btb_inst/btb_reg[8][TAG][15]/D
                                0.66           1.39 r        -0.74  (VIOLATED)
   if_stage_inst/btb_inst/btb_reg[8][TAG][16]/D
                                0.66           1.39 r        -0.74  (VIOLATED)
   if_stage_inst/btb_inst/btb_reg[8][TAG][17]/D
                                0.66           1.39 r        -0.74  (VIOLATED)
   if_stage_inst/btb_inst/btb_reg[8][TAG][18]/D
                                0.66           1.39 r        -0.74  (VIOLATED)
   if_stage_inst/btb_inst/btb_reg[8][TAG][19]/D
                                0.66           1.39 r        -0.74  (VIOLATED)
   if_stage_inst/btb_inst/btb_reg[8][TAG][20]/D
                                0.66           1.39 r        -0.74  (VIOLATED)
   if_stage_inst/btb_inst/btb_reg[8][TAG][21]/D
                                0.66           1.39 r        -0.74  (VIOLATED)
   if_stage_inst/btb_inst/btb_reg[8][TAG][22]/D
                                0.66           1.39 r        -0.74  (VIOLATED)
   if_stage_inst/btb_inst/btb_reg[8][TAG][24]/D
                                0.66           1.39 r        -0.74  (VIOLATED)
   if_stage_inst/btb_inst/btb_reg[8][TAG][25]/D
                                0.66           1.39 r        -0.74  (VIOLATED)
   if_stage_inst/btb_inst/btb_reg[8][TARGET][1]/D
                                0.66           1.39 r        -0.74  (VIOLATED)
   if_stage_inst/btb_inst/btb_reg[8][TARGET][3]/D
                                0.66           1.39 r        -0.74  (VIOLATED)
   if_stage_inst/btb_inst/btb_reg[8][TARGET][9]/D
                                0.66           1.39 r        -0.74  (VIOLATED)
   if_stage_inst/btb_inst/btb_reg[9][TAG][0]/D
                                0.66           1.39 r        -0.74  (VIOLATED)
   if_stage_inst/btb_inst/btb_reg[9][TAG][2]/D
                                0.66           1.39 r        -0.74  (VIOLATED)
   if_stage_inst/btb_inst/btb_reg[9][TAG][3]/D
                                0.66           1.39 r        -0.74  (VIOLATED)
   if_stage_inst/btb_inst/btb_reg[9][TAG][4]/D
                                0.66           1.39 r        -0.74  (VIOLATED)
   if_stage_inst/btb_inst/btb_reg[9][TAG][7]/D
                                0.66           1.39 r        -0.74  (VIOLATED)
   if_stage_inst/btb_inst/btb_reg[9][TAG][8]/D
                                0.66           1.39 r        -0.74  (VIOLATED)
   if_stage_inst/btb_inst/btb_reg[9][TAG][9]/D
                                0.66           1.39 r        -0.74  (VIOLATED)
   if_stage_inst/btb_inst/btb_reg[9][TAG][10]/D
                                0.66           1.39 r        -0.74  (VIOLATED)
   if_stage_inst/btb_inst/btb_reg[9][TAG][11]/D
                                0.66           1.39 r        -0.74  (VIOLATED)
   if_stage_inst/btb_inst/btb_reg[9][TAG][12]/D
                                0.66           1.39 r        -0.74  (VIOLATED)
   if_stage_inst/btb_inst/btb_reg[9][TAG][13]/D
                                0.66           1.39 r        -0.74  (VIOLATED)
   if_stage_inst/btb_inst/btb_reg[9][TAG][14]/D
                                0.66           1.39 r        -0.74  (VIOLATED)
   if_stage_inst/btb_inst/btb_reg[9][TAG][15]/D
                                0.66           1.39 r        -0.74  (VIOLATED)
   if_stage_inst/btb_inst/btb_reg[9][TAG][16]/D
                                0.66           1.39 r        -0.74  (VIOLATED)
   if_stage_inst/btb_inst/btb_reg[9][TAG][17]/D
                                0.66           1.39 r        -0.74  (VIOLATED)
   if_stage_inst/btb_inst/btb_reg[9][TAG][18]/D
                                0.66           1.39 r        -0.74  (VIOLATED)
   if_stage_inst/btb_inst/btb_reg[9][TAG][19]/D
                                0.66           1.39 r        -0.74  (VIOLATED)
   if_stage_inst/btb_inst/btb_reg[9][TAG][20]/D
                                0.66           1.39 r        -0.74  (VIOLATED)
   if_stage_inst/btb_inst/btb_reg[9][TAG][21]/D
                                0.66           1.39 r        -0.74  (VIOLATED)
   if_stage_inst/btb_inst/btb_reg[9][TAG][22]/D
                                0.66           1.39 r        -0.74  (VIOLATED)
   if_stage_inst/btb_inst/btb_reg[9][TAG][24]/D
                                0.66           1.39 r        -0.74  (VIOLATED)
   if_stage_inst/btb_inst/btb_reg[9][TAG][25]/D
                                0.66           1.39 r        -0.74  (VIOLATED)
   if_stage_inst/btb_inst/btb_reg[9][TARGET][1]/D
                                0.66           1.39 r        -0.74  (VIOLATED)
   if_stage_inst/btb_inst/btb_reg[9][TARGET][3]/D
                                0.66           1.39 r        -0.74  (VIOLATED)
   if_stage_inst/btb_inst/btb_reg[9][TARGET][9]/D
                                0.66           1.39 r        -0.74  (VIOLATED)
   if_stage_inst/btb_inst/btb_reg[10][TAG][0]/D
                                0.66           1.39 r        -0.74  (VIOLATED)
   if_stage_inst/btb_inst/btb_reg[10][TAG][2]/D
                                0.66           1.39 r        -0.74  (VIOLATED)
   if_stage_inst/btb_inst/btb_reg[10][TAG][3]/D
                                0.66           1.39 r        -0.74  (VIOLATED)
   if_stage_inst/btb_inst/btb_reg[10][TAG][4]/D
                                0.66           1.39 r        -0.74  (VIOLATED)
   if_stage_inst/btb_inst/btb_reg[10][TAG][7]/D
                                0.66           1.39 r        -0.74  (VIOLATED)
   if_stage_inst/btb_inst/btb_reg[10][TAG][8]/D
                                0.66           1.39 r        -0.74  (VIOLATED)
   if_stage_inst/btb_inst/btb_reg[10][TAG][9]/D
                                0.66           1.39 r        -0.74  (VIOLATED)
   if_stage_inst/btb_inst/btb_reg[10][TAG][10]/D
                                0.66           1.39 r        -0.74  (VIOLATED)
   if_stage_inst/btb_inst/btb_reg[10][TAG][11]/D
                                0.66           1.39 r        -0.74  (VIOLATED)
   if_stage_inst/btb_inst/btb_reg[10][TAG][12]/D
                                0.66           1.39 r        -0.74  (VIOLATED)
   if_stage_inst/btb_inst/btb_reg[10][TAG][13]/D
                                0.66           1.39 r        -0.74  (VIOLATED)
   if_stage_inst/btb_inst/btb_reg[10][TAG][14]/D
                                0.66           1.39 r        -0.74  (VIOLATED)
   if_stage_inst/btb_inst/btb_reg[10][TAG][15]/D
                                0.66           1.39 r        -0.74  (VIOLATED)
   if_stage_inst/btb_inst/btb_reg[10][TAG][16]/D
                                0.66           1.39 r        -0.74  (VIOLATED)
   if_stage_inst/btb_inst/btb_reg[10][TAG][17]/D
                                0.66           1.39 r        -0.74  (VIOLATED)
   if_stage_inst/btb_inst/btb_reg[10][TAG][18]/D
                                0.66           1.39 r        -0.74  (VIOLATED)
   if_stage_inst/btb_inst/btb_reg[10][TAG][19]/D
                                0.66           1.39 r        -0.74  (VIOLATED)
   if_stage_inst/btb_inst/btb_reg[10][TAG][20]/D
                                0.66           1.39 r        -0.74  (VIOLATED)
   if_stage_inst/btb_inst/btb_reg[10][TAG][21]/D
                                0.66           1.39 r        -0.74  (VIOLATED)
   if_stage_inst/btb_inst/btb_reg[10][TAG][22]/D
                                0.66           1.39 r        -0.74  (VIOLATED)
   if_stage_inst/btb_inst/btb_reg[10][TAG][24]/D
                                0.66           1.39 r        -0.74  (VIOLATED)
   if_stage_inst/btb_inst/btb_reg[10][TAG][25]/D
                                0.66           1.39 r        -0.74  (VIOLATED)
   if_stage_inst/btb_inst/btb_reg[10][TARGET][1]/D
                                0.66           1.39 r        -0.74  (VIOLATED)
   if_stage_inst/btb_inst/btb_reg[10][TARGET][3]/D
                                0.66           1.39 r        -0.74  (VIOLATED)
   if_stage_inst/btb_inst/btb_reg[10][TARGET][9]/D
                                0.66           1.39 r        -0.74  (VIOLATED)
   if_stage_inst/btb_inst/btb_reg[11][TAG][0]/D
                                0.66           1.39 r        -0.74  (VIOLATED)
   if_stage_inst/btb_inst/btb_reg[11][TAG][2]/D
                                0.66           1.39 r        -0.74  (VIOLATED)
   if_stage_inst/btb_inst/btb_reg[11][TAG][3]/D
                                0.66           1.39 r        -0.74  (VIOLATED)
   if_stage_inst/btb_inst/btb_reg[11][TAG][4]/D
                                0.66           1.39 r        -0.74  (VIOLATED)
   if_stage_inst/btb_inst/btb_reg[11][TAG][7]/D
                                0.66           1.39 r        -0.74  (VIOLATED)
   if_stage_inst/btb_inst/btb_reg[11][TAG][8]/D
                                0.66           1.39 r        -0.74  (VIOLATED)
   if_stage_inst/btb_inst/btb_reg[11][TAG][9]/D
                                0.66           1.39 r        -0.74  (VIOLATED)
   if_stage_inst/btb_inst/btb_reg[11][TAG][10]/D
                                0.66           1.39 r        -0.74  (VIOLATED)
   if_stage_inst/btb_inst/btb_reg[11][TAG][11]/D
                                0.66           1.39 r        -0.74  (VIOLATED)
   if_stage_inst/btb_inst/btb_reg[11][TAG][12]/D
                                0.66           1.39 r        -0.74  (VIOLATED)
   if_stage_inst/btb_inst/btb_reg[11][TAG][13]/D
                                0.66           1.39 r        -0.74  (VIOLATED)
   if_stage_inst/btb_inst/btb_reg[11][TAG][14]/D
                                0.66           1.39 r        -0.74  (VIOLATED)
   if_stage_inst/btb_inst/btb_reg[11][TAG][15]/D
                                0.66           1.39 r        -0.74  (VIOLATED)
   if_stage_inst/btb_inst/btb_reg[11][TAG][16]/D
                                0.66           1.39 r        -0.74  (VIOLATED)
   if_stage_inst/btb_inst/btb_reg[11][TAG][17]/D
                                0.66           1.39 r        -0.74  (VIOLATED)
   if_stage_inst/btb_inst/btb_reg[11][TAG][18]/D
                                0.66           1.39 r        -0.74  (VIOLATED)
   if_stage_inst/btb_inst/btb_reg[11][TAG][19]/D
                                0.66           1.39 r        -0.74  (VIOLATED)
   if_stage_inst/btb_inst/btb_reg[11][TAG][20]/D
                                0.66           1.39 r        -0.74  (VIOLATED)
   if_stage_inst/btb_inst/btb_reg[11][TAG][21]/D
                                0.66           1.39 r        -0.74  (VIOLATED)
   if_stage_inst/btb_inst/btb_reg[11][TAG][22]/D
                                0.66           1.39 r        -0.74  (VIOLATED)
   if_stage_inst/btb_inst/btb_reg[11][TAG][24]/D
                                0.66           1.39 r        -0.74  (VIOLATED)
   if_stage_inst/btb_inst/btb_reg[11][TAG][25]/D
                                0.66           1.39 r        -0.74  (VIOLATED)
   if_stage_inst/btb_inst/btb_reg[11][TARGET][1]/D
                                0.66           1.39 r        -0.74  (VIOLATED)
   if_stage_inst/btb_inst/btb_reg[11][TARGET][3]/D
                                0.66           1.39 r        -0.74  (VIOLATED)
   if_stage_inst/btb_inst/btb_reg[11][TARGET][9]/D
                                0.66           1.39 r        -0.74  (VIOLATED)
   if_stage_inst/btb_inst/btb_reg[12][TAG][0]/D
                                0.66           1.39 r        -0.74  (VIOLATED)
   if_stage_inst/btb_inst/btb_reg[12][TAG][2]/D
                                0.66           1.39 r        -0.74  (VIOLATED)
   if_stage_inst/btb_inst/btb_reg[12][TAG][3]/D
                                0.66           1.39 r        -0.74  (VIOLATED)
   if_stage_inst/btb_inst/btb_reg[12][TAG][4]/D
                                0.66           1.39 r        -0.74  (VIOLATED)
   if_stage_inst/btb_inst/btb_reg[12][TAG][7]/D
                                0.66           1.39 r        -0.74  (VIOLATED)
   if_stage_inst/btb_inst/btb_reg[12][TAG][8]/D
                                0.66           1.39 r        -0.74  (VIOLATED)
   if_stage_inst/btb_inst/btb_reg[12][TAG][9]/D
                                0.66           1.39 r        -0.74  (VIOLATED)
   if_stage_inst/btb_inst/btb_reg[12][TAG][10]/D
                                0.66           1.39 r        -0.74  (VIOLATED)
   if_stage_inst/btb_inst/btb_reg[12][TAG][11]/D
                                0.66           1.39 r        -0.74  (VIOLATED)
   if_stage_inst/btb_inst/btb_reg[12][TAG][12]/D
                                0.66           1.39 r        -0.74  (VIOLATED)
   if_stage_inst/btb_inst/btb_reg[12][TAG][13]/D
                                0.66           1.39 r        -0.74  (VIOLATED)
   if_stage_inst/btb_inst/btb_reg[12][TAG][14]/D
                                0.66           1.39 r        -0.74  (VIOLATED)
   if_stage_inst/btb_inst/btb_reg[12][TAG][15]/D
                                0.66           1.39 r        -0.74  (VIOLATED)
   if_stage_inst/btb_inst/btb_reg[12][TAG][16]/D
                                0.66           1.39 r        -0.74  (VIOLATED)
   if_stage_inst/btb_inst/btb_reg[12][TAG][17]/D
                                0.66           1.39 r        -0.74  (VIOLATED)
   if_stage_inst/btb_inst/btb_reg[12][TAG][18]/D
                                0.66           1.39 r        -0.74  (VIOLATED)
   if_stage_inst/btb_inst/btb_reg[12][TAG][19]/D
                                0.66           1.39 r        -0.74  (VIOLATED)
   if_stage_inst/btb_inst/btb_reg[12][TAG][20]/D
                                0.66           1.39 r        -0.74  (VIOLATED)
   if_stage_inst/btb_inst/btb_reg[12][TAG][21]/D
                                0.66           1.39 r        -0.74  (VIOLATED)
   if_stage_inst/btb_inst/btb_reg[12][TAG][22]/D
                                0.66           1.39 r        -0.74  (VIOLATED)
   if_stage_inst/btb_inst/btb_reg[12][TAG][24]/D
                                0.66           1.39 r        -0.74  (VIOLATED)
   if_stage_inst/btb_inst/btb_reg[12][TAG][25]/D
                                0.66           1.39 r        -0.74  (VIOLATED)
   if_stage_inst/btb_inst/btb_reg[12][TARGET][1]/D
                                0.66           1.39 r        -0.74  (VIOLATED)
   if_stage_inst/btb_inst/btb_reg[12][TARGET][3]/D
                                0.66           1.39 r        -0.74  (VIOLATED)
   if_stage_inst/btb_inst/btb_reg[12][TARGET][9]/D
                                0.66           1.39 r        -0.74  (VIOLATED)
   if_stage_inst/btb_inst/btb_reg[13][TAG][0]/D
                                0.66           1.39 r        -0.74  (VIOLATED)
   if_stage_inst/btb_inst/btb_reg[13][TAG][2]/D
                                0.66           1.39 r        -0.74  (VIOLATED)
   if_stage_inst/btb_inst/btb_reg[13][TAG][3]/D
                                0.66           1.39 r        -0.74  (VIOLATED)
   if_stage_inst/btb_inst/btb_reg[13][TAG][4]/D
                                0.66           1.39 r        -0.74  (VIOLATED)
   if_stage_inst/btb_inst/btb_reg[13][TAG][7]/D
                                0.66           1.39 r        -0.74  (VIOLATED)
   if_stage_inst/btb_inst/btb_reg[13][TAG][8]/D
                                0.66           1.39 r        -0.74  (VIOLATED)
   if_stage_inst/btb_inst/btb_reg[13][TAG][9]/D
                                0.66           1.39 r        -0.74  (VIOLATED)
   if_stage_inst/btb_inst/btb_reg[13][TAG][10]/D
                                0.66           1.39 r        -0.74  (VIOLATED)
   if_stage_inst/btb_inst/btb_reg[13][TAG][11]/D
                                0.66           1.39 r        -0.74  (VIOLATED)
   if_stage_inst/btb_inst/btb_reg[13][TAG][12]/D
                                0.66           1.39 r        -0.74  (VIOLATED)
   if_stage_inst/btb_inst/btb_reg[13][TAG][13]/D
                                0.66           1.39 r        -0.74  (VIOLATED)
   if_stage_inst/btb_inst/btb_reg[13][TAG][14]/D
                                0.66           1.39 r        -0.74  (VIOLATED)
   if_stage_inst/btb_inst/btb_reg[13][TAG][15]/D
                                0.66           1.39 r        -0.74  (VIOLATED)
   if_stage_inst/btb_inst/btb_reg[13][TAG][16]/D
                                0.66           1.39 r        -0.74  (VIOLATED)
   if_stage_inst/btb_inst/btb_reg[13][TAG][17]/D
                                0.66           1.39 r        -0.74  (VIOLATED)
   if_stage_inst/btb_inst/btb_reg[13][TAG][18]/D
                                0.66           1.39 r        -0.74  (VIOLATED)
   if_stage_inst/btb_inst/btb_reg[13][TAG][19]/D
                                0.66           1.39 r        -0.74  (VIOLATED)
   if_stage_inst/btb_inst/btb_reg[13][TAG][20]/D
                                0.66           1.39 r        -0.74  (VIOLATED)
   if_stage_inst/btb_inst/btb_reg[13][TAG][21]/D
                                0.66           1.39 r        -0.74  (VIOLATED)
   if_stage_inst/btb_inst/btb_reg[13][TAG][22]/D
                                0.66           1.39 r        -0.74  (VIOLATED)
   if_stage_inst/btb_inst/btb_reg[13][TAG][24]/D
                                0.66           1.39 r        -0.74  (VIOLATED)
   if_stage_inst/btb_inst/btb_reg[13][TAG][25]/D
                                0.66           1.39 r        -0.74  (VIOLATED)
   if_stage_inst/btb_inst/btb_reg[13][TARGET][1]/D
                                0.66           1.39 r        -0.74  (VIOLATED)
   if_stage_inst/btb_inst/btb_reg[13][TARGET][3]/D
                                0.66           1.39 r        -0.74  (VIOLATED)
   if_stage_inst/btb_inst/btb_reg[13][TARGET][9]/D
                                0.66           1.39 r        -0.74  (VIOLATED)
   if_stage_inst/btb_inst/btb_reg[14][TAG][0]/D
                                0.66           1.39 r        -0.74  (VIOLATED)
   if_stage_inst/btb_inst/btb_reg[14][TAG][2]/D
                                0.66           1.39 r        -0.74  (VIOLATED)
   if_stage_inst/btb_inst/btb_reg[14][TAG][3]/D
                                0.66           1.39 r        -0.74  (VIOLATED)
   if_stage_inst/btb_inst/btb_reg[14][TAG][4]/D
                                0.66           1.39 r        -0.74  (VIOLATED)
   if_stage_inst/btb_inst/btb_reg[14][TAG][7]/D
                                0.66           1.39 r        -0.74  (VIOLATED)
   if_stage_inst/btb_inst/btb_reg[14][TAG][8]/D
                                0.66           1.39 r        -0.74  (VIOLATED)
   if_stage_inst/btb_inst/btb_reg[14][TAG][9]/D
                                0.66           1.39 r        -0.74  (VIOLATED)
   if_stage_inst/btb_inst/btb_reg[14][TAG][10]/D
                                0.66           1.39 r        -0.74  (VIOLATED)
   if_stage_inst/btb_inst/btb_reg[14][TAG][11]/D
                                0.66           1.39 r        -0.74  (VIOLATED)
   if_stage_inst/btb_inst/btb_reg[14][TAG][12]/D
                                0.66           1.39 r        -0.74  (VIOLATED)
   if_stage_inst/btb_inst/btb_reg[14][TAG][13]/D
                                0.66           1.39 r        -0.74  (VIOLATED)
   if_stage_inst/btb_inst/btb_reg[14][TAG][14]/D
                                0.66           1.39 r        -0.74  (VIOLATED)
   if_stage_inst/btb_inst/btb_reg[14][TAG][15]/D
                                0.66           1.39 r        -0.74  (VIOLATED)
   if_stage_inst/btb_inst/btb_reg[14][TAG][16]/D
                                0.66           1.39 r        -0.74  (VIOLATED)
   if_stage_inst/btb_inst/btb_reg[14][TAG][17]/D
                                0.66           1.39 r        -0.74  (VIOLATED)
   if_stage_inst/btb_inst/btb_reg[14][TAG][18]/D
                                0.66           1.39 r        -0.74  (VIOLATED)
   if_stage_inst/btb_inst/btb_reg[14][TAG][19]/D
                                0.66           1.39 r        -0.74  (VIOLATED)
   if_stage_inst/btb_inst/btb_reg[14][TAG][20]/D
                                0.66           1.39 r        -0.74  (VIOLATED)
   if_stage_inst/btb_inst/btb_reg[14][TAG][21]/D
                                0.66           1.39 r        -0.74  (VIOLATED)
   if_stage_inst/btb_inst/btb_reg[14][TAG][22]/D
                                0.66           1.39 r        -0.74  (VIOLATED)
   if_stage_inst/btb_inst/btb_reg[14][TAG][24]/D
                                0.66           1.39 r        -0.74  (VIOLATED)
   if_stage_inst/btb_inst/btb_reg[14][TAG][25]/D
                                0.66           1.39 r        -0.74  (VIOLATED)
   if_stage_inst/btb_inst/btb_reg[14][TARGET][1]/D
                                0.66           1.39 r        -0.74  (VIOLATED)
   if_stage_inst/btb_inst/btb_reg[14][TARGET][3]/D
                                0.66           1.39 r        -0.74  (VIOLATED)
   if_stage_inst/btb_inst/btb_reg[14][TARGET][9]/D
                                0.66           1.39 r        -0.74  (VIOLATED)
   if_stage_inst/btb_inst/btb_reg[15][TAG][0]/D
                                0.66           1.39 r        -0.74  (VIOLATED)
   if_stage_inst/btb_inst/btb_reg[15][TAG][2]/D
                                0.66           1.39 r        -0.74  (VIOLATED)
   if_stage_inst/btb_inst/btb_reg[15][TAG][3]/D
                                0.66           1.39 r        -0.74  (VIOLATED)
   if_stage_inst/btb_inst/btb_reg[15][TAG][4]/D
                                0.66           1.39 r        -0.74  (VIOLATED)
   if_stage_inst/btb_inst/btb_reg[15][TAG][7]/D
                                0.66           1.39 r        -0.74  (VIOLATED)
   if_stage_inst/btb_inst/btb_reg[15][TAG][8]/D
                                0.66           1.39 r        -0.74  (VIOLATED)
   if_stage_inst/btb_inst/btb_reg[15][TAG][9]/D
                                0.66           1.39 r        -0.74  (VIOLATED)
   if_stage_inst/btb_inst/btb_reg[15][TAG][10]/D
                                0.66           1.39 r        -0.74  (VIOLATED)
   if_stage_inst/btb_inst/btb_reg[15][TAG][11]/D
                                0.66           1.39 r        -0.74  (VIOLATED)
   if_stage_inst/btb_inst/btb_reg[15][TAG][12]/D
                                0.66           1.39 r        -0.74  (VIOLATED)
   if_stage_inst/btb_inst/btb_reg[15][TAG][13]/D
                                0.66           1.39 r        -0.74  (VIOLATED)
   if_stage_inst/btb_inst/btb_reg[15][TAG][14]/D
                                0.66           1.39 r        -0.74  (VIOLATED)
   if_stage_inst/btb_inst/btb_reg[15][TAG][15]/D
                                0.66           1.39 r        -0.74  (VIOLATED)
   if_stage_inst/btb_inst/btb_reg[15][TAG][16]/D
                                0.66           1.39 r        -0.74  (VIOLATED)
   if_stage_inst/btb_inst/btb_reg[15][TAG][17]/D
                                0.66           1.39 r        -0.74  (VIOLATED)
   if_stage_inst/btb_inst/btb_reg[15][TAG][18]/D
                                0.66           1.39 r        -0.74  (VIOLATED)
   if_stage_inst/btb_inst/btb_reg[15][TAG][19]/D
                                0.66           1.39 r        -0.74  (VIOLATED)
   if_stage_inst/btb_inst/btb_reg[15][TAG][20]/D
                                0.66           1.39 r        -0.74  (VIOLATED)
   if_stage_inst/btb_inst/btb_reg[15][TAG][21]/D
                                0.66           1.39 r        -0.74  (VIOLATED)
   if_stage_inst/btb_inst/btb_reg[15][TAG][22]/D
                                0.66           1.39 r        -0.74  (VIOLATED)
   if_stage_inst/btb_inst/btb_reg[15][TAG][24]/D
                                0.66           1.39 r        -0.74  (VIOLATED)
   if_stage_inst/btb_inst/btb_reg[15][TAG][25]/D
                                0.66           1.39 r        -0.74  (VIOLATED)
   if_stage_inst/btb_inst/btb_reg[15][TARGET][1]/D
                                0.66           1.39 r        -0.74  (VIOLATED)
   if_stage_inst/btb_inst/btb_reg[15][TARGET][3]/D
                                0.66           1.39 r        -0.74  (VIOLATED)
   if_stage_inst/btb_inst/btb_reg[15][TARGET][9]/D
                                0.66           1.39 r        -0.74  (VIOLATED)
   if_stage_inst/btb_inst/btb_reg[0][TAG][1]/D
                                0.66           1.39 r        -0.74  (VIOLATED)
   if_stage_inst/btb_inst/btb_reg[0][TAG][5]/D
                                0.66           1.39 r        -0.74  (VIOLATED)
   if_stage_inst/btb_inst/btb_reg[0][TAG][6]/D
                                0.66           1.39 r        -0.74  (VIOLATED)
   if_stage_inst/btb_inst/btb_reg[0][TAG][23]/D
                                0.66           1.39 r        -0.74  (VIOLATED)
   if_stage_inst/btb_inst/btb_reg[1][TAG][1]/D
                                0.66           1.39 r        -0.74  (VIOLATED)
   if_stage_inst/btb_inst/btb_reg[1][TAG][5]/D
                                0.66           1.39 r        -0.74  (VIOLATED)
   if_stage_inst/btb_inst/btb_reg[1][TAG][6]/D
                                0.66           1.39 r        -0.74  (VIOLATED)
   if_stage_inst/btb_inst/btb_reg[1][TAG][23]/D
                                0.66           1.39 r        -0.74  (VIOLATED)
   if_stage_inst/btb_inst/btb_reg[2][TAG][1]/D
                                0.66           1.39 r        -0.74  (VIOLATED)
   if_stage_inst/btb_inst/btb_reg[2][TAG][5]/D
                                0.66           1.39 r        -0.74  (VIOLATED)
   if_stage_inst/btb_inst/btb_reg[2][TAG][6]/D
                                0.66           1.39 r        -0.74  (VIOLATED)
   if_stage_inst/btb_inst/btb_reg[2][TAG][23]/D
                                0.66           1.39 r        -0.74  (VIOLATED)
   if_stage_inst/btb_inst/btb_reg[3][TAG][1]/D
                                0.66           1.39 r        -0.74  (VIOLATED)
   if_stage_inst/btb_inst/btb_reg[3][TAG][5]/D
                                0.66           1.39 r        -0.74  (VIOLATED)
   if_stage_inst/btb_inst/btb_reg[3][TAG][6]/D
                                0.66           1.39 r        -0.74  (VIOLATED)
   if_stage_inst/btb_inst/btb_reg[3][TAG][23]/D
                                0.66           1.39 r        -0.74  (VIOLATED)
   if_stage_inst/btb_inst/btb_reg[4][TAG][1]/D
                                0.66           1.39 r        -0.74  (VIOLATED)
   if_stage_inst/btb_inst/btb_reg[4][TAG][5]/D
                                0.66           1.39 r        -0.74  (VIOLATED)
   if_stage_inst/btb_inst/btb_reg[4][TAG][6]/D
                                0.66           1.39 r        -0.74  (VIOLATED)
   if_stage_inst/btb_inst/btb_reg[4][TAG][23]/D
                                0.66           1.39 r        -0.74  (VIOLATED)
   if_stage_inst/btb_inst/btb_reg[5][TAG][1]/D
                                0.66           1.39 r        -0.74  (VIOLATED)
   if_stage_inst/btb_inst/btb_reg[5][TAG][5]/D
                                0.66           1.39 r        -0.74  (VIOLATED)
   if_stage_inst/btb_inst/btb_reg[5][TAG][6]/D
                                0.66           1.39 r        -0.74  (VIOLATED)
   if_stage_inst/btb_inst/btb_reg[5][TAG][23]/D
                                0.66           1.39 r        -0.74  (VIOLATED)
   if_stage_inst/btb_inst/btb_reg[6][TAG][1]/D
                                0.66           1.39 r        -0.74  (VIOLATED)
   if_stage_inst/btb_inst/btb_reg[6][TAG][5]/D
                                0.66           1.39 r        -0.74  (VIOLATED)
   if_stage_inst/btb_inst/btb_reg[6][TAG][6]/D
                                0.66           1.39 r        -0.74  (VIOLATED)
   if_stage_inst/btb_inst/btb_reg[6][TAG][23]/D
                                0.66           1.39 r        -0.74  (VIOLATED)
   if_stage_inst/btb_inst/btb_reg[7][TAG][1]/D
                                0.66           1.39 r        -0.74  (VIOLATED)
   if_stage_inst/btb_inst/btb_reg[7][TAG][5]/D
                                0.66           1.39 r        -0.74  (VIOLATED)
   if_stage_inst/btb_inst/btb_reg[7][TAG][6]/D
                                0.66           1.39 r        -0.74  (VIOLATED)
   if_stage_inst/btb_inst/btb_reg[7][TAG][23]/D
                                0.66           1.39 r        -0.74  (VIOLATED)
   if_stage_inst/btb_inst/btb_reg[8][TAG][5]/D
                                0.66           1.39 r        -0.74  (VIOLATED)
   if_stage_inst/btb_inst/btb_reg[8][TAG][6]/D
                                0.66           1.39 r        -0.74  (VIOLATED)
   if_stage_inst/btb_inst/btb_reg[9][TAG][1]/D
                                0.66           1.39 r        -0.74  (VIOLATED)
   if_stage_inst/btb_inst/btb_reg[9][TAG][5]/D
                                0.66           1.39 r        -0.74  (VIOLATED)
   if_stage_inst/btb_inst/btb_reg[9][TAG][6]/D
                                0.66           1.39 r        -0.74  (VIOLATED)
   if_stage_inst/btb_inst/btb_reg[9][TAG][23]/D
                                0.66           1.39 r        -0.74  (VIOLATED)
   if_stage_inst/btb_inst/btb_reg[10][TAG][1]/D
                                0.66           1.39 r        -0.74  (VIOLATED)
   if_stage_inst/btb_inst/btb_reg[10][TAG][5]/D
                                0.66           1.39 r        -0.74  (VIOLATED)
   if_stage_inst/btb_inst/btb_reg[10][TAG][6]/D
                                0.66           1.39 r        -0.74  (VIOLATED)
   if_stage_inst/btb_inst/btb_reg[10][TAG][23]/D
                                0.66           1.39 r        -0.74  (VIOLATED)
   if_stage_inst/btb_inst/btb_reg[11][TAG][1]/D
                                0.66           1.39 r        -0.74  (VIOLATED)
   if_stage_inst/btb_inst/btb_reg[11][TAG][5]/D
                                0.66           1.39 r        -0.74  (VIOLATED)
   if_stage_inst/btb_inst/btb_reg[11][TAG][6]/D
                                0.66           1.39 r        -0.74  (VIOLATED)
   if_stage_inst/btb_inst/btb_reg[11][TAG][23]/D
                                0.66           1.39 r        -0.74  (VIOLATED)
   if_stage_inst/btb_inst/btb_reg[12][TAG][1]/D
                                0.66           1.39 r        -0.74  (VIOLATED)
   if_stage_inst/btb_inst/btb_reg[12][TAG][5]/D
                                0.66           1.39 r        -0.74  (VIOLATED)
   if_stage_inst/btb_inst/btb_reg[12][TAG][6]/D
                                0.66           1.39 r        -0.74  (VIOLATED)
   if_stage_inst/btb_inst/btb_reg[12][TAG][23]/D
                                0.66           1.39 r        -0.74  (VIOLATED)
   if_stage_inst/btb_inst/btb_reg[13][TAG][1]/D
                                0.66           1.39 r        -0.74  (VIOLATED)
   if_stage_inst/btb_inst/btb_reg[13][TAG][5]/D
                                0.66           1.39 r        -0.74  (VIOLATED)
   if_stage_inst/btb_inst/btb_reg[13][TAG][6]/D
                                0.66           1.39 r        -0.74  (VIOLATED)
   if_stage_inst/btb_inst/btb_reg[13][TAG][23]/D
                                0.66           1.39 r        -0.74  (VIOLATED)
   if_stage_inst/btb_inst/btb_reg[14][TAG][1]/D
                                0.66           1.39 r        -0.74  (VIOLATED)
   if_stage_inst/btb_inst/btb_reg[14][TAG][5]/D
                                0.66           1.39 r        -0.74  (VIOLATED)
   if_stage_inst/btb_inst/btb_reg[14][TAG][6]/D
                                0.66           1.39 r        -0.74  (VIOLATED)
   if_stage_inst/btb_inst/btb_reg[14][TAG][23]/D
                                0.66           1.39 r        -0.74  (VIOLATED)
   if_stage_inst/btb_inst/btb_reg[15][TAG][1]/D
                                0.66           1.39 r        -0.74  (VIOLATED)
   if_stage_inst/btb_inst/btb_reg[15][TAG][23]/D
                                0.66           1.39 r        -0.74  (VIOLATED)
   if_stage_inst/btb_inst/btb_reg[8][TAG][1]/D
                                0.66           1.39 r        -0.74  (VIOLATED)
   if_stage_inst/btb_inst/btb_reg[8][TAG][23]/D
                                0.66           1.39 r        -0.74  (VIOLATED)
   if_stage_inst/btb_inst/btb_reg[15][TAG][5]/D
                                0.66           1.39 r        -0.74  (VIOLATED)
   if_stage_inst/btb_inst/btb_reg[15][TAG][6]/D
                                0.66           1.39 r        -0.74  (VIOLATED)
   ex_stage_inst/mult_pp_inst/tree_i/layer_4_r_reg[2][22]/D
                                0.66           1.39 f        -0.73  (VIOLATED)
   ex_stage_inst/mult_pp_inst/tree_i/layer_4_r_reg[1][6]/D
                                0.66           1.38 r        -0.72  (VIOLATED)
   ex_stage_inst/mult_pp_inst/tree_i/layer_4_r_reg[2][23]/D
                                0.67           1.37 r        -0.70  (VIOLATED)
   ex_stage_inst/mult_pp_inst/tree_i/layer_4_r_reg[3][23]/D
                                0.66           1.36 r        -0.70  (VIOLATED)
   hazard_unit_inst/status_table_reg[12][0]/D
                                0.66           1.35 f        -0.69  (VIOLATED)
   hazard_unit_inst/status_table_reg[12][1]/D
                                0.66           1.35 f        -0.69  (VIOLATED)
   hazard_unit_inst/status_table_reg[14][0]/D
                                0.66           1.35 f        -0.69  (VIOLATED)
   hazard_unit_inst/status_table_reg[14][1]/D
                                0.66           1.35 f        -0.69  (VIOLATED)
   hazard_unit_inst/status_table_reg[15][0]/D
                                0.66           1.35 f        -0.69  (VIOLATED)
   hazard_unit_inst/status_table_reg[15][1]/D
                                0.66           1.35 f        -0.69  (VIOLATED)
   hazard_unit_inst/status_table_reg[20][0]/D
                                0.66           1.35 f        -0.69  (VIOLATED)
   hazard_unit_inst/status_table_reg[20][1]/D
                                0.66           1.35 f        -0.69  (VIOLATED)
   hazard_unit_inst/status_table_reg[22][0]/D
                                0.66           1.35 f        -0.69  (VIOLATED)
   hazard_unit_inst/status_table_reg[22][1]/D
                                0.66           1.35 f        -0.69  (VIOLATED)
   hazard_unit_inst/status_table_reg[23][0]/D
                                0.66           1.35 f        -0.69  (VIOLATED)
   hazard_unit_inst/status_table_reg[23][1]/D
                                0.66           1.35 f        -0.69  (VIOLATED)
   hazard_unit_inst/status_table_reg[28][0]/D
                                0.66           1.35 f        -0.69  (VIOLATED)
   hazard_unit_inst/status_table_reg[28][1]/D
                                0.66           1.35 f        -0.69  (VIOLATED)
   hazard_unit_inst/status_table_reg[30][0]/D
                                0.66           1.35 f        -0.69  (VIOLATED)
   hazard_unit_inst/status_table_reg[30][1]/D
                                0.66           1.35 f        -0.69  (VIOLATED)
   hazard_unit_inst/status_table_reg[31][0]/D
                                0.66           1.35 f        -0.69  (VIOLATED)
   hazard_unit_inst/status_table_reg[31][1]/D
                                0.66           1.35 f        -0.69  (VIOLATED)
   hazard_unit_inst/status_table_reg[10][0]/D
                                0.66           1.35 f        -0.69  (VIOLATED)
   hazard_unit_inst/status_table_reg[10][1]/D
                                0.66           1.35 f        -0.69  (VIOLATED)
   hazard_unit_inst/status_table_reg[11][0]/D
                                0.66           1.35 f        -0.69  (VIOLATED)
   hazard_unit_inst/status_table_reg[11][1]/D
                                0.66           1.35 f        -0.69  (VIOLATED)
   hazard_unit_inst/status_table_reg[13][0]/D
                                0.66           1.35 f        -0.69  (VIOLATED)
   hazard_unit_inst/status_table_reg[13][1]/D
                                0.66           1.35 f        -0.69  (VIOLATED)
   hazard_unit_inst/status_table_reg[17][0]/D
                                0.66           1.35 f        -0.69  (VIOLATED)
   hazard_unit_inst/status_table_reg[17][1]/D
                                0.66           1.35 f        -0.69  (VIOLATED)
   hazard_unit_inst/status_table_reg[18][0]/D
                                0.66           1.35 f        -0.69  (VIOLATED)
   hazard_unit_inst/status_table_reg[18][1]/D
                                0.66           1.35 f        -0.69  (VIOLATED)
   hazard_unit_inst/status_table_reg[25][0]/D
                                0.66           1.35 f        -0.69  (VIOLATED)
   hazard_unit_inst/status_table_reg[25][1]/D
                                0.66           1.35 f        -0.69  (VIOLATED)
   hazard_unit_inst/status_table_reg[26][0]/D
                                0.66           1.35 f        -0.69  (VIOLATED)
   hazard_unit_inst/status_table_reg[26][1]/D
                                0.66           1.35 f        -0.69  (VIOLATED)
   hazard_unit_inst/status_table_reg[8][0]/D
                                0.66           1.35 f        -0.69  (VIOLATED)
   hazard_unit_inst/status_table_reg[8][1]/D
                                0.66           1.35 f        -0.69  (VIOLATED)
   hazard_unit_inst/status_table_reg[16][0]/D
                                0.66           1.35 f        -0.69  (VIOLATED)
   hazard_unit_inst/status_table_reg[16][1]/D
                                0.66           1.35 f        -0.69  (VIOLATED)
   hazard_unit_inst/status_table_reg[24][0]/D
                                0.66           1.35 f        -0.69  (VIOLATED)
   hazard_unit_inst/status_table_reg[24][1]/D
                                0.66           1.35 f        -0.69  (VIOLATED)
   hazard_unit_inst/status_table_reg[21][0]/D
                                0.66           1.35 f        -0.69  (VIOLATED)
   hazard_unit_inst/status_table_reg[21][1]/D
                                0.66           1.35 f        -0.69  (VIOLATED)
   hazard_unit_inst/status_table_reg[27][0]/D
                                0.66           1.35 f        -0.69  (VIOLATED)
   hazard_unit_inst/status_table_reg[27][1]/D
                                0.66           1.35 f        -0.69  (VIOLATED)
   hazard_unit_inst/status_table_reg[29][0]/D
                                0.66           1.35 f        -0.69  (VIOLATED)
   hazard_unit_inst/status_table_reg[29][1]/D
                                0.66           1.35 f        -0.69  (VIOLATED)
   hazard_unit_inst/status_table_reg[9][0]/D
                                0.66           1.35 f        -0.69  (VIOLATED)
   hazard_unit_inst/status_table_reg[9][1]/D
                                0.66           1.35 f        -0.69  (VIOLATED)
   hazard_unit_inst/status_table_reg[19][0]/D
                                0.66           1.35 f        -0.69  (VIOLATED)
   hazard_unit_inst/status_table_reg[19][1]/D
                                0.66           1.35 f        -0.69  (VIOLATED)
   hazard_unit_inst/status_table_reg[4][0]/D
                                0.66           1.35 f        -0.69  (VIOLATED)
   hazard_unit_inst/status_table_reg[4][1]/D
                                0.66           1.35 f        -0.69  (VIOLATED)
   hazard_unit_inst/status_table_reg[6][0]/D
                                0.66           1.35 f        -0.69  (VIOLATED)
   hazard_unit_inst/status_table_reg[6][1]/D
                                0.66           1.35 f        -0.69  (VIOLATED)
   hazard_unit_inst/status_table_reg[7][0]/D
                                0.66           1.35 f        -0.69  (VIOLATED)
   hazard_unit_inst/status_table_reg[7][1]/D
                                0.66           1.35 f        -0.69  (VIOLATED)
   hazard_unit_inst/status_table_reg[2][0]/D
                                0.66           1.35 f        -0.69  (VIOLATED)
   hazard_unit_inst/status_table_reg[2][1]/D
                                0.66           1.35 f        -0.69  (VIOLATED)
   hazard_unit_inst/status_table_reg[3][0]/D
                                0.66           1.35 f        -0.69  (VIOLATED)
   hazard_unit_inst/status_table_reg[3][1]/D
                                0.66           1.35 f        -0.69  (VIOLATED)
   hazard_unit_inst/status_table_reg[1][0]/D
                                0.66           1.35 f        -0.69  (VIOLATED)
   hazard_unit_inst/status_table_reg[1][1]/D
                                0.66           1.35 f        -0.69  (VIOLATED)
   hazard_unit_inst/status_table_reg[5][0]/D
                                0.66           1.35 f        -0.69  (VIOLATED)
   hazard_unit_inst/status_table_reg[5][1]/D
                                0.66           1.35 f        -0.69  (VIOLATED)
   ex_stage_inst/mult_pp_inst/tree_i/layer_4_r_reg[0][4]/D
                                0.66           1.32 r        -0.66  (VIOLATED)
   if_stage_inst/btb_inst/btb_reg[2][COUNTER][0]/SE
                                0.60           1.24 f        -0.64  (VIOLATED)
   if_stage_inst/btb_inst/btb_reg[3][COUNTER][0]/SE
                                0.60           1.24 f        -0.64  (VIOLATED)
   if_stage_inst/btb_inst/btb_reg[4][COUNTER][0]/SE
                                0.60           1.24 f        -0.64  (VIOLATED)
   if_stage_inst/btb_inst/btb_reg[5][COUNTER][0]/SE
                                0.60           1.24 f        -0.64  (VIOLATED)
   if_stage_inst/btb_inst/btb_reg[6][COUNTER][0]/SE
                                0.60           1.24 f        -0.64  (VIOLATED)
   if_stage_inst/btb_inst/btb_reg[7][COUNTER][0]/SE
                                0.60           1.24 f        -0.64  (VIOLATED)
   if_stage_inst/btb_inst/btb_reg[8][COUNTER][0]/SE
                                0.60           1.24 f        -0.64  (VIOLATED)
   if_stage_inst/btb_inst/btb_reg[9][COUNTER][0]/SE
                                0.60           1.24 f        -0.64  (VIOLATED)
   if_stage_inst/btb_inst/btb_reg[10][COUNTER][0]/SE
                                0.60           1.24 f        -0.64  (VIOLATED)
   if_stage_inst/btb_inst/btb_reg[11][COUNTER][0]/SE
                                0.60           1.24 f        -0.64  (VIOLATED)
   if_stage_inst/btb_inst/btb_reg[12][COUNTER][0]/SE
                                0.60           1.24 f        -0.64  (VIOLATED)
   if_stage_inst/btb_inst/btb_reg[14][COUNTER][0]/SE
                                0.60           1.24 f        -0.64  (VIOLATED)
   if_stage_inst/btb_inst/btb_reg[15][COUNTER][0]/SE
                                0.60           1.24 f        -0.64  (VIOLATED)
   id_stage_inst/rs1_reg/reg_data_reg[30]/D
                                0.67           1.29 r        -0.62  (VIOLATED)
   ex_stage_inst/result_reg/reg_data_reg[30]/D
                                0.67           1.28 r        -0.61  (VIOLATED)
   id_stage_inst/rs1_reg/reg_data_reg[13]/D
                                0.67           1.28 r        -0.61  (VIOLATED)
   id_stage_inst/rs1_reg/reg_data_reg[12]/D
                                0.67           1.28 r        -0.61  (VIOLATED)
   if_stage_inst/btb_inst/clk_gate_btb_reg[0][VALID]/latch/D
                                0.66           1.27 r        -0.61  (VIOLATED)
   id_stage_inst/rs1_reg/reg_data_reg[16]/D
                                0.67           1.27 r        -0.60  (VIOLATED)
   ex_stage_inst/result_reg/reg_data_reg[28]/D
                                0.66           1.26 f        -0.60  (VIOLATED)
   ex_stage_inst/result_reg/reg_data_reg[27]/D
                                0.66           1.26 f        -0.60  (VIOLATED)
   id_stage_inst/rs1_reg/reg_data_reg[23]/D
                                0.66           1.26 f        -0.60  (VIOLATED)
   id_stage_inst/rs1_reg/reg_data_reg[31]/D
                                0.66           1.25 f        -0.59  (VIOLATED)
   id_stage_inst/rs1_reg/reg_data_reg[24]/D
                                0.66           1.25 f        -0.59  (VIOLATED)
   id_stage_inst/rs1_reg/reg_data_reg[6]/D
                                0.67           1.25 r        -0.58  (VIOLATED)
   id_stage_inst/rs1_reg/reg_data_reg[27]/D
                                0.66           1.24 f        -0.58  (VIOLATED)
   id_stage_inst/rs1_reg/reg_data_reg[22]/D
                                0.67           1.25 r        -0.58  (VIOLATED)
   id_stage_inst/rs1_reg/reg_data_reg[20]/D
                                0.67           1.25 r        -0.58  (VIOLATED)
   ex_stage_inst/result_reg/reg_data_reg[3]/D
                                0.66           1.23 f        -0.57  (VIOLATED)
   id_stage_inst/rs1_reg/reg_data_reg[18]/D
                                0.67           1.24 r        -0.57  (VIOLATED)
   id_stage_inst/rs1_reg/reg_data_reg[29]/D
                                0.67           1.23 r        -0.56  (VIOLATED)
   id_stage_inst/rs1_reg/reg_data_reg[14]/D
                                0.66           1.22 f        -0.56  (VIOLATED)
   id_stage_inst/rs1_reg/reg_data_reg[15]/D
                                0.66           1.21 f        -0.55  (VIOLATED)
   id_stage_inst/rs1_reg/reg_data_reg[26]/D
                                0.67           1.22 r        -0.55  (VIOLATED)
   id_stage_inst/rs1_reg/reg_data_reg[28]/D
                                0.67           1.22 r        -0.55  (VIOLATED)
   id_stage_inst/rs1_reg/reg_data_reg[19]/D
                                0.66           1.21 f        -0.55  (VIOLATED)
   ex_stage_inst/result_reg/reg_data_reg[31]/D
                                0.67           1.22 r        -0.55  (VIOLATED)
   ex_stage_inst/result_reg/reg_data_reg[22]/D
                                0.67           1.22 r        -0.55  (VIOLATED)
   ex_stage_inst/mult_pp_inst/tree_i/layer_4_r_reg[0][3]/D
                                0.66           1.21 f        -0.55  (VIOLATED)
   id_stage_inst/rs1_reg/reg_data_reg[21]/D
                                0.67           1.22 r        -0.55  (VIOLATED)
   ex_stage_inst/result_reg/reg_data_reg[20]/D
                                0.67           1.21 r        -0.54  (VIOLATED)
   id_stage_inst/rs1_reg/reg_data_reg[8]/D
                                0.67           1.21 r        -0.54  (VIOLATED)
   ex_stage_inst/result_reg/reg_data_reg[26]/D
                                0.67           1.21 r        -0.54  (VIOLATED)
   id_stage_inst/rs1_reg/reg_data_reg[25]/D
                                0.67           1.20 r        -0.54  (VIOLATED)
   ex_stage_inst/result_reg/reg_data_reg[16]/D
                                0.67           1.20 r        -0.54  (VIOLATED)
   ex_stage_inst/result_reg/reg_data_reg[10]/D
                                0.67           1.20 r        -0.53  (VIOLATED)
   id_stage_inst/rs1_reg/reg_data_reg[17]/D
                                0.66           1.19 f        -0.53  (VIOLATED)
   id_stage_inst/rs1_reg/reg_data_reg[7]/D
                                0.67           1.20 r        -0.53  (VIOLATED)
   ex_stage_inst/result_reg/reg_data_reg[13]/D
                                0.66           1.19 f        -0.53  (VIOLATED)
   ex_stage_inst/result_reg/reg_data_reg[9]/D
                                0.67           1.20 r        -0.53  (VIOLATED)
   ex_stage_inst/result_reg/reg_data_reg[7]/D
                                0.67           1.19 r        -0.53  (VIOLATED)
   ex_stage_inst/result_reg/reg_data_reg[21]/D
                                0.67           1.19 r        -0.53  (VIOLATED)
   ex_stage_inst/result_reg/reg_data_reg[12]/D
                                0.67           1.19 r        -0.53  (VIOLATED)
   ex_stage_inst/result_reg/reg_data_reg[25]/D
                                0.67           1.19 r        -0.53  (VIOLATED)
   id_stage_inst/rs1_reg/reg_data_reg[1]/D
                                0.67           1.19 r        -0.53  (VIOLATED)
   id_stage_inst/rs1_reg/reg_data_reg[3]/D
                                0.67           1.19 r        -0.52  (VIOLATED)
   id_stage_inst/rs2_reg/reg_data_reg[3]/D
                                0.67           1.19 r        -0.52  (VIOLATED)
   id_stage_inst/rs2_reg/reg_data_reg[6]/D
                                0.67           1.19 r        -0.52  (VIOLATED)
   id_stage_inst/rs2_reg/reg_data_reg[7]/D
                                0.67           1.19 r        -0.52  (VIOLATED)
   id_stage_inst/rs2_reg/reg_data_reg[8]/D
                                0.67           1.19 r        -0.52  (VIOLATED)
   id_stage_inst/rs2_reg/reg_data_reg[10]/D
                                0.67           1.19 r        -0.52  (VIOLATED)
   id_stage_inst/rs2_reg/reg_data_reg[12]/D
                                0.67           1.19 r        -0.52  (VIOLATED)
   id_stage_inst/rs2_reg/reg_data_reg[18]/D
                                0.67           1.19 r        -0.52  (VIOLATED)
   id_stage_inst/rs2_reg/reg_data_reg[21]/D
                                0.67           1.19 r        -0.52  (VIOLATED)
   id_stage_inst/rs2_reg/reg_data_reg[28]/D
                                0.67           1.19 r        -0.52  (VIOLATED)
   id_stage_inst/rs2_reg/reg_data_reg[29]/D
                                0.67           1.19 r        -0.52  (VIOLATED)
   id_stage_inst/rs2_reg/reg_data_reg[0]/D
                                0.67           1.19 r        -0.52  (VIOLATED)
   id_stage_inst/rs2_reg/reg_data_reg[1]/D
                                0.67           1.19 r        -0.52  (VIOLATED)
   id_stage_inst/rs2_reg/reg_data_reg[2]/D
                                0.67           1.19 r        -0.52  (VIOLATED)
   id_stage_inst/rs2_reg/reg_data_reg[4]/D
                                0.67           1.19 r        -0.52  (VIOLATED)
   id_stage_inst/rs2_reg/reg_data_reg[5]/D
                                0.67           1.19 r        -0.52  (VIOLATED)
   id_stage_inst/rs2_reg/reg_data_reg[9]/D
                                0.67           1.19 r        -0.52  (VIOLATED)
   id_stage_inst/rs2_reg/reg_data_reg[11]/D
                                0.67           1.19 r        -0.52  (VIOLATED)
   id_stage_inst/rs2_reg/reg_data_reg[13]/D
                                0.67           1.19 r        -0.52  (VIOLATED)
   id_stage_inst/rs2_reg/reg_data_reg[15]/D
                                0.67           1.19 r        -0.52  (VIOLATED)
   id_stage_inst/rs2_reg/reg_data_reg[25]/D
                                0.67           1.19 r        -0.52  (VIOLATED)
   id_stage_inst/rs2_reg/reg_data_reg[31]/D
                                0.67           1.19 r        -0.52  (VIOLATED)
   id_stage_inst/rs1_reg/reg_data_reg[10]/D
                                0.67           1.19 r        -0.52  (VIOLATED)
   ex_stage_inst/result_reg/reg_data_reg[23]/D
                                0.66           1.18 f        -0.52  (VIOLATED)
   id_stage_inst/rs1_reg/reg_data_reg[5]/D
                                0.67           1.18 r        -0.52  (VIOLATED)
   ex_stage_inst/result_reg/reg_data_reg[4]/D
                                0.67           1.18 r        -0.51  (VIOLATED)
   ex_stage_inst/result_reg/reg_data_reg[29]/D
                                0.67           1.18 r        -0.51  (VIOLATED)
   ex_stage_inst/result_reg/reg_data_reg[1]/D
                                0.67           1.18 r        -0.51  (VIOLATED)
   ex_stage_inst/result_reg/reg_data_reg[18]/SE
                                0.61           1.12 r        -0.51  (VIOLATED)
   ex_stage_inst/result_reg/reg_data_reg[6]/D
                                0.67           1.18 r        -0.51  (VIOLATED)
   ex_stage_inst/result_reg/reg_data_reg[17]/D
                                0.66           1.17 f        -0.51  (VIOLATED)
   ex_stage_inst/result_reg/reg_data_reg[8]/D
                                0.67           1.17 r        -0.51  (VIOLATED)
   ex_stage_inst/result_reg/reg_data_reg[2]/D
                                0.67           1.17 r        -0.50  (VIOLATED)
   id_stage_inst/rs2_reg/reg_data_reg[27]/D
                                0.66           1.16 f        -0.50  (VIOLATED)
   id_stage_inst/rs2_reg/reg_data_reg[24]/D
                                0.66           1.16 f        -0.50  (VIOLATED)
   id_stage_inst/rs2_reg/reg_data_reg[14]/D
                                0.66           1.16 f        -0.50  (VIOLATED)
   id_stage_inst/rs2_reg/reg_data_reg[16]/D
                                0.66           1.16 f        -0.50  (VIOLATED)
   id_stage_inst/rs2_reg/reg_data_reg[17]/D
                                0.66           1.16 f        -0.50  (VIOLATED)
   id_stage_inst/rs2_reg/reg_data_reg[19]/D
                                0.66           1.16 f        -0.50  (VIOLATED)
   id_stage_inst/rs2_reg/reg_data_reg[20]/D
                                0.66           1.16 f        -0.50  (VIOLATED)
   id_stage_inst/rs2_reg/reg_data_reg[22]/D
                                0.66           1.16 f        -0.50  (VIOLATED)
   id_stage_inst/rs2_reg/reg_data_reg[23]/D
                                0.66           1.16 f        -0.50  (VIOLATED)
   id_stage_inst/rs2_reg/reg_data_reg[26]/D
                                0.66           1.16 f        -0.50  (VIOLATED)
   id_stage_inst/rs2_reg/reg_data_reg[30]/D
                                0.66           1.16 f        -0.50  (VIOLATED)
   id_stage_inst/rs1_reg/reg_data_reg[9]/D
                                0.67           1.17 r        -0.50  (VIOLATED)
   id_stage_inst/rs1_reg/reg_data_reg[11]/D
                                0.66           1.16 f        -0.50  (VIOLATED)
   ex_stage_inst/result_reg/reg_data_reg[5]/D
                                0.67           1.16 r        -0.50  (VIOLATED)
   id_stage_inst/rs1_reg/reg_data_reg[4]/D
                                0.67           1.16 r        -0.49  (VIOLATED)
   id_stage_inst/rs1_reg/reg_data_reg[2]/D
                                0.67           1.16 r        -0.49  (VIOLATED)
   ex_stage_inst/result_reg/reg_data_reg[15]/D
                                0.66           1.15 f        -0.49  (VIOLATED)
   ex_stage_inst/result_reg/reg_data_reg[19]/D
                                0.66           1.15 f        -0.48  (VIOLATED)
   ex_stage_inst/result_reg/reg_data_reg[24]/D
                                0.66           1.14 f        -0.48  (VIOLATED)
   ex_stage_inst/result_reg/reg_data_reg[14]/D
                                0.66           1.13 f        -0.47  (VIOLATED)
   control_unit_inst/ctrl_ID_EX_reg[ALU_SEL][0]/D
                                0.66           1.13 f        -0.47  (VIOLATED)
   control_unit_inst/ctrl_ID_EX_reg[ALU_SEL][1]/D
                                0.66           1.13 f        -0.47  (VIOLATED)
   ex_stage_inst/result_reg/reg_data_reg[11]/D
                                0.66           1.13 f        -0.47  (VIOLATED)
   hazard_unit_inst/mul_reservation_s_reg/D
                                0.67           1.13 r        -0.46  (VIOLATED)
   control_unit_inst/ctrl_ID_EX_reg[MEM_SEL][0]/D
                                0.66           1.10 f        -0.44  (VIOLATED)
   control_unit_inst/ctrl_ID_EX_reg[MEM_SEL][2]/D
                                0.66           1.10 f        -0.44  (VIOLATED)
   ex_stage_inst/mult_pp_inst/tree_i/layer_4_r_reg[0][2]/D
                                0.67           1.08 r        -0.42  (VIOLATED)
   control_unit_inst/ctrl_ID_EX_reg[ALU_SEL][2]/D
                                0.66           1.07 f        -0.41  (VIOLATED)
   control_unit_inst/ctrl_ID_EX_reg[ALU_SEL][3]/D
                                0.66           1.07 f        -0.41  (VIOLATED)
   if_stage_inst/instruction_reg/clk_gate_reg_data_reg/latch/D
                                0.67           1.07 r        -0.40  (VIOLATED)
   control_unit_inst/ctrl_ID_EX_reg[WB_SEL]/D
                                0.65           1.04 f        -0.39  (VIOLATED)
   control_unit_inst/ctrl_ID_EX_reg[ALU_SEL][4]/D
                                0.66           1.03 f        -0.37  (VIOLATED)
   id_stage_inst/pc_plus4_reg/clk_gate_reg_data_reg/latch/D
                                0.66           1.02 r        -0.36  (VIOLATED)
   id_stage_inst/id_ex_valid_reg/reg_data_reg[0]/D
                                0.67           1.00 r        -0.33  (VIOLATED)
   control_unit_inst/ctrl_ID_EX_reg[WB_EN]/D
                                0.66           0.91 f        -0.25  (VIOLATED)
   ex_stage_inst/mult_pp_inst/tree_i/layer_4_r_reg[0][1]/D
                                0.67           0.89 r        -0.23  (VIOLATED)
   id_stage_inst/immediate_reg/reg_data_reg[29]/D
                                0.67           0.89 r        -0.22  (VIOLATED)
   id_stage_inst/immediate_reg/reg_data_reg[25]/D
                                0.67           0.87 r        -0.21  (VIOLATED)
   id_stage_inst/immediate_reg/reg_data_reg[28]/D
                                0.67           0.87 r        -0.21  (VIOLATED)
   id_stage_inst/immediate_reg/reg_data_reg[26]/D
                                0.67           0.85 r        -0.18  (VIOLATED)
   if_stage_inst/pc_plus4_reg/reg_data_reg[31]/D
                                0.67           0.83 r        -0.16  (VIOLATED)
   ex_stage_inst/mult_pp_inst/tree_i/layer_4_r_reg[2][16]/D
                                0.65           0.81 f        -0.15  (VIOLATED)
   ex_stage_inst/mult_pp_inst/tree_i/layer_4_r_reg[2][2]/D
                                0.67           0.81 r        -0.14  (VIOLATED)
   control_unit_inst/ctrl_ID_EX_reg[IMM_SEL]/D
                                0.66           0.79 f        -0.14  (VIOLATED)
   ex_stage_inst/mult_pp_inst/tree_i/layer_4_r_reg[2][4]/D
                                0.67           0.79 r        -0.12  (VIOLATED)
   if_stage_inst/pc_plus4_reg/reg_data_reg[30]/D
                                0.67           0.78 r        -0.11  (VIOLATED)
   id_stage_inst/immediate_reg/reg_data_reg[27]/D
                                0.67           0.78 r        -0.11  (VIOLATED)
   ex_stage_inst/mult_pp_inst/tree_i/layer_4_r_reg[2][12]/D
                                0.67           0.78 r        -0.11  (VIOLATED)
   ex_stage_inst/mult_pp_inst/tree_i/layer_4_r_reg[2][8]/D
                                0.67           0.78 r        -0.11  (VIOLATED)
   if_stage_inst/pc_plus4_reg/reg_data_reg[25]/D
                                0.67           0.77 r        -0.11  (VIOLATED)
   ex_stage_inst/mult_pp_inst/tree_i/layer_4_r_reg[2][10]/D
                                0.66           0.76 f        -0.10  (VIOLATED)
   if_stage_inst/pc_plus4_reg/reg_data_reg[23]/D
                                0.67           0.76 r        -0.10  (VIOLATED)
   ex_stage_inst/mult_pp_inst/tree_i/layer_4_r_reg[2][14]/D
                                0.67           0.75 r        -0.09  (VIOLATED)
   control_unit_inst/ctrl_ID_EX_reg[RD_RF1_EN]/D
                                0.66           0.74 f        -0.08  (VIOLATED)
   ex_stage_inst/mult_pp_inst/tree_i/layer_4_r_reg[2][6]/D
                                0.66           0.74 f        -0.08  (VIOLATED)
   if_stage_inst/pc_plus4_reg/reg_data_reg[24]/D
                                0.66           0.74 f        -0.08  (VIOLATED)
   if_stage_inst/pc_plus4_reg/reg_data_reg[17]/D
                                0.67           0.75 r        -0.08  (VIOLATED)
   if_stage_inst/pc_plus4_reg/reg_data_reg[21]/D
                                0.66           0.73 f        -0.07  (VIOLATED)
   if_stage_inst/pc_plus4_reg/reg_data_reg[27]/D
                                0.66           0.73 f        -0.07  (VIOLATED)
   id_stage_inst/immediate_reg/reg_data_reg[30]/D
                                0.67           0.73 r        -0.07  (VIOLATED)
   id_stage_inst/immediate_reg/reg_data_reg[31]/D
                                0.67           0.73 r        -0.07  (VIOLATED)
   if_stage_inst/pc_plus4_reg/reg_data_reg[22]/D
                                0.66           0.73 f        -0.07  (VIOLATED)
   id_stage_inst/immediate_reg/reg_data_reg[16]/D
                                0.67           0.73 r        -0.06  (VIOLATED)
   ex_stage_inst/mult_pp_inst/tree_i/layer_4_r_reg[2][18]/D
                                0.66           0.71 f        -0.06  (VIOLATED)
   id_stage_inst/immediate_reg/reg_data_reg[18]/D
                                0.67           0.72 r        -0.06  (VIOLATED)
   id_stage_inst/immediate_reg/reg_data_reg[23]/D
                                0.67           0.72 r        -0.06  (VIOLATED)
   if_stage_inst/pc_plus4_reg/reg_data_reg[29]/D
                                0.67           0.72 r        -0.06  (VIOLATED)
   id_stage_inst/immediate_reg/reg_data_reg[20]/D
                                0.67           0.72 r        -0.06  (VIOLATED)
   id_stage_inst/immediate_reg/reg_data_reg[22]/D
                                0.67           0.72 r        -0.05  (VIOLATED)
   id_stage_inst/immediate_reg/reg_data_reg[24]/D
                                0.67           0.72 r        -0.05  (VIOLATED)
   id_stage_inst/immediate_reg/reg_data_reg[21]/D
                                0.67           0.72 r        -0.05  (VIOLATED)
   id_stage_inst/immediate_reg/reg_data_reg[19]/D
                                0.67           0.72 r        -0.05  (VIOLATED)
   if_stage_inst/pc_plus4_reg/reg_data_reg[16]/D
                                0.66           0.71 f        -0.05  (VIOLATED)
   id_stage_inst/immediate_reg/reg_data_reg[17]/D
                                0.67           0.71 r        -0.04  (VIOLATED)
   if_stage_inst/pc_plus4_reg/reg_data_reg[26]/D
                                0.67           0.70 r        -0.04  (VIOLATED)
   if_stage_inst/pc_plus4_reg/reg_data_reg[20]/D
                                0.67           0.70 r        -0.03  (VIOLATED)
   if_stage_inst/pc_plus4_reg/reg_data_reg[19]/D
                                0.67           0.69 r        -0.02  (VIOLATED)
   if_stage_inst/btb_inst/clk_gate_btb_reg[0][VALID]/main_gate/A1
                                0.35           0.37 f        -0.02  (VIOLATED)
   id_stage_inst/pc_plus4_reg/clk_gate_reg_data_reg/main_gate/A1
                                0.35           0.37 f        -0.02  (VIOLATED)
   if_stage_inst/btb_inst/clk_gate_btb_reg[2][TAG]/main_gate/A1
                                0.35           0.37 f        -0.02  (VIOLATED)
   if_stage_inst/btb_inst/clk_gate_btb_reg[4][TAG]/main_gate/A1
                                0.35           0.37 f        -0.02  (VIOLATED)
   if_stage_inst/btb_inst/clk_gate_btb_reg[6][TAG]/main_gate/A1
                                0.35           0.37 f        -0.02  (VIOLATED)
   if_stage_inst/pc_reg_inst/clk_gate_reg_data_reg/main_gate/A1
                                0.35           0.37 f        -0.02  (VIOLATED)
   if_stage_inst/btb_inst/clk_gate_btb_reg[1][TAG]/main_gate/A1
                                0.35           0.37 f        -0.02  (VIOLATED)
   if_stage_inst/btb_inst/clk_gate_btb_reg[8][TAG]/main_gate/A1
                                0.35           0.37 f        -0.02  (VIOLATED)
   if_stage_inst/btb_inst/clk_gate_btb_reg[9][TAG]/main_gate/A1
                                0.35           0.37 f        -0.02  (VIOLATED)
   if_stage_inst/btb_inst/clk_gate_btb_reg[3][TAG]/main_gate/A1
                                0.35           0.37 f        -0.02  (VIOLATED)
   if_stage_inst/btb_inst/clk_gate_btb_reg[5][TAG]/main_gate/A1
                                0.35           0.37 f        -0.02  (VIOLATED)
   if_stage_inst/btb_inst/clk_gate_btb_reg[7][TAG]/main_gate/A1
                                0.35           0.37 f        -0.02  (VIOLATED)
   if_stage_inst/btb_inst/clk_gate_btb_reg[10][TAG]/main_gate/A1
                                0.35           0.37 f        -0.02  (VIOLATED)
   if_stage_inst/btb_inst/clk_gate_btb_reg[11][TAG]/main_gate/A1
                                0.35           0.37 f        -0.02  (VIOLATED)
   if_stage_inst/btb_inst/clk_gate_btb_reg[12][TAG]/main_gate/A1
                                0.35           0.37 f        -0.02  (VIOLATED)
   if_stage_inst/btb_inst/clk_gate_btb_reg[13][TAG]/main_gate/A1
                                0.35           0.37 f        -0.02  (VIOLATED)
   if_stage_inst/btb_inst/clk_gate_btb_reg[14][TAG]/main_gate/A1
                                0.35           0.37 f        -0.02  (VIOLATED)
   if_stage_inst/btb_inst/clk_gate_btb_reg[15][TAG]/main_gate/A1
                                0.35           0.37 f        -0.02  (VIOLATED)
   if_stage_inst/btb_inst/clk_gate_btb_reg[0][TAG]/main_gate/A1
                                0.35           0.37 f        -0.02  (VIOLATED)
   if_stage_inst/instruction_reg/clk_gate_reg_data_reg/main_gate/A1
                                0.35           0.37 f        -0.02  (VIOLATED)
   ex_stage_inst/mult_pp_inst/tree_i/layer_4_r_reg[0][0]/D
                                0.66           0.67 f        -0.01  (VIOLATED)
   if_stage_inst/pc_plus4_reg/reg_data_reg[13]/D
                                0.67           0.68 r        -0.01  (VIOLATED)
   if_stage_inst/pc_plus4_reg/reg_data_reg[15]/D
                                0.67           0.68 r        -0.01  (VIOLATED)
   control_unit_inst/ctrl_ID_EX_reg[RD_RF2_EN]/D
                                0.65           0.66 r        -0.01  (VIOLATED)
   if_stage_inst/pc_plus4_reg/reg_data_reg[14]/D
                                0.67           0.67 r         0.00  (VIOLATED: increase significant digits)


   max_leakage_power

                             Required        Actual
   Design                   Leakage Power  Leakage Power     Slack
   -----------------------------------------------------------------
   dlx                          0.00       567168.38      -567168.38
                                                                    (VIOLATED)


1
